[connected:00008140-001A2D4136BB001C]
Sep 24 13:07:01.194380 Runner(Flutter)[1986] <Notice>: dartnative: ##BENCH## {"tag":"countpages","t_us":1790234521193968,"ev":"main_enter"}
Sep 24 13:07:01.198404 Runner(Flutter)[1986] <Notice>: dartnative: ##BENCH## {"tag":"countpages","t_us":1790234521198313,"ev":"media_configure_start"}
Sep 24 13:07:01.275244 Runner(Flutter)[1986] <Notice>: dartnative: ##BENCH## {"tag":"countpages","t_us":1790234521269310,"ev":"media_configure_end"}
Sep 24 13:07:01.275271 Runner(Flutter)[1986] <Notice>: dartnative: ##BENCH## {"tag":"countpages","t_us":1790234521269389,"ev":"run_app"}
Sep 24 13:07:01.278663 Runner(Flutter)[1986] <Notice>: dartnative: ##BENCH## {"tag":"countpages","t_us":1790234521278533,"ev":"ctrl_create","i":0,"src":"network"}
Sep 24 13:07:01.322835 Runner(Flutter)[1986] <Notice>: dartnative: ##BENCH## {"tag":"countpages","t_us":1790234521320330,"ev":"ctrl_create","i":1,"src":"network"}
Sep 24 13:07:01.331482 Runner(Flutter)[1986] <Notice>: dartnative: ##BENCH## {"tag":"countpages","t_us":1790234521330780,"ev":"ctrl_create","i":2,"src":"network"}
Sep 24 13:07:01.360706 Runner(Flutter)[1986] <Notice>: dartnative: ##BENCH## {"tag":"countpages","t_us":1790234521352013,"ev":"page_build","i":0}
Sep 24 13:07:01.360854 Runner(Flutter)[1986] <Notice>: dartnative: ##BENCH## {"tag":"countpages","t_us":1790234521352183,"ev":"page_build","i":1}
Sep 24 13:07:01.360981 Runner(Flutter)[1986] <Notice>: dartnative: ##BENCH## {"tag":"countpages","t_us":1790234521352282,"ev":"page_build","i":2}
Sep 24 13:07:01.361177 Runner(Flutter)[1986] <Notice>: dartnative: ##BENCH## {"tag":"countpages","t_us":1790234521352338,"ev":"page_build","i":3}
Sep 24 13:07:01.361227 Runner(Flutter)[1986] <Notice>: dartnative: ##BENCH## {"tag":"countpages","t_us":1790234521352416,"ev":"page_build","i":4}
Sep 24 13:07:01.361291 Runner(Flutter)[1986] <Notice>: dartnative: ##BENCH## {"tag":"countpages","t_us":1790234521352427,"ev":"page_build","i":5}
Sep 24 13:07:01.361317 Runner(Flutter)[1986] <Notice>: dartnative: ##BENCH## {"tag":"countpages","t_us":1790234521352598,"ev":"page_build","i":6}
Sep 24 13:07:01.361410 Runner(Flutter)[1986] <Notice>: dartnative: ##BENCH## {"tag":"countpages","t_us":1790234521352653,"ev":"page_build","i":7}
Sep 24 13:07:01.361423 Runner(Flutter)[1986] <Notice>: dartnative: ##BENCH## {"tag":"countpages","t_us":1790234521352751,"ev":"page_build","i":8}
Sep 24 13:07:01.361533 Runner(Flutter)[1986] <Notice>: dartnative: ##BENCH## {"tag":"countpages","t_us":1790234521352805,"ev":"page_build","i":9}
Sep 24 13:07:01.361647 Runner(Flutter)[1986] <Notice>: dartnative: ##BENCH## {"tag":"countpages","t_us":1790234521352865,"ev":"page_build","i":10}
Sep 24 13:07:01.361716 Runner(Flutter)[1986] <Notice>: dartnative: ##BENCH## {"tag":"countpages","t_us":1790234521352911,"ev":"page_build","i":11}
Sep 24 13:07:01.361780 Runner(Flutter)[1986] <Notice>: dartnative: ##BENCH## {"tag":"countpages","t_us":1790234521352991,"ev":"page_build","i":12}
Sep 24 13:07:01.361808 Runner(Flutter)[1986] <Notice>: dartnative: ##BENCH## {"tag":"countpages","t_us":1790234521353067,"ev":"page_build","i":13}
Sep 24 13:07:01.361837 Runner(Flutter)[1986] <Notice>: dartnative: ##BENCH## {"tag":"countpages","t_us":1790234521353131,"ev":"page_build","i":14}
Sep 24 13:07:01.361934 Runner(Flutter)[1986] <Notice>: dartnative: ##BENCH## {"tag":"countpages","t_us":1790234521353273,"ev":"page_build","i":15}
Sep 24 13:07:01.362087 Runner(Flutter)[1986] <Notice>: dartnative: ##BENCH## {"tag":"countpages","t_us":1790234521353309,"ev":"page_build","i":16}
Sep 24 13:07:01.362128 Runner(Flutter)[1986] <Notice>: dartnative: ##BENCH## {"tag":"countpages","t_us":1790234521353390,"ev":"page_build","i":17}
Sep 24 13:07:01.362183 Runner(Flutter)[1986] <Notice>: dartnative: ##BENCH## {"tag":"countpages","t_us":1790234521353486,"ev":"page_build","i":18}
Sep 24 13:07:01.362203 Runner(Flutter)[1986] <Notice>: dartnative: ##BENCH## {"tag":"countpages","t_us":1790234521353546,"ev":"page_build","i":19}
Sep 24 13:07:01.362271 Runner(Flutter)[1986] <Notice>: dartnative: ##BENCH## {"tag":"countpages","t_us":1790234521353601,"ev":"page_build","i":20}
Sep 24 13:07:01.362299 Runner(Flutter)[1986] <Notice>: dartnative: ##BENCH## {"tag":"countpages","t_us":1790234521353677,"ev":"page_build","i":21}
Sep 24 13:07:01.362322 Runner(Flutter)[1986] <Notice>: dartnative: ##BENCH## {"tag":"countpages","t_us":1790234521353745,"ev":"page_build","i":22}
Sep 24 13:07:01.362330 Runner(Flutter)[1986] <Notice>: dartnative: ##BENCH## {"tag":"countpages","t_us":1790234521353858,"ev":"page_build","i":23}
Sep 24 13:07:01.362337 Runner(Flutter)[1986] <Notice>: dartnative: ##BENCH## {"tag":"countpages","t_us":1790234521353924,"ev":"page_build","i":24}
Sep 24 13:07:01.362372 Runner(Flutter)[1986] <Notice>: dartnative: ##BENCH## {"tag":"countpages","t_us":1790234521353974,"ev":"page_build","i":25}
Sep 24 13:07:01.362382 Runner(Flutter)[1986] <Notice>: dartnative: ##BENCH## {"tag":"countpages","t_us":1790234521354037,"ev":"page_build","i":26}
Sep 24 13:07:01.362415 Runner(Flutter)[1986] <Notice>: dartnative: ##BENCH## {"tag":"countpages","t_us":1790234521354109,"ev":"page_build","i":27}
Sep 24 13:07:01.362426 Runner(Flutter)[1986] <Notice>: dartnative: ##BENCH## {"tag":"countpages","t_us":1790234521354286,"ev":"page_build","i":28}
Sep 24 13:07:01.362434 Runner(Flutter)[1986] <Notice>: dartnative: ##BENCH## {"tag":"countpages","t_us":1790234521354372,"ev":"page_build","i":29}
Sep 24 13:07:01.362442 Runner(Flutter)[1986] <Notice>: dartnative: ##BENCH## {"tag":"countpages","t_us":1790234521354524,"ev":"page_build","i":30}
Sep 24 13:07:01.362450 Runner(Flutter)[1986] <Notice>: dartnative: ##BENCH## {"tag":"countpages","t_us":1790234521354583,"ev":"page_build","i":31}
Sep 24 13:07:01.362593 Runner(Flutter)[1986] <Notice>: dartnative: ##BENCH## {"tag":"countpages","t_us":1790234521354676,"ev":"page_build","i":32}
Sep 24 13:07:01.362622 Runner(Flutter)[1986] <Notice>: dartnative: ##BENCH## {"tag":"countpages","t_us":1790234521354784,"ev":"page_build","i":33}
Sep 24 13:07:01.362802 Runner(Flutter)[1986] <Notice>: dartnative: ##BENCH## {"tag":"countpages","t_us":1790234521354915,"ev":"page_build","i":34}
Sep 24 13:07:01.362845 Runner(Flutter)[1986] <Notice>: dartnative: ##BENCH## {"tag":"countpages","t_us":1790234521354951,"ev":"page_build","i":35}
Sep 24 13:07:01.362899 Runner(Flutter)[1986] <Notice>: dartnative: ##BENCH## {"tag":"countpages","t_us":1790234521354972,"ev":"page_build","i":36}
Sep 24 13:07:01.363024 Runner(Flutter)[1986] <Notice>: dartnative: ##BENCH## {"tag":"countpages","t_us":1790234521355022,"ev":"page_build","i":37}
Sep 24 13:07:01.363189 Runner(Flutter)[1986] <Notice>: dartnative: ##BENCH## {"tag":"countpages","t_us":1790234521355132,"ev":"page_build","i":38}
Sep 24 13:07:01.363381 Runner(Flutter)[1986] <Notice>: dartnative: ##BENCH## {"tag":"countpages","t_us":1790234521355216,"ev":"page_build","i":39}
Sep 24 13:07:01.363483 Runner(Flutter)[1986] <Notice>: dartnative: ##BENCH## {"tag":"countpages","t_us":1790234521355301,"ev":"page_build","i":40}
Sep 24 13:07:01.363521 Runner(Flutter)[1986] <Notice>: dartnative: ##BENCH## {"tag":"countpages","t_us":1790234521355311,"ev":"page_build","i":41}
Sep 24 13:07:01.363666 Runner(Flutter)[1986] <Notice>: dartnative: ##BENCH## {"tag":"countpages","t_us":1790234521355356,"ev":"page_build","i":42}
Sep 24 13:07:01.363759 Runner(Flutter)[1986] <Notice>: dartnative: ##BENCH## {"tag":"countpages","t_us":1790234521355488,"ev":"page_build","i":43}
Sep 24 13:07:01.363783 Runner(Flutter)[1986] <Notice>: dartnative: ##BENCH## {"tag":"countpages","t_us":1790234521355582,"ev":"page_build","i":44}
Sep 24 13:07:01.363897 Runner(Flutter)[1986] <Notice>: dartnative: ##BENCH## {"tag":"countpages","t_us":1790234521355665,"ev":"page_build","i":45}
Sep 24 13:07:01.363905 Runner(Flutter)[1986] <Notice>: dartnative: ##BENCH## {"tag":"countpages","t_us":1790234521355785,"ev":"page_build","i":46}
Sep 24 13:07:01.364018 Runner(Flutter)[1986] <Notice>: dartnative: ##BENCH## {"tag":"countpages","t_us":1790234521355893,"ev":"page_build","i":47}
Sep 24 13:07:01.364067 Runner(Flutter)[1986] <Notice>: dartnative: ##BENCH## {"tag":"countpages","t_us":1790234521356025,"ev":"page_build","i":48}
Sep 24 13:07:01.364112 Runner(Flutter)[1986] <Notice>: dartnative: ##BENCH## {"tag":"countpages","t_us":1790234521356089,"ev":"page_build","i":49}
Sep 24 13:07:01.364187 Runner(Flutter)[1986] <Notice>: dartnative: ##BENCH## {"tag":"countpages","t_us":1790234521356157,"ev":"page_build","i":50}
Sep 24 13:07:01.364217 Runner(Flutter)[1986] <Notice>: dartnative: ##BENCH## {"tag":"countpages","t_us":1790234521356279,"ev":"page_build","i":51}
Sep 24 13:07:01.364244 Runner(Flutter)[1986] <Notice>: dartnative: ##BENCH## {"tag":"countpages","t_us":1790234521356330,"ev":"page_build","i":52}
Sep 24 13:07:01.364331 Runner(Flutter)[1986] <Notice>: dartnative: ##BENCH## {"tag":"countpages","t_us":1790234521356417,"ev":"page_build","i":53}
Sep 24 13:07:01.364407 Runner(Flutter)[1986] <Notice>: dartnative: ##BENCH## {"tag":"countpages","t_us":1790234521356455,"ev":"page_build","i":54}
Sep 24 13:07:01.364434 Runner(Flutter)[1986] <Notice>: dartnative: ##BENCH## {"tag":"countpages","t_us":1790234521356551,"ev":"page_build","i":55}
Sep 24 13:07:01.364452 Runner(Flutter)[1986] <Notice>: dartnative: ##BENCH## {"tag":"countpages","t_us":1790234521356611,"ev":"page_build","i":56}
Sep 24 13:07:01.364483 Runner(Flutter)[1986] <Notice>: dartnative: ##BENCH## {"tag":"countpages","t_us":1790234521356710,"ev":"page_build","i":57}
Sep 24 13:07:01.364508 Runner(Flutter)[1986] <Notice>: dartnative: ##BENCH## {"tag":"countpages","t_us":1790234521356782,"ev":"page_build","i":58}
Sep 24 13:07:01.364525 Runner(Flutter)[1986] <Notice>: dartnative: ##BENCH## {"tag":"countpages","t_us":1790234521356850,"ev":"page_build","i":59}
Sep 24 13:07:01.364541 Runner(Flutter)[1986] <Notice>: dartnative: ##BENCH## {"tag":"countpages","t_us":1790234521356928,"ev":"page_build","i":60}
Sep 24 13:07:01.364556 Runner(Flutter)[1986] <Notice>: dartnative: ##BENCH## {"tag":"countpages","t_us":1790234521356980,"ev":"page_build","i":61}
Sep 24 13:07:01.364588 Runner(Flutter)[1986] <Notice>: dartnative: ##BENCH## {"tag":"countpages","t_us":1790234521357047,"ev":"page_build","i":62}
Sep 24 13:07:01.364683 Runner(Flutter)[1986] <Notice>: dartnative: ##BENCH## {"tag":"countpages","t_us":1790234521357096,"ev":"page_build","i":63}
Sep 24 13:07:01.364729 Runner(Flutter)[1986] <Notice>: dartnative: ##BENCH## {"tag":"countpages","t_us":1790234521357148,"ev":"page_build","i":64}
Sep 24 13:07:01.364739 Runner(Flutter)[1986] <Notice>: dartnative: ##BENCH## {"tag":"countpages","t_us":1790234521357230,"ev":"page_build","i":65}
Sep 24 13:07:01.364828 Runner(Flutter)[1986] <Notice>: dartnative: ##BENCH## {"tag":"countpages","t_us":1790234521357302,"ev":"page_build","i":66}
Sep 24 13:07:01.364845 Runner(Flutter)[1986] <Notice>: dartnative: ##BENCH## {"tag":"countpages","t_us":1790234521357340,"ev":"page_build","i":67}
Sep 24 13:07:01.364901 Runner(Flutter)[1986] <Notice>: dartnative: ##BENCH## {"tag":"countpages","t_us":1790234521357389,"ev":"page_build","i":68}
Sep 24 13:07:01.364911 Runner(Flutter)[1986] <Notice>: dartnative: ##BENCH## {"tag":"countpages","t_us":1790234521357433,"ev":"page_build","i":69}
Sep 24 13:07:01.364936 Runner(Flutter)[1986] <Notice>: dartnative: ##BENCH## {"tag":"countpages","t_us":1790234521357511,"ev":"page_build","i":70}
Sep 24 13:07:01.364951 Runner(Flutter)[1986] <Notice>: dartnative: ##BENCH## {"tag":"countpages","t_us":1790234521357605,"ev":"page_build","i":71}
Sep 24 13:07:01.364993 Runner(Flutter)[1986] <Notice>: dartnative: ##BENCH## {"tag":"countpages","t_us":1790234521357675,"ev":"page_build","i":72}
Sep 24 13:07:01.365018 Runner(Flutter)[1986] <Notice>: dartnative: ##BENCH## {"tag":"countpages","t_us":1790234521357716,"ev":"page_build","i":73}
Sep 24 13:07:01.365147 Runner(Flutter)[1986] <Notice>: dartnative: ##BENCH## {"tag":"countpages","t_us":1790234521357773,"ev":"page_build","i":74}
Sep 24 13:07:01.365257 Runner(Flutter)[1986] <Notice>: dartnative: ##BENCH## {"tag":"countpages","t_us":1790234521357830,"ev":"page_build","i":75}
Sep 24 13:07:01.365295 Runner(Flutter)[1986] <Notice>: dartnative: ##BENCH## {"tag":"countpages","t_us":1790234521357865,"ev":"page_build","i":76}
Sep 24 13:07:01.365328 Runner(Flutter)[1986] <Notice>: dartnative: ##BENCH## {"tag":"countpages","t_us":1790234521357908,"ev":"page_build","i":77}
Sep 24 13:07:01.365355 Runner(Flutter)[1986] <Notice>: dartnative: ##BENCH## {"tag":"countpages","t_us":1790234521357996,"ev":"page_build","i":78}
Sep 24 13:07:01.365382 Runner(Flutter)[1986] <Notice>: dartnative: ##BENCH## {"tag":"countpages","t_us":1790234521358049,"ev":"page_build","i":79}
Sep 24 13:07:01.365413 Runner(Flutter)[1986] <Notice>: dartnative: ##BENCH## {"tag":"countpages","t_us":1790234521358117,"ev":"page_build","i":80}
Sep 24 13:07:01.365484 Runner(Flutter)[1986] <Notice>: dartnative: ##BENCH## {"tag":"countpages","t_us":1790234521358176,"ev":"page_build","i":81}
Sep 24 13:07:01.365549 Runner(Flutter)[1986] <Notice>: dartnative: ##BENCH## {"tag":"countpages","t_us":1790234521358320,"ev":"page_build","i":82}
Sep 24 13:07:01.365580 Runner(Flutter)[1986] <Notice>: dartnative: ##BENCH## {"tag":"countpages","t_us":1790234521358410,"ev":"page_build","i":83}
Sep 24 13:07:01.365628 Runner(Flutter)[1986] <Notice>: dartnative: ##BENCH## {"tag":"countpages","t_us":1790234521358481,"ev":"page_build","i":84}
Sep 24 13:07:01.365669 Runner(Flutter)[1986] <Notice>: dartnative: ##BENCH## {"tag":"countpages","t_us":1790234521358532,"ev":"page_build","i":85}
Sep 24 13:07:01.365686 Runner(Flutter)[1986] <Notice>: dartnative: ##BENCH## {"tag":"countpages","t_us":1790234521358667,"ev":"page_build","i":86}
Sep 24 13:07:01.365718 Runner(Flutter)[1986] <Notice>: dartnative: ##BENCH## {"tag":"countpages","t_us":1790234521358752,"ev":"page_build","i":87}
Sep 24 13:07:01.365735 Runner(Flutter)[1986] <Notice>: dartnative: ##BENCH## {"tag":"countpages","t_us":1790234521358797,"ev":"page_build","i":88}
Sep 24 13:07:01.365769 Runner(Flutter)[1986] <Notice>: dartnative: ##BENCH## {"tag":"countpages","t_us":1790234521358904,"ev":"page_build","i":89}
Sep 24 13:07:01.365792 Runner(Flutter)[1986] <Notice>: dartnative: ##BENCH## {"tag":"countpages","t_us":1790234521358995,"ev":"page_build","i":90}
Sep 24 13:07:01.365866 Runner(Flutter)[1986] <Notice>: dartnative: ##BENCH## {"tag":"countpages","t_us":1790234521359071,"ev":"page_build","i":91}
Sep 24 13:07:01.365873 Runner(Flutter)[1986] <Notice>: dartnative: ##BENCH## {"tag":"countpages","t_us":1790234521359142,"ev":"page_build","i":92}
Sep 24 13:07:01.365898 Runner(Flutter)[1986] <Notice>: dartnative: ##BENCH## {"tag":"countpages","t_us":1790234521359216,"ev":"page_build","i":93}
Sep 24 13:07:01.365915 Runner(Flutter)[1986] <Notice>: dartnative: ##BENCH## {"tag":"countpages","t_us":1790234521359275,"ev":"page_build","i":94}
Sep 24 13:07:01.365964 Runner(Flutter)[1986] <Notice>: dartnative: ##BENCH## {"tag":"countpages","t_us":1790234521359347,"ev":"page_build","i":95}
Sep 24 13:07:01.365980 Runner(Flutter)[1986] <Notice>: dartnative: ##BENCH## {"tag":"countpages","t_us":1790234521359380,"ev":"page_build","i":96}
Sep 24 13:07:01.365992 Runner(Flutter)[1986] <Notice>: dartnative: ##BENCH## {"tag":"countpages","t_us":1790234521359497,"ev":"page_build","i":97}
Sep 24 13:07:01.366022 Runner(Flutter)[1986] <Notice>: dartnative: ##BENCH## {"tag":"countpages","t_us":1790234521359562,"ev":"page_build","i":98}
Sep 24 13:07:01.366048 Runner(Flutter)[1986] <Notice>: dartnative: ##BENCH## {"tag":"countpages","t_us":1790234521359603,"ev":"page_build","i":99}
Sep 24 13:07:01.366057 Runner(Flutter)[1986] <Notice>: dartnative: ##BENCH## {"tag":"countpages","t_us":1790234521359639,"ev":"page_build","i":100}
Sep 24 13:07:01.366085 Runner(Flutter)[1986] <Notice>: dartnative: ##BENCH## {"tag":"countpages","t_us":1790234521359708,"ev":"page_build","i":101}
Sep 24 13:07:01.366106 Runner(Flutter)[1986] <Notice>: dartnative: ##BENCH## {"tag":"countpages","t_us":1790234521359771,"ev":"page_build","i":102}
Sep 24 13:07:01.366120 Runner(Flutter)[1986] <Notice>: dartnative: ##BENCH## {"tag":"countpages","t_us":1790234521359880,"ev":"page_build","i":103}
Sep 24 13:07:01.366148 Runner(Flutter)[1986] <Notice>: dartnative: ##BENCH## {"tag":"countpages","t_us":1790234521359962,"ev":"page_build","i":104}
Sep 24 13:07:01.366163 Runner(Flutter)[1986] <Notice>: dartnative: ##BENCH## {"tag":"countpages","t_us":1790234521360034,"ev":"page_build","i":105}
Sep 24 13:07:01.366171 Runner(Flutter)[1986] <Notice>: dartnative: ##BENCH## {"tag":"countpages","t_us":1790234521360090,"ev":"page_build","i":106}
Sep 24 13:07:01.366186 Runner(Flutter)[1986] <Notice>: dartnative: ##BENCH## {"tag":"countpages","t_us":1790234521360167,"ev":"page_build","i":107}
Sep 24 13:07:01.366262 Runner(Flutter)[1986] <Notice>: dartnative: ##BENCH## {"tag":"countpages","t_us":1790234521360192,"ev":"page_build","i":108}
Sep 24 13:07:01.366303 Runner(Flutter)[1986] <Notice>: dartnative: ##BENCH## {"tag":"countpages","t_us":1790234521360236,"ev":"page_build","i":109}
Sep 24 13:07:01.366344 Runner(Flutter)[1986] <Notice>: dartnative: ##BENCH## {"tag":"countpages","t_us":1790234521360274,"ev":"page_build","i":110}
Sep 24 13:07:01.366389 Runner(Flutter)[1986] <Notice>: dartnative: ##BENCH## {"tag":"countpages","t_us":1790234521360323,"ev":"page_build","i":111}
Sep 24 13:07:01.366431 Runner(Flutter)[1986] <Notice>: dartnative: ##BENCH## {"tag":"countpages","t_us":1790234521360393,"ev":"page_build","i":112}
Sep 24 13:07:01.366438 Runner(Flutter)[1986] <Notice>: dartnative: ##BENCH## {"tag":"countpages","t_us":1790234521360438,"ev":"page_build","i":113}
Sep 24 13:07:01.366740 Runner(Flutter)[1986] <Notice>: dartnative: ##BENCH## {"tag":"countpages","t_us":1790234521360489,"ev":"page_build","i":114}
Sep 24 13:07:01.366811 Runner(Flutter)[1986] <Notice>: dartnative: ##BENCH## {"tag":"countpages","t_us":1790234521360530,"ev":"page_build","i":115}
Sep 24 13:07:01.366854 Runner(Flutter)[1986] <Notice>: dartnative: ##BENCH## {"tag":"countpages","t_us":1790234521360596,"ev":"page_build","i":116}
Sep 24 13:07:01.366891 Runner(Flutter)[1986] <Notice>: dartnative: ##BENCH## {"tag":"countpages","t_us":1790234521360663,"ev":"page_build","i":117}
Sep 24 13:07:01.366927 Runner(Flutter)[1986] <Notice>: dartnative: ##BENCH## {"tag":"countpages","t_us":1790234521360714,"ev":"page_build","i":118}
Sep 24 13:07:01.366951 Runner(Flutter)[1986] <Notice>: dartnative: ##BENCH## {"tag":"countpages","t_us":1790234521360782,"ev":"page_build","i":119}
Sep 24 13:07:01.366966 Runner(Flutter)[1986] <Notice>: dartnative: ##BENCH## {"tag":"countpages","t_us":1790234521360840,"ev":"page_build","i":120}
Sep 24 13:07:01.366977 Runner(Flutter)[1986] <Notice>: dartnative: ##BENCH## {"tag":"countpages","t_us":1790234521360885,"ev":"page_build","i":121}
Sep 24 13:07:01.367014 Runner(Flutter)[1986] <Notice>: dartnative: ##BENCH## {"tag":"countpages","t_us":1790234521360976,"ev":"page_build","i":122}
Sep 24 13:07:01.367028 Runner(Flutter)[1986] <Notice>: dartnative: ##BENCH## {"tag":"countpages","t_us":1790234521361055,"ev":"page_build","i":123}
Sep 24 13:07:01.367046 Runner(Flutter)[1986] <Notice>: dartnative: ##BENCH## {"tag":"countpages","t_us":1790234521361136,"ev":"page_build","i":124}
Sep 24 13:07:01.367069 Runner(Flutter)[1986] <Notice>: dartnative: ##BENCH## {"tag":"countpages","t_us":1790234521361259,"ev":"page_build","i":125}
Sep 24 13:07:01.367096 Runner(Flutter)[1986] <Notice>: dartnative: ##BENCH## {"tag":"countpages","t_us":1790234521361292,"ev":"page_build","i":126}
Sep 24 13:07:01.367112 Runner(Flutter)[1986] <Notice>: dartnative: ##BENCH## {"tag":"countpages","t_us":1790234521361344,"ev":"page_build","i":127}
Sep 24 13:07:01.367142 Runner(Flutter)[1986] <Notice>: dartnative: ##BENCH## {"tag":"countpages","t_us":1790234521361393,"ev":"page_build","i":128}
Sep 24 13:07:01.367167 Runner(Flutter)[1986] <Notice>: dartnative: ##BENCH## {"tag":"countpages","t_us":1790234521361471,"ev":"page_build","i":129}
Sep 24 13:07:01.367183 Runner(Flutter)[1986] <Notice>: dartnative: ##BENCH## {"tag":"countpages","t_us":1790234521361529,"ev":"page_build","i":130}
Sep 24 13:07:01.367190 Runner(Flutter)[1986] <Notice>: dartnative: ##BENCH## {"tag":"countpages","t_us":1790234521361597,"ev":"page_build","i":131}
Sep 24 13:07:01.367213 Runner(Flutter)[1986] <Notice>: dartnative: ##BENCH## {"tag":"countpages","t_us":1790234521361641,"ev":"page_build","i":132}
Sep 24 13:07:01.367248 Runner(Flutter)[1986] <Notice>: dartnative: ##BENCH## {"tag":"countpages","t_us":1790234521361730,"ev":"page_build","i":133}
Sep 24 13:07:01.367263 Runner(Flutter)[1986] <Notice>: dartnative: ##BENCH## {"tag":"countpages","t_us":1790234521361859,"ev":"page_build","i":134}
Sep 24 13:07:01.367280 Runner(Flutter)[1986] <Notice>: dartnative: ##BENCH## {"tag":"countpages","t_us":1790234521361902,"ev":"page_build","i":135}
Sep 24 13:07:01.367334 Runner(Flutter)[1986] <Notice>: dartnative: ##BENCH## {"tag":"countpages","t_us":1790234521361946,"ev":"page_build","i":136}
Sep 24 13:07:01.367383 Runner(Flutter)[1986] <Notice>: dartnative: ##BENCH## {"tag":"countpages","t_us":1790234521362014,"ev":"page_build","i":137}
Sep 24 13:07:01.367427 Runner(Flutter)[1986] <Notice>: dartnative: ##BENCH## {"tag":"countpages","t_us":1790234521362053,"ev":"page_build","i":138}
Sep 24 13:07:01.367459 Runner(Flutter)[1986] <Notice>: dartnative: ##BENCH## {"tag":"countpages","t_us":1790234521362084,"ev":"page_build","i":139}
Sep 24 13:07:01.367514 Runner(Flutter)[1986] <Notice>: dartnative: ##BENCH## {"tag":"countpages","t_us":1790234521362124,"ev":"page_build","i":140}
Sep 24 13:07:01.367542 Runner(Flutter)[1986] <Notice>: dartnative: ##BENCH## {"tag":"countpages","t_us":1790234521362216,"ev":"page_build","i":141}
Sep 24 13:07:01.367574 Runner(Flutter)[1986] <Notice>: dartnative: ##BENCH## {"tag":"countpages","t_us":1790234521362287,"ev":"page_build","i":142}
Sep 24 13:07:01.367588 Runner(Flutter)[1986] <Notice>: dartnative: ##BENCH## {"tag":"countpages","t_us":1790234521362327,"ev":"page_build","i":143}
Sep 24 13:07:01.367620 Runner(Flutter)[1986] <Notice>: dartnative: ##BENCH## {"tag":"countpages","t_us":1790234521362421,"ev":"page_build","i":144}
Sep 24 13:07:01.367669 Runner(Flutter)[1986] <Notice>: dartnative: ##BENCH## {"tag":"countpages","t_us":1790234521362477,"ev":"page_build","i":145}
Sep 24 13:07:01.367709 Runner(Flutter)[1986] <Notice>: dartnative: ##BENCH## {"tag":"countpages","t_us":1790234521362545,"ev":"page_build","i":146}
Sep 24 13:07:01.367725 Runner(Flutter)[1986] <Notice>: dartnative: ##BENCH## {"tag":"countpages","t_us":1790234521362623,"ev":"page_build","i":147}
Sep 24 13:07:01.367757 Runner(Flutter)[1986] <Notice>: dartnative: ##BENCH## {"tag":"countpages","t_us":1790234521362713,"ev":"page_build","i":148}
Sep 24 13:07:01.367795 Runner(Flutter)[1986] <Notice>: dartnative: ##BENCH## {"tag":"countpages","t_us":1790234521362768,"ev":"page_build","i":149}
Sep 24 13:07:01.367853 Runner(Flutter)[1986] <Notice>: dartnative: ##BENCH## {"tag":"countpages","t_us":1790234521362816,"ev":"page_build","i":150}
Sep 24 13:07:01.367930 Runner(Flutter)[1986] <Notice>: dartnative: ##BENCH## {"tag":"countpages","t_us":1790234521362867,"ev":"page_build","i":151}
Sep 24 13:07:01.367962 Runner(Flutter)[1986] <Notice>: dartnative: ##BENCH## {"tag":"countpages","t_us":1790234521362934,"ev":"page_build","i":152}
Sep 24 13:07:01.367990 Runner(Flutter)[1986] <Notice>: dartnative: ##BENCH## {"tag":"countpages","t_us":1790234521363044,"ev":"page_build","i":153}
Sep 24 13:07:01.368012 Runner(Flutter)[1986] <Notice>: dartnative: ##BENCH## {"tag":"countpages","t_us":1790234521363134,"ev":"page_build","i":154}
Sep 24 13:07:01.368035 Runner(Flutter)[1986] <Notice>: dartnative: ##BENCH## {"tag":"countpages","t_us":1790234521363175,"ev":"page_build","i":155}
Sep 24 13:07:01.368060 Runner(Flutter)[1986] <Notice>: dartnative: ##BENCH## {"tag":"countpages","t_us":1790234521363253,"ev":"page_build","i":156}
Sep 24 13:07:01.368093 Runner(Flutter)[1986] <Notice>: dartnative: ##BENCH## {"tag":"countpages","t_us":1790234521363326,"ev":"page_build","i":157}
Sep 24 13:07:01.368156 Runner(Flutter)[1986] <Notice>: dartnative: ##BENCH## {"tag":"countpages","t_us":1790234521363428,"ev":"page_build","i":158}
Sep 24 13:07:01.368181 Runner(Flutter)[1986] <Notice>: dartnative: ##BENCH## {"tag":"countpages","t_us":1790234521363530,"ev":"page_build","i":159}
Sep 24 13:07:01.368230 Runner(Flutter)[1986] <Notice>: dartnative: ##BENCH## {"tag":"countpages","t_us":1790234521363611,"ev":"page_build","i":160}
Sep 24 13:07:01.368290 Runner(Flutter)[1986] <Notice>: dartnative: ##BENCH## {"tag":"countpages","t_us":1790234521363678,"ev":"page_build","i":161}
Sep 24 13:07:01.368317 Runner(Flutter)[1986] <Notice>: dartnative: ##BENCH## {"tag":"countpages","t_us":1790234521363779,"ev":"page_build","i":162}
Sep 24 13:07:01.368348 Runner(Flutter)[1986] <Notice>: dartnative: ##BENCH## {"tag":"countpages","t_us":1790234521363841,"ev":"page_build","i":163}
Sep 24 13:07:01.368374 Runner(Flutter)[1986] <Notice>: dartnative: ##BENCH## {"tag":"countpages","t_us":1790234521363891,"ev":"page_build","i":164}
Sep 24 13:07:01.368411 Runner(Flutter)[1986] <Notice>: dartnative: ##BENCH## {"tag":"countpages","t_us":1790234521363971,"ev":"page_build","i":165}
Sep 24 13:07:01.368439 Runner(Flutter)[1986] <Notice>: dartnative: ##BENCH## {"tag":"countpages","t_us":1790234521364025,"ev":"page_build","i":166}
Sep 24 13:07:01.368494 Runner(Flutter)[1986] <Notice>: dartnative: ##BENCH## {"tag":"countpages","t_us":1790234521364095,"ev":"page_build","i":167}
Sep 24 13:07:01.368548 Runner(Flutter)[1986] <Notice>: dartnative: ##BENCH## {"tag":"countpages","t_us":1790234521364144,"ev":"page_build","i":168}
Sep 24 13:07:01.368584 Runner(Flutter)[1986] <Notice>: dartnative: ##BENCH## {"tag":"countpages","t_us":1790234521364238,"ev":"page_build","i":169}
Sep 24 13:07:01.368637 Runner(Flutter)[1986] <Notice>: dartnative: ##BENCH## {"tag":"countpages","t_us":1790234521364290,"ev":"page_build","i":170}
Sep 24 13:07:01.368688 Runner(Flutter)[1986] <Notice>: dartnative: ##BENCH## {"tag":"countpages","t_us":1790234521364362,"ev":"page_build","i":171}
Sep 24 13:07:01.368735 Runner(Flutter)[1986] <Notice>: dartnative: ##BENCH## {"tag":"countpages","t_us":1790234521364408,"ev":"page_build","i":172}
Sep 24 13:07:01.368802 Runner(Flutter)[1986] <Notice>: dartnative: ##BENCH## {"tag":"countpages","t_us":1790234521364483,"ev":"page_build","i":173}
Sep 24 13:07:01.368844 Runner(Flutter)[1986] <Notice>: dartnative: ##BENCH## {"tag":"countpages","t_us":1790234521364515,"ev":"page_build","i":174}
Sep 24 13:07:01.368872 Runner(Flutter)[1986] <Notice>: dartnative: ##BENCH## {"tag":"countpages","t_us":1790234521364589,"ev":"page_build","i":175}
Sep 24 13:07:01.368906 Runner(Flutter)[1986] <Notice>: dartnative: ##BENCH## {"tag":"countpages","t_us":1790234521364649,"ev":"page_build","i":176}
Sep 24 13:07:01.368946 Runner(Flutter)[1986] <Notice>: dartnative: ##BENCH## {"tag":"countpages","t_us":1790234521364718,"ev":"page_build","i":177}
Sep 24 13:07:01.368970 Runner(Flutter)[1986] <Notice>: dartnative: ##BENCH## {"tag":"countpages","t_us":1790234521364832,"ev":"page_build","i":178}
Sep 24 13:07:01.369007 Runner(Flutter)[1986] <Notice>: dartnative: ##BENCH## {"tag":"countpages","t_us":1790234521364895,"ev":"page_build","i":179}
Sep 24 13:07:01.369039 Runner(Flutter)[1986] <Notice>: dartnative: ##BENCH## {"tag":"countpages","t_us":1790234521364979,"ev":"page_build","i":180}
Sep 24 13:07:01.369095 Runner(Flutter)[1986] <Notice>: dartnative: ##BENCH## {"tag":"countpages","t_us":1790234521365063,"ev":"page_build","i":181}
Sep 24 13:07:01.369441 Runner(Flutter)[1986] <Notice>: dartnative: ##BENCH## {"tag":"countpages","t_us":1790234521365131,"ev":"page_build","i":182}
Sep 24 13:07:01.369625 Runner(Flutter)[1986] <Notice>: dartnative: ##BENCH## {"tag":"countpages","t_us":1790234521365195,"ev":"page_build","i":183}
Sep 24 13:07:01.369688 Runner(Flutter)[1986] <Notice>: dartnative: ##BENCH## {"tag":"countpages","t_us":1790234521365292,"ev":"page_build","i":184}
Sep 24 13:07:01.369738 Runner(Flutter)[1986] <Notice>: dartnative: ##BENCH## {"tag":"countpages","t_us":1790234521365338,"ev":"page_build","i":185}
Sep 24 13:07:01.369772 Runner(Flutter)[1986] <Notice>: dartnative: ##BENCH## {"tag":"countpages","t_us":1790234521365405,"ev":"page_build","i":186}
Sep 24 13:07:01.370186 Runner(Flutter)[1986] <Notice>: dartnative: ##BENCH## {"tag":"countpages","t_us":1790234521365477,"ev":"page_build","i":187}
Sep 24 13:07:01.370223 Runner(Flutter)[1986] <Notice>: dartnative: ##BENCH## {"tag":"countpages","t_us":1790234521365534,"ev":"page_build","i":188}
Sep 24 13:07:01.370700 Runner(Flutter)[1986] <Notice>: dartnative: ##BENCH## {"tag":"countpages","t_us":1790234521365626,"ev":"page_build","i":189}
Sep 24 13:07:01.370810 Runner(Flutter)[1986] <Notice>: dartnative: ##BENCH## {"tag":"countpages","t_us":1790234521365720,"ev":"page_build","i":190}
Sep 24 13:07:01.370860 Runner(Flutter)[1986] <Notice>: dartnative: ##BENCH## {"tag":"countpages","t_us":1790234521365785,"ev":"page_build","i":191}
Sep 24 13:07:01.370889 Runner(Flutter)[1986] <Notice>: dartnative: ##BENCH## {"tag":"countpages","t_us":1790234521365831,"ev":"page_build","i":192}
Sep 24 13:07:01.370999 Runner(Flutter)[1986] <Notice>: dartnative: ##BENCH## {"tag":"countpages","t_us":1790234521365896,"ev":"page_build","i":193}
Sep 24 13:07:01.371156 Runner(Flutter)[1986] <Notice>: dartnative: ##BENCH## {"tag":"countpages","t_us":1790234521365933,"ev":"page_build","i":194}
Sep 24 13:07:01.371222 Runner(Flutter)[1986] <Notice>: dartnative: ##BENCH## {"tag":"countpages","t_us":1790234521366049,"ev":"page_build","i":195}
Sep 24 13:07:01.371291 Runner(Flutter)[1986] <Notice>: dartnative: ##BENCH## {"tag":"countpages","t_us":1790234521366098,"ev":"page_build","i":196}
Sep 24 13:07:01.371323 Runner(Flutter)[1986] <Notice>: dartnative: ##BENCH## {"tag":"countpages","t_us":1790234521366180,"ev":"page_build","i":197}
Sep 24 13:07:01.371343 Runner(Flutter)[1986] <Notice>: dartnative: ##BENCH## {"tag":"countpages","t_us":1790234521366237,"ev":"page_build","i":198}
Sep 24 13:07:01.371359 Runner(Flutter)[1986] <Notice>: dartnative: ##BENCH## {"tag":"countpages","t_us":1790234521366305,"ev":"page_build","i":199}
Sep 24 13:07:01.371475 Runner(Flutter)[1986] <Notice>: dartnative: ##BENCH## {"tag":"countpages","t_us":1790234521366382,"ev":"page_build","i":200}
Sep 24 13:07:01.371543 Runner(Flutter)[1986] <Notice>: dartnative: ##BENCH## {"tag":"countpages","t_us":1790234521366461,"ev":"page_build","i":201}
Sep 24 13:07:01.371642 Runner(Flutter)[1986] <Notice>: dartnative: ##BENCH## {"tag":"countpages","t_us":1790234521366613,"ev":"page_build","i":202}
Sep 24 13:07:01.371831 Runner(Flutter)[1986] <Notice>: dartnative: ##BENCH## {"tag":"countpages","t_us":1790234521366657,"ev":"page_build","i":203}
Sep 24 13:07:01.371895 Runner(Flutter)[1986] <Notice>: dartnative: ##BENCH## {"tag":"countpages","t_us":1790234521366690,"ev":"page_build","i":204}
Sep 24 13:07:01.371939 Runner(Flutter)[1986] <Notice>: dartnative: ##BENCH## {"tag":"countpages","t_us":1790234521366730,"ev":"page_build","i":205}
Sep 24 13:07:01.372006 Runner(Flutter)[1986] <Notice>: dartnative: ##BENCH## {"tag":"countpages","t_us":1790234521366769,"ev":"page_build","i":206}
Sep 24 13:07:01.372060 Runner(Flutter)[1986] <Notice>: dartnative: ##BENCH## {"tag":"countpages","t_us":1790234521366817,"ev":"page_build","i":207}
Sep 24 13:07:01.372099 Runner(Flutter)[1986] <Notice>: dartnative: ##BENCH## {"tag":"countpages","t_us":1790234521366955,"ev":"page_build","i":208}
Sep 24 13:07:01.372142 Runner(Flutter)[1986] <Notice>: dartnative: ##BENCH## {"tag":"countpages","t_us":1790234521367056,"ev":"page_build","i":209}
Sep 24 13:07:01.372173 Runner(Flutter)[1986] <Notice>: dartnative: ##BENCH## {"tag":"countpages","t_us":1790234521367161,"ev":"page_build","i":210}
Sep 24 13:07:01.372223 Runner(Flutter)[1986] <Notice>: dartnative: ##BENCH## {"tag":"countpages","t_us":1790234521367294,"ev":"page_build","i":211}
Sep 24 13:07:01.372276 Runner(Flutter)[1986] <Notice>: dartnative: ##BENCH## {"tag":"countpages","t_us":1790234521367384,"ev":"page_build","i":212}
Sep 24 13:07:01.372312 Runner(Flutter)[1986] <Notice>: dartnative: ##BENCH## {"tag":"countpages","t_us":1790234521367464,"ev":"page_build","i":213}
Sep 24 13:07:01.372362 Runner(Flutter)[1986] <Notice>: dartnative: ##BENCH## {"tag":"countpages","t_us":1790234521367579,"ev":"page_build","i":214}
Sep 24 13:07:01.372388 Runner(Flutter)[1986] <Notice>: dartnative: ##BENCH## {"tag":"countpages","t_us":1790234521367716,"ev":"page_build","i":215}
Sep 24 13:07:01.372479 Runner(Flutter)[1986] <Notice>: dartnative: ##BENCH## {"tag":"countpages","t_us":1790234521367793,"ev":"page_build","i":216}
Sep 24 13:07:01.372522 Runner(Flutter)[1986] <Notice>: dartnative: ##BENCH## {"tag":"countpages","t_us":1790234521367880,"ev":"page_build","i":217}
Sep 24 13:07:01.372719 Runner(Flutter)[1986] <Notice>: dartnative: ##BENCH## {"tag":"countpages","t_us":1790234521367968,"ev":"page_build","i":218}
Sep 24 13:07:01.372758 Runner(Flutter)[1986] <Notice>: dartnative: ##BENCH## {"tag":"countpages","t_us":1790234521368010,"ev":"page_build","i":219}
Sep 24 13:07:01.372894 Runner(Flutter)[1986] <Notice>: dartnative: ##BENCH## {"tag":"countpages","t_us":1790234521368075,"ev":"page_build","i":220}
Sep 24 13:07:01.373028 Runner(Flutter)[1986] <Notice>: dartnative: ##BENCH## {"tag":"countpages","t_us":1790234521368169,"ev":"page_build","i":221}
Sep 24 13:07:01.373081 Runner(Flutter)[1986] <Notice>: dartnative: ##BENCH## {"tag":"countpages","t_us":1790234521368223,"ev":"page_build","i":222}
Sep 24 13:07:01.373110 Runner(Flutter)[1986] <Notice>: dartnative: ##BENCH## {"tag":"countpages","t_us":1790234521368279,"ev":"page_build","i":223}
Sep 24 13:07:01.373171 Runner(Flutter)[1986] <Notice>: dartnative: ##BENCH## {"tag":"countpages","t_us":1790234521368356,"ev":"page_build","i":224}
Sep 24 13:07:01.373215 Runner(Flutter)[1986] <Notice>: dartnative: ##BENCH## {"tag":"countpages","t_us":1790234521368435,"ev":"page_build","i":225}
Sep 24 13:07:01.373224 Runner(Flutter)[1986] <Notice>: dartnative: ##BENCH## {"tag":"countpages","t_us":1790234521368545,"ev":"page_build","i":226}
Sep 24 13:07:01.373232 Runner(Flutter)[1986] <Notice>: dartnative: ##BENCH## {"tag":"countpages","t_us":1790234521368619,"ev":"page_build","i":227}
Sep 24 13:07:01.373275 Runner(Flutter)[1986] <Notice>: dartnative: ##BENCH## {"tag":"countpages","t_us":1790234521368713,"ev":"page_build","i":228}
Sep 24 13:07:01.373337 Runner(Flutter)[1986] <Notice>: dartnative: ##BENCH## {"tag":"countpages","t_us":1790234521368787,"ev":"page_build","i":229}
Sep 24 13:07:01.373347 Runner(Flutter)[1986] <Notice>: dartnative: ##BENCH## {"tag":"countpages","t_us":1790234521368892,"ev":"page_build","i":230}
Sep 24 13:07:01.373386 Runner(Flutter)[1986] <Notice>: dartnative: ##BENCH## {"tag":"countpages","t_us":1790234521368995,"ev":"page_build","i":231}
Sep 24 13:07:01.373422 Runner(Flutter)[1986] <Notice>: dartnative: ##BENCH## {"tag":"countpages","t_us":1790234521369076,"ev":"page_build","i":232}
Sep 24 13:07:01.373469 Runner(Flutter)[1986] <Notice>: dartnative: ##BENCH## {"tag":"countpages","t_us":1790234521369249,"ev":"page_build","i":233}
Sep 24 13:07:01.373527 Runner(Flutter)[1986] <Notice>: dartnative: ##BENCH## {"tag":"countpages","t_us":1790234521369350,"ev":"page_build","i":234}
Sep 24 13:07:01.373562 Runner(Flutter)[1986] <Notice>: dartnative: ##BENCH## {"tag":"countpages","t_us":1790234521369596,"ev":"page_build","i":235}
Sep 24 13:07:01.373596 Runner(Flutter)[1986] <Notice>: dartnative: ##BENCH## {"tag":"countpages","t_us":1790234521369635,"ev":"page_build","i":236}
Sep 24 13:07:01.373613 Runner(Flutter)[1986] <Notice>: dartnative: ##BENCH## {"tag":"countpages","t_us":1790234521369725,"ev":"page_build","i":237}
Sep 24 13:07:01.373645 Runner(Flutter)[1986] <Notice>: dartnative: ##BENCH## {"tag":"countpages","t_us":1790234521369749,"ev":"page_build","i":238}
Sep 24 13:07:01.373925 Runner(Flutter)[1986] <Notice>: dartnative: ##BENCH## {"tag":"countpages","t_us":1790234521369804,"ev":"page_build","i":239}
Sep 24 13:07:01.373998 Runner(Flutter)[1986] <Notice>: dartnative: ##BENCH## {"tag":"countpages","t_us":1790234521369925,"ev":"page_build","i":240}
Sep 24 13:07:01.374033 Runner(Flutter)[1986] <Notice>: dartnative: ##BENCH## {"tag":"countpages","t_us":1790234521369964,"ev":"page_build","i":241}
Sep 24 13:07:01.374118 Runner(Flutter)[1986] <Notice>: dartnative: ##BENCH## {"tag":"countpages","t_us":1790234521369993,"ev":"page_build","i":242}
Sep 24 13:07:01.374156 Runner(Flutter)[1986] <Notice>: dartnative: ##BENCH## {"tag":"countpages","t_us":1790234521370052,"ev":"page_build","i":243}
Sep 24 13:07:01.374204 Runner(Flutter)[1986] <Notice>: dartnative: ##BENCH## {"tag":"countpages","t_us":1790234521370094,"ev":"page_build","i":244}
Sep 24 13:07:01.374243 Runner(Flutter)[1986] <Notice>: dartnative: ##BENCH## {"tag":"countpages","t_us":1790234521370211,"ev":"page_build","i":245}
Sep 24 13:07:01.374300 Runner(Flutter)[1986] <Notice>: dartnative: ##BENCH## {"tag":"countpages","t_us":1790234521370310,"ev":"page_build","i":246}
Sep 24 13:07:01.374357 Runner(Flutter)[1986] <Notice>: dartnative: ##BENCH## {"tag":"countpages","t_us":1790234521370466,"ev":"page_build","i":247}
Sep 24 13:07:01.374374 Runner(Flutter)[1986] <Notice>: dartnative: ##BENCH## {"tag":"countpages","t_us":1790234521370516,"ev":"page_build","i":248}
Sep 24 13:07:01.374381 Runner(Flutter)[1986] <Notice>: dartnative: ##BENCH## {"tag":"countpages","t_us":1790234521370565,"ev":"page_build","i":249}
Sep 24 13:07:01.374406 Runner(Flutter)[1986] <Notice>: dartnative: ##BENCH## {"tag":"countpages","t_us":1790234521370600,"ev":"page_build","i":250}
Sep 24 13:07:01.374414 Runner(Flutter)[1986] <Notice>: dartnative: ##BENCH## {"tag":"countpages","t_us":1790234521370693,"ev":"page_build","i":251}
Sep 24 13:07:01.374422 Runner(Flutter)[1986] <Notice>: dartnative: ##BENCH## {"tag":"countpages","t_us":1790234521370777,"ev":"page_build","i":252}
Sep 24 13:07:01.374439 Runner(Flutter)[1986] <Notice>: dartnative: ##BENCH## {"tag":"countpages","t_us":1790234521370857,"ev":"page_build","i":253}
Sep 24 13:07:01.374486 Runner(Flutter)[1986] <Notice>: dartnative: ##BENCH## {"tag":"countpages","t_us":1790234521370954,"ev":"page_build","i":254}
Sep 24 13:07:01.374501 Runner(Flutter)[1986] <Notice>: dartnative: ##BENCH## {"tag":"countpages","t_us":1790234521371093,"ev":"page_build","i":255}
Sep 24 13:07:01.374541 Runner(Flutter)[1986] <Notice>: dartnative: ##BENCH## {"tag":"countpages","t_us":1790234521371189,"ev":"page_build","i":256}
Sep 24 13:07:01.374663 Runner(Flutter)[1986] <Notice>: dartnative: ##BENCH## {"tag":"countpages","t_us":1790234521371245,"ev":"page_build","i":257}
Sep 24 13:07:01.374689 Runner(Flutter)[1986] <Notice>: dartnative: ##BENCH## {"tag":"countpages","t_us":1790234521371297,"ev":"page_build","i":258}
Sep 24 13:07:01.374724 Runner(Flutter)[1986] <Notice>: dartnative: ##BENCH## {"tag":"countpages","t_us":1790234521371333,"ev":"page_build","i":259}
Sep 24 13:07:01.374732 Runner(Flutter)[1986] <Notice>: dartnative: ##BENCH## {"tag":"countpages","t_us":1790234521371369,"ev":"page_build","i":260}
Sep 24 13:07:01.374782 Runner(Flutter)[1986] <Notice>: dartnative: ##BENCH## {"tag":"countpages","t_us":1790234521371405,"ev":"page_build","i":261}
Sep 24 13:07:01.374805 Runner(Flutter)[1986] <Notice>: dartnative: ##BENCH## {"tag":"countpages","t_us":1790234521371457,"ev":"page_build","i":262}
Sep 24 13:07:01.374830 Runner(Flutter)[1986] <Notice>: dartnative: ##BENCH## {"tag":"countpages","t_us":1790234521371512,"ev":"page_build","i":263}
Sep 24 13:07:01.374850 Runner(Flutter)[1986] <Notice>: dartnative: ##BENCH## {"tag":"countpages","t_us":1790234521371574,"ev":"page_build","i":264}
Sep 24 13:07:01.374857 Runner(Flutter)[1986] <Notice>: dartnative: ##BENCH## {"tag":"countpages","t_us":1790234521371700,"ev":"page_build","i":265}
Sep 24 13:07:01.374864 Runner(Flutter)[1986] <Notice>: dartnative: ##BENCH## {"tag":"countpages","t_us":1790234521371786,"ev":"page_build","i":266}
Sep 24 13:07:01.374872 Runner(Flutter)[1986] <Notice>: dartnative: ##BENCH## {"tag":"countpages","t_us":1790234521371856,"ev":"page_build","i":267}
Sep 24 13:07:01.374896 Runner(Flutter)[1986] <Notice>: dartnative: ##BENCH## {"tag":"countpages","t_us":1790234521371913,"ev":"page_build","i":268}
Sep 24 13:07:01.374949 Runner(Flutter)[1986] <Notice>: dartnative: ##BENCH## {"tag":"countpages","t_us":1790234521371985,"ev":"page_build","i":269}
Sep 24 13:07:01.374965 Runner(Flutter)[1986] <Notice>: dartnative: ##BENCH## {"tag":"countpages","t_us":1790234521372067,"ev":"page_build","i":270}
Sep 24 13:07:01.374985 Runner(Flutter)[1986] <Notice>: dartnative: ##BENCH## {"tag":"countpages","t_us":1790234521372155,"ev":"page_build","i":271}
Sep 24 13:07:01.375012 Runner(Flutter)[1986] <Notice>: dartnative: ##BENCH## {"tag":"countpages","t_us":1790234521372204,"ev":"page_build","i":272}
Sep 24 13:07:01.375029 Runner(Flutter)[1986] <Notice>: dartnative: ##BENCH## {"tag":"countpages","t_us":1790234521372266,"ev":"page_build","i":273}
Sep 24 13:07:01.375134 Runner(Flutter)[1986] <Notice>: dartnative: ##BENCH## {"tag":"countpages","t_us":1790234521372301,"ev":"page_build","i":274}
Sep 24 13:07:01.375166 Runner(Flutter)[1986] <Notice>: dartnative: ##BENCH## {"tag":"countpages","t_us":1790234521372340,"ev":"page_build","i":275}
Sep 24 13:07:01.375259 Runner(Flutter)[1986] <Notice>: dartnative: ##BENCH## {"tag":"countpages","t_us":1790234521372406,"ev":"page_build","i":276}
Sep 24 13:07:01.375331 Runner(Flutter)[1986] <Notice>: dartnative: ##BENCH## {"tag":"countpages","t_us":1790234521372491,"ev":"page_build","i":277}
Sep 24 13:07:01.375360 Runner(Flutter)[1986] <Notice>: dartnative: ##BENCH## {"tag":"countpages","t_us":1790234521372576,"ev":"page_build","i":278}
Sep 24 13:07:01.375446 Runner(Flutter)[1986] <Notice>: dartnative: ##BENCH## {"tag":"countpages","t_us":1790234521372636,"ev":"page_build","i":279}
Sep 24 13:07:01.375462 Runner(Flutter)[1986] <Notice>: dartnative: ##BENCH## {"tag":"countpages","t_us":1790234521372723,"ev":"page_build","i":280}
Sep 24 13:07:01.375487 Runner(Flutter)[1986] <Notice>: dartnative: ##BENCH## {"tag":"countpages","t_us":1790234521372786,"ev":"page_build","i":281}
Sep 24 13:07:01.375502 Runner(Flutter)[1986] <Notice>: dartnative: ##BENCH## {"tag":"countpages","t_us":1790234521372915,"ev":"page_build","i":282}
Sep 24 13:07:01.375602 Runner(Flutter)[1986] <Notice>: dartnative: ##BENCH## {"tag":"countpages","t_us":1790234521373027,"ev":"page_build","i":283}
Sep 24 13:07:01.375628 Runner(Flutter)[1986] <Notice>: dartnative: ##BENCH## {"tag":"countpages","t_us":1790234521373084,"ev":"page_build","i":284}
Sep 24 13:07:01.375672 Runner(Flutter)[1986] <Notice>: dartnative: ##BENCH## {"tag":"countpages","t_us":1790234521373132,"ev":"page_build","i":285}
Sep 24 13:07:01.375694 Runner(Flutter)[1986] <Notice>: dartnative: ##BENCH## {"tag":"countpages","t_us":1790234521373212,"ev":"page_build","i":286}
Sep 24 13:07:01.375754 Runner(Flutter)[1986] <Notice>: dartnative: ##BENCH## {"tag":"countpages","t_us":1790234521373245,"ev":"page_build","i":287}
Sep 24 13:07:01.375792 Runner(Flutter)[1986] <Notice>: dartnative: ##BENCH## {"tag":"countpages","t_us":1790234521373299,"ev":"page_build","i":288}
Sep 24 13:07:01.375807 Runner(Flutter)[1986] <Notice>: dartnative: ##BENCH## {"tag":"countpages","t_us":1790234521373340,"ev":"page_build","i":289}
Sep 24 13:07:01.375859 Runner(Flutter)[1986] <Notice>: dartnative: ##BENCH## {"tag":"countpages","t_us":1790234521373415,"ev":"page_build","i":290}
Sep 24 13:07:01.375959 Runner(Flutter)[1986] <Notice>: dartnative: ##BENCH## {"tag":"countpages","t_us":1790234521373464,"ev":"page_build","i":291}
Sep 24 13:07:01.376021 Runner(Flutter)[1986] <Notice>: dartnative: ##BENCH## {"tag":"countpages","t_us":1790234521373544,"ev":"page_build","i":292}
Sep 24 13:07:01.376102 Runner(Flutter)[1986] <Notice>: dartnative: ##BENCH## {"tag":"countpages","t_us":1790234521373588,"ev":"page_build","i":293}
Sep 24 13:07:01.376190 Runner(Flutter)[1986] <Notice>: dartnative: ##BENCH## {"tag":"countpages","t_us":1790234521373644,"ev":"page_build","i":294}
Sep 24 13:07:01.376254 Runner(Flutter)[1986] <Notice>: dartnative: ##BENCH## {"tag":"countpages","t_us":1790234521373725,"ev":"page_build","i":295}
Sep 24 13:07:01.376314 Runner(Flutter)[1986] <Notice>: dartnative: ##BENCH## {"tag":"countpages","t_us":1790234521373774,"ev":"page_build","i":296}
Sep 24 13:07:01.376366 Runner(Flutter)[1986] <Notice>: dartnative: ##BENCH## {"tag":"countpages","t_us":1790234521373824,"ev":"page_build","i":297}
Sep 24 13:07:01.376427 Runner(Flutter)[1986] <Notice>: dartnative: ##BENCH## {"tag":"countpages","t_us":1790234521373866,"ev":"page_build","i":298}
Sep 24 13:07:01.376520 Runner(Flutter)[1986] <Notice>: dartnative: ##BENCH## {"tag":"countpages","t_us":1790234521373927,"ev":"page_build","i":299}
Sep 24 13:07:01.376589 Runner(Flutter)[1986] <Notice>: dartnative: ##BENCH## {"tag":"countpages","t_us":1790234521373996,"ev":"page_build","i":300}
Sep 24 13:07:01.376613 Runner(Flutter)[1986] <Notice>: dartnative: ##BENCH## {"tag":"countpages","t_us":1790234521374098,"ev":"page_build","i":301}
Sep 24 13:07:01.376638 Runner(Flutter)[1986] <Notice>: dartnative: ##BENCH## {"tag":"countpages","t_us":1790234521374230,"ev":"page_build","i":302}
Sep 24 13:07:01.376654 Runner(Flutter)[1986] <Notice>: dartnative: ##BENCH## {"tag":"countpages","t_us":1790234521374306,"ev":"page_build","i":303}
Sep 24 13:07:01.376677 Runner(Flutter)[1986] <Notice>: dartnative: ##BENCH## {"tag":"countpages","t_us":1790234521374463,"ev":"page_build","i":304}
Sep 24 13:07:01.376735 Runner(Flutter)[1986] <Notice>: dartnative: ##BENCH## {"tag":"countpages","t_us":1790234521374616,"ev":"page_build","i":305}
Sep 24 13:07:01.376767 Runner(Flutter)[1986] <Notice>: dartnative: ##BENCH## {"tag":"countpages","t_us":1790234521374754,"ev":"page_build","i":306}
Sep 24 13:07:01.376780 Runner(Flutter)[1986] <Notice>: dartnative: ##BENCH## {"tag":"countpages","t_us":1790234521374891,"ev":"page_build","i":307}
Sep 24 13:07:01.376787 Runner(Flutter)[1986] <Notice>: dartnative: ##BENCH## {"tag":"countpages","t_us":1790234521375020,"ev":"page_build","i":308}
Sep 24 13:07:01.376829 Runner(Flutter)[1986] <Notice>: dartnative: ##BENCH## {"tag":"countpages","t_us":1790234521375062,"ev":"page_build","i":309}
Sep 24 13:07:01.376838 Runner(Flutter)[1986] <Notice>: dartnative: ##BENCH## {"tag":"countpages","t_us":1790234521375104,"ev":"page_build","i":310}
Sep 24 13:07:01.376860 Runner(Flutter)[1986] <Notice>: dartnative: ##BENCH## {"tag":"countpages","t_us":1790234521375171,"ev":"page_build","i":311}
Sep 24 13:07:01.376878 Runner(Flutter)[1986] <Notice>: dartnative: ##BENCH## {"tag":"countpages","t_us":1790234521375249,"ev":"page_build","i":312}
Sep 24 13:07:01.376887 Runner(Flutter)[1986] <Notice>: dartnative: ##BENCH## {"tag":"countpages","t_us":1790234521375313,"ev":"page_build","i":313}
Sep 24 13:07:01.376895 Runner(Flutter)[1986] <Notice>: dartnative: ##BENCH## {"tag":"countpages","t_us":1790234521375375,"ev":"page_build","i":314}
Sep 24 13:07:01.376902 Runner(Flutter)[1986] <Notice>: dartnative: ##BENCH## {"tag":"countpages","t_us":1790234521375440,"ev":"page_build","i":315}
Sep 24 13:07:01.377121 Runner(Flutter)[1986] <Notice>: dartnative: ##BENCH## {"tag":"countpages","t_us":1790234521375478,"ev":"page_build","i":316}
Sep 24 13:07:01.377192 Runner(Flutter)[1986] <Notice>: dartnative: ##BENCH## {"tag":"countpages","t_us":1790234521375712,"ev":"page_build","i":317}
Sep 24 13:07:01.377209 Runner(Flutter)[1986] <Notice>: dartnative: ##BENCH## {"tag":"countpages","t_us":1790234521375722,"ev":"page_build","i":318}
Sep 24 13:07:01.377225 Runner(Flutter)[1986] <Notice>: dartnative: ##BENCH## {"tag":"countpages","t_us":1790234521375731,"ev":"page_build","i":319}
Sep 24 13:07:01.377245 Runner(Flutter)[1986] <Notice>: dartnative: ##BENCH## {"tag":"countpages","t_us":1790234521375738,"ev":"page_build","i":320}
Sep 24 13:07:01.377271 Runner(Flutter)[1986] <Notice>: dartnative: ##BENCH## {"tag":"countpages","t_us":1790234521375747,"ev":"page_build","i":321}
Sep 24 13:07:01.377357 Runner(Flutter)[1986] <Notice>: dartnative: ##BENCH## {"tag":"countpages","t_us":1790234521375755,"ev":"page_build","i":322}
Sep 24 13:07:01.377390 Runner(Flutter)[1986] <Notice>: dartnative: ##BENCH## {"tag":"countpages","t_us":1790234521375831,"ev":"page_build","i":323}
Sep 24 13:07:01.377475 Runner(Flutter)[1986] <Notice>: dartnative: ##BENCH## {"tag":"countpages","t_us":1790234521375920,"ev":"page_build","i":324}
Sep 24 13:07:01.377538 Runner(Flutter)[1986] <Notice>: dartnative: ##BENCH## {"tag":"countpages","t_us":1790234521375970,"ev":"page_build","i":325}
Sep 24 13:07:01.377583 Runner(Flutter)[1986] <Notice>: dartnative: ##BENCH## {"tag":"countpages","t_us":1790234521376006,"ev":"page_build","i":326}
Sep 24 13:07:01.377630 Runner(Flutter)[1986] <Notice>: dartnative: ##BENCH## {"tag":"countpages","t_us":1790234521376064,"ev":"page_build","i":327}
Sep 24 13:07:01.377786 Runner(Flutter)[1986] <Notice>: dartnative: ##BENCH## {"tag":"countpages","t_us":1790234521376127,"ev":"page_build","i":328}
Sep 24 13:07:01.377802 Runner(Flutter)[1986] <Notice>: dartnative: ##BENCH## {"tag":"countpages","t_us":1790234521376209,"ev":"page_build","i":329}
Sep 24 13:07:01.377813 Runner(Flutter)[1986] <Notice>: dartnative: ##BENCH## {"tag":"countpages","t_us":1790234521376261,"ev":"page_build","i":330}
Sep 24 13:07:01.377899 Runner(Flutter)[1986] <Notice>: dartnative: ##BENCH## {"tag":"countpages","t_us":1790234521376333,"ev":"page_build","i":331}
Sep 24 13:07:01.377918 Runner(Flutter)[1986] <Notice>: dartnative: ##BENCH## {"tag":"countpages","t_us":1790234521376416,"ev":"page_build","i":332}
Sep 24 13:07:01.378021 Runner(Flutter)[1986] <Notice>: dartnative: ##BENCH## {"tag":"countpages","t_us":1790234521376520,"ev":"page_build","i":333}
Sep 24 13:07:01.378095 Runner(Flutter)[1986] <Notice>: dartnative: ##BENCH## {"tag":"countpages","t_us":1790234521376595,"ev":"page_build","i":334}
Sep 24 13:07:01.378299 Runner(Flutter)[1986] <Notice>: dartnative: ##BENCH## {"tag":"countpages","t_us":1790234521376711,"ev":"page_build","i":335}
Sep 24 13:07:01.378428 Runner(Flutter)[1986] <Notice>: dartnative: ##BENCH## {"tag":"countpages","t_us":1790234521376769,"ev":"page_build","i":336}
Sep 24 13:07:01.378577 Runner(Flutter)[1986] <Notice>: dartnative: ##BENCH## {"tag":"countpages","t_us":1790234521376819,"ev":"page_build","i":337}
Sep 24 13:07:01.378593 Runner(Flutter)[1986] <Notice>: dartnative: ##BENCH## {"tag":"countpages","t_us":1790234521376892,"ev":"page_build","i":338}
Sep 24 13:07:01.378609 Runner(Flutter)[1986] <Notice>: dartnative: ##BENCH## {"tag":"countpages","t_us":1790234521376946,"ev":"page_build","i":339}
Sep 24 13:07:01.378679 Runner(Flutter)[1986] <Notice>: dartnative: ##BENCH## {"tag":"countpages","t_us":1790234521376997,"ev":"page_build","i":340}
Sep 24 13:07:01.378756 Runner(Flutter)[1986] <Notice>: dartnative: ##BENCH## {"tag":"countpages","t_us":1790234521377030,"ev":"page_build","i":341}
Sep 24 13:07:01.378787 Runner(Flutter)[1986] <Notice>: dartnative: ##BENCH## {"tag":"countpages","t_us":1790234521377078,"ev":"page_build","i":342}
Sep 24 13:07:01.378889 Runner(Flutter)[1986] <Notice>: dartnative: ##BENCH## {"tag":"countpages","t_us":1790234521377143,"ev":"page_build","i":343}
Sep 24 13:07:01.378935 Runner(Flutter)[1986] <Notice>: dartnative: ##BENCH## {"tag":"countpages","t_us":1790234521377211,"ev":"page_build","i":344}
Sep 24 13:07:01.378958 Runner(Flutter)[1986] <Notice>: dartnative: ##BENCH## {"tag":"countpages","t_us":1790234521377310,"ev":"page_build","i":345}
Sep 24 13:07:01.378984 Runner(Flutter)[1986] <Notice>: dartnative: ##BENCH## {"tag":"countpages","t_us":1790234521377349,"ev":"page_build","i":346}
Sep 24 13:07:01.379006 Runner(Flutter)[1986] <Notice>: dartnative: ##BENCH## {"tag":"countpages","t_us":1790234521377392,"ev":"page_build","i":347}
Sep 24 13:07:01.379054 Runner(Flutter)[1986] <Notice>: dartnative: ##BENCH## {"tag":"countpages","t_us":1790234521377428,"ev":"page_build","i":348}
Sep 24 13:07:01.379091 Runner(Flutter)[1986] <Notice>: dartnative: ##BENCH## {"tag":"countpages","t_us":1790234521377500,"ev":"page_build","i":349}
Sep 24 13:07:01.379219 Runner(Flutter)[1986] <Notice>: dartnative: ##BENCH## {"tag":"countpages","t_us":1790234521377574,"ev":"page_build","i":350}
Sep 24 13:07:01.379251 Runner(Flutter)[1986] <Notice>: dartnative: ##BENCH## {"tag":"countpages","t_us":1790234521377658,"ev":"page_build","i":351}
Sep 24 13:07:01.379287 Runner(Flutter)[1986] <Notice>: dartnative: ##BENCH## {"tag":"countpages","t_us":1790234521377717,"ev":"page_build","i":352}
Sep 24 13:07:01.379327 Runner(Flutter)[1986] <Notice>: dartnative: ##BENCH## {"tag":"countpages","t_us":1790234521377772,"ev":"page_build","i":353}
Sep 24 13:07:01.379388 Runner(Flutter)[1986] <Notice>: dartnative: ##BENCH## {"tag":"countpages","t_us":1790234521377822,"ev":"page_build","i":354}
Sep 24 13:07:01.379410 Runner(Flutter)[1986] <Notice>: dartnative: ##BENCH## {"tag":"countpages","t_us":1790234521377892,"ev":"page_build","i":355}
Sep 24 13:07:01.379532 Runner(Flutter)[1986] <Notice>: dartnative: ##BENCH## {"tag":"countpages","t_us":1790234521377962,"ev":"page_build","i":356}
Sep 24 13:07:01.379594 Runner(Flutter)[1986] <Notice>: dartnative: ##BENCH## {"tag":"countpages","t_us":1790234521378049,"ev":"page_build","i":357}
Sep 24 13:07:01.379693 Runner(Flutter)[1986] <Notice>: dartnative: ##BENCH## {"tag":"countpages","t_us":1790234521378092,"ev":"page_build","i":358}
Sep 24 13:07:01.379729 Runner(Flutter)[1986] <Notice>: dartnative: ##BENCH## {"tag":"countpages","t_us":1790234521378177,"ev":"page_build","i":359}
Sep 24 13:07:01.379803 Runner(Flutter)[1986] <Notice>: dartnative: ##BENCH## {"tag":"countpages","t_us":1790234521378252,"ev":"page_build","i":360}
Sep 24 13:07:01.379869 Runner(Flutter)[1986] <Notice>: dartnative: ##BENCH## {"tag":"countpages","t_us":1790234521378329,"ev":"page_build","i":361}
Sep 24 13:07:01.379931 Runner(Flutter)[1986] <Notice>: dartnative: ##BENCH## {"tag":"countpages","t_us":1790234521378385,"ev":"page_build","i":362}
Sep 24 13:07:01.379963 Runner(Flutter)[1986] <Notice>: dartnative: ##BENCH## {"tag":"countpages","t_us":1790234521378428,"ev":"page_build","i":363}
Sep 24 13:07:01.379998 Runner(Flutter)[1986] <Notice>: dartnative: ##BENCH## {"tag":"countpages","t_us":1790234521378496,"ev":"page_build","i":364}
Sep 24 13:07:01.380041 Runner(Flutter)[1986] <Notice>: dartnative: ##BENCH## {"tag":"countpages","t_us":1790234521378536,"ev":"page_build","i":365}
Sep 24 13:07:01.380164 Runner(Flutter)[1986] <Notice>: dartnative: ##BENCH## {"tag":"countpages","t_us":1790234521378653,"ev":"page_build","i":366}
Sep 24 13:07:01.380318 Runner(Flutter)[1986] <Notice>: dartnative: ##BENCH## {"tag":"countpages","t_us":1790234521378707,"ev":"page_build","i":367}
Sep 24 13:07:01.380396 Runner(Flutter)[1986] <Notice>: dartnative: ##BENCH## {"tag":"countpages","t_us":1790234521378793,"ev":"page_build","i":368}
Sep 24 13:07:01.380489 Runner(Flutter)[1986] <Notice>: dartnative: ##BENCH## {"tag":"countpages","t_us":1790234521378871,"ev":"page_build","i":369}
Sep 24 13:07:01.380546 Runner(Flutter)[1986] <Notice>: dartnative: ##BENCH## {"tag":"countpages","t_us":1790234521378934,"ev":"page_build","i":370}
Sep 24 13:07:01.380603 Runner(Flutter)[1986] <Notice>: dartnative: ##BENCH## {"tag":"countpages","t_us":1790234521379002,"ev":"page_build","i":371}
Sep 24 13:07:01.380673 Runner(Flutter)[1986] <Notice>: dartnative: ##BENCH## {"tag":"countpages","t_us":1790234521379063,"ev":"page_build","i":372}
Sep 24 13:07:01.380708 Runner(Flutter)[1986] <Notice>: dartnative: ##BENCH## {"tag":"countpages","t_us":1790234521379140,"ev":"page_build","i":373}
Sep 24 13:07:01.380755 Runner(Flutter)[1986] <Notice>: dartnative: ##BENCH## {"tag":"countpages","t_us":1790234521379179,"ev":"page_build","i":374}
Sep 24 13:07:01.380812 Runner(Flutter)[1986] <Notice>: dartnative: ##BENCH## {"tag":"countpages","t_us":1790234521379250,"ev":"page_build","i":375}
Sep 24 13:07:01.380897 Runner(Flutter)[1986] <Notice>: dartnative: ##BENCH## {"tag":"countpages","t_us":1790234521379352,"ev":"page_build","i":376}
Sep 24 13:07:01.380956 Runner(Flutter)[1986] <Notice>: dartnative: ##BENCH## {"tag":"countpages","t_us":1790234521379420,"ev":"page_build","i":377}
Sep 24 13:07:01.380992 Runner(Flutter)[1986] <Notice>: dartnative: ##BENCH## {"tag":"countpages","t_us":1790234521379540,"ev":"page_build","i":378}
Sep 24 13:07:01.381081 Runner(Flutter)[1986] <Notice>: dartnative: ##BENCH## {"tag":"countpages","t_us":1790234521379604,"ev":"page_build","i":379}
Sep 24 13:07:01.381229 Runner(Flutter)[1986] <Notice>: dartnative: ##BENCH## {"tag":"countpages","t_us":1790234521379685,"ev":"page_build","i":380}
Sep 24 13:07:01.381275 Runner(Flutter)[1986] <Notice>: dartnative: ##BENCH## {"tag":"countpages","t_us":1790234521379763,"ev":"page_build","i":381}
Sep 24 13:07:01.381312 Runner(Flutter)[1986] <Notice>: dartnative: ##BENCH## {"tag":"countpages","t_us":1790234521379829,"ev":"page_build","i":382}
Sep 24 13:07:01.381435 Runner(Flutter)[1986] <Notice>: dartnative: ##BENCH## {"tag":"countpages","t_us":1790234521379894,"ev":"page_build","i":383}
Sep 24 13:07:01.381514 Runner(Flutter)[1986] <Notice>: dartnative: ##BENCH## {"tag":"countpages","t_us":1790234521379961,"ev":"page_build","i":384}
Sep 24 13:07:01.381688 Runner(Flutter)[1986] <Notice>: dartnative: ##BENCH## {"tag":"countpages","t_us":1790234521380024,"ev":"page_build","i":385}
Sep 24 13:07:01.381761 Runner(Flutter)[1986] <Notice>: dartnative: ##BENCH## {"tag":"countpages","t_us":1790234521380090,"ev":"page_build","i":386}
Sep 24 13:07:01.381922 Runner(Flutter)[1986] <Notice>: dartnative: ##BENCH## {"tag":"countpages","t_us":1790234521380197,"ev":"page_build","i":387}
Sep 24 13:07:01.382030 Runner(Flutter)[1986] <Notice>: dartnative: ##BENCH## {"tag":"countpages","t_us":1790234521380305,"ev":"page_build","i":388}
Sep 24 13:07:01.382191 Runner(Flutter)[1986] <Notice>: dartnative: ##BENCH## {"tag":"countpages","t_us":1790234521380370,"ev":"page_build","i":389}
Sep 24 13:07:01.382386 Runner(Flutter)[1986] <Notice>: dartnative: ##BENCH## {"tag":"countpages","t_us":1790234521380447,"ev":"page_build","i":390}
Sep 24 13:07:01.382562 Runner(Flutter)[1986] <Notice>: dartnative: ##BENCH## {"tag":"countpages","t_us":1790234521380546,"ev":"page_build","i":391}
Sep 24 13:07:01.382918 Runner(Flutter)[1986] <Notice>: dartnative: ##BENCH## {"tag":"countpages","t_us":1790234521380643,"ev":"page_build","i":392}
Sep 24 13:07:01.383097 Runner(Flutter)[1986] <Notice>: dartnative: ##BENCH## {"tag":"countpages","t_us":1790234521380712,"ev":"page_build","i":393}
Sep 24 13:07:01.383269 Runner(Flutter)[1986] <Notice>: dartnative: ##BENCH## {"tag":"countpages","t_us":1790234521380839,"ev":"page_build","i":394}
Sep 24 13:07:01.383422 Runner(Flutter)[1986] <Notice>: dartnative: ##BENCH## {"tag":"countpages","t_us":1790234521380935,"ev":"page_build","i":395}
Sep 24 13:07:01.383545 Runner(Flutter)[1986] <Notice>: dartnative: ##BENCH## {"tag":"countpages","t_us":1790234521381032,"ev":"page_build","i":396}
Sep 24 13:07:01.383658 Runner(Flutter)[1986] <Notice>: dartnative: ##BENCH## {"tag":"countpages","t_us":1790234521381111,"ev":"page_build","i":397}
Sep 24 13:07:01.383748 Runner(Flutter)[1986] <Notice>: dartnative: ##BENCH## {"tag":"countpages","t_us":1790234521381159,"ev":"page_build","i":398}
Sep 24 13:07:01.383829 Runner(Flutter)[1986] <Notice>: dartnative: ##BENCH## {"tag":"countpages","t_us":1790234521381223,"ev":"page_build","i":399}
Sep 24 13:07:01.383907 Runner(Flutter)[1986] <Notice>: dartnative: ##BENCH## {"tag":"countpages","t_us":1790234521381307,"ev":"page_build","i":400}
Sep 24 13:07:01.383946 Runner(Flutter)[1986] <Notice>: dartnative: ##BENCH## {"tag":"countpages","t_us":1790234521381409,"ev":"page_build","i":401}
Sep 24 13:07:01.384012 Runner(Flutter)[1986] <Notice>: dartnative: ##BENCH## {"tag":"countpages","t_us":1790234521381486,"ev":"page_build","i":402}
Sep 24 13:07:01.384115 Runner(Flutter)[1986] <Notice>: dartnative: ##BENCH## {"tag":"countpages","t_us":1790234521381567,"ev":"page_build","i":403}
Sep 24 13:07:01.384162 Runner(Flutter)[1986] <Notice>: dartnative: ##BENCH## {"tag":"countpages","t_us":1790234521381631,"ev":"page_build","i":404}
Sep 24 13:07:01.384192 Runner(Flutter)[1986] <Notice>: dartnative: ##BENCH## {"tag":"countpages","t_us":1790234521381736,"ev":"page_build","i":405}
Sep 24 13:07:01.384256 Runner(Flutter)[1986] <Notice>: dartnative: ##BENCH## {"tag":"countpages","t_us":1790234521381804,"ev":"page_build","i":406}
Sep 24 13:07:01.384360 Runner(Flutter)[1986] <Notice>: dartnative: ##BENCH## {"tag":"countpages","t_us":1790234521381882,"ev":"page_build","i":407}
Sep 24 13:07:01.384376 Runner(Flutter)[1986] <Notice>: dartnative: ##BENCH## {"tag":"countpages","t_us":1790234521381984,"ev":"page_build","i":408}
Sep 24 13:07:01.384417 Runner(Flutter)[1986] <Notice>: dartnative: ##BENCH## {"tag":"countpages","t_us":1790234521382093,"ev":"page_build","i":409}
Sep 24 13:07:01.384490 Runner(Flutter)[1986] <Notice>: dartnative: ##BENCH## {"tag":"countpages","t_us":1790234521382186,"ev":"page_build","i":410}
Sep 24 13:07:01.384562 Runner(Flutter)[1986] <Notice>: dartnative: ##BENCH## {"tag":"countpages","t_us":1790234521382248,"ev":"page_build","i":411}
Sep 24 13:07:01.384631 Runner(Flutter)[1986] <Notice>: dartnative: ##BENCH## {"tag":"countpages","t_us":1790234521382317,"ev":"page_build","i":412}
Sep 24 13:07:01.384684 Runner(Flutter)[1986] <Notice>: dartnative: ##BENCH## {"tag":"countpages","t_us":1790234521382400,"ev":"page_build","i":413}
Sep 24 13:07:01.384728 Runner(Flutter)[1986] <Notice>: dartnative: ##BENCH## {"tag":"countpages","t_us":1790234521382475,"ev":"page_build","i":414}
Sep 24 13:07:01.384753 Runner(Flutter)[1986] <Notice>: dartnative: ##BENCH## {"tag":"countpages","t_us":1790234521382580,"ev":"page_build","i":415}
Sep 24 13:07:01.384806 Runner(Flutter)[1986] <Notice>: dartnative: ##BENCH## {"tag":"countpages","t_us":1790234521382651,"ev":"page_build","i":416}
Sep 24 13:07:01.384822 Runner(Flutter)[1986] <Notice>: dartnative: ##BENCH## {"tag":"countpages","t_us":1790234521382671,"ev":"page_build","i":417}
Sep 24 13:07:01.384838 Runner(Flutter)[1986] <Notice>: dartnative: ##BENCH## {"tag":"countpages","t_us":1790234521382745,"ev":"page_build","i":418}
Sep 24 13:07:01.384867 Runner(Flutter)[1986] <Notice>: dartnative: ##BENCH## {"tag":"countpages","t_us":1790234521382866,"ev":"page_build","i":419}
Sep 24 13:07:01.385134 Runner(Flutter)[1986] <Notice>: dartnative: ##BENCH## {"tag":"countpages","t_us":1790234521382960,"ev":"page_build","i":420}
Sep 24 13:07:01.385223 Runner(Flutter)[1986] <Notice>: dartnative: ##BENCH## {"tag":"countpages","t_us":1790234521383057,"ev":"page_build","i":421}
Sep 24 13:07:01.385285 Runner(Flutter)[1986] <Notice>: dartnative: ##BENCH## {"tag":"countpages","t_us":1790234521383135,"ev":"page_build","i":422}
Sep 24 13:07:01.385389 Runner(Flutter)[1986] <Notice>: dartnative: ##BENCH## {"tag":"countpages","t_us":1790234521383217,"ev":"page_build","i":423}
Sep 24 13:07:01.385526 Runner(Flutter)[1986] <Notice>: dartnative: ##BENCH## {"tag":"countpages","t_us":1790234521383312,"ev":"page_build","i":424}
Sep 24 13:07:01.385638 Runner(Flutter)[1986] <Notice>: dartnative: ##BENCH## {"tag":"countpages","t_us":1790234521383365,"ev":"page_build","i":425}
Sep 24 13:07:01.385921 Runner(Flutter)[1986] <Notice>: dartnative: ##BENCH## {"tag":"countpages","t_us":1790234521383443,"ev":"page_build","i":426}
Sep 24 13:07:01.386402 Runner(Flutter)[1986] <Notice>: dartnative: ##BENCH## {"tag":"countpages","t_us":1790234521383557,"ev":"page_build","i":427}
Sep 24 13:07:01.386542 Runner(Flutter)[1986] <Notice>: dartnative: ##BENCH## {"tag":"countpages","t_us":1790234521383661,"ev":"page_build","i":428}
Sep 24 13:07:01.386838 Runner(Flutter)[1986] <Notice>: dartnative: ##BENCH## {"tag":"countpages","t_us":1790234521383743,"ev":"page_build","i":429}
Sep 24 13:07:01.386999 Runner(Flutter)[1986] <Notice>: dartnative: ##BENCH## {"tag":"countpages","t_us":1790234521383794,"ev":"page_build","i":430}
Sep 24 13:07:01.387028 Runner(Flutter)[1986] <Notice>: dartnative: ##BENCH## {"tag":"countpages","t_us":1790234521383864,"ev":"page_build","i":431}
Sep 24 13:07:01.387105 Runner(Flutter)[1986] <Notice>: dartnative: ##BENCH## {"tag":"countpages","t_us":1790234521383943,"ev":"page_build","i":432}
Sep 24 13:07:01.387195 Runner(Flutter)[1986] <Notice>: dartnative: ##BENCH## {"tag":"countpages","t_us":1790234521383985,"ev":"page_build","i":433}
Sep 24 13:07:01.387222 Runner(Flutter)[1986] <Notice>: dartnative: ##BENCH## {"tag":"countpages","t_us":1790234521384059,"ev":"page_build","i":434}
Sep 24 13:07:01.387269 Runner(Flutter)[1986] <Notice>: dartnative: ##BENCH## {"tag":"countpages","t_us":1790234521384131,"ev":"page_build","i":435}
Sep 24 13:07:01.387355 Runner(Flutter)[1986] <Notice>: dartnative: ##BENCH## {"tag":"countpages","t_us":1790234521384210,"ev":"page_build","i":436}
Sep 24 13:07:01.387386 Runner(Flutter)[1986] <Notice>: dartnative: ##BENCH## {"tag":"countpages","t_us":1790234521384322,"ev":"page_build","i":437}
Sep 24 13:07:01.387538 Runner(Flutter)[1986] <Notice>: dartnative: ##BENCH## {"tag":"countpages","t_us":1790234521384414,"ev":"page_build","i":438}
Sep 24 13:07:01.387692 Runner(Flutter)[1986] <Notice>: dartnative: ##BENCH## {"tag":"countpages","t_us":1790234521384474,"ev":"page_build","i":439}
Sep 24 13:07:01.387746 Runner(Flutter)[1986] <Notice>: dartnative: ##BENCH## {"tag":"countpages","t_us":1790234521384533,"ev":"page_build","i":440}
Sep 24 13:07:01.387792 Runner(Flutter)[1986] <Notice>: dartnative: ##BENCH## {"tag":"countpages","t_us":1790234521384580,"ev":"page_build","i":441}
Sep 24 13:07:01.387857 Runner(Flutter)[1986] <Notice>: dartnative: ##BENCH## {"tag":"countpages","t_us":1790234521384640,"ev":"page_build","i":442}
Sep 24 13:07:01.387893 Runner(Flutter)[1986] <Notice>: dartnative: ##BENCH## {"tag":"countpages","t_us":1790234521384700,"ev":"page_build","i":443}
Sep 24 13:07:01.387901 Runner(Flutter)[1986] <Notice>: dartnative: ##BENCH## {"tag":"countpages","t_us":1790234521384804,"ev":"page_build","i":444}
Sep 24 13:07:01.388005 Runner(Flutter)[1986] <Notice>: dartnative: ##BENCH## {"tag":"countpages","t_us":1790234521384850,"ev":"page_build","i":445}
Sep 24 13:07:01.388061 Runner(Flutter)[1986] <Notice>: dartnative: ##BENCH## {"tag":"countpages","t_us":1790234521384922,"ev":"page_build","i":446}
Sep 24 13:07:01.388154 Runner(Flutter)[1986] <Notice>: dartnative: ##BENCH## {"tag":"countpages","t_us":1790234521385116,"ev":"page_build","i":447}
Sep 24 13:07:01.388388 Runner(Flutter)[1986] <Notice>: dartnative: ##BENCH## {"tag":"countpages","t_us":1790234521385165,"ev":"page_build","i":448}
Sep 24 13:07:01.388471 Runner(Flutter)[1986] <Notice>: dartnative: ##BENCH## {"tag":"countpages","t_us":1790234521385217,"ev":"page_build","i":449}
Sep 24 13:07:01.388489 Runner(Flutter)[1986] <Notice>: dartnative: ##BENCH## {"tag":"countpages","t_us":1790234521385319,"ev":"page_build","i":450}
Sep 24 13:07:01.388565 Runner(Flutter)[1986] <Notice>: dartnative: ##BENCH## {"tag":"countpages","t_us":1790234521385393,"ev":"page_build","i":451}
Sep 24 13:07:01.388618 Runner(Flutter)[1986] <Notice>: dartnative: ##BENCH## {"tag":"countpages","t_us":1790234521385453,"ev":"page_build","i":452}
Sep 24 13:07:01.388703 Runner(Flutter)[1986] <Notice>: dartnative: ##BENCH## {"tag":"countpages","t_us":1790234521385529,"ev":"page_build","i":453}
Sep 24 13:07:01.388735 Runner(Flutter)[1986] <Notice>: dartnative: ##BENCH## {"tag":"countpages","t_us":1790234521385590,"ev":"page_build","i":454}
Sep 24 13:07:01.388789 Runner(Flutter)[1986] <Notice>: dartnative: ##BENCH## {"tag":"countpages","t_us":1790234521385631,"ev":"page_build","i":455}
Sep 24 13:07:01.388809 Runner(Flutter)[1986] <Notice>: dartnative: ##BENCH## {"tag":"countpages","t_us":1790234521385711,"ev":"page_build","i":456}
Sep 24 13:07:01.388945 Runner(Flutter)[1986] <Notice>: dartnative: ##BENCH## {"tag":"countpages","t_us":1790234521385783,"ev":"page_build","i":457}
Sep 24 13:07:01.388986 Runner(Flutter)[1986] <Notice>: dartnative: ##BENCH## {"tag":"countpages","t_us":1790234521385844,"ev":"page_build","i":458}
Sep 24 13:07:01.389018 Runner(Flutter)[1986] <Notice>: dartnative: ##BENCH## {"tag":"countpages","t_us":1790234521385988,"ev":"page_build","i":459}
Sep 24 13:07:01.389040 Runner(Flutter)[1986] <Notice>: dartnative: ##BENCH## {"tag":"countpages","t_us":1790234521386041,"ev":"page_build","i":460}
Sep 24 13:07:01.389078 Runner(Flutter)[1986] <Notice>: dartnative: ##BENCH## {"tag":"countpages","t_us":1790234521386138,"ev":"page_build","i":461}
Sep 24 13:07:01.389157 Runner(Flutter)[1986] <Notice>: dartnative: ##BENCH## {"tag":"countpages","t_us":1790234521386214,"ev":"page_build","i":462}
Sep 24 13:07:01.389186 Runner(Flutter)[1986] <Notice>: dartnative: ##BENCH## {"tag":"countpages","t_us":1790234521386300,"ev":"page_build","i":463}
Sep 24 13:07:01.389240 Runner(Flutter)[1986] <Notice>: dartnative: ##BENCH## {"tag":"countpages","t_us":1790234521386372,"ev":"page_build","i":464}
Sep 24 13:07:01.389297 Runner(Flutter)[1986] <Notice>: dartnative: ##BENCH## {"tag":"countpages","t_us":1790234521386464,"ev":"page_build","i":465}
Sep 24 13:07:01.389338 Runner(Flutter)[1986] <Notice>: dartnative: ##BENCH## {"tag":"countpages","t_us":1790234521386532,"ev":"page_build","i":466}
Sep 24 13:07:01.389387 Runner(Flutter)[1986] <Notice>: dartnative: ##BENCH## {"tag":"countpages","t_us":1790234521386599,"ev":"page_build","i":467}
Sep 24 13:07:01.389427 Runner(Flutter)[1986] <Notice>: dartnative: ##BENCH## {"tag":"countpages","t_us":1790234521386630,"ev":"page_build","i":468}
Sep 24 13:07:01.389459 Runner(Flutter)[1986] <Notice>: dartnative: ##BENCH## {"tag":"countpages","t_us":1790234521386735,"ev":"page_build","i":469}
Sep 24 13:07:01.389498 Runner(Flutter)[1986] <Notice>: dartnative: ##BENCH## {"tag":"countpages","t_us":1790234521386831,"ev":"page_build","i":470}
Sep 24 13:07:01.389519 Runner(Flutter)[1986] <Notice>: dartnative: ##BENCH## {"tag":"countpages","t_us":1790234521386923,"ev":"page_build","i":471}
Sep 24 13:07:01.389588 Runner(Flutter)[1986] <Notice>: dartnative: ##BENCH## {"tag":"countpages","t_us":1790234521386995,"ev":"page_build","i":472}
Sep 24 13:07:01.389649 Runner(Flutter)[1986] <Notice>: dartnative: ##BENCH## {"tag":"countpages","t_us":1790234521387049,"ev":"page_build","i":473}
Sep 24 13:07:01.389680 Runner(Flutter)[1986] <Notice>: dartnative: ##BENCH## {"tag":"countpages","t_us":1790234521387135,"ev":"page_build","i":474}
Sep 24 13:07:01.389714 Runner(Flutter)[1986] <Notice>: dartnative: ##BENCH## {"tag":"countpages","t_us":1790234521387237,"ev":"page_build","i":475}
Sep 24 13:07:01.389736 Runner(Flutter)[1986] <Notice>: dartnative: ##BENCH## {"tag":"countpages","t_us":1790234521387328,"ev":"page_build","i":476}
Sep 24 13:07:01.389777 Runner(Flutter)[1986] <Notice>: dartnative: ##BENCH## {"tag":"countpages","t_us":1790234521387427,"ev":"page_build","i":477}
Sep 24 13:07:01.389811 Runner(Flutter)[1986] <Notice>: dartnative: ##BENCH## {"tag":"countpages","t_us":1790234521387528,"ev":"page_build","i":478}
Sep 24 13:07:01.389856 Runner(Flutter)[1986] <Notice>: dartnative: ##BENCH## {"tag":"countpages","t_us":1790234521387603,"ev":"page_build","i":479}
Sep 24 13:07:01.389872 Runner(Flutter)[1986] <Notice>: dartnative: ##BENCH## {"tag":"countpages","t_us":1790234521387705,"ev":"page_build","i":480}
Sep 24 13:07:01.389888 Runner(Flutter)[1986] <Notice>: dartnative: ##BENCH## {"tag":"countpages","t_us":1790234521387790,"ev":"page_build","i":481}
Sep 24 13:07:01.389920 Runner(Flutter)[1986] <Notice>: dartnative: ##BENCH## {"tag":"countpages","t_us":1790234521387878,"ev":"page_build","i":482}
Sep 24 13:07:01.389948 Runner(Flutter)[1986] <Notice>: dartnative: ##BENCH## {"tag":"countpages","t_us":1790234521387965,"ev":"page_build","i":483}
Sep 24 13:07:01.389963 Runner(Flutter)[1986] <Notice>: dartnative: ##BENCH## {"tag":"countpages","t_us":1790234521388020,"ev":"page_build","i":484}
Sep 24 13:07:01.389970 Runner(Flutter)[1986] <Notice>: dartnative: ##BENCH## {"tag":"countpages","t_us":1790234521388099,"ev":"page_build","i":485}
Sep 24 13:07:01.389984 Runner(Flutter)[1986] <Notice>: dartnative: ##BENCH## {"tag":"countpages","t_us":1790234521388179,"ev":"page_build","i":486}
Sep 24 13:07:01.389999 Runner(Flutter)[1986] <Notice>: dartnative: ##BENCH## {"tag":"countpages","t_us":1790234521388291,"ev":"page_build","i":487}
Sep 24 13:07:01.390019 Runner(Flutter)[1986] <Notice>: dartnative: ##BENCH## {"tag":"countpages","t_us":1790234521388350,"ev":"page_build","i":488}
Sep 24 13:07:01.390038 Runner(Flutter)[1986] <Notice>: dartnative: ##BENCH## {"tag":"countpages","t_us":1790234521388434,"ev":"page_build","i":489}
Sep 24 13:07:01.390045 Runner(Flutter)[1986] <Notice>: dartnative: ##BENCH## {"tag":"countpages","t_us":1790234521388530,"ev":"page_build","i":490}
Sep 24 13:07:01.390067 Runner(Flutter)[1986] <Notice>: dartnative: ##BENCH## {"tag":"countpages","t_us":1790234521388649,"ev":"page_build","i":491}
Sep 24 13:07:01.390149 Runner(Flutter)[1986] <Notice>: dartnative: ##BENCH## {"tag":"countpages","t_us":1790234521388704,"ev":"page_build","i":492}
Sep 24 13:07:01.390175 Runner(Flutter)[1986] <Notice>: dartnative: ##BENCH## {"tag":"countpages","t_us":1790234521388742,"ev":"page_build","i":493}
Sep 24 13:07:01.390198 Runner(Flutter)[1986] <Notice>: dartnative: ##BENCH## {"tag":"countpages","t_us":1790234521388776,"ev":"page_build","i":494}
Sep 24 13:07:01.390225 Runner(Flutter)[1986] <Notice>: dartnative: ##BENCH## {"tag":"countpages","t_us":1790234521388826,"ev":"page_build","i":495}
Sep 24 13:07:01.390258 Runner(Flutter)[1986] <Notice>: dartnative: ##BENCH## {"tag":"countpages","t_us":1790234521388895,"ev":"page_build","i":496}
Sep 24 13:07:01.390293 Runner(Flutter)[1986] <Notice>: dartnative: ##BENCH## {"tag":"countpages","t_us":1790234521388950,"ev":"page_build","i":497}
Sep 24 13:07:01.390313 Runner(Flutter)[1986] <Notice>: dartnative: ##BENCH## {"tag":"countpages","t_us":1790234521388997,"ev":"page_build","i":498}
Sep 24 13:07:01.390335 Runner(Flutter)[1986] <Notice>: dartnative: ##BENCH## {"tag":"countpages","t_us":1790234521389068,"ev":"page_build","i":499}
Sep 24 13:07:01.390342 Runner(Flutter)[1986] <Notice>: dartnative: ##BENCH## {"tag":"countpages","t_us":1790234521389162,"ev":"page_build","i":500}
Sep 24 13:07:01.390356 Runner(Flutter)[1986] <Notice>: dartnative: ##BENCH## {"tag":"countpages","t_us":1790234521389244,"ev":"page_build","i":501}
Sep 24 13:07:01.390396 Runner(Flutter)[1986] <Notice>: dartnative: ##BENCH## {"tag":"countpages","t_us":1790234521389280,"ev":"page_build","i":502}
Sep 24 13:07:01.390446 Runner(Flutter)[1986] <Notice>: dartnative: ##BENCH## {"tag":"countpages","t_us":1790234521389332,"ev":"page_build","i":503}
Sep 24 13:07:01.390469 Runner(Flutter)[1986] <Notice>: dartnative: ##BENCH## {"tag":"countpages","t_us":1790234521389392,"ev":"page_build","i":504}
Sep 24 13:07:01.390492 Runner(Flutter)[1986] <Notice>: dartnative: ##BENCH## {"tag":"countpages","t_us":1790234521389471,"ev":"page_build","i":505}
Sep 24 13:07:01.390519 Runner(Flutter)[1986] <Notice>: dartnative: ##BENCH## {"tag":"countpages","t_us":1790234521389525,"ev":"page_build","i":506}
Sep 24 13:07:01.390542 Runner(Flutter)[1986] <Notice>: dartnative: ##BENCH## {"tag":"countpages","t_us":1790234521389605,"ev":"page_build","i":507}
Sep 24 13:07:01.390563 Runner(Flutter)[1986] <Notice>: dartnative: ##BENCH## {"tag":"countpages","t_us":1790234521389678,"ev":"page_build","i":508}
Sep 24 13:07:01.390584 Runner(Flutter)[1986] <Notice>: dartnative: ##BENCH## {"tag":"countpages","t_us":1790234521389715,"ev":"page_build","i":509}
Sep 24 13:07:01.390631 Runner(Flutter)[1986] <Notice>: dartnative: ##BENCH## {"tag":"countpages","t_us":1790234521389783,"ev":"page_build","i":510}
Sep 24 13:07:01.390644 Runner(Flutter)[1986] <Notice>: dartnative: ##BENCH## {"tag":"countpages","t_us":1790234521389860,"ev":"page_build","i":511}
Sep 24 13:07:01.390675 Runner(Flutter)[1986] <Notice>: dartnative: ##BENCH## {"tag":"countpages","t_us":1790234521389947,"ev":"page_build","i":512}
Sep 24 13:07:01.390696 Runner(Flutter)[1986] <Notice>: dartnative: ##BENCH## {"tag":"countpages","t_us":1790234521389988,"ev":"page_build","i":513}
Sep 24 13:07:01.390760 Runner(Flutter)[1986] <Notice>: dartnative: ##BENCH## {"tag":"countpages","t_us":1790234521390065,"ev":"page_build","i":514}
Sep 24 13:07:01.390787 Runner(Flutter)[1986] <Notice>: dartnative: ##BENCH## {"tag":"countpages","t_us":1790234521390133,"ev":"page_build","i":515}
Sep 24 13:07:01.390833 Runner(Flutter)[1986] <Notice>: dartnative: ##BENCH## {"tag":"countpages","t_us":1790234521390211,"ev":"page_build","i":516}
Sep 24 13:07:01.394032 Runner(Flutter)[1986] <Notice>: dartnative: ##BENCH## {"tag":"countpages","t_us":1790234521390272,"ev":"page_build","i":517}
Sep 24 13:07:01.395700 Runner(Flutter)[1986] <Notice>: dartnative: ##BENCH## {"tag":"countpages","t_us":1790234521390370,"ev":"page_build","i":518}
Sep 24 13:07:01.396042 Runner(Flutter)[1986] <Notice>: dartnative: ##BENCH## {"tag":"countpages","t_us":1790234521390424,"ev":"page_build","i":519}
Sep 24 13:07:01.396233 Runner(Flutter)[1986] <Notice>: dartnative: ##BENCH## {"tag":"countpages","t_us":1790234521390510,"ev":"page_build","i":520}
Sep 24 13:07:01.396294 Runner(Flutter)[1986] <Notice>: dartnative: ##BENCH## {"tag":"countpages","t_us":1790234521390586,"ev":"page_build","i":521}
Sep 24 13:07:01.396942 Runner(Flutter)[1986] <Notice>: dartnative: ##BENCH## {"tag":"countpages","t_us":1790234521390691,"ev":"page_build","i":522}
Sep 24 13:07:01.397074 Runner(Flutter)[1986] <Notice>: dartnative: ##BENCH## {"tag":"countpages","t_us":1790234521390752,"ev":"page_build","i":523}
Sep 24 13:07:01.397114 Runner(Flutter)[1986] <Notice>: dartnative: ##BENCH## {"tag":"countpages","t_us":1790234521390842,"ev":"page_build","i":524}
Sep 24 13:07:01.397182 Runner(Flutter)[1986] <Notice>: dartnative: ##BENCH## {"tag":"countpages","t_us":1790234521390941,"ev":"page_build","i":525}
Sep 24 13:07:01.397240 Runner(Flutter)[1986] <Notice>: dartnative: ##BENCH## {"tag":"countpages","t_us":1790234521391030,"ev":"page_build","i":526}
Sep 24 13:07:01.397272 Runner(Flutter)[1986] <Notice>: dartnative: ##BENCH## {"tag":"countpages","t_us":1790234521391141,"ev":"page_build","i":527}
Sep 24 13:07:01.397403 Runner(Flutter)[1986] <Notice>: dartnative: ##BENCH## {"tag":"countpages","t_us":1790234521391235,"ev":"page_build","i":528}
Sep 24 13:07:01.397475 Runner(Flutter)[1986] <Notice>: dartnative: ##BENCH## {"tag":"countpages","t_us":1790234521391329,"ev":"page_build","i":529}
Sep 24 13:07:01.397497 Runner(Flutter)[1986] <Notice>: dartnative: ##BENCH## {"tag":"countpages","t_us":1790234521391458,"ev":"page_build","i":530}
Sep 24 13:07:01.397597 Runner(Flutter)[1986] <Notice>: dartnative: ##BENCH## {"tag":"countpages","t_us":1790234521391532,"ev":"page_build","i":531}
Sep 24 13:07:01.397639 Runner(Flutter)[1986] <Notice>: dartnative: ##BENCH## {"tag":"countpages","t_us":1790234521391608,"ev":"page_build","i":532}
Sep 24 13:07:01.397819 Runner(Flutter)[1986] <Notice>: dartnative: ##BENCH## {"tag":"countpages","t_us":1790234521391732,"ev":"page_build","i":533}
Sep 24 13:07:01.398281 Runner(Flutter)[1986] <Notice>: dartnative: ##BENCH## {"tag":"countpages","t_us":1790234521391819,"ev":"page_build","i":534}
Sep 24 13:07:01.398475 Runner(Flutter)[1986] <Notice>: dartnative: ##BENCH## {"tag":"countpages","t_us":1790234521391887,"ev":"page_build","i":535}
Sep 24 13:07:01.399253 Runner(Flutter)[1986] <Notice>: dartnative: ##BENCH## {"tag":"countpages","t_us":1790234521391940,"ev":"page_build","i":536}
Sep 24 13:07:01.399797 Runner(Flutter)[1986] <Notice>: dartnative: ##BENCH## {"tag":"countpages","t_us":1790234521392039,"ev":"page_build","i":537}
Sep 24 13:07:01.400735 Runner(Flutter)[1986] <Notice>: dartnative: ##BENCH## {"tag":"countpages","t_us":1790234521392111,"ev":"page_build","i":538}
Sep 24 13:07:01.400846 Runner(Flutter)[1986] <Notice>: dartnative: ##BENCH## {"tag":"countpages","t_us":1790234521392189,"ev":"page_build","i":539}
Sep 24 13:07:01.400985 Runner(Flutter)[1986] <Notice>: dartnative: ##BENCH## {"tag":"countpages","t_us":1790234521392283,"ev":"page_build","i":540}
Sep 24 13:07:01.401051 Runner(Flutter)[1986] <Notice>: dartnative: ##BENCH## {"tag":"countpages","t_us":1790234521392392,"ev":"page_build","i":541}
Sep 24 13:07:01.401128 Runner(Flutter)[1986] <Notice>: dartnative: ##BENCH## {"tag":"countpages","t_us":1790234521392547,"ev":"page_build","i":542}
Sep 24 13:07:01.401188 Runner(Flutter)[1986] <Notice>: dartnative: ##BENCH## {"tag":"countpages","t_us":1790234521392687,"ev":"page_build","i":543}
Sep 24 13:07:01.401220 Runner(Flutter)[1986] <Notice>: dartnative: ##BENCH## {"tag":"countpages","t_us":1790234521392890,"ev":"page_build","i":544}
Sep 24 13:07:01.401391 Runner(Flutter)[1986] <Notice>: dartnative: ##BENCH## {"tag":"countpages","t_us":1790234521392980,"ev":"page_build","i":545}
Sep 24 13:07:01.401475 Runner(Flutter)[1986] <Notice>: dartnative: ##BENCH## {"tag":"countpages","t_us":1790234521393031,"ev":"page_build","i":546}
Sep 24 13:07:01.401871 Runner(Flutter)[1986] <Notice>: dartnative: ##BENCH## {"tag":"countpages","t_us":1790234521393154,"ev":"page_build","i":547}
Sep 24 13:07:01.402631 Runner(Flutter)[1986] <Notice>: dartnative: ##BENCH## {"tag":"countpages","t_us":1790234521393236,"ev":"page_build","i":548}
Sep 24 13:07:01.402743 Runner(Flutter)[1986] <Notice>: dartnative: ##BENCH## {"tag":"countpages","t_us":1790234521393312,"ev":"page_build","i":549}
Sep 24 13:07:01.402791 Runner(Flutter)[1986] <Notice>: dartnative: ##BENCH## {"tag":"countpages","t_us":1790234521393425,"ev":"page_build","i":550}
Sep 24 13:07:01.403092 Runner(Flutter)[1986] <Notice>: dartnative: ##BENCH## {"tag":"countpages","t_us":1790234521393568,"ev":"page_build","i":551}
Sep 24 13:07:01.403144 Runner(Flutter)[1986] <Notice>: dartnative: ##BENCH## {"tag":"countpages","t_us":1790234521393655,"ev":"page_build","i":552}
Sep 24 13:07:01.404153 Runner(Flutter)[1986] <Notice>: dartnative: ##BENCH## {"tag":"countpages","t_us":1790234521393742,"ev":"page_build","i":553}
Sep 24 13:07:01.404483 Runner(Flutter)[1986] <Notice>: dartnative: ##BENCH## {"tag":"countpages","t_us":1790234521393823,"ev":"page_build","i":554}
Sep 24 13:07:01.404949 Runner(Flutter)[1986] <Notice>: dartnative: ##BENCH## {"tag":"countpages","t_us":1790234521393876,"ev":"page_build","i":555}
Sep 24 13:07:01.404968 Runner(Flutter)[1986] <Notice>: dartnative: ##BENCH## {"tag":"countpages","t_us":1790234521393962,"ev":"page_build","i":556}
Sep 24 13:07:01.405121 Runner(Flutter)[1986] <Notice>: dartnative: ##BENCH## {"tag":"countpages","t_us":1790234521394069,"ev":"page_build","i":557}
Sep 24 13:07:01.405204 Runner(Flutter)[1986] <Notice>: dartnative: ##BENCH## {"tag":"countpages","t_us":1790234521394140,"ev":"page_build","i":558}
Sep 24 13:07:01.405405 Runner(Flutter)[1986] <Notice>: dartnative: ##BENCH## {"tag":"countpages","t_us":1790234521394409,"ev":"page_build","i":559}
Sep 24 13:07:01.405501 Runner(Flutter)[1986] <Notice>: dartnative: ##BENCH## {"tag":"countpages","t_us":1790234521394463,"ev":"page_build","i":560}
Sep 24 13:07:01.405599 Runner(Flutter)[1986] <Notice>: dartnative: ##BENCH## {"tag":"countpages","t_us":1790234521394534,"ev":"page_build","i":561}
Sep 24 13:07:01.405911 Runner(Flutter)[1986] <Notice>: dartnative: ##BENCH## {"tag":"countpages","t_us":1790234521394581,"ev":"page_build","i":562}
Sep 24 13:07:01.406085 Runner(Flutter)[1986] <Notice>: dartnative: ##BENCH## {"tag":"countpages","t_us":1790234521394678,"ev":"page_build","i":563}
Sep 24 13:07:01.406191 Runner(Flutter)[1986] <Notice>: dartnative: ##BENCH## {"tag":"countpages","t_us":1790234521394702,"ev":"page_build","i":564}
Sep 24 13:07:01.406246 Runner(Flutter)[1986] <Notice>: dartnative: ##BENCH## {"tag":"countpages","t_us":1790234521394745,"ev":"page_build","i":565}
Sep 24 13:07:01.406322 Runner(Flutter)[1986] <Notice>: dartnative: ##BENCH## {"tag":"countpages","t_us":1790234521394786,"ev":"page_build","i":566}
Sep 24 13:07:01.406356 Runner(Flutter)[1986] <Notice>: dartnative: ##BENCH## {"tag":"countpages","t_us":1790234521394884,"ev":"page_build","i":567}
Sep 24 13:07:01.406412 Runner(Flutter)[1986] <Notice>: dartnative: ##BENCH## {"tag":"countpages","t_us":1790234521394960,"ev":"page_build","i":568}
Sep 24 13:07:01.406469 Runner(Flutter)[1986] <Notice>: dartnative: ##BENCH## {"tag":"countpages","t_us":1790234521395031,"ev":"page_build","i":569}
Sep 24 13:07:01.406536 Runner(Flutter)[1986] <Notice>: dartnative: ##BENCH## {"tag":"countpages","t_us":1790234521395102,"ev":"page_build","i":570}
Sep 24 13:07:01.406568 Runner(Flutter)[1986] <Notice>: dartnative: ##BENCH## {"tag":"countpages","t_us":1790234521395182,"ev":"page_build","i":571}
Sep 24 13:07:01.406742 Runner(Flutter)[1986] <Notice>: dartnative: ##BENCH## {"tag":"countpages","t_us":1790234521395220,"ev":"page_build","i":572}
Sep 24 13:07:01.407000 Runner(Flutter)[1986] <Notice>: dartnative: ##BENCH## {"tag":"countpages","t_us":1790234521395259,"ev":"page_build","i":573}
Sep 24 13:07:01.407684 Runner(Flutter)[1986] <Notice>: dartnative: ##BENCH## {"tag":"countpages","t_us":1790234521395297,"ev":"page_build","i":574}
Sep 24 13:07:01.407952 Runner(Flutter)[1986] <Notice>: dartnative: ##BENCH## {"tag":"countpages","t_us":1790234521395373,"ev":"page_build","i":575}
Sep 24 13:07:01.408085 Runner(Flutter)[1986] <Notice>: dartnative: ##BENCH## {"tag":"countpages","t_us":1790234521395479,"ev":"page_build","i":576}
Sep 24 13:07:01.408111 Runner(Flutter)[1986] <Notice>: dartnative: ##BENCH## {"tag":"countpages","t_us":1790234521395532,"ev":"page_build","i":577}
Sep 24 13:07:01.408139 Runner(Flutter)[1986] <Notice>: dartnative: ##BENCH## {"tag":"countpages","t_us":1790234521395607,"ev":"page_build","i":578}
Sep 24 13:07:01.408199 Runner(Flutter)[1986] <Notice>: dartnative: ##BENCH## {"tag":"countpages","t_us":1790234521395668,"ev":"page_build","i":579}
Sep 24 13:07:01.408230 Runner(Flutter)[1986] <Notice>: dartnative: ##BENCH## {"tag":"countpages","t_us":1790234521395823,"ev":"page_build","i":580}
Sep 24 13:07:01.408265 Runner(Flutter)[1986] <Notice>: dartnative: ##BENCH## {"tag":"countpages","t_us":1790234521395912,"ev":"page_build","i":581}
Sep 24 13:07:01.408297 Runner(Flutter)[1986] <Notice>: dartnative: ##BENCH## {"tag":"countpages","t_us":1790234521396004,"ev":"page_build","i":582}
Sep 24 13:07:01.408339 Runner(Flutter)[1986] <Notice>: dartnative: ##BENCH## {"tag":"countpages","t_us":1790234521396149,"ev":"page_build","i":583}
Sep 24 13:07:01.408383 Runner(Flutter)[1986] <Notice>: dartnative: ##BENCH## {"tag":"countpages","t_us":1790234521396313,"ev":"page_build","i":584}
Sep 24 13:07:01.408442 Runner(Flutter)[1986] <Notice>: dartnative: ##BENCH## {"tag":"countpages","t_us":1790234521396374,"ev":"page_build","i":585}
Sep 24 13:07:01.408503 Runner(Flutter)[1986] <Notice>: dartnative: ##BENCH## {"tag":"countpages","t_us":1790234521396428,"ev":"page_build","i":586}
Sep 24 13:07:01.408690 Runner(Flutter)[1986] <Notice>: dartnative: ##BENCH## {"tag":"countpages","t_us":1790234521396503,"ev":"page_build","i":587}
Sep 24 13:07:01.408766 Runner(Flutter)[1986] <Notice>: dartnative: ##BENCH## {"tag":"countpages","t_us":1790234521396558,"ev":"page_build","i":588}
Sep 24 13:07:01.408838 Runner(Flutter)[1986] <Notice>: dartnative: ##BENCH## {"tag":"countpages","t_us":1790234521396614,"ev":"page_build","i":589}
Sep 24 13:07:01.409029 Runner(Flutter)[1986] <Notice>: dartnative: ##BENCH## {"tag":"countpages","t_us":1790234521396674,"ev":"page_build","i":590}
Sep 24 13:07:01.409090 Runner(Flutter)[1986] <Notice>: dartnative: ##BENCH## {"tag":"countpages","t_us":1790234521396745,"ev":"page_build","i":591}
Sep 24 13:07:01.409188 Runner(Flutter)[1986] <Notice>: dartnative: ##BENCH## {"tag":"countpages","t_us":1790234521396840,"ev":"page_build","i":592}
Sep 24 13:07:01.409312 Runner(Flutter)[1986] <Notice>: dartnative: ##BENCH## {"tag":"countpages","t_us":1790234521396925,"ev":"page_build","i":593}
Sep 24 13:07:01.409335 Runner(Flutter)[1986] <Notice>: dartnative: ##BENCH## {"tag":"countpages","t_us":1790234521397021,"ev":"page_build","i":594}
Sep 24 13:07:01.409397 Runner(Flutter)[1986] <Notice>: dartnative: ##BENCH## {"tag":"countpages","t_us":1790234521397168,"ev":"page_build","i":595}
Sep 24 13:07:01.409582 Runner(Flutter)[1986] <Notice>: dartnative: ##BENCH## {"tag":"countpages","t_us":1790234521397334,"ev":"page_build","i":596}
Sep 24 13:07:01.409626 Runner(Flutter)[1986] <Notice>: dartnative: ##BENCH## {"tag":"countpages","t_us":1790234521397449,"ev":"page_build","i":597}
Sep 24 13:07:01.409676 Runner(Flutter)[1986] <Notice>: dartnative: ##BENCH## {"tag":"countpages","t_us":1790234521397634,"ev":"page_build","i":598}
Sep 24 13:07:01.409738 Runner(Flutter)[1986] <Notice>: dartnative: ##BENCH## {"tag":"countpages","t_us":1790234521397678,"ev":"page_build","i":599}
Sep 24 13:07:01.409789 Runner(Flutter)[1986] <Notice>: dartnative: ##BENCH## {"tag":"countpages","t_us":1790234521397764,"ev":"page_build","i":600}
Sep 24 13:07:01.409817 Runner(Flutter)[1986] <Notice>: dartnative: ##BENCH## {"tag":"countpages","t_us":1790234521397907,"ev":"page_build","i":601}
Sep 24 13:07:01.409919 Runner(Flutter)[1986] <Notice>: dartnative: ##BENCH## {"tag":"countpages","t_us":1790234521397965,"ev":"page_build","i":602}
Sep 24 13:07:01.409986 Runner(Flutter)[1986] <Notice>: dartnative: ##BENCH## {"tag":"countpages","t_us":1790234521398127,"ev":"page_build","i":603}
Sep 24 13:07:01.410003 Runner(Flutter)[1986] <Notice>: dartnative: ##BENCH## {"tag":"countpages","t_us":1790234521398198,"ev":"page_build","i":604}
Sep 24 13:07:01.410073 Runner(Flutter)[1986] <Notice>: dartnative: ##BENCH## {"tag":"countpages","t_us":1790234521398351,"ev":"page_build","i":605}
Sep 24 13:07:01.410140 Runner(Flutter)[1986] <Notice>: dartnative: ##BENCH## {"tag":"countpages","t_us":1790234521398462,"ev":"page_build","i":606}
Sep 24 13:07:01.410177 Runner(Flutter)[1986] <Notice>: dartnative: ##BENCH## {"tag":"countpages","t_us":1790234521398526,"ev":"page_build","i":607}
Sep 24 13:07:01.410327 Runner(Flutter)[1986] <Notice>: dartnative: ##BENCH## {"tag":"countpages","t_us":1790234521398624,"ev":"page_build","i":608}
Sep 24 13:07:01.410401 Runner(Flutter)[1986] <Notice>: dartnative: ##BENCH## {"tag":"countpages","t_us":1790234521398717,"ev":"page_build","i":609}
Sep 24 13:07:01.410437 Runner(Flutter)[1986] <Notice>: dartnative: ##BENCH## {"tag":"countpages","t_us":1790234521398766,"ev":"page_build","i":610}
Sep 24 13:07:01.410564 Runner(Flutter)[1986] <Notice>: dartnative: ##BENCH## {"tag":"countpages","t_us":1790234521398861,"ev":"page_build","i":611}
Sep 24 13:07:01.410660 Runner(Flutter)[1986] <Notice>: dartnative: ##BENCH## {"tag":"countpages","t_us":1790234521398911,"ev":"page_build","i":612}
Sep 24 13:07:01.410702 Runner(Flutter)[1986] <Notice>: dartnative: ##BENCH## {"tag":"countpages","t_us":1790234521398987,"ev":"page_build","i":613}
Sep 24 13:07:01.410739 Runner(Flutter)[1986] <Notice>: dartnative: ##BENCH## {"tag":"countpages","t_us":1790234521399132,"ev":"page_build","i":614}
Sep 24 13:07:01.410875 Runner(Flutter)[1986] <Notice>: dartnative: ##BENCH## {"tag":"countpages","t_us":1790234521399227,"ev":"page_build","i":615}
Sep 24 13:07:01.411363 Runner(Flutter)[1986] <Notice>: dartnative: ##BENCH## {"tag":"countpages","t_us":1790234521399362,"ev":"page_build","i":616}
Sep 24 13:07:01.411474 Runner(Flutter)[1986] <Notice>: dartnative: ##BENCH## {"tag":"countpages","t_us":1790234521399460,"ev":"page_build","i":617}
Sep 24 13:07:01.411594 Runner(Flutter)[1986] <Notice>: dartnative: ##BENCH## {"tag":"countpages","t_us":1790234521399540,"ev":"page_build","i":618}
Sep 24 13:07:01.411629 Runner(Flutter)[1986] <Notice>: dartnative: ##BENCH## {"tag":"countpages","t_us":1790234521399610,"ev":"page_build","i":619}
Sep 24 13:07:01.411719 Runner(Flutter)[1986] <Notice>: dartnative: ##BENCH## {"tag":"countpages","t_us":1790234521399701,"ev":"page_build","i":620}
Sep 24 13:07:01.411766 Runner(Flutter)[1986] <Notice>: dartnative: ##BENCH## {"tag":"countpages","t_us":1790234521399758,"ev":"page_build","i":621}
Sep 24 13:07:01.411803 Runner(Flutter)[1986] <Notice>: dartnative: ##BENCH## {"tag":"countpages","t_us":1790234521399826,"ev":"page_build","i":622}
Sep 24 13:07:01.411821 Runner(Flutter)[1986] <Notice>: dartnative: ##BENCH## {"tag":"countpages","t_us":1790234521399900,"ev":"page_build","i":623}
Sep 24 13:07:01.411844 Runner(Flutter)[1986] <Notice>: dartnative: ##BENCH## {"tag":"countpages","t_us":1790234521400028,"ev":"page_build","i":624}
Sep 24 13:07:01.411901 Runner(Flutter)[1986] <Notice>: dartnative: ##BENCH## {"tag":"countpages","t_us":1790234521400116,"ev":"page_build","i":625}
Sep 24 13:07:01.412005 Runner(Flutter)[1986] <Notice>: dartnative: ##BENCH## {"tag":"countpages","t_us":1790234521400241,"ev":"page_build","i":626}
Sep 24 13:07:01.412052 Runner(Flutter)[1986] <Notice>: dartnative: ##BENCH## {"tag":"countpages","t_us":1790234521400268,"ev":"page_build","i":627}
Sep 24 13:07:01.412109 Runner(Flutter)[1986] <Notice>: dartnative: ##BENCH## {"tag":"countpages","t_us":1790234521400320,"ev":"page_build","i":628}
Sep 24 13:07:01.412157 Runner(Flutter)[1986] <Notice>: dartnative: ##BENCH## {"tag":"countpages","t_us":1790234521400360,"ev":"page_build","i":629}
Sep 24 13:07:01.412229 Runner(Flutter)[1986] <Notice>: dartnative: ##BENCH## {"tag":"countpages","t_us":1790234521400443,"ev":"page_build","i":630}
Sep 24 13:07:01.412318 Runner(Flutter)[1986] <Notice>: dartnative: ##BENCH## {"tag":"countpages","t_us":1790234521400496,"ev":"page_build","i":631}
Sep 24 13:07:01.412514 Runner(Flutter)[1986] <Notice>: dartnative: ##BENCH## {"tag":"countpages","t_us":1790234521400553,"ev":"page_build","i":632}
Sep 24 13:07:01.412672 Runner(Flutter)[1986] <Notice>: dartnative: ##BENCH## {"tag":"countpages","t_us":1790234521400603,"ev":"page_build","i":633}
Sep 24 13:07:01.412797 Runner(Flutter)[1986] <Notice>: dartnative: ##BENCH## {"tag":"countpages","t_us":1790234521400692,"ev":"page_build","i":634}
Sep 24 13:07:01.412843 Runner(Flutter)[1986] <Notice>: dartnative: ##BENCH## {"tag":"countpages","t_us":1790234521400794,"ev":"page_build","i":635}
Sep 24 13:07:01.412922 Runner(Flutter)[1986] <Notice>: dartnative: ##BENCH## {"tag":"countpages","t_us":1790234521400896,"ev":"page_build","i":636}
Sep 24 13:07:01.412996 Runner(Flutter)[1986] <Notice>: dartnative: ##BENCH## {"tag":"countpages","t_us":1790234521401005,"ev":"page_build","i":637}
Sep 24 13:07:01.413061 Runner(Flutter)[1986] <Notice>: dartnative: ##BENCH## {"tag":"countpages","t_us":1790234521401137,"ev":"page_build","i":638}
Sep 24 13:07:01.413499 Runner(Flutter)[1986] <Notice>: dartnative: ##BENCH## {"tag":"countpages","t_us":1790234521401243,"ev":"page_build","i":639}
Sep 24 13:07:01.413578 Runner(Flutter)[1986] <Notice>: dartnative: ##BENCH## {"tag":"countpages","t_us":1790234521401379,"ev":"page_build","i":640}
Sep 24 13:07:01.413917 Runner(Flutter)[1986] <Notice>: dartnative: ##BENCH## {"tag":"countpages","t_us":1790234521401464,"ev":"page_build","i":641}
Sep 24 13:07:01.413968 Runner(Flutter)[1986] <Notice>: dartnative: ##BENCH## {"tag":"countpages","t_us":1790234521401576,"ev":"page_build","i":642}
Sep 24 13:07:01.414216 Runner(Flutter)[1986] <Notice>: dartnative: ##BENCH## {"tag":"countpages","t_us":1790234521401668,"ev":"page_build","i":643}
Sep 24 13:07:01.414328 Runner(Flutter)[1986] <Notice>: dartnative: ##BENCH## {"tag":"countpages","t_us":1790234521401738,"ev":"page_build","i":644}
Sep 24 13:07:01.414426 Runner(Flutter)[1986] <Notice>: dartnative: ##BENCH## {"tag":"countpages","t_us":1790234521401786,"ev":"page_build","i":645}
Sep 24 13:07:01.414447 Runner(Flutter)[1986] <Notice>: dartnative: ##BENCH## {"tag":"countpages","t_us":1790234521401865,"ev":"page_build","i":646}
Sep 24 13:07:01.414535 Runner(Flutter)[1986] <Notice>: dartnative: ##BENCH## {"tag":"countpages","t_us":1790234521401964,"ev":"page_build","i":647}
Sep 24 13:07:01.414608 Runner(Flutter)[1986] <Notice>: dartnative: ##BENCH## {"tag":"countpages","t_us":1790234521402031,"ev":"page_build","i":648}
Sep 24 13:07:01.414705 Runner(Flutter)[1986] <Notice>: dartnative: ##BENCH## {"tag":"countpages","t_us":1790234521402118,"ev":"page_build","i":649}
Sep 24 13:07:01.414821 Runner(Flutter)[1986] <Notice>: dartnative: ##BENCH## {"tag":"countpages","t_us":1790234521402166,"ev":"page_build","i":650}
Sep 24 13:07:01.414935 Runner(Flutter)[1986] <Notice>: dartnative: ##BENCH## {"tag":"countpages","t_us":1790234521402268,"ev":"page_build","i":651}
Sep 24 13:07:01.414972 Runner(Flutter)[1986] <Notice>: dartnative: ##BENCH## {"tag":"countpages","t_us":1790234521402323,"ev":"page_build","i":652}
Sep 24 13:07:01.415686 Runner(Flutter)[1986] <Notice>: dartnative: ##BENCH## {"tag":"countpages","t_us":1790234521402360,"ev":"page_build","i":653}
Sep 24 13:07:01.415744 Runner(Flutter)[1986] <Notice>: dartnative: ##BENCH## {"tag":"countpages","t_us":1790234521402461,"ev":"page_build","i":654}
Sep 24 13:07:01.415812 Runner(Flutter)[1986] <Notice>: dartnative: ##BENCH## {"tag":"countpages","t_us":1790234521402561,"ev":"page_build","i":655}
Sep 24 13:07:01.415878 Runner(Flutter)[1986] <Notice>: dartnative: ##BENCH## {"tag":"countpages","t_us":1790234521402674,"ev":"page_build","i":656}
Sep 24 13:07:01.415912 Runner(Flutter)[1986] <Notice>: dartnative: ##BENCH## {"tag":"countpages","t_us":1790234521402835,"ev":"page_build","i":657}
Sep 24 13:07:01.415975 Runner(Flutter)[1986] <Notice>: dartnative: ##BENCH## {"tag":"countpages","t_us":1790234521402952,"ev":"page_build","i":658}
Sep 24 13:07:01.416070 Runner(Flutter)[1986] <Notice>: dartnative: ##BENCH## {"tag":"countpages","t_us":1790234521403052,"ev":"page_build","i":659}
Sep 24 13:07:01.416133 Runner(Flutter)[1986] <Notice>: dartnative: ##BENCH## {"tag":"countpages","t_us":1790234521403137,"ev":"page_build","i":660}
Sep 24 13:07:01.416168 Runner(Flutter)[1986] <Notice>: dartnative: ##BENCH## {"tag":"countpages","t_us":1790234521403226,"ev":"page_build","i":661}
Sep 24 13:07:01.416265 Runner(Flutter)[1986] <Notice>: dartnative: ##BENCH## {"tag":"countpages","t_us":1790234521403321,"ev":"page_build","i":662}
Sep 24 13:07:01.416292 Runner(Flutter)[1986] <Notice>: dartnative: ##BENCH## {"tag":"countpages","t_us":1790234521403378,"ev":"page_build","i":663}
Sep 24 13:07:01.416325 Runner(Flutter)[1986] <Notice>: dartnative: ##BENCH## {"tag":"countpages","t_us":1790234521403467,"ev":"page_build","i":664}
Sep 24 13:07:01.416422 Runner(Flutter)[1986] <Notice>: dartnative: ##BENCH## {"tag":"countpages","t_us":1790234521403566,"ev":"page_build","i":665}
Sep 24 13:07:01.416452 Runner(Flutter)[1986] <Notice>: dartnative: ##BENCH## {"tag":"countpages","t_us":1790234521403705,"ev":"page_build","i":666}
Sep 24 13:07:01.416494 Runner(Flutter)[1986] <Notice>: dartnative: ##BENCH## {"tag":"countpages","t_us":1790234521403787,"ev":"page_build","i":667}
Sep 24 13:07:01.416546 Runner(Flutter)[1986] <Notice>: dartnative: ##BENCH## {"tag":"countpages","t_us":1790234521403839,"ev":"page_build","i":668}
Sep 24 13:07:01.416590 Runner(Flutter)[1986] <Notice>: dartnative: ##BENCH## {"tag":"countpages","t_us":1790234521403989,"ev":"page_build","i":669}
Sep 24 13:07:01.416605 Runner(Flutter)[1986] <Notice>: dartnative: ##BENCH## {"tag":"countpages","t_us":1790234521404056,"ev":"page_build","i":670}
Sep 24 13:07:01.416641 Runner(Flutter)[1986] <Notice>: dartnative: ##BENCH## {"tag":"countpages","t_us":1790234521404140,"ev":"page_build","i":671}
Sep 24 13:07:01.416671 Runner(Flutter)[1986] <Notice>: dartnative: ##BENCH## {"tag":"countpages","t_us":1790234521404225,"ev":"page_build","i":672}
Sep 24 13:07:01.416707 Runner(Flutter)[1986] <Notice>: dartnative: ##BENCH## {"tag":"countpages","t_us":1790234521404317,"ev":"page_build","i":673}
Sep 24 13:07:01.416738 Runner(Flutter)[1986] <Notice>: dartnative: ##BENCH## {"tag":"countpages","t_us":1790234521404380,"ev":"page_build","i":674}
Sep 24 13:07:01.416794 Runner(Flutter)[1986] <Notice>: dartnative: ##BENCH## {"tag":"countpages","t_us":1790234521404480,"ev":"page_build","i":675}
Sep 24 13:07:01.416833 Runner(Flutter)[1986] <Notice>: dartnative: ##BENCH## {"tag":"countpages","t_us":1790234521404613,"ev":"page_build","i":676}
Sep 24 13:07:01.416862 Runner(Flutter)[1986] <Notice>: dartnative: ##BENCH## {"tag":"countpages","t_us":1790234521404656,"ev":"page_build","i":677}
Sep 24 13:07:01.416878 Runner(Flutter)[1986] <Notice>: dartnative: ##BENCH## {"tag":"countpages","t_us":1790234521404689,"ev":"page_build","i":678}
Sep 24 13:07:01.416927 Runner(Flutter)[1986] <Notice>: dartnative: ##BENCH## {"tag":"countpages","t_us":1790234521404797,"ev":"page_build","i":679}
Sep 24 13:07:01.416995 Runner(Flutter)[1986] <Notice>: dartnative: ##BENCH## {"tag":"countpages","t_us":1790234521404911,"ev":"page_build","i":680}
Sep 24 13:07:01.417076 Runner(Flutter)[1986] <Notice>: dartnative: ##BENCH## {"tag":"countpages","t_us":1790234521405060,"ev":"page_build","i":681}
Sep 24 13:07:01.417131 Runner(Flutter)[1986] <Notice>: dartnative: ##BENCH## {"tag":"countpages","t_us":1790234521405154,"ev":"page_build","i":682}
Sep 24 13:07:01.417155 Runner(Flutter)[1986] <Notice>: dartnative: ##BENCH## {"tag":"countpages","t_us":1790234521405231,"ev":"page_build","i":683}
Sep 24 13:07:01.417183 Runner(Flutter)[1986] <Notice>: dartnative: ##BENCH## {"tag":"countpages","t_us":1790234521405274,"ev":"page_build","i":684}
Sep 24 13:07:01.417221 Runner(Flutter)[1986] <Notice>: dartnative: ##BENCH## {"tag":"countpages","t_us":1790234521405312,"ev":"page_build","i":685}
Sep 24 13:07:01.417273 Runner(Flutter)[1986] <Notice>: dartnative: ##BENCH## {"tag":"countpages","t_us":1790234521405362,"ev":"page_build","i":686}
Sep 24 13:07:01.417308 Runner(Flutter)[1986] <Notice>: dartnative: ##BENCH## {"tag":"countpages","t_us":1790234521405444,"ev":"page_build","i":687}
Sep 24 13:07:01.417332 Runner(Flutter)[1986] <Notice>: dartnative: ##BENCH## {"tag":"countpages","t_us":1790234521405548,"ev":"page_build","i":688}
Sep 24 13:07:01.417369 Runner(Flutter)[1986] <Notice>: dartnative: ##BENCH## {"tag":"countpages","t_us":1790234521405662,"ev":"page_build","i":689}
Sep 24 13:07:01.417405 Runner(Flutter)[1986] <Notice>: dartnative: ##BENCH## {"tag":"countpages","t_us":1790234521405713,"ev":"page_build","i":690}
Sep 24 13:07:01.417466 Runner(Flutter)[1986] <Notice>: dartnative: ##BENCH## {"tag":"countpages","t_us":1790234521405785,"ev":"page_build","i":691}
Sep 24 13:07:01.417513 Runner(Flutter)[1986] <Notice>: dartnative: ##BENCH## {"tag":"countpages","t_us":1790234521405835,"ev":"page_build","i":692}
Sep 24 13:07:01.417542 Runner(Flutter)[1986] <Notice>: dartnative: ##BENCH## {"tag":"countpages","t_us":1790234521405881,"ev":"page_build","i":693}
Sep 24 13:07:01.417793 Runner(Flutter)[1986] <Notice>: dartnative: ##BENCH## {"tag":"countpages","t_us":1790234521405964,"ev":"page_build","i":694}
Sep 24 13:07:01.417833 Runner(Flutter)[1986] <Notice>: dartnative: ##BENCH## {"tag":"countpages","t_us":1790234521406055,"ev":"page_build","i":695}
Sep 24 13:07:01.417850 Runner(Flutter)[1986] <Notice>: dartnative: ##BENCH## {"tag":"countpages","t_us":1790234521406119,"ev":"page_build","i":696}
Sep 24 13:07:01.417881 Runner(Flutter)[1986] <Notice>: dartnative: ##BENCH## {"tag":"countpages","t_us":1790234521406229,"ev":"page_build","i":697}
Sep 24 13:07:01.417925 Runner(Flutter)[1986] <Notice>: dartnative: ##BENCH## {"tag":"countpages","t_us":1790234521406321,"ev":"page_build","i":698}
Sep 24 13:07:01.417967 Runner(Flutter)[1986] <Notice>: dartnative: ##BENCH## {"tag":"countpages","t_us":1790234521406396,"ev":"page_build","i":699}
Sep 24 13:07:01.418018 Runner(Flutter)[1986] <Notice>: dartnative: ##BENCH## {"tag":"countpages","t_us":1790234521406464,"ev":"page_build","i":700}
Sep 24 13:07:01.418053 Runner(Flutter)[1986] <Notice>: dartnative: ##BENCH## {"tag":"countpages","t_us":1790234521406530,"ev":"page_build","i":701}
Sep 24 13:07:01.418069 Runner(Flutter)[1986] <Notice>: dartnative: ##BENCH## {"tag":"countpages","t_us":1790234521406613,"ev":"page_build","i":702}
Sep 24 13:07:01.418105 Runner(Flutter)[1986] <Notice>: dartnative: ##BENCH## {"tag":"countpages","t_us":1790234521406682,"ev":"page_build","i":703}
Sep 24 13:07:01.418119 Runner(Flutter)[1986] <Notice>: dartnative: ##BENCH## {"tag":"countpages","t_us":1790234521406719,"ev":"page_build","i":704}
Sep 24 13:07:01.418149 Runner(Flutter)[1986] <Notice>: dartnative: ##BENCH## {"tag":"countpages","t_us":1790234521406797,"ev":"page_build","i":705}
Sep 24 13:07:01.418174 Runner(Flutter)[1986] <Notice>: dartnative: ##BENCH## {"tag":"countpages","t_us":1790234521406909,"ev":"page_build","i":706}
Sep 24 13:07:01.418218 Runner(Flutter)[1986] <Notice>: dartnative: ##BENCH## {"tag":"countpages","t_us":1790234521407021,"ev":"page_build","i":707}
Sep 24 13:07:01.418280 Runner(Flutter)[1986] <Notice>: dartnative: ##BENCH## {"tag":"countpages","t_us":1790234521407141,"ev":"page_build","i":708}
Sep 24 13:07:01.418318 Runner(Flutter)[1986] <Notice>: dartnative: ##BENCH## {"tag":"countpages","t_us":1790234521407223,"ev":"page_build","i":709}
Sep 24 13:07:01.418374 Runner(Flutter)[1986] <Notice>: dartnative: ##BENCH## {"tag":"countpages","t_us":1790234521407276,"ev":"page_build","i":710}
Sep 24 13:07:01.418523 Runner(Flutter)[1986] <Notice>: dartnative: ##BENCH## {"tag":"countpages","t_us":1790234521407360,"ev":"page_build","i":711}
Sep 24 13:07:01.418599 Runner(Flutter)[1986] <Notice>: dartnative: ##BENCH## {"tag":"countpages","t_us":1790234521407407,"ev":"page_build","i":712}
Sep 24 13:07:01.418638 Runner(Flutter)[1986] <Notice>: dartnative: ##BENCH## {"tag":"countpages","t_us":1790234521407495,"ev":"page_build","i":713}
Sep 24 13:07:01.418678 Runner(Flutter)[1986] <Notice>: dartnative: ##BENCH## {"tag":"countpages","t_us":1790234521407542,"ev":"page_build","i":714}
Sep 24 13:07:01.418717 Runner(Flutter)[1986] <Notice>: dartnative: ##BENCH## {"tag":"countpages","t_us":1790234521407635,"ev":"page_build","i":715}
Sep 24 13:07:01.418763 Runner(Flutter)[1986] <Notice>: dartnative: ##BENCH## {"tag":"countpages","t_us":1790234521407760,"ev":"page_build","i":716}
Sep 24 13:07:01.418847 Runner(Flutter)[1986] <Notice>: dartnative: ##BENCH## {"tag":"countpages","t_us":1790234521407837,"ev":"page_build","i":717}
Sep 24 13:07:01.419132 Runner(Flutter)[1986] <Notice>: dartnative: ##BENCH## {"tag":"countpages","t_us":1790234521407938,"ev":"page_build","i":718}
Sep 24 13:07:01.419537 Runner(Flutter)[1986] <Notice>: dartnative: ##BENCH## {"tag":"countpages","t_us":1790234521408053,"ev":"page_build","i":719}
Sep 24 13:07:01.419948 Runner(Flutter)[1986] <Notice>: dartnative: ##BENCH## {"tag":"countpages","t_us":1790234521408171,"ev":"page_build","i":720}
Sep 24 13:07:01.420253 Runner(Flutter)[1986] <Notice>: dartnative: ##BENCH## {"tag":"countpages","t_us":1790234521408232,"ev":"page_build","i":721}
Sep 24 13:07:01.420339 Runner(Flutter)[1986] <Notice>: dartnative: ##BENCH## {"tag":"countpages","t_us":1790234521408312,"ev":"page_build","i":722}
Sep 24 13:07:01.420429 Runner(Flutter)[1986] <Notice>: dartnative: ##BENCH## {"tag":"countpages","t_us":1790234521408406,"ev":"page_build","i":723}
Sep 24 13:07:01.420551 Runner(Flutter)[1986] <Notice>: dartnative: ##BENCH## {"tag":"countpages","t_us":1790234521408501,"ev":"page_build","i":724}
Sep 24 13:07:01.420729 Runner(Flutter)[1986] <Notice>: dartnative: ##BENCH## {"tag":"countpages","t_us":1790234521408604,"ev":"page_build","i":725}
Sep 24 13:07:01.421009 Runner(Flutter)[1986] <Notice>: dartnative: ##BENCH## {"tag":"countpages","t_us":1790234521408689,"ev":"page_build","i":726}
Sep 24 13:07:01.421171 Runner(Flutter)[1986] <Notice>: dartnative: ##BENCH## {"tag":"countpages","t_us":1790234521408766,"ev":"page_build","i":727}
Sep 24 13:07:01.421663 Runner(Flutter)[1986] <Notice>: dartnative: ##BENCH## {"tag":"countpages","t_us":1790234521408827,"ev":"page_build","i":728}
Sep 24 13:07:01.421885 Runner(Flutter)[1986] <Notice>: dartnative: ##BENCH## {"tag":"countpages","t_us":1790234521408899,"ev":"page_build","i":729}
Sep 24 13:07:01.421935 Runner(Flutter)[1986] <Notice>: dartnative: ##BENCH## {"tag":"countpages","t_us":1790234521408967,"ev":"page_build","i":730}
Sep 24 13:07:01.421993 Runner(Flutter)[1986] <Notice>: dartnative: ##BENCH## {"tag":"countpages","t_us":1790234521409067,"ev":"page_build","i":731}
Sep 24 13:07:01.422037 Runner(Flutter)[1986] <Notice>: dartnative: ##BENCH## {"tag":"countpages","t_us":1790234521409126,"ev":"page_build","i":732}
Sep 24 13:07:01.422156 Runner(Flutter)[1986] <Notice>: dartnative: ##BENCH## {"tag":"countpages","t_us":1790234521409215,"ev":"page_build","i":733}
Sep 24 13:07:01.422320 Runner(Flutter)[1986] <Notice>: dartnative: ##BENCH## {"tag":"countpages","t_us":1790234521409318,"ev":"page_build","i":734}
Sep 24 13:07:01.422415 Runner(Flutter)[1986] <Notice>: dartnative: ##BENCH## {"tag":"countpages","t_us":1790234521409378,"ev":"page_build","i":735}
Sep 24 13:07:01.422445 Runner(Flutter)[1986] <Notice>: dartnative: ##BENCH## {"tag":"countpages","t_us":1790234521409427,"ev":"page_build","i":736}
Sep 24 13:07:01.422496 Runner(Flutter)[1986] <Notice>: dartnative: ##BENCH## {"tag":"countpages","t_us":1790234521409500,"ev":"page_build","i":737}
Sep 24 13:07:01.422517 Runner(Flutter)[1986] <Notice>: dartnative: ##BENCH## {"tag":"countpages","t_us":1790234521409541,"ev":"page_build","i":738}
Sep 24 13:07:01.422558 Runner(Flutter)[1986] <Notice>: dartnative: ##BENCH## {"tag":"countpages","t_us":1790234521409605,"ev":"page_build","i":739}
Sep 24 13:07:01.422588 Runner(Flutter)[1986] <Notice>: dartnative: ##BENCH## {"tag":"countpages","t_us":1790234521409664,"ev":"page_build","i":740}
Sep 24 13:07:01.422624 Runner(Flutter)[1986] <Notice>: dartnative: ##BENCH## {"tag":"countpages","t_us":1790234521409712,"ev":"page_build","i":741}
Sep 24 13:07:01.422657 Runner(Flutter)[1986] <Notice>: dartnative: ##BENCH## {"tag":"countpages","t_us":1790234521409789,"ev":"page_build","i":742}
Sep 24 13:07:01.422688 Runner(Flutter)[1986] <Notice>: dartnative: ##BENCH## {"tag":"countpages","t_us":1790234521409848,"ev":"page_build","i":743}
Sep 24 13:07:01.422727 Runner(Flutter)[1986] <Notice>: dartnative: ##BENCH## {"tag":"countpages","t_us":1790234521409899,"ev":"page_build","i":744}
Sep 24 13:07:01.422758 Runner(Flutter)[1986] <Notice>: dartnative: ##BENCH## {"tag":"countpages","t_us":1790234521409962,"ev":"page_build","i":745}
Sep 24 13:07:01.422791 Runner(Flutter)[1986] <Notice>: dartnative: ##BENCH## {"tag":"countpages","t_us":1790234521410007,"ev":"page_build","i":746}
Sep 24 13:07:01.422830 Runner(Flutter)[1986] <Notice>: dartnative: ##BENCH## {"tag":"countpages","t_us":1790234521410089,"ev":"page_build","i":747}
Sep 24 13:07:01.422853 Runner(Flutter)[1986] <Notice>: dartnative: ##BENCH## {"tag":"countpages","t_us":1790234521410152,"ev":"page_build","i":748}
Sep 24 13:07:01.422877 Runner(Flutter)[1986] <Notice>: dartnative: ##BENCH## {"tag":"countpages","t_us":1790234521410211,"ev":"page_build","i":749}
Sep 24 13:07:01.422915 Runner(Flutter)[1986] <Notice>: dartnative: ##BENCH## {"tag":"countpages","t_us":1790234521410275,"ev":"page_build","i":750}
Sep 24 13:07:01.422946 Runner(Flutter)[1986] <Notice>: dartnative: ##BENCH## {"tag":"countpages","t_us":1790234521410315,"ev":"page_build","i":751}
Sep 24 13:07:01.422963 Runner(Flutter)[1986] <Notice>: dartnative: ##BENCH## {"tag":"countpages","t_us":1790234521410383,"ev":"page_build","i":752}
Sep 24 13:07:01.422994 Runner(Flutter)[1986] <Notice>: dartnative: ##BENCH## {"tag":"countpages","t_us":1790234521410447,"ev":"page_build","i":753}
Sep 24 13:07:01.423017 Runner(Flutter)[1986] <Notice>: dartnative: ##BENCH## {"tag":"countpages","t_us":1790234521410519,"ev":"page_build","i":754}
Sep 24 13:07:01.423044 Runner(Flutter)[1986] <Notice>: dartnative: ##BENCH## {"tag":"countpages","t_us":1790234521410578,"ev":"page_build","i":755}
Sep 24 13:07:01.423074 Runner(Flutter)[1986] <Notice>: dartnative: ##BENCH## {"tag":"countpages","t_us":1790234521410624,"ev":"page_build","i":756}
Sep 24 13:07:01.423089 Runner(Flutter)[1986] <Notice>: dartnative: ##BENCH## {"tag":"countpages","t_us":1790234521410694,"ev":"page_build","i":757}
Sep 24 13:07:01.423134 Runner(Flutter)[1986] <Notice>: dartnative: ##BENCH## {"tag":"countpages","t_us":1790234521410752,"ev":"page_build","i":758}
Sep 24 13:07:01.423166 Runner(Flutter)[1986] <Notice>: dartnative: ##BENCH## {"tag":"countpages","t_us":1790234521410848,"ev":"page_build","i":759}
Sep 24 13:07:01.423189 Runner(Flutter)[1986] <Notice>: dartnative: ##BENCH## {"tag":"countpages","t_us":1790234521410894,"ev":"page_build","i":760}
Sep 24 13:07:01.423248 Runner(Flutter)[1986] <Notice>: dartnative: ##BENCH## {"tag":"countpages","t_us":1790234521410949,"ev":"page_build","i":761}
Sep 24 13:07:01.423283 Runner(Flutter)[1986] <Notice>: dartnative: ##BENCH## {"tag":"countpages","t_us":1790234521411015,"ev":"page_build","i":762}
Sep 24 13:07:01.423312 Runner(Flutter)[1986] <Notice>: dartnative: ##BENCH## {"tag":"countpages","t_us":1790234521411081,"ev":"page_build","i":763}
Sep 24 13:07:01.423388 Runner(Flutter)[1986] <Notice>: dartnative: ##BENCH## {"tag":"countpages","t_us":1790234521411156,"ev":"page_build","i":764}
Sep 24 13:07:01.423414 Runner(Flutter)[1986] <Notice>: dartnative: ##BENCH## {"tag":"countpages","t_us":1790234521411204,"ev":"page_build","i":765}
Sep 24 13:07:01.423438 Runner(Flutter)[1986] <Notice>: dartnative: ##BENCH## {"tag":"countpages","t_us":1790234521411295,"ev":"page_build","i":766}
Sep 24 13:07:01.423466 Runner(Flutter)[1986] <Notice>: dartnative: ##BENCH## {"tag":"countpages","t_us":1790234521411369,"ev":"page_build","i":767}
Sep 24 13:07:01.423496 Runner(Flutter)[1986] <Notice>: dartnative: ##BENCH## {"tag":"countpages","t_us":1790234521411409,"ev":"page_build","i":768}
Sep 24 13:07:01.423528 Runner(Flutter)[1986] <Notice>: dartnative: ##BENCH## {"tag":"countpages","t_us":1790234521411465,"ev":"page_build","i":769}
Sep 24 13:07:01.423569 Runner(Flutter)[1986] <Notice>: dartnative: ##BENCH## {"tag":"countpages","t_us":1790234521411528,"ev":"page_build","i":770}
Sep 24 13:07:01.423612 Runner(Flutter)[1986] <Notice>: dartnative: ##BENCH## {"tag":"countpages","t_us":1790234521411580,"ev":"page_build","i":771}
Sep 24 13:07:01.423645 Runner(Flutter)[1986] <Notice>: dartnative: ##BENCH## {"tag":"countpages","t_us":1790234521411634,"ev":"page_build","i":772}
Sep 24 13:07:01.423673 Runner(Flutter)[1986] <Notice>: dartnative: ##BENCH## {"tag":"countpages","t_us":1790234521411685,"ev":"page_build","i":773}
Sep 24 13:07:01.423726 Runner(Flutter)[1986] <Notice>: dartnative: ##BENCH## {"tag":"countpages","t_us":1790234521411737,"ev":"page_build","i":774}
Sep 24 13:07:01.423742 Runner(Flutter)[1986] <Notice>: dartnative: ##BENCH## {"tag":"countpages","t_us":1790234521411792,"ev":"page_build","i":775}
Sep 24 13:07:01.423769 Runner(Flutter)[1986] <Notice>: dartnative: ##BENCH## {"tag":"countpages","t_us":1790234521411877,"ev":"page_build","i":776}
Sep 24 13:07:01.423812 Runner(Flutter)[1986] <Notice>: dartnative: ##BENCH## {"tag":"countpages","t_us":1790234521411947,"ev":"page_build","i":777}
Sep 24 13:07:01.423844 Runner(Flutter)[1986] <Notice>: dartnative: ##BENCH## {"tag":"countpages","t_us":1790234521412038,"ev":"page_build","i":778}
Sep 24 13:07:01.423875 Runner(Flutter)[1986] <Notice>: dartnative: ##BENCH## {"tag":"countpages","t_us":1790234521412106,"ev":"page_build","i":779}
Sep 24 13:07:01.423906 Runner(Flutter)[1986] <Notice>: dartnative: ##BENCH## {"tag":"countpages","t_us":1790234521412190,"ev":"page_build","i":780}
Sep 24 13:07:01.423930 Runner(Flutter)[1986] <Notice>: dartnative: ##BENCH## {"tag":"countpages","t_us":1790234521412277,"ev":"page_build","i":781}
Sep 24 13:07:01.423962 Runner(Flutter)[1986] <Notice>: dartnative: ##BENCH## {"tag":"countpages","t_us":1790234521412327,"ev":"page_build","i":782}
Sep 24 13:07:01.423988 Runner(Flutter)[1986] <Notice>: dartnative: ##BENCH## {"tag":"countpages","t_us":1790234521412386,"ev":"page_build","i":783}
Sep 24 13:07:01.424020 Runner(Flutter)[1986] <Notice>: dartnative: ##BENCH## {"tag":"countpages","t_us":1790234521412442,"ev":"page_build","i":784}
Sep 24 13:07:01.424042 Runner(Flutter)[1986] <Notice>: dartnative: ##BENCH## {"tag":"countpages","t_us":1790234521412530,"ev":"page_build","i":785}
Sep 24 13:07:01.424066 Runner(Flutter)[1986] <Notice>: dartnative: ##BENCH## {"tag":"countpages","t_us":1790234521412612,"ev":"page_build","i":786}
Sep 24 13:07:01.424092 Runner(Flutter)[1986] <Notice>: dartnative: ##BENCH## {"tag":"countpages","t_us":1790234521412683,"ev":"page_build","i":787}
Sep 24 13:07:01.424181 Runner(Flutter)[1986] <Notice>: dartnative: ##BENCH## {"tag":"countpages","t_us":1790234521412765,"ev":"page_build","i":788}
Sep 24 13:07:01.424203 Runner(Flutter)[1986] <Notice>: dartnative: ##BENCH## {"tag":"countpages","t_us":1790234521412834,"ev":"page_build","i":789}
Sep 24 13:07:01.424252 Runner(Flutter)[1986] <Notice>: dartnative: ##BENCH## {"tag":"countpages","t_us":1790234521412899,"ev":"page_build","i":790}
Sep 24 13:07:01.424277 Runner(Flutter)[1986] <Notice>: dartnative: ##BENCH## {"tag":"countpages","t_us":1790234521412945,"ev":"page_build","i":791}
Sep 24 13:07:01.424300 Runner(Flutter)[1986] <Notice>: dartnative: ##BENCH## {"tag":"countpages","t_us":1790234521412993,"ev":"page_build","i":792}
Sep 24 13:07:01.424324 Runner(Flutter)[1986] <Notice>: dartnative: ##BENCH## {"tag":"countpages","t_us":1790234521413040,"ev":"page_build","i":793}
Sep 24 13:07:01.424347 Runner(Flutter)[1986] <Notice>: dartnative: ##BENCH## {"tag":"countpages","t_us":1790234521413089,"ev":"page_build","i":794}
Sep 24 13:07:01.424370 Runner(Flutter)[1986] <Notice>: dartnative: ##BENCH## {"tag":"countpages","t_us":1790234521413147,"ev":"page_build","i":795}
Sep 24 13:07:01.424436 Runner(Flutter)[1986] <Notice>: dartnative: ##BENCH## {"tag":"countpages","t_us":1790234521413266,"ev":"page_build","i":796}
Sep 24 13:07:01.424459 Runner(Flutter)[1986] <Notice>: dartnative: ##BENCH## {"tag":"countpages","t_us":1790234521413304,"ev":"page_build","i":797}
Sep 24 13:07:01.424505 Runner(Flutter)[1986] <Notice>: dartnative: ##BENCH## {"tag":"countpages","t_us":1790234521413381,"ev":"page_build","i":798}
Sep 24 13:07:01.424539 Runner(Flutter)[1986] <Notice>: dartnative: ##BENCH## {"tag":"countpages","t_us":1790234521413444,"ev":"page_build","i":799}
Sep 24 13:07:01.424570 Runner(Flutter)[1986] <Notice>: dartnative: ##BENCH## {"tag":"countpages","t_us":1790234521413482,"ev":"page_build","i":800}
Sep 24 13:07:01.424594 Runner(Flutter)[1986] <Notice>: dartnative: ##BENCH## {"tag":"countpages","t_us":1790234521413533,"ev":"page_build","i":801}
Sep 24 13:07:01.424619 Runner(Flutter)[1986] <Notice>: dartnative: ##BENCH## {"tag":"countpages","t_us":1790234521413597,"ev":"page_build","i":802}
Sep 24 13:07:01.424634 Runner(Flutter)[1986] <Notice>: dartnative: ##BENCH## {"tag":"countpages","t_us":1790234521413651,"ev":"page_build","i":803}
Sep 24 13:07:01.424648 Runner(Flutter)[1986] <Notice>: dartnative: ##BENCH## {"tag":"countpages","t_us":1790234521413723,"ev":"page_build","i":804}
Sep 24 13:07:01.424694 Runner(Flutter)[1986] <Notice>: dartnative: ##BENCH## {"tag":"countpages","t_us":1790234521413788,"ev":"page_build","i":805}
Sep 24 13:07:01.424710 Runner(Flutter)[1986] <Notice>: dartnative: ##BENCH## {"tag":"countpages","t_us":1790234521413860,"ev":"page_build","i":806}
Sep 24 13:07:01.424725 Runner(Flutter)[1986] <Notice>: dartnative: ##BENCH## {"tag":"countpages","t_us":1790234521413983,"ev":"page_build","i":807}
Sep 24 13:07:01.424741 Runner(Flutter)[1986] <Notice>: dartnative: ##BENCH## {"tag":"countpages","t_us":1790234521414017,"ev":"page_build","i":808}
Sep 24 13:07:01.424755 Runner(Flutter)[1986] <Notice>: dartnative: ##BENCH## {"tag":"countpages","t_us":1790234521414085,"ev":"page_build","i":809}
Sep 24 13:07:01.424854 Runner(Flutter)[1986] <Notice>: dartnative: ##BENCH## {"tag":"countpages","t_us":1790234521414124,"ev":"page_build","i":810}
Sep 24 13:07:01.424915 Runner(Flutter)[1986] <Notice>: dartnative: ##BENCH## {"tag":"countpages","t_us":1790234521414162,"ev":"page_build","i":811}
Sep 24 13:07:01.425020 Runner(Flutter)[1986] <Notice>: dartnative: ##BENCH## {"tag":"countpages","t_us":1790234521414210,"ev":"page_build","i":812}
Sep 24 13:07:01.425053 Runner(Flutter)[1986] <Notice>: dartnative: ##BENCH## {"tag":"countpages","t_us":1790234521414258,"ev":"page_build","i":813}
Sep 24 13:07:01.425104 Runner(Flutter)[1986] <Notice>: dartnative: ##BENCH## {"tag":"countpages","t_us":1790234521414299,"ev":"page_build","i":814}
Sep 24 13:07:01.425150 Runner(Flutter)[1986] <Notice>: dartnative: ##BENCH## {"tag":"countpages","t_us":1790234521414351,"ev":"page_build","i":815}
Sep 24 13:07:01.425180 Runner(Flutter)[1986] <Notice>: dartnative: ##BENCH## {"tag":"countpages","t_us":1790234521414437,"ev":"page_build","i":816}
Sep 24 13:07:01.425215 Runner(Flutter)[1986] <Notice>: dartnative: ##BENCH## {"tag":"countpages","t_us":1790234521414575,"ev":"page_build","i":817}
Sep 24 13:07:01.425243 Runner(Flutter)[1986] <Notice>: dartnative: ##BENCH## {"tag":"countpages","t_us":1790234521414635,"ev":"page_build","i":818}
Sep 24 13:07:01.425276 Runner(Flutter)[1986] <Notice>: dartnative: ##BENCH## {"tag":"countpages","t_us":1790234521414729,"ev":"page_build","i":819}
Sep 24 13:07:01.425291 Runner(Flutter)[1986] <Notice>: dartnative: ##BENCH## {"tag":"countpages","t_us":1790234521414808,"ev":"page_build","i":820}
Sep 24 13:07:01.425317 Runner(Flutter)[1986] <Notice>: dartnative: ##BENCH## {"tag":"countpages","t_us":1790234521414860,"ev":"page_build","i":821}
Sep 24 13:07:01.425359 Runner(Flutter)[1986] <Notice>: dartnative: ##BENCH## {"tag":"countpages","t_us":1790234521414915,"ev":"page_build","i":822}
Sep 24 13:07:01.425385 Runner(Flutter)[1986] <Notice>: dartnative: ##BENCH## {"tag":"countpages","t_us":1790234521414991,"ev":"page_build","i":823}
Sep 24 13:07:01.425400 Runner(Flutter)[1986] <Notice>: dartnative: ##BENCH## {"tag":"countpages","t_us":1790234521415011,"ev":"page_build","i":824}
Sep 24 13:07:01.425461 Runner(Flutter)[1986] <Notice>: dartnative: ##BENCH## {"tag":"countpages","t_us":1790234521415068,"ev":"page_build","i":825}
Sep 24 13:07:01.425499 Runner(Flutter)[1986] <Notice>: dartnative: ##BENCH## {"tag":"countpages","t_us":1790234521415120,"ev":"page_build","i":826}
Sep 24 13:07:01.425570 Runner(Flutter)[1986] <Notice>: dartnative: ##BENCH## {"tag":"countpages","t_us":1790234521415215,"ev":"page_build","i":827}
Sep 24 13:07:01.425618 Runner(Flutter)[1986] <Notice>: dartnative: ##BENCH## {"tag":"countpages","t_us":1790234521415269,"ev":"page_build","i":828}
Sep 24 13:07:01.425654 Runner(Flutter)[1986] <Notice>: dartnative: ##BENCH## {"tag":"countpages","t_us":1790234521415322,"ev":"page_build","i":829}
Sep 24 13:07:01.425719 Runner(Flutter)[1986] <Notice>: dartnative: ##BENCH## {"tag":"countpages","t_us":1790234521415392,"ev":"page_build","i":830}
Sep 24 13:07:01.425756 Runner(Flutter)[1986] <Notice>: dartnative: ##BENCH## {"tag":"countpages","t_us":1790234521415425,"ev":"page_build","i":831}
Sep 24 13:07:01.425779 Runner(Flutter)[1986] <Notice>: dartnative: ##BENCH## {"tag":"countpages","t_us":1790234521415486,"ev":"page_build","i":832}
Sep 24 13:07:01.425814 Runner(Flutter)[1986] <Notice>: dartnative: ##BENCH## {"tag":"countpages","t_us":1790234521415537,"ev":"page_build","i":833}
Sep 24 13:07:01.425867 Runner(Flutter)[1986] <Notice>: dartnative: ##BENCH## {"tag":"countpages","t_us":1790234521415622,"ev":"page_build","i":834}
Sep 24 13:07:01.425976 Runner(Flutter)[1986] <Notice>: dartnative: ##BENCH## {"tag":"countpages","t_us":1790234521415759,"ev":"page_build","i":835}
Sep 24 13:07:01.426045 Runner(Flutter)[1986] <Notice>: dartnative: ##BENCH## {"tag":"countpages","t_us":1790234521415925,"ev":"page_build","i":836}
Sep 24 13:07:01.426130 Runner(Flutter)[1986] <Notice>: dartnative: ##BENCH## {"tag":"countpages","t_us":1790234521416015,"ev":"page_build","i":837}
Sep 24 13:07:01.426154 Runner(Flutter)[1986] <Notice>: dartnative: ##BENCH## {"tag":"countpages","t_us":1790234521416071,"ev":"page_build","i":838}
Sep 24 13:07:01.426180 Runner(Flutter)[1986] <Notice>: dartnative: ##BENCH## {"tag":"countpages","t_us":1790234521416121,"ev":"page_build","i":839}
Sep 24 13:07:01.426202 Runner(Flutter)[1986] <Notice>: dartnative: ##BENCH## {"tag":"countpages","t_us":1790234521416200,"ev":"page_build","i":840}
Sep 24 13:07:01.426225 Runner(Flutter)[1986] <Notice>: dartnative: ##BENCH## {"tag":"countpages","t_us":1790234521416259,"ev":"page_build","i":841}
Sep 24 13:07:01.426248 Runner(Flutter)[1986] <Notice>: dartnative: ##BENCH## {"tag":"countpages","t_us":1790234521416316,"ev":"page_build","i":842}
Sep 24 13:07:01.426272 Runner(Flutter)[1986] <Notice>: dartnative: ##BENCH## {"tag":"countpages","t_us":1790234521416387,"ev":"page_build","i":843}
Sep 24 13:07:01.426296 Runner(Flutter)[1986] <Notice>: dartnative: ##BENCH## {"tag":"countpages","t_us":1790234521416446,"ev":"page_build","i":844}
Sep 24 13:07:01.426319 Runner(Flutter)[1986] <Notice>: dartnative: ##BENCH## {"tag":"countpages","t_us":1790234521416510,"ev":"page_build","i":845}
Sep 24 13:07:01.426371 Runner(Flutter)[1986] <Notice>: dartnative: ##BENCH## {"tag":"countpages","t_us":1790234521416564,"ev":"page_build","i":846}
Sep 24 13:07:01.426412 Runner(Flutter)[1986] <Notice>: dartnative: ##BENCH## {"tag":"countpages","t_us":1790234521416629,"ev":"page_build","i":847}
Sep 24 13:07:01.426439 Runner(Flutter)[1986] <Notice>: dartnative: ##BENCH## {"tag":"countpages","t_us":1790234521416662,"ev":"page_build","i":848}
Sep 24 13:07:01.426462 Runner(Flutter)[1986] <Notice>: dartnative: ##BENCH## {"tag":"countpages","t_us":1790234521416721,"ev":"page_build","i":849}
Sep 24 13:07:01.426486 Runner(Flutter)[1986] <Notice>: dartnative: ##BENCH## {"tag":"countpages","t_us":1790234521416766,"ev":"page_build","i":850}
Sep 24 13:07:01.426508 Runner(Flutter)[1986] <Notice>: dartnative: ##BENCH## {"tag":"countpages","t_us":1790234521416815,"ev":"page_build","i":851}
Sep 24 13:07:01.426531 Runner(Flutter)[1986] <Notice>: dartnative: ##BENCH## {"tag":"countpages","t_us":1790234521416861,"ev":"page_build","i":852}
Sep 24 13:07:01.426558 Runner(Flutter)[1986] <Notice>: dartnative: ##BENCH## {"tag":"countpages","t_us":1790234521416907,"ev":"page_build","i":853}
Sep 24 13:07:01.426582 Runner(Flutter)[1986] <Notice>: dartnative: ##BENCH## {"tag":"countpages","t_us":1790234521416962,"ev":"page_build","i":854}
Sep 24 13:07:01.426605 Runner(Flutter)[1986] <Notice>: dartnative: ##BENCH## {"tag":"countpages","t_us":1790234521417011,"ev":"page_build","i":855}
Sep 24 13:07:01.426627 Runner(Flutter)[1986] <Notice>: dartnative: ##BENCH## {"tag":"countpages","t_us":1790234521417058,"ev":"page_build","i":856}
Sep 24 13:07:01.426650 Runner(Flutter)[1986] <Notice>: dartnative: ##BENCH## {"tag":"countpages","t_us":1790234521417105,"ev":"page_build","i":857}
Sep 24 13:07:01.426682 Runner(Flutter)[1986] <Notice>: dartnative: ##BENCH## {"tag":"countpages","t_us":1790234521417152,"ev":"page_build","i":858}
Sep 24 13:07:01.426705 Runner(Flutter)[1986] <Notice>: dartnative: ##BENCH## {"tag":"countpages","t_us":1790234521417197,"ev":"page_build","i":859}
Sep 24 13:07:01.426719 Runner(Flutter)[1986] <Notice>: dartnative: ##BENCH## {"tag":"countpages","t_us":1790234521417242,"ev":"page_build","i":860}
Sep 24 13:07:01.426733 Runner(Flutter)[1986] <Notice>: dartnative: ##BENCH## {"tag":"countpages","t_us":1790234521417289,"ev":"page_build","i":861}
Sep 24 13:07:01.426764 Runner(Flutter)[1986] <Notice>: dartnative: ##BENCH## {"tag":"countpages","t_us":1790234521417336,"ev":"page_build","i":862}
Sep 24 13:07:01.426805 Runner(Flutter)[1986] <Notice>: dartnative: ##BENCH## {"tag":"countpages","t_us":1790234521417381,"ev":"page_build","i":863}
Sep 24 13:07:01.426841 Runner(Flutter)[1986] <Notice>: dartnative: ##BENCH## {"tag":"countpages","t_us":1790234521417430,"ev":"page_build","i":864}
Sep 24 13:07:01.426867 Runner(Flutter)[1986] <Notice>: dartnative: ##BENCH## {"tag":"countpages","t_us":1790234521417480,"ev":"page_build","i":865}
Sep 24 13:07:01.426900 Runner(Flutter)[1986] <Notice>: dartnative: ##BENCH## {"tag":"countpages","t_us":1790234521417537,"ev":"page_build","i":866}
Sep 24 13:07:01.426914 Runner(Flutter)[1986] <Notice>: dartnative: ##BENCH## {"tag":"countpages","t_us":1790234521417590,"ev":"page_build","i":867}
Sep 24 13:07:01.426929 Runner(Flutter)[1986] <Notice>: dartnative: ##BENCH## {"tag":"countpages","t_us":1790234521417629,"ev":"page_build","i":868}
Sep 24 13:07:01.426943 Runner(Flutter)[1986] <Notice>: dartnative: ##BENCH## {"tag":"countpages","t_us":1790234521417675,"ev":"page_build","i":869}
Sep 24 13:07:01.426967 Runner(Flutter)[1986] <Notice>: dartnative: ##BENCH## {"tag":"countpages","t_us":1790234521417747,"ev":"page_build","i":870}
Sep 24 13:07:01.426983 Runner(Flutter)[1986] <Notice>: dartnative: ##BENCH## {"tag":"countpages","t_us":1790234521417816,"ev":"page_build","i":871}
Sep 24 13:07:01.426997 Runner(Flutter)[1986] <Notice>: dartnative: ##BENCH## {"tag":"countpages","t_us":1790234521417875,"ev":"page_build","i":872}
Sep 24 13:07:01.427037 Runner(Flutter)[1986] <Notice>: dartnative: ##BENCH## {"tag":"countpages","t_us":1790234521417934,"ev":"page_build","i":873}
Sep 24 13:07:01.427068 Runner(Flutter)[1986] <Notice>: dartnative: ##BENCH## {"tag":"countpages","t_us":1790234521417987,"ev":"page_build","i":874}
Sep 24 13:07:01.427084 Runner(Flutter)[1986] <Notice>: dartnative: ##BENCH## {"tag":"countpages","t_us":1790234521418024,"ev":"page_build","i":875}
Sep 24 13:07:01.427100 Runner(Flutter)[1986] <Notice>: dartnative: ##BENCH## {"tag":"countpages","t_us":1790234521418052,"ev":"page_build","i":876}
Sep 24 13:07:01.427120 Runner(Flutter)[1986] <Notice>: dartnative: ##BENCH## {"tag":"countpages","t_us":1790234521418105,"ev":"page_build","i":877}
Sep 24 13:07:01.427136 Runner(Flutter)[1986] <Notice>: dartnative: ##BENCH## {"tag":"countpages","t_us":1790234521418148,"ev":"page_build","i":878}
Sep 24 13:07:01.427159 Runner(Flutter)[1986] <Notice>: dartnative: ##BENCH## {"tag":"countpages","t_us":1790234521418186,"ev":"page_build","i":879}
Sep 24 13:07:01.427182 Runner(Flutter)[1986] <Notice>: dartnative: ##BENCH## {"tag":"countpages","t_us":1790234521418224,"ev":"page_build","i":880}
Sep 24 13:07:01.427198 Runner(Flutter)[1986] <Notice>: dartnative: ##BENCH## {"tag":"countpages","t_us":1790234521418288,"ev":"page_build","i":881}
Sep 24 13:07:01.427221 Runner(Flutter)[1986] <Notice>: dartnative: ##BENCH## {"tag":"countpages","t_us":1790234521418331,"ev":"page_build","i":882}
Sep 24 13:07:01.427245 Runner(Flutter)[1986] <Notice>: dartnative: ##BENCH## {"tag":"countpages","t_us":1790234521418368,"ev":"page_build","i":883}
Sep 24 13:07:01.427267 Runner(Flutter)[1986] <Notice>: dartnative: ##BENCH## {"tag":"countpages","t_us":1790234521418402,"ev":"page_build","i":884}
Sep 24 13:07:01.427393 Runner(Flutter)[1986] <Notice>: dartnative: ##BENCH## {"tag":"countpages","t_us":1790234521418443,"ev":"page_build","i":885}
Sep 24 13:07:01.427423 Runner(Flutter)[1986] <Notice>: dartnative: ##BENCH## {"tag":"countpages","t_us":1790234521418482,"ev":"page_build","i":886}
Sep 24 13:07:01.427455 Runner(Flutter)[1986] <Notice>: dartnative: ##BENCH## {"tag":"countpages","t_us":1790234521418531,"ev":"page_build","i":887}
Sep 24 13:07:01.427495 Runner(Flutter)[1986] <Notice>: dartnative: ##BENCH## {"tag":"countpages","t_us":1790234521418581,"ev":"page_build","i":888}
Sep 24 13:07:01.427531 Runner(Flutter)[1986] <Notice>: dartnative: ##BENCH## {"tag":"countpages","t_us":1790234521418624,"ev":"page_build","i":889}
Sep 24 13:07:01.427548 Runner(Flutter)[1986] <Notice>: dartnative: ##BENCH## {"tag":"countpages","t_us":1790234521418672,"ev":"page_build","i":890}
Sep 24 13:07:01.427622 Runner(Flutter)[1986] <Notice>: dartnative: ##BENCH## {"tag":"countpages","t_us":1790234521418717,"ev":"page_build","i":891}
Sep 24 13:07:01.427650 Runner(Flutter)[1986] <Notice>: dartnative: ##BENCH## {"tag":"countpages","t_us":1790234521419216,"ev":"page_build","i":892}
Sep 24 13:07:01.427692 Runner(Flutter)[1986] <Notice>: dartnative: ##BENCH## {"tag":"countpages","t_us":1790234521419285,"ev":"page_build","i":893}
Sep 24 13:07:01.427725 Runner(Flutter)[1986] <Notice>: dartnative: ##BENCH## {"tag":"countpages","t_us":1790234521419328,"ev":"page_build","i":894}
Sep 24 13:07:01.427751 Runner(Flutter)[1986] <Notice>: dartnative: ##BENCH## {"tag":"countpages","t_us":1790234521419481,"ev":"page_build","i":895}
Sep 24 13:07:01.427804 Runner(Flutter)[1986] <Notice>: dartnative: ##BENCH## {"tag":"countpages","t_us":1790234521419571,"ev":"page_build","i":896}
Sep 24 13:07:01.427836 Runner(Flutter)[1986] <Notice>: dartnative: ##BENCH## {"tag":"countpages","t_us":1790234521419651,"ev":"page_build","i":897}
Sep 24 13:07:01.427858 Runner(Flutter)[1986] <Notice>: dartnative: ##BENCH## {"tag":"countpages","t_us":1790234521419702,"ev":"page_build","i":898}
Sep 24 13:07:01.427882 Runner(Flutter)[1986] <Notice>: dartnative: ##BENCH## {"tag":"countpages","t_us":1790234521419787,"ev":"page_build","i":899}
Sep 24 13:07:01.427905 Runner(Flutter)[1986] <Notice>: dartnative: ##BENCH## {"tag":"countpages","t_us":1790234521419856,"ev":"page_build","i":900}
Sep 24 13:07:01.427946 Runner(Flutter)[1986] <Notice>: dartnative: ##BENCH## {"tag":"countpages","t_us":1790234521419973,"ev":"page_build","i":901}
Sep 24 13:07:01.427966 Runner(Flutter)[1986] <Notice>: dartnative: ##BENCH## {"tag":"countpages","t_us":1790234521420060,"ev":"page_build","i":902}
Sep 24 13:07:01.427996 Runner(Flutter)[1986] <Notice>: dartnative: ##BENCH## {"tag":"countpages","t_us":1790234521420111,"ev":"page_build","i":903}
Sep 24 13:07:01.428004 Runner(Flutter)[1986] <Notice>: dartnative: ##BENCH## {"tag":"countpages","t_us":1790234521420167,"ev":"page_build","i":904}
Sep 24 13:07:01.428034 Runner(Flutter)[1986] <Notice>: dartnative: ##BENCH## {"tag":"countpages","t_us":1790234521420275,"ev":"page_build","i":905}
Sep 24 13:07:01.428057 Runner(Flutter)[1986] <Notice>: dartnative: ##BENCH## {"tag":"countpages","t_us":1790234521420366,"ev":"page_build","i":906}
Sep 24 13:07:01.428072 Runner(Flutter)[1986] <Notice>: dartnative: ##BENCH## {"tag":"countpages","t_us":1790234521420483,"ev":"page_build","i":907}
Sep 24 13:07:01.428087 Runner(Flutter)[1986] <Notice>: dartnative: ##BENCH## {"tag":"countpages","t_us":1790234521420542,"ev":"page_build","i":908}
Sep 24 13:07:01.428101 Runner(Flutter)[1986] <Notice>: dartnative: ##BENCH## {"tag":"countpages","t_us":1790234521420602,"ev":"page_build","i":909}
Sep 24 13:07:01.428130 Runner(Flutter)[1986] <Notice>: dartnative: ##BENCH## {"tag":"countpages","t_us":1790234521420659,"ev":"page_build","i":910}
Sep 24 13:07:01.428174 Runner(Flutter)[1986] <Notice>: dartnative: ##BENCH## {"tag":"countpages","t_us":1790234521420721,"ev":"page_build","i":911}
Sep 24 13:07:01.428189 Runner(Flutter)[1986] <Notice>: dartnative: ##BENCH## {"tag":"countpages","t_us":1790234521420784,"ev":"page_build","i":912}
Sep 24 13:07:01.428195 Runner(Flutter)[1986] <Notice>: dartnative: ##BENCH## {"tag":"countpages","t_us":1790234521420836,"ev":"page_build","i":913}
Sep 24 13:07:01.428212 Runner(Flutter)[1986] <Notice>: dartnative: ##BENCH## {"tag":"countpages","t_us":1790234521420876,"ev":"page_build","i":914}
Sep 24 13:07:01.428227 Runner(Flutter)[1986] <Notice>: dartnative: ##BENCH## {"tag":"countpages","t_us":1790234521420933,"ev":"page_build","i":915}
Sep 24 13:07:01.428242 Runner(Flutter)[1986] <Notice>: dartnative: ##BENCH## {"tag":"countpages","t_us":1790234521421008,"ev":"page_build","i":916}
Sep 24 13:07:01.428261 Runner(Flutter)[1986] <Notice>: dartnative: ##BENCH## {"tag":"countpages","t_us":1790234521421049,"ev":"page_build","i":917}
Sep 24 13:07:01.428282 Runner(Flutter)[1986] <Notice>: dartnative: ##BENCH## {"tag":"countpages","t_us":1790234521421114,"ev":"page_build","i":918}
Sep 24 13:07:01.428306 Runner(Flutter)[1986] <Notice>: dartnative: ##BENCH## {"tag":"countpages","t_us":1790234521421227,"ev":"page_build","i":919}
Sep 24 13:07:01.428347 Runner(Flutter)[1986] <Notice>: dartnative: ##BENCH## {"tag":"countpages","t_us":1790234521421299,"ev":"page_build","i":920}
Sep 24 13:07:01.428354 Runner(Flutter)[1986] <Notice>: dartnative: ##BENCH## {"tag":"countpages","t_us":1790234521421345,"ev":"page_build","i":921}
Sep 24 13:07:01.428387 Runner(Flutter)[1986] <Notice>: dartnative: ##BENCH## {"tag":"countpages","t_us":1790234521421468,"ev":"page_build","i":922}
Sep 24 13:07:01.428394 Runner(Flutter)[1986] <Notice>: dartnative: ##BENCH## {"tag":"countpages","t_us":1790234521421533,"ev":"page_build","i":923}
Sep 24 13:07:01.428401 Runner(Flutter)[1986] <Notice>: dartnative: ##BENCH## {"tag":"countpages","t_us":1790234521421630,"ev":"page_build","i":924}
Sep 24 13:07:01.428416 Runner(Flutter)[1986] <Notice>: dartnative: ##BENCH## {"tag":"countpages","t_us":1790234521421771,"ev":"page_build","i":925}
Sep 24 13:07:01.428431 Runner(Flutter)[1986] <Notice>: dartnative: ##BENCH## {"tag":"countpages","t_us":1790234521421832,"ev":"page_build","i":926}
Sep 24 13:07:01.428447 Runner(Flutter)[1986] <Notice>: dartnative: ##BENCH## {"tag":"countpages","t_us":1790234521421900,"ev":"page_build","i":927}
Sep 24 13:07:01.428454 Runner(Flutter)[1986] <Notice>: dartnative: ##BENCH## {"tag":"countpages","t_us":1790234521421934,"ev":"page_build","i":928}
Sep 24 13:07:01.428472 Runner(Flutter)[1986] <Notice>: dartnative: ##BENCH## {"tag":"countpages","t_us":1790234521422029,"ev":"page_build","i":929}
Sep 24 13:07:01.428479 Runner(Flutter)[1986] <Notice>: dartnative: ##BENCH## {"tag":"countpages","t_us":1790234521422090,"ev":"page_build","i":930}
Sep 24 13:07:01.428494 Runner(Flutter)[1986] <Notice>: dartnative: ##BENCH## {"tag":"countpages","t_us":1790234521422128,"ev":"page_build","i":931}
Sep 24 13:07:01.428508 Runner(Flutter)[1986] <Notice>: dartnative: ##BENCH## {"tag":"countpages","t_us":1790234521422193,"ev":"page_build","i":932}
Sep 24 13:07:01.428523 Runner(Flutter)[1986] <Notice>: dartnative: ##BENCH## {"tag":"countpages","t_us":1790234521422331,"ev":"page_build","i":933}
Sep 24 13:07:01.428539 Runner(Flutter)[1986] <Notice>: dartnative: ##BENCH## {"tag":"countpages","t_us":1790234521422418,"ev":"page_build","i":934}
Sep 24 13:07:01.428561 Runner(Flutter)[1986] <Notice>: dartnative: ##BENCH## {"tag":"countpages","t_us":1790234521422472,"ev":"page_build","i":935}
Sep 24 13:07:01.428598 Runner(Flutter)[1986] <Notice>: dartnative: ##BENCH## {"tag":"countpages","t_us":1790234521422522,"ev":"page_build","i":936}
Sep 24 13:07:01.428622 Runner(Flutter)[1986] <Notice>: dartnative: ##BENCH## {"tag":"countpages","t_us":1790234521422561,"ev":"page_build","i":937}
Sep 24 13:07:01.428666 Runner(Flutter)[1986] <Notice>: dartnative: ##BENCH## {"tag":"countpages","t_us":1790234521422596,"ev":"page_build","i":938}
Sep 24 13:07:01.428728 Runner(Flutter)[1986] <Notice>: dartnative: ##BENCH## {"tag":"countpages","t_us":1790234521422636,"ev":"page_build","i":939}
Sep 24 13:07:01.428765 Runner(Flutter)[1986] <Notice>: dartnative: ##BENCH## {"tag":"countpages","t_us":1790234521422679,"ev":"page_build","i":940}
Sep 24 13:07:01.428781 Runner(Flutter)[1986] <Notice>: dartnative: ##BENCH## {"tag":"countpages","t_us":1790234521422769,"ev":"page_build","i":941}
Sep 24 13:07:01.428813 Runner(Flutter)[1986] <Notice>: dartnative: ##BENCH## {"tag":"countpages","t_us":1790234521422836,"ev":"page_build","i":942}
Sep 24 13:07:01.428860 Runner(Flutter)[1986] <Notice>: dartnative: ##BENCH## {"tag":"countpages","t_us":1790234521422916,"ev":"page_build","i":943}
Sep 24 13:07:01.428913 Runner(Flutter)[1986] <Notice>: dartnative: ##BENCH## {"tag":"countpages","t_us":1790234521423008,"ev":"page_build","i":944}
Sep 24 13:07:01.428951 Runner(Flutter)[1986] <Notice>: dartnative: ##BENCH## {"tag":"countpages","t_us":1790234521423072,"ev":"page_build","i":945}
Sep 24 13:07:01.428971 Runner(Flutter)[1986] <Notice>: dartnative: ##BENCH## {"tag":"countpages","t_us":1790234521423159,"ev":"page_build","i":946}
Sep 24 13:07:01.429007 Runner(Flutter)[1986] <Notice>: dartnative: ##BENCH## {"tag":"countpages","t_us":1790234521423246,"ev":"page_build","i":947}
Sep 24 13:07:01.429071 Runner(Flutter)[1986] <Notice>: dartnative: ##BENCH## {"tag":"countpages","t_us":1790234521423346,"ev":"page_build","i":948}
Sep 24 13:07:01.429108 Runner(Flutter)[1986] <Notice>: dartnative: ##BENCH## {"tag":"countpages","t_us":1790234521423438,"ev":"page_build","i":949}
Sep 24 13:07:01.429141 Runner(Flutter)[1986] <Notice>: dartnative: ##BENCH## {"tag":"countpages","t_us":1790234521423514,"ev":"page_build","i":950}
Sep 24 13:07:01.429148 Runner(Flutter)[1986] <Notice>: dartnative: ##BENCH## {"tag":"countpages","t_us":1790234521423625,"ev":"page_build","i":951}
Sep 24 13:07:01.429156 Runner(Flutter)[1986] <Notice>: dartnative: ##BENCH## {"tag":"countpages","t_us":1790234521423739,"ev":"page_build","i":952}
Sep 24 13:07:01.429163 Runner(Flutter)[1986] <Notice>: dartnative: ##BENCH## {"tag":"countpages","t_us":1790234521423830,"ev":"page_build","i":953}
Sep 24 13:07:01.429170 Runner(Flutter)[1986] <Notice>: dartnative: ##BENCH## {"tag":"countpages","t_us":1790234521423887,"ev":"page_build","i":954}
Sep 24 13:07:01.429176 Runner(Flutter)[1986] <Notice>: dartnative: ##BENCH## {"tag":"countpages","t_us":1790234521423971,"ev":"page_build","i":955}
Sep 24 13:07:01.429191 Runner(Flutter)[1986] <Notice>: dartnative: ##BENCH## {"tag":"countpages","t_us":1790234521424027,"ev":"page_build","i":956}
Sep 24 13:07:01.429212 Runner(Flutter)[1986] <Notice>: dartnative: ##BENCH## {"tag":"countpages","t_us":1790234521424098,"ev":"page_build","i":957}
Sep 24 13:07:01.429241 Runner(Flutter)[1986] <Notice>: dartnative: ##BENCH## {"tag":"countpages","t_us":1790234521424174,"ev":"page_build","i":958}
Sep 24 13:07:01.429274 Runner(Flutter)[1986] <Notice>: dartnative: ##BENCH## {"tag":"countpages","t_us":1790234521424233,"ev":"page_build","i":959}
Sep 24 13:07:01.429290 Runner(Flutter)[1986] <Notice>: dartnative: ##BENCH## {"tag":"countpages","t_us":1790234521424268,"ev":"page_build","i":960}
Sep 24 13:07:01.429340 Runner(Flutter)[1986] <Notice>: dartnative: ##BENCH## {"tag":"countpages","t_us":1790234521424306,"ev":"page_build","i":961}
Sep 24 13:07:01.429388 Runner(Flutter)[1986] <Notice>: dartnative: ##BENCH## {"tag":"countpages","t_us":1790234521424363,"ev":"page_build","i":962}
Sep 24 13:07:01.429403 Runner(Flutter)[1986] <Notice>: dartnative: ##BENCH## {"tag":"countpages","t_us":1790234521424390,"ev":"page_build","i":963}
Sep 24 13:07:01.429433 Runner(Flutter)[1986] <Notice>: dartnative: ##BENCH## {"tag":"countpages","t_us":1790234521424439,"ev":"page_build","i":964}
Sep 24 13:07:01.429452 Runner(Flutter)[1986] <Notice>: dartnative: ##BENCH## {"tag":"countpages","t_us":1790234521424528,"ev":"page_build","i":965}
Sep 24 13:07:01.429493 Runner(Flutter)[1986] <Notice>: dartnative: ##BENCH## {"tag":"countpages","t_us":1790234521424595,"ev":"page_build","i":966}
Sep 24 13:07:01.429522 Runner(Flutter)[1986] <Notice>: dartnative: ##BENCH## {"tag":"countpages","t_us":1790234521424635,"ev":"page_build","i":967}
Sep 24 13:07:01.429566 Runner(Flutter)[1986] <Notice>: dartnative: ##BENCH## {"tag":"countpages","t_us":1790234521424713,"ev":"page_build","i":968}
Sep 24 13:07:01.429609 Runner(Flutter)[1986] <Notice>: dartnative: ##BENCH## {"tag":"countpages","t_us":1790234521424796,"ev":"page_build","i":969}
Sep 24 13:07:01.429651 Runner(Flutter)[1986] <Notice>: dartnative: ##BENCH## {"tag":"countpages","t_us":1790234521424871,"ev":"page_build","i":970}
Sep 24 13:07:01.429681 Runner(Flutter)[1986] <Notice>: dartnative: ##BENCH## {"tag":"countpages","t_us":1790234521424908,"ev":"page_build","i":971}
Sep 24 13:07:01.429704 Runner(Flutter)[1986] <Notice>: dartnative: ##BENCH## {"tag":"countpages","t_us":1790234521424958,"ev":"page_build","i":972}
Sep 24 13:07:01.429739 Runner(Flutter)[1986] <Notice>: dartnative: ##BENCH## {"tag":"countpages","t_us":1790234521425017,"ev":"page_build","i":973}
Sep 24 13:07:01.429773 Runner(Flutter)[1986] <Notice>: dartnative: ##BENCH## {"tag":"countpages","t_us":1790234521425054,"ev":"page_build","i":974}
Sep 24 13:07:01.429795 Runner(Flutter)[1986] <Notice>: dartnative: ##BENCH## {"tag":"countpages","t_us":1790234521425104,"ev":"page_build","i":975}
Sep 24 13:07:01.429810 Runner(Flutter)[1986] <Notice>: dartnative: ##BENCH## {"tag":"countpages","t_us":1790234521425167,"ev":"page_build","i":976}
Sep 24 13:07:01.429848 Runner(Flutter)[1986] <Notice>: dartnative: ##BENCH## {"tag":"countpages","t_us":1790234521425244,"ev":"page_build","i":977}
Sep 24 13:07:01.429867 Runner(Flutter)[1986] <Notice>: dartnative: ##BENCH## {"tag":"countpages","t_us":1790234521425320,"ev":"page_build","i":978}
Sep 24 13:07:01.429888 Runner(Flutter)[1986] <Notice>: dartnative: ##BENCH## {"tag":"countpages","t_us":1790234521425388,"ev":"page_build","i":979}
Sep 24 13:07:01.429919 Runner(Flutter)[1986] <Notice>: dartnative: ##BENCH## {"tag":"countpages","t_us":1790234521425431,"ev":"page_build","i":980}
Sep 24 13:07:01.429951 Runner(Flutter)[1986] <Notice>: dartnative: ##BENCH## {"tag":"countpages","t_us":1790234521425505,"ev":"page_build","i":981}
Sep 24 13:07:01.429989 Runner(Flutter)[1986] <Notice>: dartnative: ##BENCH## {"tag":"countpages","t_us":1790234521425573,"ev":"page_build","i":982}
Sep 24 13:07:01.430017 Runner(Flutter)[1986] <Notice>: dartnative: ##BENCH## {"tag":"countpages","t_us":1790234521425623,"ev":"page_build","i":983}
Sep 24 13:07:01.430050 Runner(Flutter)[1986] <Notice>: dartnative: ##BENCH## {"tag":"countpages","t_us":1790234521425659,"ev":"page_build","i":984}
Sep 24 13:07:01.430066 Runner(Flutter)[1986] <Notice>: dartnative: ##BENCH## {"tag":"countpages","t_us":1790234521425686,"ev":"page_build","i":985}
Sep 24 13:07:01.430092 Runner(Flutter)[1986] <Notice>: dartnative: ##BENCH## {"tag":"countpages","t_us":1790234521425731,"ev":"page_build","i":986}
Sep 24 13:07:01.430117 Runner(Flutter)[1986] <Notice>: dartnative: ##BENCH## {"tag":"countpages","t_us":1790234521425773,"ev":"page_build","i":987}
Sep 24 13:07:01.430133 Runner(Flutter)[1986] <Notice>: dartnative: ##BENCH## {"tag":"countpages","t_us":1790234521425846,"ev":"page_build","i":988}
Sep 24 13:07:01.430149 Runner(Flutter)[1986] <Notice>: dartnative: ##BENCH## {"tag":"countpages","t_us":1790234521425918,"ev":"page_build","i":989}
Sep 24 13:07:01.430171 Runner(Flutter)[1986] <Notice>: dartnative: ##BENCH## {"tag":"countpages","t_us":1790234521426026,"ev":"page_build","i":990}
Sep 24 13:07:01.430188 Runner(Flutter)[1986] <Notice>: dartnative: ##BENCH## {"tag":"countpages","t_us":1790234521426082,"ev":"page_build","i":991}
Sep 24 13:07:01.430235 Runner(Flutter)[1986] <Notice>: dartnative: ##BENCH## {"tag":"countpages","t_us":1790234521426123,"ev":"page_build","i":992}
Sep 24 13:07:01.430264 Runner(Flutter)[1986] <Notice>: dartnative: ##BENCH## {"tag":"countpages","t_us":1790234521426185,"ev":"page_build","i":993}
Sep 24 13:07:01.430437 Runner(Flutter)[1986] <Notice>: dartnative: ##BENCH## {"tag":"countpages","t_us":1790234521426243,"ev":"page_build","i":994}
Sep 24 13:07:01.430598 Runner(Flutter)[1986] <Notice>: dartnative: ##BENCH## {"tag":"countpages","t_us":1790234521426301,"ev":"page_build","i":995}
Sep 24 13:07:01.430714 Runner(Flutter)[1986] <Notice>: dartnative: ##BENCH## {"tag":"countpages","t_us":1790234521426352,"ev":"page_build","i":996}
Sep 24 13:07:01.430732 Runner(Flutter)[1986] <Notice>: dartnative: ##BENCH## {"tag":"countpages","t_us":1790234521426392,"ev":"page_build","i":997}
Sep 24 13:07:01.430756 Runner(Flutter)[1986] <Notice>: dartnative: ##BENCH## {"tag":"countpages","t_us":1790234521426427,"ev":"page_build","i":998}
Sep 24 13:07:01.430854 Runner(Flutter)[1986] <Notice>: dartnative: ##BENCH## {"tag":"countpages","t_us":1790234521426470,"ev":"page_build","i":999}
Sep 24 13:07:04.228474 Runner(Flutter)[1986] <Notice>: dartnative: ##BENCH## {"tag":"countpages","t_us":1790234524228378,"ev":"first_frame"}
Sep 24 13:07:04.747753 Runner(Flutter)[1986] <Notice>: dartnative: ##BENCH## {"tag":"countpages","t_us":1790234524747285,"ev":"ctrl_ready","i":1}
Sep 24 13:07:04.747848 Runner(Flutter)[1986] <Notice>: dartnative: ##BENCH## {"tag":"countpages","t_us":1790234524747423,"ev":"ctrl_ready","i":2}
Sep 24 13:07:04.747913 Runner(Flutter)[1986] <Notice>: dartnative: ##BENCH## {"tag":"countpages","t_us":1790234524747548,"ev":"page_build","i":0}
Sep 24 13:07:04.748025 Runner(Flutter)[1986] <Notice>: dartnative: ##BENCH## {"tag":"countpages","t_us":1790234524747710,"ev":"page_build","i":1}
Sep 24 13:07:05.144786 Runner(Flutter)[1986] <Notice>: dartnative: ##BENCH## {"tag":"countpages","t_us":1790234525144648,"ev":"page_build","i":2}
Sep 24 13:07:05.146612 Runner(Flutter)[1986] <Notice>: dartnative: ##BENCH## {"tag":"countpages","t_us":1790234525146515,"ev":"page_build","i":3}
Sep 24 13:07:05.146646 Runner(Flutter)[1986] <Notice>: dartnative: ##BENCH## {"tag":"countpages","t_us":1790234525146581,"ev":"page_build","i":4}
Sep 24 13:07:05.146750 Runner(Flutter)[1986] <Notice>: dartnative: ##BENCH## {"tag":"countpages","t_us":1790234525146658,"ev":"page_build","i":5}
Sep 24 13:07:05.146766 Runner(Flutter)[1986] <Notice>: dartnative: ##BENCH## {"tag":"countpages","t_us":1790234525146730,"ev":"page_build","i":6}
Sep 24 13:07:05.146867 Runner(Flutter)[1986] <Notice>: dartnative: ##BENCH## {"tag":"countpages","t_us":1790234525146798,"ev":"page_build","i":7}
Sep 24 13:07:05.146892 Runner(Flutter)[1986] <Notice>: dartnative: ##BENCH## {"tag":"countpages","t_us":1790234525146843,"ev":"page_build","i":8}
Sep 24 13:07:05.146941 Runner(Flutter)[1986] <Notice>: dartnative: ##BENCH## {"tag":"countpages","t_us":1790234525146887,"ev":"page_build","i":9}
Sep 24 13:07:05.147070 Runner(Flutter)[1986] <Notice>: dartnative: ##BENCH## {"tag":"countpages","t_us":1790234525146999,"ev":"page_build","i":10}
Sep 24 13:07:05.147209 Runner(Flutter)[1986] <Notice>: dartnative: ##BENCH## {"tag":"countpages","t_us":1790234525147045,"ev":"page_build","i":11}
Sep 24 13:07:05.147226 Runner(Flutter)[1986] <Notice>: dartnative: ##BENCH## {"tag":"countpages","t_us":1790234525147141,"ev":"page_build","i":12}
Sep 24 13:07:05.147255 Runner(Flutter)[1986] <Notice>: dartnative: ##BENCH## {"tag":"countpages","t_us":1790234525147180,"ev":"page_build","i":13}
Sep 24 13:07:05.147410 Runner(Flutter)[1986] <Notice>: dartnative: ##BENCH## {"tag":"countpages","t_us":1790234525147251,"ev":"page_build","i":14}
Sep 24 13:07:05.147453 Runner(Flutter)[1986] <Notice>: dartnative: ##BENCH## {"tag":"countpages","t_us":1790234525147363,"ev":"page_build","i":15}
Sep 24 13:07:05.147618 Runner(Flutter)[1986] <Notice>: dartnative: ##BENCH## {"tag":"countpages","t_us":1790234525147492,"ev":"page_build","i":16}
Sep 24 13:07:05.147636 Runner(Flutter)[1986] <Notice>: dartnative: ##BENCH## {"tag":"countpages","t_us":1790234525147534,"ev":"page_build","i":17}
Sep 24 13:07:05.147657 Runner(Flutter)[1986] <Notice>: dartnative: ##BENCH## {"tag":"countpages","t_us":1790234525147583,"ev":"page_build","i":18}
Sep 24 13:07:05.147671 Runner(Flutter)[1986] <Notice>: dartnative: ##BENCH## {"tag":"countpages","t_us":1790234525147619,"ev":"page_build","i":19}
Sep 24 13:07:05.147776 Runner(Flutter)[1986] <Notice>: dartnative: ##BENCH## {"tag":"countpages","t_us":1790234525147725,"ev":"page_build","i":20}
Sep 24 13:07:05.147837 Runner(Flutter)[1986] <Notice>: dartnative: ##BENCH## {"tag":"countpages","t_us":1790234525147766,"ev":"page_build","i":21}
Sep 24 13:07:05.147880 Runner(Flutter)[1986] <Notice>: dartnative: ##BENCH## {"tag":"countpages","t_us":1790234525147839,"ev":"page_build","i":22}
Sep 24 13:07:05.147961 Runner(Flutter)[1986] <Notice>: dartnative: ##BENCH## {"tag":"countpages","t_us":1790234525147915,"ev":"page_build","i":23}
Sep 24 13:07:05.148040 Runner(Flutter)[1986] <Notice>: dartnative: ##BENCH## {"tag":"countpages","t_us":1790234525147956,"ev":"page_build","i":24}
Sep 24 13:07:05.148090 Runner(Flutter)[1986] <Notice>: dartnative: ##BENCH## {"tag":"countpages","t_us":1790234525148019,"ev":"page_build","i":25}
Sep 24 13:07:05.148129 Runner(Flutter)[1986] <Notice>: dartnative: ##BENCH## {"tag":"countpages","t_us":1790234525148085,"ev":"page_build","i":26}
Sep 24 13:07:05.148324 Runner(Flutter)[1986] <Notice>: dartnative: ##BENCH## {"tag":"countpages","t_us":1790234525148145,"ev":"page_build","i":27}
Sep 24 13:07:05.148369 Runner(Flutter)[1986] <Notice>: dartnative: ##BENCH## {"tag":"countpages","t_us":1790234525148202,"ev":"page_build","i":28}
Sep 24 13:07:05.148408 Runner(Flutter)[1986] <Notice>: dartnative: ##BENCH## {"tag":"countpages","t_us":1790234525148240,"ev":"page_build","i":29}
Sep 24 13:07:05.148423 Runner(Flutter)[1986] <Notice>: dartnative: ##BENCH## {"tag":"countpages","t_us":1790234525148277,"ev":"page_build","i":30}
Sep 24 13:07:05.148442 Runner(Flutter)[1986] <Notice>: dartnative: ##BENCH## {"tag":"countpages","t_us":1790234525148314,"ev":"page_build","i":31}
Sep 24 13:07:05.148478 Runner(Flutter)[1986] <Notice>: dartnative: ##BENCH## {"tag":"countpages","t_us":1790234525148373,"ev":"page_build","i":32}
Sep 24 13:07:05.148516 Runner(Flutter)[1986] <Notice>: dartnative: ##BENCH## {"tag":"countpages","t_us":1790234525148433,"ev":"page_build","i":33}
Sep 24 13:07:05.148612 Runner(Flutter)[1986] <Notice>: dartnative: ##BENCH## {"tag":"countpages","t_us":1790234525148574,"ev":"page_build","i":34}
Sep 24 13:07:05.148659 Runner(Flutter)[1986] <Notice>: dartnative: ##BENCH## {"tag":"countpages","t_us":1790234525148611,"ev":"page_build","i":35}
Sep 24 13:07:05.148764 Runner(Flutter)[1986] <Notice>: dartnative: ##BENCH## {"tag":"countpages","t_us":1790234525148666,"ev":"page_build","i":36}
Sep 24 13:07:05.148787 Runner(Flutter)[1986] <Notice>: dartnative: ##BENCH## {"tag":"countpages","t_us":1790234525148732,"ev":"page_build","i":37}
Sep 24 13:07:05.148816 Runner(Flutter)[1986] <Notice>: dartnative: ##BENCH## {"tag":"countpages","t_us":1790234525148769,"ev":"page_build","i":38}
Sep 24 13:07:05.148933 Runner(Flutter)[1986] <Notice>: dartnative: ##BENCH## {"tag":"countpages","t_us":1790234525148841,"ev":"page_build","i":39}
Sep 24 13:07:05.148974 Runner(Flutter)[1986] <Notice>: dartnative: ##BENCH## {"tag":"countpages","t_us":1790234525148899,"ev":"page_build","i":40}
Sep 24 13:07:05.148989 Runner(Flutter)[1986] <Notice>: dartnative: ##BENCH## {"tag":"countpages","t_us":1790234525148936,"ev":"page_build","i":41}
Sep 24 13:07:05.149065 Runner(Flutter)[1986] <Notice>: dartnative: ##BENCH## {"tag":"countpages","t_us":1790234525149004,"ev":"page_build","i":42}
Sep 24 13:07:05.149165 Runner(Flutter)[1986] <Notice>: dartnative: ##BENCH## {"tag":"countpages","t_us":1790234525149074,"ev":"page_build","i":43}
Sep 24 13:07:05.149200 Runner(Flutter)[1986] <Notice>: dartnative: ##BENCH## {"tag":"countpages","t_us":1790234525149155,"ev":"page_build","i":44}
Sep 24 13:07:05.149262 Runner(Flutter)[1986] <Notice>: dartnative: ##BENCH## {"tag":"countpages","t_us":1790234525149219,"ev":"page_build","i":45}
Sep 24 13:07:05.149347 Runner(Flutter)[1986] <Notice>: dartnative: ##BENCH## {"tag":"countpages","t_us":1790234525149271,"ev":"page_build","i":46}
Sep 24 13:07:05.152057 Runner(Flutter)[1986] <Notice>: dartnative: ##BENCH## {"tag":"countpages","t_us":1790234525151973,"ev":"page_build","i":47}
Sep 24 13:07:05.152153 Runner(Flutter)[1986] <Notice>: dartnative: ##BENCH## {"tag":"countpages","t_us":1790234525152084,"ev":"page_build","i":48}
Sep 24 13:07:05.152220 Runner(Flutter)[1986] <Notice>: dartnative: ##BENCH## {"tag":"countpages","t_us":1790234525152128,"ev":"page_build","i":49}
Sep 24 13:07:05.152262 Runner(Flutter)[1986] <Notice>: dartnative: ##BENCH## {"tag":"countpages","t_us":1790234525152209,"ev":"page_build","i":50}
Sep 24 13:07:05.152350 Runner(Flutter)[1986] <Notice>: dartnative: ##BENCH## {"tag":"countpages","t_us":1790234525152287,"ev":"page_build","i":51}
Sep 24 13:07:05.152425 Runner(Flutter)[1986] <Notice>: dartnative: ##BENCH## {"tag":"countpages","t_us":1790234525152345,"ev":"page_build","i":52}
Sep 24 13:07:05.152482 Runner(Flutter)[1986] <Notice>: dartnative: ##BENCH## {"tag":"countpages","t_us":1790234525152422,"ev":"page_build","i":53}
Sep 24 13:07:05.152534 Runner(Flutter)[1986] <Notice>: dartnative: ##BENCH## {"tag":"countpages","t_us":1790234525152488,"ev":"page_build","i":54}
Sep 24 13:07:05.152564 Runner(Flutter)[1986] <Notice>: dartnative: ##BENCH## {"tag":"countpages","t_us":1790234525152531,"ev":"page_build","i":55}
Sep 24 13:07:05.152598 Runner(Flutter)[1986] <Notice>: dartnative: ##BENCH## {"tag":"countpages","t_us":1790234525152572,"ev":"page_build","i":56}
Sep 24 13:07:05.152655 Runner(Flutter)[1986] <Notice>: dartnative: ##BENCH## {"tag":"countpages","t_us":1790234525152611,"ev":"page_build","i":57}
Sep 24 13:07:05.152722 Runner(Flutter)[1986] <Notice>: dartnative: ##BENCH## {"tag":"countpages","t_us":1790234525152662,"ev":"page_build","i":58}
Sep 24 13:07:05.152752 Runner(Flutter)[1986] <Notice>: dartnative: ##BENCH## {"tag":"countpages","t_us":1790234525152702,"ev":"page_build","i":59}
Sep 24 13:07:05.152811 Runner(Flutter)[1986] <Notice>: dartnative: ##BENCH## {"tag":"countpages","t_us":1790234525152753,"ev":"page_build","i":60}
Sep 24 13:07:05.152853 Runner(Flutter)[1986] <Notice>: dartnative: ##BENCH## {"tag":"countpages","t_us":1790234525152788,"ev":"page_build","i":61}
Sep 24 13:07:05.152877 Runner(Flutter)[1986] <Notice>: dartnative: ##BENCH## {"tag":"countpages","t_us":1790234525152820,"ev":"page_build","i":62}
Sep 24 13:07:05.152896 Runner(Flutter)[1986] <Notice>: dartnative: ##BENCH## {"tag":"countpages","t_us":1790234525152853,"ev":"page_build","i":63}
Sep 24 13:07:05.152927 Runner(Flutter)[1986] <Notice>: dartnative: ##BENCH## {"tag":"countpages","t_us":1790234525152885,"ev":"page_build","i":64}
Sep 24 13:07:05.152985 Runner(Flutter)[1986] <Notice>: dartnative: ##BENCH## {"tag":"countpages","t_us":1790234525152941,"ev":"page_build","i":65}
Sep 24 13:07:05.153048 Runner(Flutter)[1986] <Notice>: dartnative: ##BENCH## {"tag":"countpages","t_us":1790234525153003,"ev":"page_build","i":66}
Sep 24 13:07:05.153074 Runner(Flutter)[1986] <Notice>: dartnative: ##BENCH## {"tag":"countpages","t_us":1790234525153041,"ev":"page_build","i":67}
Sep 24 13:07:05.153121 Runner(Flutter)[1986] <Notice>: dartnative: ##BENCH## {"tag":"countpages","t_us":1790234525153076,"ev":"page_build","i":68}
Sep 24 13:07:05.153210 Runner(Flutter)[1986] <Notice>: dartnative: ##BENCH## {"tag":"countpages","t_us":1790234525153111,"ev":"page_build","i":69}
Sep 24 13:07:05.153245 Runner(Flutter)[1986] <Notice>: dartnative: ##BENCH## {"tag":"countpages","t_us":1790234525153171,"ev":"page_build","i":70}
Sep 24 13:07:05.153269 Runner(Flutter)[1986] <Notice>: dartnative: ##BENCH## {"tag":"countpages","t_us":1790234525153209,"ev":"page_build","i":71}
Sep 24 13:07:05.153292 Runner(Flutter)[1986] <Notice>: dartnative: ##BENCH## {"tag":"countpages","t_us":1790234525153246,"ev":"page_build","i":72}
Sep 24 13:07:05.153337 Runner(Flutter)[1986] <Notice>: dartnative: ##BENCH## {"tag":"countpages","t_us":1790234525153303,"ev":"page_build","i":73}
Sep 24 13:07:05.153385 Runner(Flutter)[1986] <Notice>: dartnative: ##BENCH## {"tag":"countpages","t_us":1790234525153342,"ev":"page_build","i":74}
Sep 24 13:07:05.153411 Runner(Flutter)[1986] <Notice>: dartnative: ##BENCH## {"tag":"countpages","t_us":1790234525153379,"ev":"page_build","i":75}
Sep 24 13:07:05.153454 Runner(Flutter)[1986] <Notice>: dartnative: ##BENCH## {"tag":"countpages","t_us":1790234525153413,"ev":"page_build","i":76}
Sep 24 13:07:05.153496 Runner(Flutter)[1986] <Notice>: dartnative: ##BENCH## {"tag":"countpages","t_us":1790234525153472,"ev":"page_build","i":77}
Sep 24 13:07:05.153548 Runner(Flutter)[1986] <Notice>: dartnative: ##BENCH## {"tag":"countpages","t_us":1790234525153509,"ev":"page_build","i":78}
Sep 24 13:07:05.153636 Runner(Flutter)[1986] <Notice>: dartnative: ##BENCH## {"tag":"countpages","t_us":1790234525153567,"ev":"page_build","i":79}
Sep 24 13:07:05.153660 Runner(Flutter)[1986] <Notice>: dartnative: ##BENCH## {"tag":"countpages","t_us":1790234525153605,"ev":"page_build","i":80}
Sep 24 13:07:05.153704 Runner(Flutter)[1986] <Notice>: dartnative: ##BENCH## {"tag":"countpages","t_us":1790234525153654,"ev":"page_build","i":81}
Sep 24 13:07:05.153737 Runner(Flutter)[1986] <Notice>: dartnative: ##BENCH## {"tag":"countpages","t_us":1790234525153690,"ev":"page_build","i":82}
Sep 24 13:07:05.153761 Runner(Flutter)[1986] <Notice>: dartnative: ##BENCH## {"tag":"countpages","t_us":1790234525153722,"ev":"page_build","i":83}
Sep 24 13:07:05.153809 Runner(Flutter)[1986] <Notice>: dartnative: ##BENCH## {"tag":"countpages","t_us":1790234525153773,"ev":"page_build","i":84}
Sep 24 13:07:05.153900 Runner(Flutter)[1986] <Notice>: dartnative: ##BENCH## {"tag":"countpages","t_us":1790234525153828,"ev":"page_build","i":85}
Sep 24 13:07:05.153935 Runner(Flutter)[1986] <Notice>: dartnative: ##BENCH## {"tag":"countpages","t_us":1790234525153861,"ev":"page_build","i":86}
Sep 24 13:07:05.153959 Runner(Flutter)[1986] <Notice>: dartnative: ##BENCH## {"tag":"countpages","t_us":1790234525153910,"ev":"page_build","i":87}
Sep 24 13:07:05.153990 Runner(Flutter)[1986] <Notice>: dartnative: ##BENCH## {"tag":"countpages","t_us":1790234525153942,"ev":"page_build","i":88}
Sep 24 13:07:05.154015 Runner(Flutter)[1986] <Notice>: dartnative: ##BENCH## {"tag":"countpages","t_us":1790234525153976,"ev":"page_build","i":89}
Sep 24 13:07:05.154063 Runner(Flutter)[1986] <Notice>: dartnative: ##BENCH## {"tag":"countpages","t_us":1790234525154010,"ev":"page_build","i":90}
Sep 24 13:07:05.154090 Runner(Flutter)[1986] <Notice>: dartnative: ##BENCH## {"tag":"countpages","t_us":1790234525154045,"ev":"page_build","i":91}
Sep 24 13:07:05.154115 Runner(Flutter)[1986] <Notice>: dartnative: ##BENCH## {"tag":"countpages","t_us":1790234525154079,"ev":"page_build","i":92}
Sep 24 13:07:05.154170 Runner(Flutter)[1986] <Notice>: dartnative: ##BENCH## {"tag":"countpages","t_us":1790234525154119,"ev":"page_build","i":93}
Sep 24 13:07:05.154222 Runner(Flutter)[1986] <Notice>: dartnative: ##BENCH## {"tag":"countpages","t_us":1790234525154173,"ev":"page_build","i":94}
Sep 24 13:07:05.154284 Runner(Flutter)[1986] <Notice>: dartnative: ##BENCH## {"tag":"countpages","t_us":1790234525154230,"ev":"page_build","i":95}
Sep 24 13:07:05.154320 Runner(Flutter)[1986] <Notice>: dartnative: ##BENCH## {"tag":"countpages","t_us":1790234525154288,"ev":"page_build","i":96}
Sep 24 13:07:05.154353 Runner(Flutter)[1986] <Notice>: dartnative: ##BENCH## {"tag":"countpages","t_us":1790234525154322,"ev":"page_build","i":97}
Sep 24 13:07:05.154385 Runner(Flutter)[1986] <Notice>: dartnative: ##BENCH## {"tag":"countpages","t_us":1790234525154355,"ev":"page_build","i":98}
Sep 24 13:07:05.154420 Runner(Flutter)[1986] <Notice>: dartnative: ##BENCH## {"tag":"countpages","t_us":1790234525154388,"ev":"page_build","i":99}
Sep 24 13:07:05.154486 Runner(Flutter)[1986] <Notice>: dartnative: ##BENCH## {"tag":"countpages","t_us":1790234525154420,"ev":"page_build","i":100}
Sep 24 13:07:05.154538 Runner(Flutter)[1986] <Notice>: dartnative: ##BENCH## {"tag":"countpages","t_us":1790234525154497,"ev":"page_build","i":101}
Sep 24 13:07:05.154588 Runner(Flutter)[1986] <Notice>: dartnative: ##BENCH## {"tag":"countpages","t_us":1790234525154558,"ev":"page_build","i":102}
Sep 24 13:07:05.154644 Runner(Flutter)[1986] <Notice>: dartnative: ##BENCH## {"tag":"countpages","t_us":1790234525154593,"ev":"page_build","i":103}
Sep 24 13:07:05.154680 Runner(Flutter)[1986] <Notice>: dartnative: ##BENCH## {"tag":"countpages","t_us":1790234525154650,"ev":"page_build","i":104}
Sep 24 13:07:05.154735 Runner(Flutter)[1986] <Notice>: dartnative: ##BENCH## {"tag":"countpages","t_us":1790234525154686,"ev":"page_build","i":105}
Sep 24 13:07:05.154802 Runner(Flutter)[1986] <Notice>: dartnative: ##BENCH## {"tag":"countpages","t_us":1790234525154735,"ev":"page_build","i":106}
Sep 24 13:07:05.154824 Runner(Flutter)[1986] <Notice>: dartnative: ##BENCH## {"tag":"countpages","t_us":1790234525154772,"ev":"page_build","i":107}
Sep 24 13:07:05.154846 Runner(Flutter)[1986] <Notice>: dartnative: ##BENCH## {"tag":"countpages","t_us":1790234525154806,"ev":"page_build","i":108}
Sep 24 13:07:05.154884 Runner(Flutter)[1986] <Notice>: dartnative: ##BENCH## {"tag":"countpages","t_us":1790234525154841,"ev":"page_build","i":109}
Sep 24 13:07:05.154980 Runner(Flutter)[1986] <Notice>: dartnative: ##BENCH## {"tag":"countpages","t_us":1790234525154896,"ev":"page_build","i":110}
Sep 24 13:07:05.155020 Runner(Flutter)[1986] <Notice>: dartnative: ##BENCH## {"tag":"countpages","t_us":1790234525154950,"ev":"page_build","i":111}
Sep 24 13:07:05.155045 Runner(Flutter)[1986] <Notice>: dartnative: ##BENCH## {"tag":"countpages","t_us":1790234525155009,"ev":"page_build","i":112}
Sep 24 13:07:05.155088 Runner(Flutter)[1986] <Notice>: dartnative: ##BENCH## {"tag":"countpages","t_us":1790234525155041,"ev":"page_build","i":113}
Sep 24 13:07:05.155137 Runner(Flutter)[1986] <Notice>: dartnative: ##BENCH## {"tag":"countpages","t_us":1790234525155095,"ev":"page_build","i":114}
Sep 24 13:07:05.155184 Runner(Flutter)[1986] <Notice>: dartnative: ##BENCH## {"tag":"countpages","t_us":1790234525155130,"ev":"page_build","i":115}
Sep 24 13:07:05.155222 Runner(Flutter)[1986] <Notice>: dartnative: ##BENCH## {"tag":"countpages","t_us":1790234525155164,"ev":"page_build","i":116}
Sep 24 13:07:05.155249 Runner(Flutter)[1986] <Notice>: dartnative: ##BENCH## {"tag":"countpages","t_us":1790234525155217,"ev":"page_build","i":117}
Sep 24 13:07:05.155281 Runner(Flutter)[1986] <Notice>: dartnative: ##BENCH## {"tag":"countpages","t_us":1790234525155256,"ev":"page_build","i":118}
Sep 24 13:07:05.155317 Runner(Flutter)[1986] <Notice>: dartnative: ##BENCH## {"tag":"countpages","t_us":1790234525155294,"ev":"page_build","i":119}
Sep 24 13:07:05.155363 Runner(Flutter)[1986] <Notice>: dartnative: ##BENCH## {"tag":"countpages","t_us":1790234525155333,"ev":"page_build","i":120}
Sep 24 13:07:05.155422 Runner(Flutter)[1986] <Notice>: dartnative: ##BENCH## {"tag":"countpages","t_us":1790234525155375,"ev":"page_build","i":121}
Sep 24 13:07:05.155460 Runner(Flutter)[1986] <Notice>: dartnative: ##BENCH## {"tag":"countpages","t_us":1790234525155429,"ev":"page_build","i":122}
Sep 24 13:07:05.155491 Runner(Flutter)[1986] <Notice>: dartnative: ##BENCH## {"tag":"countpages","t_us":1790234525155460,"ev":"page_build","i":123}
Sep 24 13:07:05.155543 Runner(Flutter)[1986] <Notice>: dartnative: ##BENCH## {"tag":"countpages","t_us":1790234525155496,"ev":"page_build","i":124}
Sep 24 13:07:05.155587 Runner(Flutter)[1986] <Notice>: dartnative: ##BENCH## {"tag":"countpages","t_us":1790234525155548,"ev":"page_build","i":125}
Sep 24 13:07:05.155610 Runner(Flutter)[1986] <Notice>: dartnative: ##BENCH## {"tag":"countpages","t_us":1790234525155582,"ev":"page_build","i":126}
Sep 24 13:07:05.155648 Runner(Flutter)[1986] <Notice>: dartnative: ##BENCH## {"tag":"countpages","t_us":1790234525155616,"ev":"page_build","i":127}
Sep 24 13:07:05.155697 Runner(Flutter)[1986] <Notice>: dartnative: ##BENCH## {"tag":"countpages","t_us":1790234525155668,"ev":"page_build","i":128}
Sep 24 13:07:05.155963 Runner(Flutter)[1986] <Notice>: dartnative: ##BENCH## {"tag":"countpages","t_us":1790234525155919,"ev":"page_build","i":129}
Sep 24 13:07:05.156006 Runner(Flutter)[1986] <Notice>: dartnative: ##BENCH## {"tag":"countpages","t_us":1790234525155955,"ev":"page_build","i":130}
Sep 24 13:07:05.156050 Runner(Flutter)[1986] <Notice>: dartnative: ##BENCH## {"tag":"countpages","t_us":1790234525156006,"ev":"page_build","i":131}
Sep 24 13:07:05.156120 Runner(Flutter)[1986] <Notice>: dartnative: ##BENCH## {"tag":"countpages","t_us":1790234525156060,"ev":"page_build","i":132}
Sep 24 13:07:05.156192 Runner(Flutter)[1986] <Notice>: dartnative: ##BENCH## {"tag":"countpages","t_us":1790234525156116,"ev":"page_build","i":133}
Sep 24 13:07:05.156314 Runner(Flutter)[1986] <Notice>: dartnative: ##BENCH## {"tag":"countpages","t_us":1790234525156238,"ev":"page_build","i":134}
Sep 24 13:07:05.156699 Runner(Flutter)[1986] <Notice>: dartnative: ##BENCH## {"tag":"countpages","t_us":1790234525156535,"ev":"page_build","i":135}
Sep 24 13:07:05.156718 Runner(Flutter)[1986] <Notice>: dartnative: ##BENCH## {"tag":"countpages","t_us":1790234525156579,"ev":"page_build","i":136}
Sep 24 13:07:05.156844 Runner(Flutter)[1986] <Notice>: dartnative: ##BENCH## {"tag":"countpages","t_us":1790234525156700,"ev":"page_build","i":137}
Sep 24 13:07:05.156947 Runner(Flutter)[1986] <Notice>: dartnative: ##BENCH## {"tag":"countpages","t_us":1790234525156859,"ev":"page_build","i":138}
Sep 24 13:07:05.157050 Runner(Flutter)[1986] <Notice>: dartnative: ##BENCH## {"tag":"countpages","t_us":1790234525156984,"ev":"page_build","i":139}
Sep 24 13:07:05.157148 Runner(Flutter)[1986] <Notice>: dartnative: ##BENCH## {"tag":"countpages","t_us":1790234525157043,"ev":"page_build","i":140}
Sep 24 13:07:05.157211 Runner(Flutter)[1986] <Notice>: dartnative: ##BENCH## {"tag":"countpages","t_us":1790234525157130,"ev":"page_build","i":141}
Sep 24 13:07:05.157351 Runner(Flutter)[1986] <Notice>: dartnative: ##BENCH## {"tag":"countpages","t_us":1790234525157267,"ev":"page_build","i":142}
Sep 24 13:07:05.158401 Runner(Flutter)[1986] <Notice>: dartnative: ##BENCH## {"tag":"countpages","t_us":1790234525157753,"ev":"page_build","i":143}
Sep 24 13:07:05.158418 Runner(Flutter)[1986] <Notice>: dartnative: ##BENCH## {"tag":"countpages","t_us":1790234525157915,"ev":"page_build","i":144}
Sep 24 13:07:05.158426 Runner(Flutter)[1986] <Notice>: dartnative: ##BENCH## {"tag":"countpages","t_us":1790234525157955,"ev":"page_build","i":145}
Sep 24 13:07:05.158475 Runner(Flutter)[1986] <Notice>: dartnative: ##BENCH## {"tag":"countpages","t_us":1790234525157990,"ev":"page_build","i":146}
Sep 24 13:07:05.158485 Runner(Flutter)[1986] <Notice>: dartnative: ##BENCH## {"tag":"countpages","t_us":1790234525158027,"ev":"page_build","i":147}
Sep 24 13:07:05.158493 Runner(Flutter)[1986] <Notice>: dartnative: ##BENCH## {"tag":"countpages","t_us":1790234525158063,"ev":"page_build","i":148}
Sep 24 13:07:05.158500 Runner(Flutter)[1986] <Notice>: dartnative: ##BENCH## {"tag":"countpages","t_us":1790234525158100,"ev":"page_build","i":149}
Sep 24 13:07:05.158507 Runner(Flutter)[1986] <Notice>: dartnative: ##BENCH## {"tag":"countpages","t_us":1790234525158138,"ev":"page_build","i":150}
Sep 24 13:07:05.158703 Runner(Flutter)[1986] <Notice>: dartnative: ##BENCH## {"tag":"countpages","t_us":1790234525158342,"ev":"page_build","i":151}
Sep 24 13:07:05.158712 Runner(Flutter)[1986] <Notice>: dartnative: ##BENCH## {"tag":"countpages","t_us":1790234525158383,"ev":"page_build","i":152}
Sep 24 13:07:05.158719 Runner(Flutter)[1986] <Notice>: dartnative: ##BENCH## {"tag":"countpages","t_us":1790234525158534,"ev":"page_build","i":153}
Sep 24 13:07:05.158773 Runner(Flutter)[1986] <Notice>: dartnative: ##BENCH## {"tag":"countpages","t_us":1790234525158665,"ev":"page_build","i":154}
Sep 24 13:07:05.158825 Runner(Flutter)[1986] <Notice>: dartnative: ##BENCH## {"tag":"countpages","t_us":1790234525158765,"ev":"page_build","i":155}
Sep 24 13:07:05.158999 Runner(Flutter)[1986] <Notice>: dartnative: ##BENCH## {"tag":"countpages","t_us":1790234525158869,"ev":"page_build","i":156}
Sep 24 13:07:05.159088 Runner(Flutter)[1986] <Notice>: dartnative: ##BENCH## {"tag":"countpages","t_us":1790234525158928,"ev":"page_build","i":157}
Sep 24 13:07:05.159104 Runner(Flutter)[1986] <Notice>: dartnative: ##BENCH## {"tag":"countpages","t_us":1790234525158971,"ev":"page_build","i":158}
Sep 24 13:07:05.159366 Runner(Flutter)[1986] <Notice>: dartnative: ##BENCH## {"tag":"countpages","t_us":1790234525159293,"ev":"page_build","i":159}
Sep 24 13:07:05.159395 Runner(Flutter)[1986] <Notice>: dartnative: ##BENCH## {"tag":"countpages","t_us":1790234525159338,"ev":"page_build","i":160}
Sep 24 13:07:05.159439 Runner(Flutter)[1986] <Notice>: dartnative: ##BENCH## {"tag":"countpages","t_us":1790234525159377,"ev":"page_build","i":161}
Sep 24 13:07:05.159564 Runner(Flutter)[1986] <Notice>: dartnative: ##BENCH## {"tag":"countpages","t_us":1790234525159510,"ev":"page_build","i":162}
Sep 24 13:07:05.159602 Runner(Flutter)[1986] <Notice>: dartnative: ##BENCH## {"tag":"countpages","t_us":1790234525159554,"ev":"page_build","i":163}
Sep 24 13:07:05.159842 Runner(Flutter)[1986] <Notice>: dartnative: ##BENCH## {"tag":"countpages","t_us":1790234525159689,"ev":"page_build","i":164}
Sep 24 13:07:05.159856 Runner(Flutter)[1986] <Notice>: dartnative: ##BENCH## {"tag":"countpages","t_us":1790234525159727,"ev":"page_build","i":165}
Sep 24 13:07:05.159863 Runner(Flutter)[1986] <Notice>: dartnative: ##BENCH## {"tag":"countpages","t_us":1790234525159766,"ev":"page_build","i":166}
Sep 24 13:07:05.160188 Runner(Flutter)[1986] <Notice>: dartnative: ##BENCH## {"tag":"countpages","t_us":1790234525160143,"ev":"page_build","i":167}
Sep 24 13:07:05.160277 Runner(Flutter)[1986] <Notice>: dartnative: ##BENCH## {"tag":"countpages","t_us":1790234525160184,"ev":"page_build","i":168}
Sep 24 13:07:05.160294 Runner(Flutter)[1986] <Notice>: dartnative: ##BENCH## {"tag":"countpages","t_us":1790234525160255,"ev":"page_build","i":169}
Sep 24 13:07:05.160398 Runner(Flutter)[1986] <Notice>: dartnative: ##BENCH## {"tag":"countpages","t_us":1790234525160341,"ev":"page_build","i":170}
Sep 24 13:07:05.160443 Runner(Flutter)[1986] <Notice>: dartnative: ##BENCH## {"tag":"countpages","t_us":1790234525160381,"ev":"page_build","i":171}
Sep 24 13:07:05.160511 Runner(Flutter)[1986] <Notice>: dartnative: ##BENCH## {"tag":"countpages","t_us":1790234525160463,"ev":"page_build","i":172}
Sep 24 13:07:05.160550 Runner(Flutter)[1986] <Notice>: dartnative: ##BENCH## {"tag":"countpages","t_us":1790234525160504,"ev":"page_build","i":173}
Sep 24 13:07:05.160614 Runner(Flutter)[1986] <Notice>: dartnative: ##BENCH## {"tag":"countpages","t_us":1790234525160568,"ev":"page_build","i":174}
Sep 24 13:07:05.160889 Runner(Flutter)[1986] <Notice>: dartnative: ##BENCH## {"tag":"countpages","t_us":1790234525160840,"ev":"page_build","i":175}
Sep 24 13:07:05.160944 Runner(Flutter)[1986] <Notice>: dartnative: ##BENCH## {"tag":"countpages","t_us":1790234525160885,"ev":"page_build","i":176}
Sep 24 13:07:05.160984 Runner(Flutter)[1986] <Notice>: dartnative: ##BENCH## {"tag":"countpages","t_us":1790234525160945,"ev":"page_build","i":177}
Sep 24 13:07:05.161048 Runner(Flutter)[1986] <Notice>: dartnative: ##BENCH## {"tag":"countpages","t_us":1790234525160984,"ev":"page_build","i":178}
Sep 24 13:07:05.161165 Runner(Flutter)[1986] <Notice>: dartnative: ##BENCH## {"tag":"countpages","t_us":1790234525161080,"ev":"page_build","i":179}
Sep 24 13:07:05.161241 Runner(Flutter)[1986] <Notice>: dartnative: ##BENCH## {"tag":"countpages","t_us":1790234525161159,"ev":"page_build","i":180}
Sep 24 13:07:05.161285 Runner(Flutter)[1986] <Notice>: dartnative: ##BENCH## {"tag":"countpages","t_us":1790234525161237,"ev":"page_build","i":181}
Sep 24 13:07:05.161362 Runner(Flutter)[1986] <Notice>: dartnative: ##BENCH## {"tag":"countpages","t_us":1790234525161300,"ev":"page_build","i":182}
Sep 24 13:07:05.161770 Runner(Flutter)[1986] <Notice>: dartnative: ##BENCH## {"tag":"countpages","t_us":1790234525161688,"ev":"page_build","i":183}
Sep 24 13:07:05.161805 Runner(Flutter)[1986] <Notice>: dartnative: ##BENCH## {"tag":"countpages","t_us":1790234525161726,"ev":"page_build","i":184}
Sep 24 13:07:05.161822 Runner(Flutter)[1986] <Notice>: dartnative: ##BENCH## {"tag":"countpages","t_us":1790234525161766,"ev":"page_build","i":185}
Sep 24 13:07:05.161956 Runner(Flutter)[1986] <Notice>: dartnative: ##BENCH## {"tag":"countpages","t_us":1790234525161867,"ev":"page_build","i":186}
Sep 24 13:07:05.162017 Runner(Flutter)[1986] <Notice>: dartnative: ##BENCH## {"tag":"countpages","t_us":1790234525161907,"ev":"page_build","i":187}
Sep 24 13:07:05.162043 Runner(Flutter)[1986] <Notice>: dartnative: ##BENCH## {"tag":"countpages","t_us":1790234525161945,"ev":"page_build","i":188}
Sep 24 13:07:05.162094 Runner(Flutter)[1986] <Notice>: dartnative: ##BENCH## {"tag":"countpages","t_us":1790234525162021,"ev":"page_build","i":189}
Sep 24 13:07:05.162234 Runner(Flutter)[1986] <Notice>: dartnative: ##BENCH## {"tag":"countpages","t_us":1790234525162160,"ev":"page_build","i":190}
Sep 24 13:07:05.162450 Runner(Flutter)[1986] <Notice>: dartnative: ##BENCH## {"tag":"countpages","t_us":1790234525162401,"ev":"page_build","i":191}
Sep 24 13:07:05.162637 Runner(Flutter)[1986] <Notice>: dartnative: ##BENCH## {"tag":"countpages","t_us":1790234525162509,"ev":"page_build","i":192}
Sep 24 13:07:05.162733 Runner(Flutter)[1986] <Notice>: dartnative: ##BENCH## {"tag":"countpages","t_us":1790234525162670,"ev":"page_build","i":193}
Sep 24 13:07:05.162797 Runner(Flutter)[1986] <Notice>: dartnative: ##BENCH## {"tag":"countpages","t_us":1790234525162738,"ev":"page_build","i":194}
Sep 24 13:07:05.162838 Runner(Flutter)[1986] <Notice>: dartnative: ##BENCH## {"tag":"countpages","t_us":1790234525162794,"ev":"page_build","i":195}
Sep 24 13:07:05.162917 Runner(Flutter)[1986] <Notice>: dartnative: ##BENCH## {"tag":"countpages","t_us":1790234525162871,"ev":"page_build","i":196}
Sep 24 13:07:05.163089 Runner(Flutter)[1986] <Notice>: dartnative: ##BENCH## {"tag":"countpages","t_us":1790234525162935,"ev":"page_build","i":197}
Sep 24 13:07:05.163110 Runner(Flutter)[1986] <Notice>: dartnative: ##BENCH## {"tag":"countpages","t_us":1790234525163078,"ev":"page_build","i":198}
Sep 24 13:07:05.163373 Runner(Flutter)[1986] <Notice>: dartnative: ##BENCH## {"tag":"countpages","t_us":1790234525163282,"ev":"page_build","i":199}
Sep 24 13:07:05.163458 Runner(Flutter)[1986] <Notice>: dartnative: ##BENCH## {"tag":"countpages","t_us":1790234525163375,"ev":"page_build","i":200}
Sep 24 13:07:05.163462 Runner(Flutter)[1986] <Notice>: dartnative: ##BENCH## {"tag":"countpages","t_us":1790234525163439,"ev":"page_build","i":201}
Sep 24 13:07:05.163525 Runner(Flutter)[1986] <Notice>: dartnative: ##BENCH## {"tag":"countpages","t_us":1790234525163480,"ev":"page_build","i":202}
Sep 24 13:07:05.163581 Runner(Flutter)[1986] <Notice>: dartnative: ##BENCH## {"tag":"countpages","t_us":1790234525163539,"ev":"page_build","i":203}
Sep 24 13:07:05.163659 Runner(Flutter)[1986] <Notice>: dartnative: ##BENCH## {"tag":"countpages","t_us":1790234525163585,"ev":"page_build","i":204}
Sep 24 13:07:05.163767 Runner(Flutter)[1986] <Notice>: dartnative: ##BENCH## {"tag":"countpages","t_us":1790234525163724,"ev":"page_build","i":205}
Sep 24 13:07:05.163832 Runner(Flutter)[1986] <Notice>: dartnative: ##BENCH## {"tag":"countpages","t_us":1790234525163770,"ev":"page_build","i":206}
Sep 24 13:07:05.164099 Runner(Flutter)[1986] <Notice>: dartnative: ##BENCH## {"tag":"countpages","t_us":1790234525164056,"ev":"page_build","i":207}
Sep 24 13:07:05.164175 Runner(Flutter)[1986] <Notice>: dartnative: ##BENCH## {"tag":"countpages","t_us":1790234525164120,"ev":"page_build","i":208}
Sep 24 13:07:05.164298 Runner(Flutter)[1986] <Notice>: dartnative: ##BENCH## {"tag":"countpages","t_us":1790234525164167,"ev":"page_build","i":209}
Sep 24 13:07:05.164347 Runner(Flutter)[1986] <Notice>: dartnative: ##BENCH## {"tag":"countpages","t_us":1790234525164231,"ev":"page_build","i":210}
Sep 24 13:07:05.164396 Runner(Flutter)[1986] <Notice>: dartnative: ##BENCH## {"tag":"countpages","t_us":1790234525164333,"ev":"page_build","i":211}
Sep 24 13:07:05.164428 Runner(Flutter)[1986] <Notice>: dartnative: ##BENCH## {"tag":"countpages","t_us":1790234525164377,"ev":"page_build","i":212}
Sep 24 13:07:05.164554 Runner(Flutter)[1986] <Notice>: dartnative: ##BENCH## {"tag":"countpages","t_us":1790234525164460,"ev":"page_build","i":213}
Sep 24 13:07:05.164558 Runner(Flutter)[1986] <Notice>: dartnative: ##BENCH## {"tag":"countpages","t_us":1790234525164502,"ev":"page_build","i":214}
Sep 24 13:07:05.165162 Runner(Flutter)[1986] <Notice>: dartnative: ##BENCH## {"tag":"countpages","t_us":1790234525164759,"ev":"page_build","i":215}
Sep 24 13:07:05.165170 Runner(Flutter)[1986] <Notice>: dartnative: ##BENCH## {"tag":"countpages","t_us":1790234525164818,"ev":"page_build","i":216}
Sep 24 13:07:05.165179 Runner(Flutter)[1986] <Notice>: dartnative: ##BENCH## {"tag":"countpages","t_us":1790234525164856,"ev":"page_build","i":217}
Sep 24 13:07:05.165186 Runner(Flutter)[1986] <Notice>: dartnative: ##BENCH## {"tag":"countpages","t_us":1790234525164909,"ev":"page_build","i":218}
Sep 24 13:07:05.165192 Runner(Flutter)[1986] <Notice>: dartnative: ##BENCH## {"tag":"countpages","t_us":1790234525164950,"ev":"page_build","i":219}
Sep 24 13:07:05.165203 Runner(Flutter)[1986] <Notice>: dartnative: ##BENCH## {"tag":"countpages","t_us":1790234525164990,"ev":"page_build","i":220}
Sep 24 13:07:05.165210 Runner(Flutter)[1986] <Notice>: dartnative: ##BENCH## {"tag":"countpages","t_us":1790234525165076,"ev":"page_build","i":221}
Sep 24 13:07:05.165217 Runner(Flutter)[1986] <Notice>: dartnative: ##BENCH## {"tag":"countpages","t_us":1790234525165123,"ev":"page_build","i":222}
Sep 24 13:07:05.165844 Runner(Flutter)[1986] <Notice>: dartnative: ##BENCH## {"tag":"countpages","t_us":1790234525165667,"ev":"page_build","i":223}
Sep 24 13:07:05.165861 Runner(Flutter)[1986] <Notice>: dartnative: ##BENCH## {"tag":"countpages","t_us":1790234525165709,"ev":"page_build","i":224}
Sep 24 13:07:05.165868 Runner(Flutter)[1986] <Notice>: dartnative: ##BENCH## {"tag":"countpages","t_us":1790234525165794,"ev":"page_build","i":225}
Sep 24 13:07:05.165882 Runner(Flutter)[1986] <Notice>: dartnative: ##BENCH## {"tag":"countpages","t_us":1790234525165839,"ev":"page_build","i":226}
Sep 24 13:07:05.165927 Runner(Flutter)[1986] <Notice>: dartnative: ##BENCH## {"tag":"countpages","t_us":1790234525165883,"ev":"page_build","i":227}
Sep 24 13:07:05.165986 Runner(Flutter)[1986] <Notice>: dartnative: ##BENCH## {"tag":"countpages","t_us":1790234525165944,"ev":"page_build","i":228}
Sep 24 13:07:05.166075 Runner(Flutter)[1986] <Notice>: dartnative: ##BENCH## {"tag":"countpages","t_us":1790234525166014,"ev":"page_build","i":229}
Sep 24 13:07:05.166110 Runner(Flutter)[1986] <Notice>: dartnative: ##BENCH## {"tag":"countpages","t_us":1790234525166064,"ev":"page_build","i":230}
Sep 24 13:07:05.170321 Runner(Flutter)[1986] <Notice>: dartnative: ##BENCH## {"tag":"countpages","t_us":1790234525170249,"ev":"page_build","i":231}
Sep 24 13:07:05.170427 Runner(Flutter)[1986] <Notice>: dartnative: ##BENCH## {"tag":"countpages","t_us":1790234525170340,"ev":"page_build","i":232}
Sep 24 13:07:05.170437 Runner(Flutter)[1986] <Notice>: dartnative: ##BENCH## {"tag":"countpages","t_us":1790234525170384,"ev":"page_build","i":233}
Sep 24 13:07:05.170564 Runner(Flutter)[1986] <Notice>: dartnative: ##BENCH## {"tag":"countpages","t_us":1790234525170515,"ev":"page_build","i":234}
Sep 24 13:07:05.170597 Runner(Flutter)[1986] <Notice>: dartnative: ##BENCH## {"tag":"countpages","t_us":1790234525170556,"ev":"page_build","i":235}
Sep 24 13:07:05.170634 Runner(Flutter)[1986] <Notice>: dartnative: ##BENCH## {"tag":"countpages","t_us":1790234525170593,"ev":"page_build","i":236}
Sep 24 13:07:05.170669 Runner(Flutter)[1986] <Notice>: dartnative: ##BENCH## {"tag":"countpages","t_us":1790234525170633,"ev":"page_build","i":237}
Sep 24 13:07:05.170876 Runner(Flutter)[1986] <Notice>: dartnative: ##BENCH## {"tag":"countpages","t_us":1790234525170776,"ev":"page_build","i":238}
Sep 24 13:07:05.171015 Runner(Flutter)[1986] <Notice>: dartnative: ##BENCH## {"tag":"countpages","t_us":1790234525170944,"ev":"page_build","i":239}
Sep 24 13:07:05.171051 Runner(Flutter)[1986] <Notice>: dartnative: ##BENCH## {"tag":"countpages","t_us":1790234525170986,"ev":"page_build","i":240}
Sep 24 13:07:05.171119 Runner(Flutter)[1986] <Notice>: dartnative: ##BENCH## {"tag":"countpages","t_us":1790234525171040,"ev":"page_build","i":241}
Sep 24 13:07:05.171128 Runner(Flutter)[1986] <Notice>: dartnative: ##BENCH## {"tag":"countpages","t_us":1790234525171079,"ev":"page_build","i":242}
Sep 24 13:07:05.171162 Runner(Flutter)[1986] <Notice>: dartnative: ##BENCH## {"tag":"countpages","t_us":1790234525171122,"ev":"page_build","i":243}
Sep 24 13:07:05.171200 Runner(Flutter)[1986] <Notice>: dartnative: ##BENCH## {"tag":"countpages","t_us":1790234525171162,"ev":"page_build","i":244}
Sep 24 13:07:05.171243 Runner(Flutter)[1986] <Notice>: dartnative: ##BENCH## {"tag":"countpages","t_us":1790234525171203,"ev":"page_build","i":245}
Sep 24 13:07:05.171575 Runner(Flutter)[1986] <Notice>: dartnative: ##BENCH## {"tag":"countpages","t_us":1790234525171497,"ev":"page_build","i":246}
Sep 24 13:07:05.171602 Runner(Flutter)[1986] <Notice>: dartnative: ##BENCH## {"tag":"countpages","t_us":1790234525171542,"ev":"page_build","i":247}
Sep 24 13:07:05.171647 Runner(Flutter)[1986] <Notice>: dartnative: ##BENCH## {"tag":"countpages","t_us":1790234525171581,"ev":"page_build","i":248}
Sep 24 13:07:05.171724 Runner(Flutter)[1986] <Notice>: dartnative: ##BENCH## {"tag":"countpages","t_us":1790234525171669,"ev":"page_build","i":249}
Sep 24 13:07:05.171756 Runner(Flutter)[1986] <Notice>: dartnative: ##BENCH## {"tag":"countpages","t_us":1790234525171711,"ev":"page_build","i":250}
Sep 24 13:07:05.171788 Runner(Flutter)[1986] <Notice>: dartnative: ##BENCH## {"tag":"countpages","t_us":1790234525171749,"ev":"page_build","i":251}
Sep 24 13:07:05.171822 Runner(Flutter)[1986] <Notice>: dartnative: ##BENCH## {"tag":"countpages","t_us":1790234525171788,"ev":"page_build","i":252}
Sep 24 13:07:05.171915 Runner(Flutter)[1986] <Notice>: dartnative: ##BENCH## {"tag":"countpages","t_us":1790234525171826,"ev":"page_build","i":253}
Sep 24 13:07:05.172214 Runner(Flutter)[1986] <Notice>: dartnative: ##BENCH## {"tag":"countpages","t_us":1790234525172129,"ev":"page_build","i":254}
Sep 24 13:07:05.172250 Runner(Flutter)[1986] <Notice>: dartnative: ##BENCH## {"tag":"countpages","t_us":1790234525172170,"ev":"page_build","i":255}
Sep 24 13:07:05.173492 Runner(Flutter)[1986] <Notice>: dartnative: ##BENCH## {"tag":"countpages","t_us":1790234525172990,"ev":"page_build","i":256}
Sep 24 13:07:05.173511 Runner(Flutter)[1986] <Notice>: dartnative: ##BENCH## {"tag":"countpages","t_us":1790234525173190,"ev":"page_build","i":257}
Sep 24 13:07:05.173519 Runner(Flutter)[1986] <Notice>: dartnative: ##BENCH## {"tag":"countpages","t_us":1790234525173294,"ev":"page_build","i":258}
Sep 24 13:07:05.173526 Runner(Flutter)[1986] <Notice>: dartnative: ##BENCH## {"tag":"countpages","t_us":1790234525173345,"ev":"page_build","i":259}
Sep 24 13:07:05.173534 Runner(Flutter)[1986] <Notice>: dartnative: ##BENCH## {"tag":"countpages","t_us":1790234525173385,"ev":"page_build","i":260}
Sep 24 13:07:05.173545 Runner(Flutter)[1986] <Notice>: dartnative: ##BENCH## {"tag":"countpages","t_us":1790234525173424,"ev":"page_build","i":261}
Sep 24 13:07:05.173771 Runner(Flutter)[1986] <Notice>: dartnative: ##BENCH## {"tag":"countpages","t_us":1790234525173678,"ev":"page_build","i":262}
Sep 24 13:07:05.173801 Runner(Flutter)[1986] <Notice>: dartnative: ##BENCH## {"tag":"countpages","t_us":1790234525173720,"ev":"page_build","i":263}
Sep 24 13:07:05.173809 Runner(Flutter)[1986] <Notice>: dartnative: ##BENCH## {"tag":"countpages","t_us":1790234525173761,"ev":"page_build","i":264}
Sep 24 13:07:05.173903 Runner(Flutter)[1986] <Notice>: dartnative: ##BENCH## {"tag":"countpages","t_us":1790234525173805,"ev":"page_build","i":265}
Sep 24 13:07:05.173922 Runner(Flutter)[1986] <Notice>: dartnative: ##BENCH## {"tag":"countpages","t_us":1790234525173876,"ev":"page_build","i":266}
Sep 24 13:07:05.173961 Runner(Flutter)[1986] <Notice>: dartnative: ##BENCH## {"tag":"countpages","t_us":1790234525173913,"ev":"page_build","i":267}
Sep 24 13:07:05.174032 Runner(Flutter)[1986] <Notice>: dartnative: ##BENCH## {"tag":"countpages","t_us":1790234525173987,"ev":"page_build","i":268}
Sep 24 13:07:05.174118 Runner(Flutter)[1986] <Notice>: dartnative: ##BENCH## {"tag":"countpages","t_us":1790234525174066,"ev":"page_build","i":269}
Sep 24 13:07:05.174472 Runner(Flutter)[1986] <Notice>: dartnative: ##BENCH## {"tag":"countpages","t_us":1790234525174332,"ev":"page_build","i":270}
Sep 24 13:07:05.174502 Runner(Flutter)[1986] <Notice>: dartnative: ##BENCH## {"tag":"countpages","t_us":1790234525174382,"ev":"page_build","i":271}
Sep 24 13:07:05.174509 Runner(Flutter)[1986] <Notice>: dartnative: ##BENCH## {"tag":"countpages","t_us":1790234525174421,"ev":"page_build","i":272}
Sep 24 13:07:05.174516 Runner(Flutter)[1986] <Notice>: dartnative: ##BENCH## {"tag":"countpages","t_us":1790234525174459,"ev":"page_build","i":273}
Sep 24 13:07:05.174548 Runner(Flutter)[1986] <Notice>: dartnative: ##BENCH## {"tag":"countpages","t_us":1790234525174508,"ev":"page_build","i":274}
Sep 24 13:07:05.174613 Runner(Flutter)[1986] <Notice>: dartnative: ##BENCH## {"tag":"countpages","t_us":1790234525174549,"ev":"page_build","i":275}
Sep 24 13:07:05.174713 Runner(Flutter)[1986] <Notice>: dartnative: ##BENCH## {"tag":"countpages","t_us":1790234525174621,"ev":"page_build","i":276}
Sep 24 13:07:05.174819 Runner(Flutter)[1986] <Notice>: dartnative: ##BENCH## {"tag":"countpages","t_us":1790234525174771,"ev":"page_build","i":277}
Sep 24 13:07:05.175145 Runner(Flutter)[1986] <Notice>: dartnative: ##BENCH## {"tag":"countpages","t_us":1790234525175064,"ev":"page_build","i":278}
Sep 24 13:07:05.175173 Runner(Flutter)[1986] <Notice>: dartnative: ##BENCH## {"tag":"countpages","t_us":1790234525175108,"ev":"page_build","i":279}
Sep 24 13:07:05.175230 Runner(Flutter)[1986] <Notice>: dartnative: ##BENCH## {"tag":"countpages","t_us":1790234525175146,"ev":"page_build","i":280}
Sep 24 13:07:05.175330 Runner(Flutter)[1986] <Notice>: dartnative: ##BENCH## {"tag":"countpages","t_us":1790234525175249,"ev":"page_build","i":281}
Sep 24 13:07:05.175394 Runner(Flutter)[1986] <Notice>: dartnative: ##BENCH## {"tag":"countpages","t_us":1790234525175323,"ev":"page_build","i":282}
Sep 24 13:07:05.175427 Runner(Flutter)[1986] <Notice>: dartnative: ##BENCH## {"tag":"countpages","t_us":1790234525175364,"ev":"page_build","i":283}
Sep 24 13:07:05.175482 Runner(Flutter)[1986] <Notice>: dartnative: ##BENCH## {"tag":"countpages","t_us":1790234525175446,"ev":"page_build","i":284}
Sep 24 13:07:05.175583 Runner(Flutter)[1986] <Notice>: dartnative: ##BENCH## {"tag":"countpages","t_us":1790234525175539,"ev":"page_build","i":285}
Sep 24 13:07:05.175801 Runner(Flutter)[1986] <Notice>: dartnative: ##BENCH## {"tag":"countpages","t_us":1790234525175752,"ev":"page_build","i":286}
Sep 24 13:07:05.175877 Runner(Flutter)[1986] <Notice>: dartnative: ##BENCH## {"tag":"countpages","t_us":1790234525175803,"ev":"page_build","i":287}
Sep 24 13:07:05.175936 Runner(Flutter)[1986] <Notice>: dartnative: ##BENCH## {"tag":"countpages","t_us":1790234525175890,"ev":"page_build","i":288}
Sep 24 13:07:05.176139 Runner(Flutter)[1986] <Notice>: dartnative: ##BENCH## {"tag":"countpages","t_us":1790234525176009,"ev":"page_build","i":289}
Sep 24 13:07:05.176163 Runner(Flutter)[1986] <Notice>: dartnative: ##BENCH## {"tag":"countpages","t_us":1790234525176052,"ev":"page_build","i":290}
Sep 24 13:07:05.176217 Runner(Flutter)[1986] <Notice>: dartnative: ##BENCH## {"tag":"countpages","t_us":1790234525176089,"ev":"page_build","i":291}
Sep 24 13:07:05.176254 Runner(Flutter)[1986] <Notice>: dartnative: ##BENCH## {"tag":"countpages","t_us":1790234525176132,"ev":"page_build","i":292}
Sep 24 13:07:05.176534 Runner(Flutter)[1986] <Notice>: dartnative: ##BENCH## {"tag":"countpages","t_us":1790234525176214,"ev":"page_build","i":293}
Sep 24 13:07:05.176662 Runner(Flutter)[1986] <Notice>: dartnative: ##BENCH## {"tag":"countpages","t_us":1790234525176606,"ev":"page_build","i":294}
Sep 24 13:07:05.176713 Runner(Flutter)[1986] <Notice>: dartnative: ##BENCH## {"tag":"countpages","t_us":1790234525176668,"ev":"page_build","i":295}
Sep 24 13:07:05.176784 Runner(Flutter)[1986] <Notice>: dartnative: ##BENCH## {"tag":"countpages","t_us":1790234525176728,"ev":"page_build","i":296}
Sep 24 13:07:05.176826 Runner(Flutter)[1986] <Notice>: dartnative: ##BENCH## {"tag":"countpages","t_us":1790234525176785,"ev":"page_build","i":297}
Sep 24 13:07:05.176889 Runner(Flutter)[1986] <Notice>: dartnative: ##BENCH## {"tag":"countpages","t_us":1790234525176844,"ev":"page_build","i":298}
Sep 24 13:07:05.176913 Runner(Flutter)[1986] <Notice>: dartnative: ##BENCH## {"tag":"countpages","t_us":1790234525176887,"ev":"page_build","i":299}
Sep 24 13:07:05.176994 Runner(Flutter)[1986] <Notice>: dartnative: ##BENCH## {"tag":"countpages","t_us":1790234525176931,"ev":"page_build","i":300}
Sep 24 13:07:05.177051 Runner(Flutter)[1986] <Notice>: dartnative: ##BENCH## {"tag":"countpages","t_us":1790234525177009,"ev":"page_build","i":301}
Sep 24 13:07:05.177354 Runner(Flutter)[1986] <Notice>: dartnative: ##BENCH## {"tag":"countpages","t_us":1790234525177311,"ev":"page_build","i":302}
Sep 24 13:07:05.177397 Runner(Flutter)[1986] <Notice>: dartnative: ##BENCH## {"tag":"countpages","t_us":1790234525177352,"ev":"page_build","i":303}
Sep 24 13:07:05.177532 Runner(Flutter)[1986] <Notice>: dartnative: ##BENCH## {"tag":"countpages","t_us":1790234525177472,"ev":"page_build","i":304}
Sep 24 13:07:05.177653 Runner(Flutter)[1986] <Notice>: dartnative: ##BENCH## {"tag":"countpages","t_us":1790234525177533,"ev":"page_build","i":305}
Sep 24 13:07:05.177691 Runner(Flutter)[1986] <Notice>: dartnative: ##BENCH## {"tag":"countpages","t_us":1790234525177610,"ev":"page_build","i":306}
Sep 24 13:07:05.177699 Runner(Flutter)[1986] <Notice>: dartnative: ##BENCH## {"tag":"countpages","t_us":1790234525177650,"ev":"page_build","i":307}
Sep 24 13:07:05.177735 Runner(Flutter)[1986] <Notice>: dartnative: ##BENCH## {"tag":"countpages","t_us":1790234525177690,"ev":"page_build","i":308}
Sep 24 13:07:05.177768 Runner(Flutter)[1986] <Notice>: dartnative: ##BENCH## {"tag":"countpages","t_us":1790234525177729,"ev":"page_build","i":309}
Sep 24 13:07:05.177946 Runner(Flutter)[1986] <Notice>: dartnative: ##BENCH## {"tag":"countpages","t_us":1790234525177852,"ev":"page_build","i":310}
Sep 24 13:07:05.177958 Runner(Flutter)[1986] <Notice>: dartnative: ##BENCH## {"tag":"countpages","t_us":1790234525177912,"ev":"page_build","i":311}
Sep 24 13:07:05.177994 Runner(Flutter)[1986] <Notice>: dartnative: ##BENCH## {"tag":"countpages","t_us":1790234525177953,"ev":"page_build","i":312}
Sep 24 13:07:05.178056 Runner(Flutter)[1986] <Notice>: dartnative: ##BENCH## {"tag":"countpages","t_us":1790234525178012,"ev":"page_build","i":313}
Sep 24 13:07:05.178091 Runner(Flutter)[1986] <Notice>: dartnative: ##BENCH## {"tag":"countpages","t_us":1790234525178052,"ev":"page_build","i":314}
Sep 24 13:07:05.178157 Runner(Flutter)[1986] <Notice>: dartnative: ##BENCH## {"tag":"countpages","t_us":1790234525178114,"ev":"page_build","i":315}
Sep 24 13:07:05.178196 Runner(Flutter)[1986] <Notice>: dartnative: ##BENCH## {"tag":"countpages","t_us":1790234525178156,"ev":"page_build","i":316}
Sep 24 13:07:05.178240 Runner(Flutter)[1986] <Notice>: dartnative: ##BENCH## {"tag":"countpages","t_us":1790234525178197,"ev":"page_build","i":317}
Sep 24 13:07:05.178369 Runner(Flutter)[1986] <Notice>: dartnative: ##BENCH## {"tag":"countpages","t_us":1790234525178288,"ev":"page_build","i":318}
Sep 24 13:07:05.178385 Runner(Flutter)[1986] <Notice>: dartnative: ##BENCH## {"tag":"countpages","t_us":1790234525178329,"ev":"page_build","i":319}
Sep 24 13:07:05.178443 Runner(Flutter)[1986] <Notice>: dartnative: ##BENCH## {"tag":"countpages","t_us":1790234525178368,"ev":"page_build","i":320}
Sep 24 13:07:05.178452 Runner(Flutter)[1986] <Notice>: dartnative: ##BENCH## {"tag":"countpages","t_us":1790234525178411,"ev":"page_build","i":321}
Sep 24 13:07:05.178485 Runner(Flutter)[1986] <Notice>: dartnative: ##BENCH## {"tag":"countpages","t_us":1790234525178449,"ev":"page_build","i":322}
Sep 24 13:07:05.178529 Runner(Flutter)[1986] <Notice>: dartnative: ##BENCH## {"tag":"countpages","t_us":1790234525178492,"ev":"page_build","i":323}
Sep 24 13:07:05.178660 Runner(Flutter)[1986] <Notice>: dartnative: ##BENCH## {"tag":"countpages","t_us":1790234525178571,"ev":"page_build","i":324}
Sep 24 13:07:05.178689 Runner(Flutter)[1986] <Notice>: dartnative: ##BENCH## {"tag":"countpages","t_us":1790234525178608,"ev":"page_build","i":325}
Sep 24 13:07:05.178728 Runner(Flutter)[1986] <Notice>: dartnative: ##BENCH## {"tag":"countpages","t_us":1790234525178657,"ev":"page_build","i":326}
Sep 24 13:07:05.178738 Runner(Flutter)[1986] <Notice>: dartnative: ##BENCH## {"tag":"countpages","t_us":1790234525178700,"ev":"page_build","i":327}
Sep 24 13:07:05.178780 Runner(Flutter)[1986] <Notice>: dartnative: ##BENCH## {"tag":"countpages","t_us":1790234525178739,"ev":"page_build","i":328}
Sep 24 13:07:05.178819 Runner(Flutter)[1986] <Notice>: dartnative: ##BENCH## {"tag":"countpages","t_us":1790234525178781,"ev":"page_build","i":329}
Sep 24 13:07:05.178907 Runner(Flutter)[1986] <Notice>: dartnative: ##BENCH## {"tag":"countpages","t_us":1790234525178857,"ev":"page_build","i":330}
Sep 24 13:07:05.178981 Runner(Flutter)[1986] <Notice>: dartnative: ##BENCH## {"tag":"countpages","t_us":1790234525178940,"ev":"page_build","i":331}
Sep 24 13:07:05.179060 Runner(Flutter)[1986] <Notice>: dartnative: ##BENCH## {"tag":"countpages","t_us":1790234525178983,"ev":"page_build","i":332}
Sep 24 13:07:05.179075 Runner(Flutter)[1986] <Notice>: dartnative: ##BENCH## {"tag":"countpages","t_us":1790234525179023,"ev":"page_build","i":333}
Sep 24 13:07:05.179236 Runner(Flutter)[1986] <Notice>: dartnative: ##BENCH## {"tag":"countpages","t_us":1790234525179069,"ev":"page_build","i":334}
Sep 24 13:07:05.179248 Runner(Flutter)[1986] <Notice>: dartnative: ##BENCH## {"tag":"countpages","t_us":1790234525179115,"ev":"page_build","i":335}
Sep 24 13:07:05.179258 Runner(Flutter)[1986] <Notice>: dartnative: ##BENCH## {"tag":"countpages","t_us":1790234525179188,"ev":"page_build","i":336}
Sep 24 13:07:05.179267 Runner(Flutter)[1986] <Notice>: dartnative: ##BENCH## {"tag":"countpages","t_us":1790234525179231,"ev":"page_build","i":337}
Sep 24 13:07:05.179321 Runner(Flutter)[1986] <Notice>: dartnative: ##BENCH## {"tag":"countpages","t_us":1790234525179272,"ev":"page_build","i":338}
Sep 24 13:07:05.179382 Runner(Flutter)[1986] <Notice>: dartnative: ##BENCH## {"tag":"countpages","t_us":1790234525179312,"ev":"page_build","i":339}
Sep 24 13:07:05.179392 Runner(Flutter)[1986] <Notice>: dartnative: ##BENCH## {"tag":"countpages","t_us":1790234525179355,"ev":"page_build","i":340}
Sep 24 13:07:05.179521 Runner(Flutter)[1986] <Notice>: dartnative: ##BENCH## {"tag":"countpages","t_us":1790234525179395,"ev":"page_build","i":341}
Sep 24 13:07:05.179681 Runner(Flutter)[1986] <Notice>: dartnative: ##BENCH## {"tag":"countpages","t_us":1790234525179453,"ev":"page_build","i":342}
Sep 24 13:07:05.179693 Runner(Flutter)[1986] <Notice>: dartnative: ##BENCH## {"tag":"countpages","t_us":1790234525179503,"ev":"page_build","i":343}
Sep 24 13:07:05.179700 Runner(Flutter)[1986] <Notice>: dartnative: ##BENCH## {"tag":"countpages","t_us":1790234525179549,"ev":"page_build","i":344}
Sep 24 13:07:05.179718 Runner(Flutter)[1986] <Notice>: dartnative: ##BENCH## {"tag":"countpages","t_us":1790234525179591,"ev":"page_build","i":345}
Sep 24 13:07:05.179725 Runner(Flutter)[1986] <Notice>: dartnative: ##BENCH## {"tag":"countpages","t_us":1790234525179629,"ev":"page_build","i":346}
Sep 24 13:07:05.179744 Runner(Flutter)[1986] <Notice>: dartnative: ##BENCH## {"tag":"countpages","t_us":1790234525179672,"ev":"page_build","i":347}
Sep 24 13:07:05.179762 Runner(Flutter)[1986] <Notice>: dartnative: ##BENCH## {"tag":"countpages","t_us":1790234525179710,"ev":"page_build","i":348}
Sep 24 13:07:05.180957 Runner(Flutter)[1986] <Notice>: dartnative: ##BENCH## {"tag":"countpages","t_us":1790234525180889,"ev":"page_build","i":349}
Sep 24 13:07:05.181010 Runner(Flutter)[1986] <Notice>: dartnative: ##BENCH## {"tag":"countpages","t_us":1790234525180948,"ev":"page_build","i":350}
Sep 24 13:07:05.181119 Runner(Flutter)[1986] <Notice>: dartnative: ##BENCH## {"tag":"countpages","t_us":1790234525181033,"ev":"page_build","i":351}
Sep 24 13:07:05.181127 Runner(Flutter)[1986] <Notice>: dartnative: ##BENCH## {"tag":"countpages","t_us":1790234525181076,"ev":"page_build","i":352}
Sep 24 13:07:05.181150 Runner(Flutter)[1986] <Notice>: dartnative: ##BENCH## {"tag":"countpages","t_us":1790234525181112,"ev":"page_build","i":353}
Sep 24 13:07:05.181188 Runner(Flutter)[1986] <Notice>: dartnative: ##BENCH## {"tag":"countpages","t_us":1790234525181150,"ev":"page_build","i":354}
Sep 24 13:07:05.181266 Runner(Flutter)[1986] <Notice>: dartnative: ##BENCH## {"tag":"countpages","t_us":1790234525181191,"ev":"page_build","i":355}
Sep 24 13:07:05.181341 Runner(Flutter)[1986] <Notice>: dartnative: ##BENCH## {"tag":"countpages","t_us":1790234525181264,"ev":"page_build","i":356}
Sep 24 13:07:05.181351 Runner(Flutter)[1986] <Notice>: dartnative: ##BENCH## {"tag":"countpages","t_us":1790234525181310,"ev":"page_build","i":357}
Sep 24 13:07:05.181389 Runner(Flutter)[1986] <Notice>: dartnative: ##BENCH## {"tag":"countpages","t_us":1790234525181350,"ev":"page_build","i":358}
Sep 24 13:07:05.181447 Runner(Flutter)[1986] <Notice>: dartnative: ##BENCH## {"tag":"countpages","t_us":1790234525181387,"ev":"page_build","i":359}
Sep 24 13:07:05.181485 Runner(Flutter)[1986] <Notice>: dartnative: ##BENCH## {"tag":"countpages","t_us":1790234525181446,"ev":"page_build","i":360}
Sep 24 13:07:05.181569 Runner(Flutter)[1986] <Notice>: dartnative: ##BENCH## {"tag":"countpages","t_us":1790234525181487,"ev":"page_build","i":361}
Sep 24 13:07:05.181651 Runner(Flutter)[1986] <Notice>: dartnative: ##BENCH## {"tag":"countpages","t_us":1790234525181559,"ev":"page_build","i":362}
Sep 24 13:07:05.181678 Runner(Flutter)[1986] <Notice>: dartnative: ##BENCH## {"tag":"countpages","t_us":1790234525181599,"ev":"page_build","i":363}
Sep 24 13:07:05.181739 Runner(Flutter)[1986] <Notice>: dartnative: ##BENCH## {"tag":"countpages","t_us":1790234525181668,"ev":"page_build","i":364}
Sep 24 13:07:05.181789 Runner(Flutter)[1986] <Notice>: dartnative: ##BENCH## {"tag":"countpages","t_us":1790234525181741,"ev":"page_build","i":365}
Sep 24 13:07:05.181913 Runner(Flutter)[1986] <Notice>: dartnative: ##BENCH## {"tag":"countpages","t_us":1790234525181819,"ev":"page_build","i":366}
Sep 24 13:07:05.182131 Runner(Flutter)[1986] <Notice>: dartnative: ##BENCH## {"tag":"countpages","t_us":1790234525181861,"ev":"page_build","i":367}
Sep 24 13:07:05.182152 Runner(Flutter)[1986] <Notice>: dartnative: ##BENCH## {"tag":"countpages","t_us":1790234525181982,"ev":"page_build","i":368}
Sep 24 13:07:05.182169 Runner(Flutter)[1986] <Notice>: dartnative: ##BENCH## {"tag":"countpages","t_us":1790234525182035,"ev":"page_build","i":369}
Sep 24 13:07:05.182177 Runner(Flutter)[1986] <Notice>: dartnative: ##BENCH## {"tag":"countpages","t_us":1790234525182076,"ev":"page_build","i":370}
Sep 24 13:07:05.182184 Runner(Flutter)[1986] <Notice>: dartnative: ##BENCH## {"tag":"countpages","t_us":1790234525182115,"ev":"page_build","i":371}
Sep 24 13:07:05.182226 Runner(Flutter)[1986] <Notice>: dartnative: ##BENCH## {"tag":"countpages","t_us":1790234525182154,"ev":"page_build","i":372}
Sep 24 13:07:05.182238 Runner(Flutter)[1986] <Notice>: dartnative: ##BENCH## {"tag":"countpages","t_us":1790234525182195,"ev":"page_build","i":373}
Sep 24 13:07:05.182293 Runner(Flutter)[1986] <Notice>: dartnative: ##BENCH## {"tag":"countpages","t_us":1790234525182254,"ev":"page_build","i":374}
Sep 24 13:07:05.182517 Runner(Flutter)[1986] <Notice>: dartnative: ##BENCH## {"tag":"countpages","t_us":1790234525182296,"ev":"page_build","i":375}
Sep 24 13:07:05.182544 Runner(Flutter)[1986] <Notice>: dartnative: ##BENCH## {"tag":"countpages","t_us":1790234525182357,"ev":"page_build","i":376}
Sep 24 13:07:05.182564 Runner(Flutter)[1986] <Notice>: dartnative: ##BENCH## {"tag":"countpages","t_us":1790234525182398,"ev":"page_build","i":377}
Sep 24 13:07:05.182572 Runner(Flutter)[1986] <Notice>: dartnative: ##BENCH## {"tag":"countpages","t_us":1790234525182434,"ev":"page_build","i":378}
Sep 24 13:07:05.182579 Runner(Flutter)[1986] <Notice>: dartnative: ##BENCH## {"tag":"countpages","t_us":1790234525182472,"ev":"page_build","i":379}
Sep 24 13:07:05.182612 Runner(Flutter)[1986] <Notice>: dartnative: ##BENCH## {"tag":"countpages","t_us":1790234525182536,"ev":"page_build","i":380}
Sep 24 13:07:05.182662 Runner(Flutter)[1986] <Notice>: dartnative: ##BENCH## {"tag":"countpages","t_us":1790234525182618,"ev":"page_build","i":381}
Sep 24 13:07:05.182824 Runner(Flutter)[1986] <Notice>: dartnative: ##BENCH## {"tag":"countpages","t_us":1790234525182719,"ev":"page_build","i":382}
Sep 24 13:07:05.182844 Runner(Flutter)[1986] <Notice>: dartnative: ##BENCH## {"tag":"countpages","t_us":1790234525182759,"ev":"page_build","i":383}
Sep 24 13:07:05.182852 Runner(Flutter)[1986] <Notice>: dartnative: ##BENCH## {"tag":"countpages","t_us":1790234525182795,"ev":"page_build","i":384}
Sep 24 13:07:05.182910 Runner(Flutter)[1986] <Notice>: dartnative: ##BENCH## {"tag":"countpages","t_us":1790234525182830,"ev":"page_build","i":385}
Sep 24 13:07:05.182972 Runner(Flutter)[1986] <Notice>: dartnative: ##BENCH## {"tag":"countpages","t_us":1790234525182921,"ev":"page_build","i":386}
Sep 24 13:07:05.183075 Runner(Flutter)[1986] <Notice>: dartnative: ##BENCH## {"tag":"countpages","t_us":1790234525182995,"ev":"page_build","i":387}
Sep 24 13:07:05.183120 Runner(Flutter)[1986] <Notice>: dartnative: ##BENCH## {"tag":"countpages","t_us":1790234525183048,"ev":"page_build","i":388}
Sep 24 13:07:05.183167 Runner(Flutter)[1986] <Notice>: dartnative: ##BENCH## {"tag":"countpages","t_us":1790234525183087,"ev":"page_build","i":389}
Sep 24 13:07:05.183300 Runner(Flutter)[1986] <Notice>: dartnative: ##BENCH## {"tag":"countpages","t_us":1790234525183174,"ev":"page_build","i":390}
Sep 24 13:07:05.183341 Runner(Flutter)[1986] <Notice>: dartnative: ##BENCH## {"tag":"countpages","t_us":1790234525183240,"ev":"page_build","i":391}
Sep 24 13:07:05.183373 Runner(Flutter)[1986] <Notice>: dartnative: ##BENCH## {"tag":"countpages","t_us":1790234525183276,"ev":"page_build","i":392}
Sep 24 13:07:05.183418 Runner(Flutter)[1986] <Notice>: dartnative: ##BENCH## {"tag":"countpages","t_us":1790234525183316,"ev":"page_build","i":393}
Sep 24 13:07:05.183534 Runner(Flutter)[1986] <Notice>: dartnative: ##BENCH## {"tag":"countpages","t_us":1790234525183450,"ev":"page_build","i":394}
Sep 24 13:07:05.183557 Runner(Flutter)[1986] <Notice>: dartnative: ##BENCH## {"tag":"countpages","t_us":1790234525183518,"ev":"page_build","i":395}
Sep 24 13:07:05.183629 Runner(Flutter)[1986] <Notice>: dartnative: ##BENCH## {"tag":"countpages","t_us":1790234525183556,"ev":"page_build","i":396}
Sep 24 13:07:05.183735 Runner(Flutter)[1986] <Notice>: dartnative: ##BENCH## {"tag":"countpages","t_us":1790234525183662,"ev":"page_build","i":397}
Sep 24 13:07:05.183870 Runner(Flutter)[1986] <Notice>: dartnative: ##BENCH## {"tag":"countpages","t_us":1790234525183778,"ev":"page_build","i":398}
Sep 24 13:07:05.183926 Runner(Flutter)[1986] <Notice>: dartnative: ##BENCH## {"tag":"countpages","t_us":1790234525183857,"ev":"page_build","i":399}
Sep 24 13:07:05.183958 Runner(Flutter)[1986] <Notice>: dartnative: ##BENCH## {"tag":"countpages","t_us":1790234525183895,"ev":"page_build","i":400}
Sep 24 13:07:05.184018 Runner(Flutter)[1986] <Notice>: dartnative: ##BENCH## {"tag":"countpages","t_us":1790234525183968,"ev":"page_build","i":401}
Sep 24 13:07:05.184062 Runner(Flutter)[1986] <Notice>: dartnative: ##BENCH## {"tag":"countpages","t_us":1790234525184007,"ev":"page_build","i":402}
Sep 24 13:07:05.184098 Runner(Flutter)[1986] <Notice>: dartnative: ##BENCH## {"tag":"countpages","t_us":1790234525184060,"ev":"page_build","i":403}
Sep 24 13:07:05.184165 Runner(Flutter)[1986] <Notice>: dartnative: ##BENCH## {"tag":"countpages","t_us":1790234525184100,"ev":"page_build","i":404}
Sep 24 13:07:05.184234 Runner(Flutter)[1986] <Notice>: dartnative: ##BENCH## {"tag":"countpages","t_us":1790234525184163,"ev":"page_build","i":405}
Sep 24 13:07:05.184288 Runner(Flutter)[1986] <Notice>: dartnative: ##BENCH## {"tag":"countpages","t_us":1790234525184247,"ev":"page_build","i":406}
Sep 24 13:07:05.184328 Runner(Flutter)[1986] <Notice>: dartnative: ##BENCH## {"tag":"countpages","t_us":1790234525184288,"ev":"page_build","i":407}
Sep 24 13:07:05.184398 Runner(Flutter)[1986] <Notice>: dartnative: ##BENCH## {"tag":"countpages","t_us":1790234525184346,"ev":"page_build","i":408}
Sep 24 13:07:05.184423 Runner(Flutter)[1986] <Notice>: dartnative: ##BENCH## {"tag":"countpages","t_us":1790234525184385,"ev":"page_build","i":409}
Sep 24 13:07:05.184560 Runner(Flutter)[1986] <Notice>: dartnative: ##BENCH## {"tag":"countpages","t_us":1790234525184424,"ev":"page_build","i":410}
Sep 24 13:07:05.184690 Runner(Flutter)[1986] <Notice>: dartnative: ##BENCH## {"tag":"countpages","t_us":1790234525184483,"ev":"page_build","i":411}
Sep 24 13:07:05.184708 Runner(Flutter)[1986] <Notice>: dartnative: ##BENCH## {"tag":"countpages","t_us":1790234525184538,"ev":"page_build","i":412}
Sep 24 13:07:05.184743 Runner(Flutter)[1986] <Notice>: dartnative: ##BENCH## {"tag":"countpages","t_us":1790234525184579,"ev":"page_build","i":413}
Sep 24 13:07:05.184795 Runner(Flutter)[1986] <Notice>: dartnative: ##BENCH## {"tag":"countpages","t_us":1790234525184692,"ev":"page_build","i":414}
Sep 24 13:07:05.184842 Runner(Flutter)[1986] <Notice>: dartnative: ##BENCH## {"tag":"countpages","t_us":1790234525184732,"ev":"page_build","i":415}
Sep 24 13:07:05.184898 Runner(Flutter)[1986] <Notice>: dartnative: ##BENCH## {"tag":"countpages","t_us":1790234525184843,"ev":"page_build","i":416}
Sep 24 13:07:05.184923 Runner(Flutter)[1986] <Notice>: dartnative: ##BENCH## {"tag":"countpages","t_us":1790234525184882,"ev":"page_build","i":417}
Sep 24 13:07:05.185165 Runner(Flutter)[1986] <Notice>: dartnative: ##BENCH## {"tag":"countpages","t_us":1790234525184972,"ev":"page_build","i":418}
Sep 24 13:07:05.185173 Runner(Flutter)[1986] <Notice>: dartnative: ##BENCH## {"tag":"countpages","t_us":1790234525185011,"ev":"page_build","i":419}
Sep 24 13:07:05.185180 Runner(Flutter)[1986] <Notice>: dartnative: ##BENCH## {"tag":"countpages","t_us":1790234525185050,"ev":"page_build","i":420}
Sep 24 13:07:05.185190 Runner(Flutter)[1986] <Notice>: dartnative: ##BENCH## {"tag":"countpages","t_us":1790234525185090,"ev":"page_build","i":421}
Sep 24 13:07:05.185197 Runner(Flutter)[1986] <Notice>: dartnative: ##BENCH## {"tag":"countpages","t_us":1790234525185127,"ev":"page_build","i":422}
Sep 24 13:07:05.185208 Runner(Flutter)[1986] <Notice>: dartnative: ##BENCH## {"tag":"countpages","t_us":1790234525185165,"ev":"page_build","i":423}
Sep 24 13:07:05.185388 Runner(Flutter)[1986] <Notice>: dartnative: ##BENCH## {"tag":"countpages","t_us":1790234525185242,"ev":"page_build","i":424}
Sep 24 13:07:05.185395 Runner(Flutter)[1986] <Notice>: dartnative: ##BENCH## {"tag":"countpages","t_us":1790234525185303,"ev":"page_build","i":425}
Sep 24 13:07:05.185429 Runner(Flutter)[1986] <Notice>: dartnative: ##BENCH## {"tag":"countpages","t_us":1790234525185342,"ev":"page_build","i":426}
Sep 24 13:07:05.185439 Runner(Flutter)[1986] <Notice>: dartnative: ##BENCH## {"tag":"countpages","t_us":1790234525185379,"ev":"page_build","i":427}
Sep 24 13:07:05.185476 Runner(Flutter)[1986] <Notice>: dartnative: ##BENCH## {"tag":"countpages","t_us":1790234525185434,"ev":"page_build","i":428}
Sep 24 13:07:05.185613 Runner(Flutter)[1986] <Notice>: dartnative: ##BENCH## {"tag":"countpages","t_us":1790234525185518,"ev":"page_build","i":429}
Sep 24 13:07:05.185632 Runner(Flutter)[1986] <Notice>: dartnative: ##BENCH## {"tag":"countpages","t_us":1790234525185579,"ev":"page_build","i":430}
Sep 24 13:07:05.185758 Runner(Flutter)[1986] <Notice>: dartnative: ##BENCH## {"tag":"countpages","t_us":1790234525185658,"ev":"page_build","i":431}
Sep 24 13:07:05.185802 Runner(Flutter)[1986] <Notice>: dartnative: ##BENCH## {"tag":"countpages","t_us":1790234525185752,"ev":"page_build","i":432}
Sep 24 13:07:05.185857 Runner(Flutter)[1986] <Notice>: dartnative: ##BENCH## {"tag":"countpages","t_us":1790234525185815,"ev":"page_build","i":433}
Sep 24 13:07:05.185959 Runner(Flutter)[1986] <Notice>: dartnative: ##BENCH## {"tag":"countpages","t_us":1790234525185857,"ev":"page_build","i":434}
Sep 24 13:07:05.186022 Runner(Flutter)[1986] <Notice>: dartnative: ##BENCH## {"tag":"countpages","t_us":1790234525185895,"ev":"page_build","i":435}
Sep 24 13:07:05.186039 Runner(Flutter)[1986] <Notice>: dartnative: ##BENCH## {"tag":"countpages","t_us":1790234525185952,"ev":"page_build","i":436}
Sep 24 13:07:05.186069 Runner(Flutter)[1986] <Notice>: dartnative: ##BENCH## {"tag":"countpages","t_us":1790234525186024,"ev":"page_build","i":437}
Sep 24 13:07:05.186175 Runner(Flutter)[1986] <Notice>: dartnative: ##BENCH## {"tag":"countpages","t_us":1790234525186129,"ev":"page_build","i":438}
Sep 24 13:07:05.186268 Runner(Flutter)[1986] <Notice>: dartnative: ##BENCH## {"tag":"countpages","t_us":1790234525186185,"ev":"page_build","i":439}
Sep 24 13:07:05.186286 Runner(Flutter)[1986] <Notice>: dartnative: ##BENCH## {"tag":"countpages","t_us":1790234525186240,"ev":"page_build","i":440}
Sep 24 13:07:05.186368 Runner(Flutter)[1986] <Notice>: dartnative: ##BENCH## {"tag":"countpages","t_us":1790234525186280,"ev":"page_build","i":441}
Sep 24 13:07:05.186410 Runner(Flutter)[1986] <Notice>: dartnative: ##BENCH## {"tag":"countpages","t_us":1790234525186345,"ev":"page_build","i":442}
Sep 24 13:07:05.186449 Runner(Flutter)[1986] <Notice>: dartnative: ##BENCH## {"tag":"countpages","t_us":1790234525186402,"ev":"page_build","i":443}
Sep 24 13:07:05.186547 Runner(Flutter)[1986] <Notice>: dartnative: ##BENCH## {"tag":"countpages","t_us":1790234525186459,"ev":"page_build","i":444}
Sep 24 13:07:05.190070 Runner(Flutter)[1986] <Notice>: dartnative: ##BENCH## {"tag":"countpages","t_us":1790234525189987,"ev":"page_build","i":445}
Sep 24 13:07:05.190228 Runner(Flutter)[1986] <Notice>: dartnative: ##BENCH## {"tag":"countpages","t_us":1790234525190128,"ev":"page_build","i":446}
Sep 24 13:07:05.190245 Runner(Flutter)[1986] <Notice>: dartnative: ##BENCH## {"tag":"countpages","t_us":1790234525190181,"ev":"page_build","i":447}
Sep 24 13:07:05.190265 Runner(Flutter)[1986] <Notice>: dartnative: ##BENCH## {"tag":"countpages","t_us":1790234525190223,"ev":"page_build","i":448}
Sep 24 13:07:05.190368 Runner(Flutter)[1986] <Notice>: dartnative: ##BENCH## {"tag":"countpages","t_us":1790234525190324,"ev":"page_build","i":449}
Sep 24 13:07:05.190406 Runner(Flutter)[1986] <Notice>: dartnative: ##BENCH## {"tag":"countpages","t_us":1790234525190369,"ev":"page_build","i":450}
Sep 24 13:07:05.190495 Runner(Flutter)[1986] <Notice>: dartnative: ##BENCH## {"tag":"countpages","t_us":1790234525190428,"ev":"page_build","i":451}
Sep 24 13:07:05.190535 Runner(Flutter)[1986] <Notice>: dartnative: ##BENCH## {"tag":"countpages","t_us":1790234525190484,"ev":"page_build","i":452}
Sep 24 13:07:05.190620 Runner(Flutter)[1986] <Notice>: dartnative: ##BENCH## {"tag":"countpages","t_us":1790234525190559,"ev":"page_build","i":453}
Sep 24 13:07:05.190665 Runner(Flutter)[1986] <Notice>: dartnative: ##BENCH## {"tag":"countpages","t_us":1790234525190621,"ev":"page_build","i":454}
Sep 24 13:07:05.190685 Runner(Flutter)[1986] <Notice>: dartnative: ##BENCH## {"tag":"countpages","t_us":1790234525190660,"ev":"page_build","i":455}
Sep 24 13:07:05.190745 Runner(Flutter)[1986] <Notice>: dartnative: ##BENCH## {"tag":"countpages","t_us":1790234525190697,"ev":"page_build","i":456}
Sep 24 13:07:05.190790 Runner(Flutter)[1986] <Notice>: dartnative: ##BENCH## {"tag":"countpages","t_us":1790234525190749,"ev":"page_build","i":457}
Sep 24 13:07:05.190847 Runner(Flutter)[1986] <Notice>: dartnative: ##BENCH## {"tag":"countpages","t_us":1790234525190805,"ev":"page_build","i":458}
Sep 24 13:07:05.190913 Runner(Flutter)[1986] <Notice>: dartnative: ##BENCH## {"tag":"countpages","t_us":1790234525190860,"ev":"page_build","i":459}
Sep 24 13:07:05.191051 Runner(Flutter)[1986] <Notice>: dartnative: ##BENCH## {"tag":"countpages","t_us":1790234525190947,"ev":"page_build","i":460}
Sep 24 13:07:05.191074 Runner(Flutter)[1986] <Notice>: dartnative: ##BENCH## {"tag":"countpages","t_us":1790234525190986,"ev":"page_build","i":461}
Sep 24 13:07:05.191081 Runner(Flutter)[1986] <Notice>: dartnative: ##BENCH## {"tag":"countpages","t_us":1790234525191025,"ev":"page_build","i":462}
Sep 24 13:07:05.191121 Runner(Flutter)[1986] <Notice>: dartnative: ##BENCH## {"tag":"countpages","t_us":1790234525191079,"ev":"page_build","i":463}
Sep 24 13:07:05.191237 Runner(Flutter)[1986] <Notice>: dartnative: ##BENCH## {"tag":"countpages","t_us":1790234525191139,"ev":"page_build","i":464}
Sep 24 13:07:05.191256 Runner(Flutter)[1986] <Notice>: dartnative: ##BENCH## {"tag":"countpages","t_us":1790234525191176,"ev":"page_build","i":465}
Sep 24 13:07:05.191278 Runner(Flutter)[1986] <Notice>: dartnative: ##BENCH## {"tag":"countpages","t_us":1790234525191210,"ev":"page_build","i":466}
Sep 24 13:07:05.191298 Runner(Flutter)[1986] <Notice>: dartnative: ##BENCH## {"tag":"countpages","t_us":1790234525191263,"ev":"page_build","i":467}
Sep 24 13:07:05.191383 Runner(Flutter)[1986] <Notice>: dartnative: ##BENCH## {"tag":"countpages","t_us":1790234525191316,"ev":"page_build","i":468}
Sep 24 13:07:05.191397 Runner(Flutter)[1986] <Notice>: dartnative: ##BENCH## {"tag":"countpages","t_us":1790234525191354,"ev":"page_build","i":469}
Sep 24 13:07:05.191437 Runner(Flutter)[1986] <Notice>: dartnative: ##BENCH## {"tag":"countpages","t_us":1790234525191393,"ev":"page_build","i":470}
Sep 24 13:07:05.191516 Runner(Flutter)[1986] <Notice>: dartnative: ##BENCH## {"tag":"countpages","t_us":1790234525191464,"ev":"page_build","i":471}
Sep 24 13:07:05.191559 Runner(Flutter)[1986] <Notice>: dartnative: ##BENCH## {"tag":"countpages","t_us":1790234525191519,"ev":"page_build","i":472}
Sep 24 13:07:05.191594 Runner(Flutter)[1986] <Notice>: dartnative: ##BENCH## {"tag":"countpages","t_us":1790234525191557,"ev":"page_build","i":473}
Sep 24 13:07:05.191629 Runner(Flutter)[1986] <Notice>: dartnative: ##BENCH## {"tag":"countpages","t_us":1790234525191594,"ev":"page_build","i":474}
Sep 24 13:07:05.191673 Runner(Flutter)[1986] <Notice>: dartnative: ##BENCH## {"tag":"countpages","t_us":1790234525191631,"ev":"page_build","i":475}
Sep 24 13:07:05.191730 Runner(Flutter)[1986] <Notice>: dartnative: ##BENCH## {"tag":"countpages","t_us":1790234525191684,"ev":"page_build","i":476}
Sep 24 13:07:05.191804 Runner(Flutter)[1986] <Notice>: dartnative: ##BENCH## {"tag":"countpages","t_us":1790234525191739,"ev":"page_build","i":477}
Sep 24 13:07:05.191840 Runner(Flutter)[1986] <Notice>: dartnative: ##BENCH## {"tag":"countpages","t_us":1790234525191797,"ev":"page_build","i":478}
Sep 24 13:07:05.191878 Runner(Flutter)[1986] <Notice>: dartnative: ##BENCH## {"tag":"countpages","t_us":1790234525191840,"ev":"page_build","i":479}
Sep 24 13:07:05.191922 Runner(Flutter)[1986] <Notice>: dartnative: ##BENCH## {"tag":"countpages","t_us":1790234525191881,"ev":"page_build","i":480}
Sep 24 13:07:05.192053 Runner(Flutter)[1986] <Notice>: dartnative: ##BENCH## {"tag":"countpages","t_us":1790234525191953,"ev":"page_build","i":481}
Sep 24 13:07:05.192074 Runner(Flutter)[1986] <Notice>: dartnative: ##BENCH## {"tag":"countpages","t_us":1790234525191993,"ev":"page_build","i":482}
Sep 24 13:07:05.192092 Runner(Flutter)[1986] <Notice>: dartnative: ##BENCH## {"tag":"countpages","t_us":1790234525192054,"ev":"page_build","i":483}
Sep 24 13:07:05.192175 Runner(Flutter)[1986] <Notice>: dartnative: ##BENCH## {"tag":"countpages","t_us":1790234525192122,"ev":"page_build","i":484}
Sep 24 13:07:05.192201 Runner(Flutter)[1986] <Notice>: dartnative: ##BENCH## {"tag":"countpages","t_us":1790234525192162,"ev":"page_build","i":485}
Sep 24 13:07:05.192269 Runner(Flutter)[1986] <Notice>: dartnative: ##BENCH## {"tag":"countpages","t_us":1790234525192199,"ev":"page_build","i":486}
Sep 24 13:07:05.192277 Runner(Flutter)[1986] <Notice>: dartnative: ##BENCH## {"tag":"countpages","t_us":1790234525192238,"ev":"page_build","i":487}
Sep 24 13:07:05.192321 Runner(Flutter)[1986] <Notice>: dartnative: ##BENCH## {"tag":"countpages","t_us":1790234525192275,"ev":"page_build","i":488}
Sep 24 13:07:05.192370 Runner(Flutter)[1986] <Notice>: dartnative: ##BENCH## {"tag":"countpages","t_us":1790234525192322,"ev":"page_build","i":489}
Sep 24 13:07:05.192423 Runner(Flutter)[1986] <Notice>: dartnative: ##BENCH## {"tag":"countpages","t_us":1790234525192379,"ev":"page_build","i":490}
Sep 24 13:07:05.192458 Runner(Flutter)[1986] <Notice>: dartnative: ##BENCH## {"tag":"countpages","t_us":1790234525192417,"ev":"page_build","i":491}
Sep 24 13:07:05.192517 Runner(Flutter)[1986] <Notice>: dartnative: ##BENCH## {"tag":"countpages","t_us":1790234525192477,"ev":"page_build","i":492}
Sep 24 13:07:05.192577 Runner(Flutter)[1986] <Notice>: dartnative: ##BENCH## {"tag":"countpages","t_us":1790234525192529,"ev":"page_build","i":493}
Sep 24 13:07:05.192614 Runner(Flutter)[1986] <Notice>: dartnative: ##BENCH## {"tag":"countpages","t_us":1790234525192568,"ev":"page_build","i":494}
Sep 24 13:07:05.192650 Runner(Flutter)[1986] <Notice>: dartnative: ##BENCH## {"tag":"countpages","t_us":1790234525192607,"ev":"page_build","i":495}
Sep 24 13:07:05.192706 Runner(Flutter)[1986] <Notice>: dartnative: ##BENCH## {"tag":"countpages","t_us":1790234525192663,"ev":"page_build","i":496}
Sep 24 13:07:05.192741 Runner(Flutter)[1986] <Notice>: dartnative: ##BENCH## {"tag":"countpages","t_us":1790234525192705,"ev":"page_build","i":497}
Sep 24 13:07:05.192778 Runner(Flutter)[1986] <Notice>: dartnative: ##BENCH## {"tag":"countpages","t_us":1790234525192742,"ev":"page_build","i":498}
Sep 24 13:07:05.192834 Runner(Flutter)[1986] <Notice>: dartnative: ##BENCH## {"tag":"countpages","t_us":1790234525192794,"ev":"page_build","i":499}
Sep 24 13:07:05.192870 Runner(Flutter)[1986] <Notice>: dartnative: ##BENCH## {"tag":"countpages","t_us":1790234525192832,"ev":"page_build","i":500}
Sep 24 13:07:05.192969 Runner(Flutter)[1986] <Notice>: dartnative: ##BENCH## {"tag":"countpages","t_us":1790234525192871,"ev":"page_build","i":501}
Sep 24 13:07:05.192976 Runner(Flutter)[1986] <Notice>: dartnative: ##BENCH## {"tag":"countpages","t_us":1790234525192916,"ev":"page_build","i":502}
Sep 24 13:07:05.192991 Runner(Flutter)[1986] <Notice>: dartnative: ##BENCH## {"tag":"countpages","t_us":1790234525192954,"ev":"page_build","i":503}
Sep 24 13:07:05.193032 Runner(Flutter)[1986] <Notice>: dartnative: ##BENCH## {"tag":"countpages","t_us":1790234525192991,"ev":"page_build","i":504}
Sep 24 13:07:05.193067 Runner(Flutter)[1986] <Notice>: dartnative: ##BENCH## {"tag":"countpages","t_us":1790234525193029,"ev":"page_build","i":505}
Sep 24 13:07:05.193113 Runner(Flutter)[1986] <Notice>: dartnative: ##BENCH## {"tag":"countpages","t_us":1790234525193069,"ev":"page_build","i":506}
Sep 24 13:07:05.193151 Runner(Flutter)[1986] <Notice>: dartnative: ##BENCH## {"tag":"countpages","t_us":1790234525193108,"ev":"page_build","i":507}
Sep 24 13:07:05.193200 Runner(Flutter)[1986] <Notice>: dartnative: ##BENCH## {"tag":"countpages","t_us":1790234525193146,"ev":"page_build","i":508}
Sep 24 13:07:05.193220 Runner(Flutter)[1986] <Notice>: dartnative: ##BENCH## {"tag":"countpages","t_us":1790234525193184,"ev":"page_build","i":509}
Sep 24 13:07:05.194032 Runner(Flutter)[1986] <Notice>: dartnative: ##BENCH## {"tag":"countpages","t_us":1790234525193984,"ev":"page_build","i":510}
Sep 24 13:07:05.194068 Runner(Flutter)[1986] <Notice>: dartnative: ##BENCH## {"tag":"countpages","t_us":1790234525194028,"ev":"page_build","i":511}
Sep 24 13:07:05.194107 Runner(Flutter)[1986] <Notice>: dartnative: ##BENCH## {"tag":"countpages","t_us":1790234525194066,"ev":"page_build","i":512}
Sep 24 13:07:05.194144 Runner(Flutter)[1986] <Notice>: dartnative: ##BENCH## {"tag":"countpages","t_us":1790234525194107,"ev":"page_build","i":513}
Sep 24 13:07:05.194194 Runner(Flutter)[1986] <Notice>: dartnative: ##BENCH## {"tag":"countpages","t_us":1790234525194144,"ev":"page_build","i":514}
Sep 24 13:07:05.194257 Runner(Flutter)[1986] <Notice>: dartnative: ##BENCH## {"tag":"countpages","t_us":1790234525194184,"ev":"page_build","i":515}
Sep 24 13:07:05.194314 Runner(Flutter)[1986] <Notice>: dartnative: ##BENCH## {"tag":"countpages","t_us":1790234525194245,"ev":"page_build","i":516}
Sep 24 13:07:05.194361 Runner(Flutter)[1986] <Notice>: dartnative: ##BENCH## {"tag":"countpages","t_us":1790234525194291,"ev":"page_build","i":517}
Sep 24 13:07:05.194462 Runner(Flutter)[1986] <Notice>: dartnative: ##BENCH## {"tag":"countpages","t_us":1790234525194330,"ev":"page_build","i":518}
Sep 24 13:07:05.194493 Runner(Flutter)[1986] <Notice>: dartnative: ##BENCH## {"tag":"countpages","t_us":1790234525194406,"ev":"page_build","i":519}
Sep 24 13:07:05.194508 Runner(Flutter)[1986] <Notice>: dartnative: ##BENCH## {"tag":"countpages","t_us":1790234525194446,"ev":"page_build","i":520}
Sep 24 13:07:05.194539 Runner(Flutter)[1986] <Notice>: dartnative: ##BENCH## {"tag":"countpages","t_us":1790234525194484,"ev":"page_build","i":521}
Sep 24 13:07:05.194561 Runner(Flutter)[1986] <Notice>: dartnative: ##BENCH## {"tag":"countpages","t_us":1790234525194521,"ev":"page_build","i":522}
Sep 24 13:07:05.194598 Runner(Flutter)[1986] <Notice>: dartnative: ##BENCH## {"tag":"countpages","t_us":1790234525194557,"ev":"page_build","i":523}
Sep 24 13:07:05.194635 Runner(Flutter)[1986] <Notice>: dartnative: ##BENCH## {"tag":"countpages","t_us":1790234525194597,"ev":"page_build","i":524}
Sep 24 13:07:05.194698 Runner(Flutter)[1986] <Notice>: dartnative: ##BENCH## {"tag":"countpages","t_us":1790234525194655,"ev":"page_build","i":525}
Sep 24 13:07:05.194761 Runner(Flutter)[1986] <Notice>: dartnative: ##BENCH## {"tag":"countpages","t_us":1790234525194713,"ev":"page_build","i":526}
Sep 24 13:07:05.194831 Runner(Flutter)[1986] <Notice>: dartnative: ##BENCH## {"tag":"countpages","t_us":1790234525194771,"ev":"page_build","i":527}
Sep 24 13:07:05.194877 Runner(Flutter)[1986] <Notice>: dartnative: ##BENCH## {"tag":"countpages","t_us":1790234525194811,"ev":"page_build","i":528}
Sep 24 13:07:05.194896 Runner(Flutter)[1986] <Notice>: dartnative: ##BENCH## {"tag":"countpages","t_us":1790234525194850,"ev":"page_build","i":529}
Sep 24 13:07:05.194926 Runner(Flutter)[1986] <Notice>: dartnative: ##BENCH## {"tag":"countpages","t_us":1790234525194886,"ev":"page_build","i":530}
Sep 24 13:07:05.194992 Runner(Flutter)[1986] <Notice>: dartnative: ##BENCH## {"tag":"countpages","t_us":1790234525194924,"ev":"page_build","i":531}
Sep 24 13:07:05.195000 Runner(Flutter)[1986] <Notice>: dartnative: ##BENCH## {"tag":"countpages","t_us":1790234525194964,"ev":"page_build","i":532}
Sep 24 13:07:05.195049 Runner(Flutter)[1986] <Notice>: dartnative: ##BENCH## {"tag":"countpages","t_us":1790234525195006,"ev":"page_build","i":533}
Sep 24 13:07:05.195085 Runner(Flutter)[1986] <Notice>: dartnative: ##BENCH## {"tag":"countpages","t_us":1790234525195044,"ev":"page_build","i":534}
Sep 24 13:07:05.195143 Runner(Flutter)[1986] <Notice>: dartnative: ##BENCH## {"tag":"countpages","t_us":1790234525195083,"ev":"page_build","i":535}
Sep 24 13:07:05.195213 Runner(Flutter)[1986] <Notice>: dartnative: ##BENCH## {"tag":"countpages","t_us":1790234525195166,"ev":"page_build","i":536}
Sep 24 13:07:05.195269 Runner(Flutter)[1986] <Notice>: dartnative: ##BENCH## {"tag":"countpages","t_us":1790234525195207,"ev":"page_build","i":537}
Sep 24 13:07:05.195296 Runner(Flutter)[1986] <Notice>: dartnative: ##BENCH## {"tag":"countpages","t_us":1790234525195249,"ev":"page_build","i":538}
Sep 24 13:07:05.195340 Runner(Flutter)[1986] <Notice>: dartnative: ##BENCH## {"tag":"countpages","t_us":1790234525195286,"ev":"page_build","i":539}
Sep 24 13:07:05.195403 Runner(Flutter)[1986] <Notice>: dartnative: ##BENCH## {"tag":"countpages","t_us":1790234525195322,"ev":"page_build","i":540}
Sep 24 13:07:05.195436 Runner(Flutter)[1986] <Notice>: dartnative: ##BENCH## {"tag":"countpages","t_us":1790234525195359,"ev":"page_build","i":541}
Sep 24 13:07:05.195487 Runner(Flutter)[1986] <Notice>: dartnative: ##BENCH## {"tag":"countpages","t_us":1790234525195404,"ev":"page_build","i":542}
Sep 24 13:07:05.195527 Runner(Flutter)[1986] <Notice>: dartnative: ##BENCH## {"tag":"countpages","t_us":1790234525195443,"ev":"page_build","i":543}
Sep 24 13:07:05.195545 Runner(Flutter)[1986] <Notice>: dartnative: ##BENCH## {"tag":"countpages","t_us":1790234525195480,"ev":"page_build","i":544}
Sep 24 13:07:05.195562 Runner(Flutter)[1986] <Notice>: dartnative: ##BENCH## {"tag":"countpages","t_us":1790234525195524,"ev":"page_build","i":545}
Sep 24 13:07:05.195598 Runner(Flutter)[1986] <Notice>: dartnative: ##BENCH## {"tag":"countpages","t_us":1790234525195561,"ev":"page_build","i":546}
Sep 24 13:07:05.195722 Runner(Flutter)[1986] <Notice>: dartnative: ##BENCH## {"tag":"countpages","t_us":1790234525195636,"ev":"page_build","i":547}
Sep 24 13:07:05.195748 Runner(Flutter)[1986] <Notice>: dartnative: ##BENCH## {"tag":"countpages","t_us":1790234525195675,"ev":"page_build","i":548}
Sep 24 13:07:05.195807 Runner(Flutter)[1986] <Notice>: dartnative: ##BENCH## {"tag":"countpages","t_us":1790234525195736,"ev":"page_build","i":549}
Sep 24 13:07:05.195816 Runner(Flutter)[1986] <Notice>: dartnative: ##BENCH## {"tag":"countpages","t_us":1790234525195774,"ev":"page_build","i":550}
Sep 24 13:07:05.195906 Runner(Flutter)[1986] <Notice>: dartnative: ##BENCH## {"tag":"countpages","t_us":1790234525195863,"ev":"page_build","i":551}
Sep 24 13:07:05.195964 Runner(Flutter)[1986] <Notice>: dartnative: ##BENCH## {"tag":"countpages","t_us":1790234525195904,"ev":"page_build","i":552}
Sep 24 13:07:05.196002 Runner(Flutter)[1986] <Notice>: dartnative: ##BENCH## {"tag":"countpages","t_us":1790234525195942,"ev":"page_build","i":553}
Sep 24 13:07:05.196042 Runner(Flutter)[1986] <Notice>: dartnative: ##BENCH## {"tag":"countpages","t_us":1790234525195981,"ev":"page_build","i":554}
Sep 24 13:07:05.196067 Runner(Flutter)[1986] <Notice>: dartnative: ##BENCH## {"tag":"countpages","t_us":1790234525196019,"ev":"page_build","i":555}
Sep 24 13:07:05.196130 Runner(Flutter)[1986] <Notice>: dartnative: ##BENCH## {"tag":"countpages","t_us":1790234525196074,"ev":"page_build","i":556}
Sep 24 13:07:05.196175 Runner(Flutter)[1986] <Notice>: dartnative: ##BENCH## {"tag":"countpages","t_us":1790234525196115,"ev":"page_build","i":557}
Sep 24 13:07:05.196196 Runner(Flutter)[1986] <Notice>: dartnative: ##BENCH## {"tag":"countpages","t_us":1790234525196155,"ev":"page_build","i":558}
Sep 24 13:07:05.196265 Runner(Flutter)[1986] <Notice>: dartnative: ##BENCH## {"tag":"countpages","t_us":1790234525196190,"ev":"page_build","i":559}
Sep 24 13:07:05.196299 Runner(Flutter)[1986] <Notice>: dartnative: ##BENCH## {"tag":"countpages","t_us":1790234525196227,"ev":"page_build","i":560}
Sep 24 13:07:05.196340 Runner(Flutter)[1986] <Notice>: dartnative: ##BENCH## {"tag":"countpages","t_us":1790234525196282,"ev":"page_build","i":561}
Sep 24 13:07:05.196380 Runner(Flutter)[1986] <Notice>: dartnative: ##BENCH## {"tag":"countpages","t_us":1790234525196318,"ev":"page_build","i":562}
Sep 24 13:07:05.196468 Runner(Flutter)[1986] <Notice>: dartnative: ##BENCH## {"tag":"countpages","t_us":1790234525196375,"ev":"page_build","i":563}
Sep 24 13:07:05.196477 Runner(Flutter)[1986] <Notice>: dartnative: ##BENCH## {"tag":"countpages","t_us":1790234525196413,"ev":"page_build","i":564}
Sep 24 13:07:05.196501 Runner(Flutter)[1986] <Notice>: dartnative: ##BENCH## {"tag":"countpages","t_us":1790234525196449,"ev":"page_build","i":565}
Sep 24 13:07:05.196533 Runner(Flutter)[1986] <Notice>: dartnative: ##BENCH## {"tag":"countpages","t_us":1790234525196507,"ev":"page_build","i":566}
Sep 24 13:07:05.196571 Runner(Flutter)[1986] <Notice>: dartnative: ##BENCH## {"tag":"countpages","t_us":1790234525196544,"ev":"page_build","i":567}
Sep 24 13:07:05.196642 Runner(Flutter)[1986] <Notice>: dartnative: ##BENCH## {"tag":"countpages","t_us":1790234525196581,"ev":"page_build","i":568}
Sep 24 13:07:05.196679 Runner(Flutter)[1986] <Notice>: dartnative: ##BENCH## {"tag":"countpages","t_us":1790234525196622,"ev":"page_build","i":569}
Sep 24 13:07:05.196722 Runner(Flutter)[1986] <Notice>: dartnative: ##BENCH## {"tag":"countpages","t_us":1790234525196683,"ev":"page_build","i":570}
Sep 24 13:07:05.196770 Runner(Flutter)[1986] <Notice>: dartnative: ##BENCH## {"tag":"countpages","t_us":1790234525196722,"ev":"page_build","i":571}
Sep 24 13:07:05.196808 Runner(Flutter)[1986] <Notice>: dartnative: ##BENCH## {"tag":"countpages","t_us":1790234525196778,"ev":"page_build","i":572}
Sep 24 13:07:05.196846 Runner(Flutter)[1986] <Notice>: dartnative: ##BENCH## {"tag":"countpages","t_us":1790234525196820,"ev":"page_build","i":573}
Sep 24 13:07:05.196882 Runner(Flutter)[1986] <Notice>: dartnative: ##BENCH## {"tag":"countpages","t_us":1790234525196856,"ev":"page_build","i":574}
Sep 24 13:07:05.196948 Runner(Flutter)[1986] <Notice>: dartnative: ##BENCH## {"tag":"countpages","t_us":1790234525196893,"ev":"page_build","i":575}
Sep 24 13:07:05.197011 Runner(Flutter)[1986] <Notice>: dartnative: ##BENCH## {"tag":"countpages","t_us":1790234525196929,"ev":"page_build","i":576}
Sep 24 13:07:05.197057 Runner(Flutter)[1986] <Notice>: dartnative: ##BENCH## {"tag":"countpages","t_us":1790234525196985,"ev":"page_build","i":577}
Sep 24 13:07:05.197075 Runner(Flutter)[1986] <Notice>: dartnative: ##BENCH## {"tag":"countpages","t_us":1790234525197019,"ev":"page_build","i":578}
Sep 24 13:07:05.197188 Runner(Flutter)[1986] <Notice>: dartnative: ##BENCH## {"tag":"countpages","t_us":1790234525197089,"ev":"page_build","i":579}
Sep 24 13:07:05.197224 Runner(Flutter)[1986] <Notice>: dartnative: ##BENCH## {"tag":"countpages","t_us":1790234525197130,"ev":"page_build","i":580}
Sep 24 13:07:05.197267 Runner(Flutter)[1986] <Notice>: dartnative: ##BENCH## {"tag":"countpages","t_us":1790234525197170,"ev":"page_build","i":581}
Sep 24 13:07:05.197319 Runner(Flutter)[1986] <Notice>: dartnative: ##BENCH## {"tag":"countpages","t_us":1790234525197207,"ev":"page_build","i":582}
Sep 24 13:07:05.197368 Runner(Flutter)[1986] <Notice>: dartnative: ##BENCH## {"tag":"countpages","t_us":1790234525197241,"ev":"page_build","i":583}
Sep 24 13:07:05.197390 Runner(Flutter)[1986] <Notice>: dartnative: ##BENCH## {"tag":"countpages","t_us":1790234525197278,"ev":"page_build","i":584}
Sep 24 13:07:05.197406 Runner(Flutter)[1986] <Notice>: dartnative: ##BENCH## {"tag":"countpages","t_us":1790234525197314,"ev":"page_build","i":585}
Sep 24 13:07:05.197436 Runner(Flutter)[1986] <Notice>: dartnative: ##BENCH## {"tag":"countpages","t_us":1790234525197369,"ev":"page_build","i":586}
Sep 24 13:07:05.197539 Runner(Flutter)[1986] <Notice>: dartnative: ##BENCH## {"tag":"countpages","t_us":1790234525197456,"ev":"page_build","i":587}
Sep 24 13:07:05.197559 Runner(Flutter)[1986] <Notice>: dartnative: ##BENCH## {"tag":"countpages","t_us":1790234525197494,"ev":"page_build","i":588}
Sep 24 13:07:05.197590 Runner(Flutter)[1986] <Notice>: dartnative: ##BENCH## {"tag":"countpages","t_us":1790234525197534,"ev":"page_build","i":589}
Sep 24 13:07:05.197664 Runner(Flutter)[1986] <Notice>: dartnative: ##BENCH## {"tag":"countpages","t_us":1790234525197593,"ev":"page_build","i":590}
Sep 24 13:07:05.197701 Runner(Flutter)[1986] <Notice>: dartnative: ##BENCH## {"tag":"countpages","t_us":1790234525197650,"ev":"page_build","i":591}
Sep 24 13:07:05.197765 Runner(Flutter)[1986] <Notice>: dartnative: ##BENCH## {"tag":"countpages","t_us":1790234525197707,"ev":"page_build","i":592}
Sep 24 13:07:05.197808 Runner(Flutter)[1986] <Notice>: dartnative: ##BENCH## {"tag":"countpages","t_us":1790234525197746,"ev":"page_build","i":593}
Sep 24 13:07:05.197859 Runner(Flutter)[1986] <Notice>: dartnative: ##BENCH## {"tag":"countpages","t_us":1790234525197780,"ev":"page_build","i":594}
Sep 24 13:07:05.197880 Runner(Flutter)[1986] <Notice>: dartnative: ##BENCH## {"tag":"countpages","t_us":1790234525197817,"ev":"page_build","i":595}
Sep 24 13:07:05.197917 Runner(Flutter)[1986] <Notice>: dartnative: ##BENCH## {"tag":"countpages","t_us":1790234525197853,"ev":"page_build","i":596}
Sep 24 13:07:05.197943 Runner(Flutter)[1986] <Notice>: dartnative: ##BENCH## {"tag":"countpages","t_us":1790234525197888,"ev":"page_build","i":597}
Sep 24 13:07:05.198001 Runner(Flutter)[1986] <Notice>: dartnative: ##BENCH## {"tag":"countpages","t_us":1790234525197926,"ev":"page_build","i":598}
Sep 24 13:07:05.198041 Runner(Flutter)[1986] <Notice>: dartnative: ##BENCH## {"tag":"countpages","t_us":1790234525197959,"ev":"page_build","i":599}
Sep 24 13:07:05.198065 Runner(Flutter)[1986] <Notice>: dartnative: ##BENCH## {"tag":"countpages","t_us":1790234525197994,"ev":"page_build","i":600}
Sep 24 13:07:05.198073 Runner(Flutter)[1986] <Notice>: dartnative: ##BENCH## {"tag":"countpages","t_us":1790234525198033,"ev":"page_build","i":601}
Sep 24 13:07:05.198133 Runner(Flutter)[1986] <Notice>: dartnative: ##BENCH## {"tag":"countpages","t_us":1790234525198069,"ev":"page_build","i":602}
Sep 24 13:07:05.198184 Runner(Flutter)[1986] <Notice>: dartnative: ##BENCH## {"tag":"countpages","t_us":1790234525198108,"ev":"page_build","i":603}
Sep 24 13:07:05.198246 Runner(Flutter)[1986] <Notice>: dartnative: ##BENCH## {"tag":"countpages","t_us":1790234525198144,"ev":"page_build","i":604}
Sep 24 13:07:05.198300 Runner(Flutter)[1986] <Notice>: dartnative: ##BENCH## {"tag":"countpages","t_us":1790234525198236,"ev":"page_build","i":605}
Sep 24 13:07:05.198341 Runner(Flutter)[1986] <Notice>: dartnative: ##BENCH## {"tag":"countpages","t_us":1790234525198275,"ev":"page_build","i":606}
Sep 24 13:07:05.198379 Runner(Flutter)[1986] <Notice>: dartnative: ##BENCH## {"tag":"countpages","t_us":1790234525198311,"ev":"page_build","i":607}
Sep 24 13:07:05.198430 Runner(Flutter)[1986] <Notice>: dartnative: ##BENCH## {"tag":"countpages","t_us":1790234525198345,"ev":"page_build","i":608}
Sep 24 13:07:05.198534 Runner(Flutter)[1986] <Notice>: dartnative: ##BENCH## {"tag":"countpages","t_us":1790234525198379,"ev":"page_build","i":609}
Sep 24 13:07:05.198556 Runner(Flutter)[1986] <Notice>: dartnative: ##BENCH## {"tag":"countpages","t_us":1790234525198417,"ev":"page_build","i":610}
Sep 24 13:07:05.198600 Runner(Flutter)[1986] <Notice>: dartnative: ##BENCH## {"tag":"countpages","t_us":1790234525198453,"ev":"page_build","i":611}
Sep 24 13:07:05.198635 Runner(Flutter)[1986] <Notice>: dartnative: ##BENCH## {"tag":"countpages","t_us":1790234525198489,"ev":"page_build","i":612}
Sep 24 13:07:05.198687 Runner(Flutter)[1986] <Notice>: dartnative: ##BENCH## {"tag":"countpages","t_us":1790234525198584,"ev":"page_build","i":613}
Sep 24 13:07:05.198730 Runner(Flutter)[1986] <Notice>: dartnative: ##BENCH## {"tag":"countpages","t_us":1790234525198622,"ev":"page_build","i":614}
Sep 24 13:07:05.198758 Runner(Flutter)[1986] <Notice>: dartnative: ##BENCH## {"tag":"countpages","t_us":1790234525198660,"ev":"page_build","i":615}
Sep 24 13:07:05.198799 Runner(Flutter)[1986] <Notice>: dartnative: ##BENCH## {"tag":"countpages","t_us":1790234525198698,"ev":"page_build","i":616}
Sep 24 13:07:05.198837 Runner(Flutter)[1986] <Notice>: dartnative: ##BENCH## {"tag":"countpages","t_us":1790234525198737,"ev":"page_build","i":617}
Sep 24 13:07:05.198903 Runner(Flutter)[1986] <Notice>: dartnative: ##BENCH## {"tag":"countpages","t_us":1790234525198841,"ev":"page_build","i":618}
Sep 24 13:07:05.198946 Runner(Flutter)[1986] <Notice>: dartnative: ##BENCH## {"tag":"countpages","t_us":1790234525198882,"ev":"page_build","i":619}
Sep 24 13:07:05.199011 Runner(Flutter)[1986] <Notice>: dartnative: ##BENCH## {"tag":"countpages","t_us":1790234525198921,"ev":"page_build","i":620}
Sep 24 13:07:05.199057 Runner(Flutter)[1986] <Notice>: dartnative: ##BENCH## {"tag":"countpages","t_us":1790234525198961,"ev":"page_build","i":621}
Sep 24 13:07:05.199088 Runner(Flutter)[1986] <Notice>: dartnative: ##BENCH## {"tag":"countpages","t_us":1790234525198998,"ev":"page_build","i":622}
Sep 24 13:07:05.199132 Runner(Flutter)[1986] <Notice>: dartnative: ##BENCH## {"tag":"countpages","t_us":1790234525199060,"ev":"page_build","i":623}
Sep 24 13:07:05.199169 Runner(Flutter)[1986] <Notice>: dartnative: ##BENCH## {"tag":"countpages","t_us":1790234525199101,"ev":"page_build","i":624}
Sep 24 13:07:05.199202 Runner(Flutter)[1986] <Notice>: dartnative: ##BENCH## {"tag":"countpages","t_us":1790234525199140,"ev":"page_build","i":625}
Sep 24 13:07:05.199240 Runner(Flutter)[1986] <Notice>: dartnative: ##BENCH## {"tag":"countpages","t_us":1790234525199178,"ev":"page_build","i":626}
Sep 24 13:07:05.199296 Runner(Flutter)[1986] <Notice>: dartnative: ##BENCH## {"tag":"countpages","t_us":1790234525199216,"ev":"page_build","i":627}
Sep 24 13:07:05.199330 Runner(Flutter)[1986] <Notice>: dartnative: ##BENCH## {"tag":"countpages","t_us":1790234525199255,"ev":"page_build","i":628}
Sep 24 13:07:05.199404 Runner(Flutter)[1986] <Notice>: dartnative: ##BENCH## {"tag":"countpages","t_us":1790234525199355,"ev":"page_build","i":629}
Sep 24 13:07:05.199439 Runner(Flutter)[1986] <Notice>: dartnative: ##BENCH## {"tag":"countpages","t_us":1790234525199395,"ev":"page_build","i":630}
Sep 24 13:07:05.199468 Runner(Flutter)[1986] <Notice>: dartnative: ##BENCH## {"tag":"countpages","t_us":1790234525199436,"ev":"page_build","i":631}
Sep 24 13:07:05.199512 Runner(Flutter)[1986] <Notice>: dartnative: ##BENCH## {"tag":"countpages","t_us":1790234525199475,"ev":"page_build","i":632}
Sep 24 13:07:05.199581 Runner(Flutter)[1986] <Notice>: dartnative: ##BENCH## {"tag":"countpages","t_us":1790234525199513,"ev":"page_build","i":633}
Sep 24 13:07:05.199614 Runner(Flutter)[1986] <Notice>: dartnative: ##BENCH## {"tag":"countpages","t_us":1790234525199553,"ev":"page_build","i":634}
Sep 24 13:07:05.199644 Runner(Flutter)[1986] <Notice>: dartnative: ##BENCH## {"tag":"countpages","t_us":1790234525199591,"ev":"page_build","i":635}
Sep 24 13:07:05.199684 Runner(Flutter)[1986] <Notice>: dartnative: ##BENCH## {"tag":"countpages","t_us":1790234525199628,"ev":"page_build","i":636}
Sep 24 13:07:05.199730 Runner(Flutter)[1986] <Notice>: dartnative: ##BENCH## {"tag":"countpages","t_us":1790234525199667,"ev":"page_build","i":637}
Sep 24 13:07:05.199811 Runner(Flutter)[1986] <Notice>: dartnative: ##BENCH## {"tag":"countpages","t_us":1790234525199746,"ev":"page_build","i":638}
Sep 24 13:07:05.199839 Runner(Flutter)[1986] <Notice>: dartnative: ##BENCH## {"tag":"countpages","t_us":1790234525199788,"ev":"page_build","i":639}
Sep 24 13:07:05.199880 Runner(Flutter)[1986] <Notice>: dartnative: ##BENCH## {"tag":"countpages","t_us":1790234525199826,"ev":"page_build","i":640}
Sep 24 13:07:05.199928 Runner(Flutter)[1986] <Notice>: dartnative: ##BENCH## {"tag":"countpages","t_us":1790234525199866,"ev":"page_build","i":641}
Sep 24 13:07:05.199972 Runner(Flutter)[1986] <Notice>: dartnative: ##BENCH## {"tag":"countpages","t_us":1790234525199927,"ev":"page_build","i":642}
Sep 24 13:07:05.200009 Runner(Flutter)[1986] <Notice>: dartnative: ##BENCH## {"tag":"countpages","t_us":1790234525199968,"ev":"page_build","i":643}
Sep 24 13:07:05.200051 Runner(Flutter)[1986] <Notice>: dartnative: ##BENCH## {"tag":"countpages","t_us":1790234525200008,"ev":"page_build","i":644}
Sep 24 13:07:05.200110 Runner(Flutter)[1986] <Notice>: dartnative: ##BENCH## {"tag":"countpages","t_us":1790234525200049,"ev":"page_build","i":645}
Sep 24 13:07:05.200155 Runner(Flutter)[1986] <Notice>: dartnative: ##BENCH## {"tag":"countpages","t_us":1790234525200090,"ev":"page_build","i":646}
Sep 24 13:07:05.200174 Runner(Flutter)[1986] <Notice>: dartnative: ##BENCH## {"tag":"countpages","t_us":1790234525200128,"ev":"page_build","i":647}
Sep 24 13:07:05.200223 Runner(Flutter)[1986] <Notice>: dartnative: ##BENCH## {"tag":"countpages","t_us":1790234525200166,"ev":"page_build","i":648}
Sep 24 13:07:05.200243 Runner(Flutter)[1986] <Notice>: dartnative: ##BENCH## {"tag":"countpages","t_us":1790234525200206,"ev":"page_build","i":649}
Sep 24 13:07:05.200326 Runner(Flutter)[1986] <Notice>: dartnative: ##BENCH## {"tag":"countpages","t_us":1790234525200249,"ev":"page_build","i":650}
Sep 24 13:07:05.200352 Runner(Flutter)[1986] <Notice>: dartnative: ##BENCH## {"tag":"countpages","t_us":1790234525200288,"ev":"page_build","i":651}
Sep 24 13:07:05.205175 Runner(Flutter)[1986] <Notice>: dartnative: ##BENCH## {"tag":"countpages","t_us":1790234525205093,"ev":"page_build","i":652}
Sep 24 13:07:05.205268 Runner(Flutter)[1986] <Notice>: dartnative: ##BENCH## {"tag":"countpages","t_us":1790234525205201,"ev":"page_build","i":653}
Sep 24 13:07:05.205312 Runner(Flutter)[1986] <Notice>: dartnative: ##BENCH## {"tag":"countpages","t_us":1790234525205270,"ev":"page_build","i":654}
Sep 24 13:07:05.205470 Runner(Flutter)[1986] <Notice>: dartnative: ##BENCH## {"tag":"countpages","t_us":1790234525205367,"ev":"page_build","i":655}
Sep 24 13:07:05.205561 Runner(Flutter)[1986] <Notice>: dartnative: ##BENCH## {"tag":"countpages","t_us":1790234525205503,"ev":"page_build","i":656}
Sep 24 13:07:05.205685 Runner(Flutter)[1986] <Notice>: dartnative: ##BENCH## {"tag":"countpages","t_us":1790234525205613,"ev":"page_build","i":657}
Sep 24 13:07:05.205771 Runner(Flutter)[1986] <Notice>: dartnative: ##BENCH## {"tag":"countpages","t_us":1790234525205728,"ev":"page_build","i":658}
Sep 24 13:07:05.205896 Runner(Flutter)[1986] <Notice>: dartnative: ##BENCH## {"tag":"countpages","t_us":1790234525205791,"ev":"page_build","i":659}
Sep 24 13:07:05.205933 Runner(Flutter)[1986] <Notice>: dartnative: ##BENCH## {"tag":"countpages","t_us":1790234525205851,"ev":"page_build","i":660}
Sep 24 13:07:05.205997 Runner(Flutter)[1986] <Notice>: dartnative: ##BENCH## {"tag":"countpages","t_us":1790234525205927,"ev":"page_build","i":661}
Sep 24 13:07:05.206087 Runner(Flutter)[1986] <Notice>: dartnative: ##BENCH## {"tag":"countpages","t_us":1790234525205993,"ev":"page_build","i":662}
Sep 24 13:07:05.206129 Runner(Flutter)[1986] <Notice>: dartnative: ##BENCH## {"tag":"countpages","t_us":1790234525206072,"ev":"page_build","i":663}
Sep 24 13:07:05.206208 Runner(Flutter)[1986] <Notice>: dartnative: ##BENCH## {"tag":"countpages","t_us":1790234525206156,"ev":"page_build","i":664}
Sep 24 13:07:05.206306 Runner(Flutter)[1986] <Notice>: dartnative: ##BENCH## {"tag":"countpages","t_us":1790234525206214,"ev":"page_build","i":665}
Sep 24 13:07:05.206345 Runner(Flutter)[1986] <Notice>: dartnative: ##BENCH## {"tag":"countpages","t_us":1790234525206295,"ev":"page_build","i":666}
Sep 24 13:07:05.206395 Runner(Flutter)[1986] <Notice>: dartnative: ##BENCH## {"tag":"countpages","t_us":1790234525206362,"ev":"page_build","i":667}
Sep 24 13:07:05.206448 Runner(Flutter)[1986] <Notice>: dartnative: ##BENCH## {"tag":"countpages","t_us":1790234525206401,"ev":"page_build","i":668}
Sep 24 13:07:05.206558 Runner(Flutter)[1986] <Notice>: dartnative: ##BENCH## {"tag":"countpages","t_us":1790234525206495,"ev":"page_build","i":669}
Sep 24 13:07:05.206592 Runner(Flutter)[1986] <Notice>: dartnative: ##BENCH## {"tag":"countpages","t_us":1790234525206561,"ev":"page_build","i":670}
Sep 24 13:07:05.206697 Runner(Flutter)[1986] <Notice>: dartnative: ##BENCH## {"tag":"countpages","t_us":1790234525206599,"ev":"page_build","i":671}
Sep 24 13:07:05.206717 Runner(Flutter)[1986] <Notice>: dartnative: ##BENCH## {"tag":"countpages","t_us":1790234525206673,"ev":"page_build","i":672}
Sep 24 13:07:05.206766 Runner(Flutter)[1986] <Notice>: dartnative: ##BENCH## {"tag":"countpages","t_us":1790234525206730,"ev":"page_build","i":673}
Sep 24 13:07:05.206855 Runner(Flutter)[1986] <Notice>: dartnative: ##BENCH## {"tag":"countpages","t_us":1790234525206769,"ev":"page_build","i":674}
Sep 24 13:07:05.206919 Runner(Flutter)[1986] <Notice>: dartnative: ##BENCH## {"tag":"countpages","t_us":1790234525206842,"ev":"page_build","i":675}
Sep 24 13:07:05.207011 Runner(Flutter)[1986] <Notice>: dartnative: ##BENCH## {"tag":"countpages","t_us":1790234525206925,"ev":"page_build","i":676}
Sep 24 13:07:05.207124 Runner(Flutter)[1986] <Notice>: dartnative: ##BENCH## {"tag":"countpages","t_us":1790234525207012,"ev":"page_build","i":677}
Sep 24 13:07:05.207217 Runner(Flutter)[1986] <Notice>: dartnative: ##BENCH## {"tag":"countpages","t_us":1790234525207151,"ev":"page_build","i":678}
Sep 24 13:07:05.207256 Runner(Flutter)[1986] <Notice>: dartnative: ##BENCH## {"tag":"countpages","t_us":1790234525207192,"ev":"page_build","i":679}
Sep 24 13:07:05.207307 Runner(Flutter)[1986] <Notice>: dartnative: ##BENCH## {"tag":"countpages","t_us":1790234525207246,"ev":"page_build","i":680}
Sep 24 13:07:05.207356 Runner(Flutter)[1986] <Notice>: dartnative: ##BENCH## {"tag":"countpages","t_us":1790234525207303,"ev":"page_build","i":681}
Sep 24 13:07:05.207408 Runner(Flutter)[1986] <Notice>: dartnative: ##BENCH## {"tag":"countpages","t_us":1790234525207368,"ev":"page_build","i":682}
Sep 24 13:07:05.207496 Runner(Flutter)[1986] <Notice>: dartnative: ##BENCH## {"tag":"countpages","t_us":1790234525207409,"ev":"page_build","i":683}
Sep 24 13:07:05.207562 Runner(Flutter)[1986] <Notice>: dartnative: ##BENCH## {"tag":"countpages","t_us":1790234525207480,"ev":"page_build","i":684}
Sep 24 13:07:05.207604 Runner(Flutter)[1986] <Notice>: dartnative: ##BENCH## {"tag":"countpages","t_us":1790234525207541,"ev":"page_build","i":685}
Sep 24 13:07:05.207702 Runner(Flutter)[1986] <Notice>: dartnative: ##BENCH## {"tag":"countpages","t_us":1790234525207615,"ev":"page_build","i":686}
Sep 24 13:07:05.207766 Runner(Flutter)[1986] <Notice>: dartnative: ##BENCH## {"tag":"countpages","t_us":1790234525207729,"ev":"page_build","i":687}
Sep 24 13:07:05.207807 Runner(Flutter)[1986] <Notice>: dartnative: ##BENCH## {"tag":"countpages","t_us":1790234525207769,"ev":"page_build","i":688}
Sep 24 13:07:05.207904 Runner(Flutter)[1986] <Notice>: dartnative: ##BENCH## {"tag":"countpages","t_us":1790234525207843,"ev":"page_build","i":689}
Sep 24 13:07:05.207951 Runner(Flutter)[1986] <Notice>: dartnative: ##BENCH## {"tag":"countpages","t_us":1790234525207894,"ev":"page_build","i":690}
Sep 24 13:07:05.208028 Runner(Flutter)[1986] <Notice>: dartnative: ##BENCH## {"tag":"countpages","t_us":1790234525207979,"ev":"page_build","i":691}
Sep 24 13:07:05.208131 Runner(Flutter)[1986] <Notice>: dartnative: ##BENCH## {"tag":"countpages","t_us":1790234525208045,"ev":"page_build","i":692}
Sep 24 13:07:05.208162 Runner(Flutter)[1986] <Notice>: dartnative: ##BENCH## {"tag":"countpages","t_us":1790234525208104,"ev":"page_build","i":693}
Sep 24 13:07:05.208238 Runner(Flutter)[1986] <Notice>: dartnative: ##BENCH## {"tag":"countpages","t_us":1790234525208182,"ev":"page_build","i":694}
Sep 24 13:07:05.208290 Runner(Flutter)[1986] <Notice>: dartnative: ##BENCH## {"tag":"countpages","t_us":1790234525208241,"ev":"page_build","i":695}
Sep 24 13:07:05.208344 Runner(Flutter)[1986] <Notice>: dartnative: ##BENCH## {"tag":"countpages","t_us":1790234525208280,"ev":"page_build","i":696}
Sep 24 13:07:05.208396 Runner(Flutter)[1986] <Notice>: dartnative: ##BENCH## {"tag":"countpages","t_us":1790234525208318,"ev":"page_build","i":697}
Sep 24 13:07:05.208435 Runner(Flutter)[1986] <Notice>: dartnative: ##BENCH## {"tag":"countpages","t_us":1790234525208354,"ev":"page_build","i":698}
Sep 24 13:07:05.208477 Runner(Flutter)[1986] <Notice>: dartnative: ##BENCH## {"tag":"countpages","t_us":1790234525208392,"ev":"page_build","i":699}
Sep 24 13:07:05.208520 Runner(Flutter)[1986] <Notice>: dartnative: ##BENCH## {"tag":"countpages","t_us":1790234525208449,"ev":"page_build","i":700}
Sep 24 13:07:05.208589 Runner(Flutter)[1986] <Notice>: dartnative: ##BENCH## {"tag":"countpages","t_us":1790234525208488,"ev":"page_build","i":701}
Sep 24 13:07:05.208629 Runner(Flutter)[1986] <Notice>: dartnative: ##BENCH## {"tag":"countpages","t_us":1790234525208568,"ev":"page_build","i":702}
Sep 24 13:07:05.208681 Runner(Flutter)[1986] <Notice>: dartnative: ##BENCH## {"tag":"countpages","t_us":1790234525208605,"ev":"page_build","i":703}
Sep 24 13:07:05.208726 Runner(Flutter)[1986] <Notice>: dartnative: ##BENCH## {"tag":"countpages","t_us":1790234525208639,"ev":"page_build","i":704}
Sep 24 13:07:05.208766 Runner(Flutter)[1986] <Notice>: dartnative: ##BENCH## {"tag":"countpages","t_us":1790234525208677,"ev":"page_build","i":705}
Sep 24 13:07:05.208821 Runner(Flutter)[1986] <Notice>: dartnative: ##BENCH## {"tag":"countpages","t_us":1790234525208711,"ev":"page_build","i":706}
Sep 24 13:07:05.208858 Runner(Flutter)[1986] <Notice>: dartnative: ##BENCH## {"tag":"countpages","t_us":1790234525208746,"ev":"page_build","i":707}
Sep 24 13:07:05.208902 Runner(Flutter)[1986] <Notice>: dartnative: ##BENCH## {"tag":"countpages","t_us":1790234525208782,"ev":"page_build","i":708}
Sep 24 13:07:05.208937 Runner(Flutter)[1986] <Notice>: dartnative: ##BENCH## {"tag":"countpages","t_us":1790234525208859,"ev":"page_build","i":709}
Sep 24 13:07:05.208977 Runner(Flutter)[1986] <Notice>: dartnative: ##BENCH## {"tag":"countpages","t_us":1790234525208914,"ev":"page_build","i":710}
Sep 24 13:07:05.209021 Runner(Flutter)[1986] <Notice>: dartnative: ##BENCH## {"tag":"countpages","t_us":1790234525208950,"ev":"page_build","i":711}
Sep 24 13:07:05.209054 Runner(Flutter)[1986] <Notice>: dartnative: ##BENCH## {"tag":"countpages","t_us":1790234525208982,"ev":"page_build","i":712}
Sep 24 13:07:05.209130 Runner(Flutter)[1986] <Notice>: dartnative: ##BENCH## {"tag":"countpages","t_us":1790234525209059,"ev":"page_build","i":713}
Sep 24 13:07:05.209183 Runner(Flutter)[1986] <Notice>: dartnative: ##BENCH## {"tag":"countpages","t_us":1790234525209095,"ev":"page_build","i":714}
Sep 24 13:07:05.209204 Runner(Flutter)[1986] <Notice>: dartnative: ##BENCH## {"tag":"countpages","t_us":1790234525209130,"ev":"page_build","i":715}
Sep 24 13:07:05.209222 Runner(Flutter)[1986] <Notice>: dartnative: ##BENCH## {"tag":"countpages","t_us":1790234525209183,"ev":"page_build","i":716}
Sep 24 13:07:05.209261 Runner(Flutter)[1986] <Notice>: dartnative: ##BENCH## {"tag":"countpages","t_us":1790234525209218,"ev":"page_build","i":717}
Sep 24 13:07:05.209326 Runner(Flutter)[1986] <Notice>: dartnative: ##BENCH## {"tag":"countpages","t_us":1790234525209255,"ev":"page_build","i":718}
Sep 24 13:07:05.209365 Runner(Flutter)[1986] <Notice>: dartnative: ##BENCH## {"tag":"countpages","t_us":1790234525209331,"ev":"page_build","i":719}
Sep 24 13:07:05.209432 Runner(Flutter)[1986] <Notice>: dartnative: ##BENCH## {"tag":"countpages","t_us":1790234525209371,"ev":"page_build","i":720}
Sep 24 13:07:05.209519 Runner(Flutter)[1986] <Notice>: dartnative: ##BENCH## {"tag":"countpages","t_us":1790234525209426,"ev":"page_build","i":721}
Sep 24 13:07:05.209698 Runner(Flutter)[1986] <Notice>: dartnative: ##BENCH## {"tag":"countpages","t_us":1790234525209464,"ev":"page_build","i":722}
Sep 24 13:07:05.209734 Runner(Flutter)[1986] <Notice>: dartnative: ##BENCH## {"tag":"countpages","t_us":1790234525209535,"ev":"page_build","i":723}
Sep 24 13:07:05.209789 Runner(Flutter)[1986] <Notice>: dartnative: ##BENCH## {"tag":"countpages","t_us":1790234525209594,"ev":"page_build","i":724}
Sep 24 13:07:05.209798 Runner(Flutter)[1986] <Notice>: dartnative: ##BENCH## {"tag":"countpages","t_us":1790234525209628,"ev":"page_build","i":725}
Sep 24 13:07:05.209855 Runner(Flutter)[1986] <Notice>: dartnative: ##BENCH## {"tag":"countpages","t_us":1790234525209743,"ev":"page_build","i":726}
Sep 24 13:07:05.209897 Runner(Flutter)[1986] <Notice>: dartnative: ##BENCH## {"tag":"countpages","t_us":1790234525209832,"ev":"page_build","i":727}
Sep 24 13:07:05.209949 Runner(Flutter)[1986] <Notice>: dartnative: ##BENCH## {"tag":"countpages","t_us":1790234525209866,"ev":"page_build","i":728}
Sep 24 13:07:05.210002 Runner(Flutter)[1986] <Notice>: dartnative: ##BENCH## {"tag":"countpages","t_us":1790234525209918,"ev":"page_build","i":729}
Sep 24 13:07:05.210021 Runner(Flutter)[1986] <Notice>: dartnative: ##BENCH## {"tag":"countpages","t_us":1790234525209953,"ev":"page_build","i":730}
Sep 24 13:07:05.210061 Runner(Flutter)[1986] <Notice>: dartnative: ##BENCH## {"tag":"countpages","t_us":1790234525210010,"ev":"page_build","i":731}
Sep 24 13:07:05.210114 Runner(Flutter)[1986] <Notice>: dartnative: ##BENCH## {"tag":"countpages","t_us":1790234525210068,"ev":"page_build","i":732}
Sep 24 13:07:05.210177 Runner(Flutter)[1986] <Notice>: dartnative: ##BENCH## {"tag":"countpages","t_us":1790234525210119,"ev":"page_build","i":733}
Sep 24 13:07:05.210218 Runner(Flutter)[1986] <Notice>: dartnative: ##BENCH## {"tag":"countpages","t_us":1790234525210177,"ev":"page_build","i":734}
Sep 24 13:07:05.210295 Runner(Flutter)[1986] <Notice>: dartnative: ##BENCH## {"tag":"countpages","t_us":1790234525210249,"ev":"page_build","i":735}
Sep 24 13:07:05.210360 Runner(Flutter)[1986] <Notice>: dartnative: ##BENCH## {"tag":"countpages","t_us":1790234525210300,"ev":"page_build","i":736}
Sep 24 13:07:05.210385 Runner(Flutter)[1986] <Notice>: dartnative: ##BENCH## {"tag":"countpages","t_us":1790234525210338,"ev":"page_build","i":737}
Sep 24 13:07:05.210549 Runner(Flutter)[1986] <Notice>: dartnative: ##BENCH## {"tag":"countpages","t_us":1790234525210425,"ev":"page_build","i":738}
Sep 24 13:07:05.210575 Runner(Flutter)[1986] <Notice>: dartnative: ##BENCH## {"tag":"countpages","t_us":1790234525210477,"ev":"page_build","i":739}
Sep 24 13:07:05.210583 Runner(Flutter)[1986] <Notice>: dartnative: ##BENCH## {"tag":"countpages","t_us":1790234525210511,"ev":"page_build","i":740}
Sep 24 13:07:05.210711 Runner(Flutter)[1986] <Notice>: dartnative: ##BENCH## {"tag":"countpages","t_us":1790234525210665,"ev":"page_build","i":741}
Sep 24 13:07:05.210831 Runner(Flutter)[1986] <Notice>: dartnative: ##BENCH## {"tag":"countpages","t_us":1790234525210766,"ev":"page_build","i":742}
Sep 24 13:07:05.210863 Runner(Flutter)[1986] <Notice>: dartnative: ##BENCH## {"tag":"countpages","t_us":1790234525210822,"ev":"page_build","i":743}
Sep 24 13:07:05.210932 Runner(Flutter)[1986] <Notice>: dartnative: ##BENCH## {"tag":"countpages","t_us":1790234525210877,"ev":"page_build","i":744}
Sep 24 13:07:05.211004 Runner(Flutter)[1986] <Notice>: dartnative: ##BENCH## {"tag":"countpages","t_us":1790234525210949,"ev":"page_build","i":745}
Sep 24 13:07:05.211061 Runner(Flutter)[1986] <Notice>: dartnative: ##BENCH## {"tag":"countpages","t_us":1790234525211005,"ev":"page_build","i":746}
Sep 24 13:07:05.211112 Runner(Flutter)[1986] <Notice>: dartnative: ##BENCH## {"tag":"countpages","t_us":1790234525211072,"ev":"page_build","i":747}
Sep 24 13:07:05.211204 Runner(Flutter)[1986] <Notice>: dartnative: ##BENCH## {"tag":"countpages","t_us":1790234525211129,"ev":"page_build","i":748}
Sep 24 13:07:05.211242 Runner(Flutter)[1986] <Notice>: dartnative: ##BENCH## {"tag":"countpages","t_us":1790234525211203,"ev":"page_build","i":749}
Sep 24 13:07:05.211360 Runner(Flutter)[1986] <Notice>: dartnative: ##BENCH## {"tag":"countpages","t_us":1790234525211265,"ev":"page_build","i":750}
Sep 24 13:07:05.211427 Runner(Flutter)[1986] <Notice>: dartnative: ##BENCH## {"tag":"countpages","t_us":1790234525211365,"ev":"page_build","i":751}
Sep 24 13:07:05.211491 Runner(Flutter)[1986] <Notice>: dartnative: ##BENCH## {"tag":"countpages","t_us":1790234525211441,"ev":"page_build","i":752}
Sep 24 13:07:05.211605 Runner(Flutter)[1986] <Notice>: dartnative: ##BENCH## {"tag":"countpages","t_us":1790234525211515,"ev":"page_build","i":753}
Sep 24 13:07:05.211674 Runner(Flutter)[1986] <Notice>: dartnative: ##BENCH## {"tag":"countpages","t_us":1790234525211590,"ev":"page_build","i":754}
Sep 24 13:07:05.211784 Runner(Flutter)[1986] <Notice>: dartnative: ##BENCH## {"tag":"countpages","t_us":1790234525211708,"ev":"page_build","i":755}
Sep 24 13:07:05.211827 Runner(Flutter)[1986] <Notice>: dartnative: ##BENCH## {"tag":"countpages","t_us":1790234525211744,"ev":"page_build","i":756}
Sep 24 13:07:05.211914 Runner(Flutter)[1986] <Notice>: dartnative: ##BENCH## {"tag":"countpages","t_us":1790234525211818,"ev":"page_build","i":757}
Sep 24 13:07:05.211941 Runner(Flutter)[1986] <Notice>: dartnative: ##BENCH## {"tag":"countpages","t_us":1790234525211872,"ev":"page_build","i":758}
Sep 24 13:07:05.211967 Runner(Flutter)[1986] <Notice>: dartnative: ##BENCH## {"tag":"countpages","t_us":1790234525211922,"ev":"page_build","i":759}
Sep 24 13:07:05.212029 Runner(Flutter)[1986] <Notice>: dartnative: ##BENCH## {"tag":"countpages","t_us":1790234525211987,"ev":"page_build","i":760}
Sep 24 13:07:05.212112 Runner(Flutter)[1986] <Notice>: dartnative: ##BENCH## {"tag":"countpages","t_us":1790234525212061,"ev":"page_build","i":761}
Sep 24 13:07:05.212168 Runner(Flutter)[1986] <Notice>: dartnative: ##BENCH## {"tag":"countpages","t_us":1790234525212113,"ev":"page_build","i":762}
Sep 24 13:07:05.212247 Runner(Flutter)[1986] <Notice>: dartnative: ##BENCH## {"tag":"countpages","t_us":1790234525212166,"ev":"page_build","i":763}
Sep 24 13:07:05.212283 Runner(Flutter)[1986] <Notice>: dartnative: ##BENCH## {"tag":"countpages","t_us":1790234525212241,"ev":"page_build","i":764}
Sep 24 13:07:05.212404 Runner(Flutter)[1986] <Notice>: dartnative: ##BENCH## {"tag":"countpages","t_us":1790234525212339,"ev":"page_build","i":765}
Sep 24 13:07:05.212504 Runner(Flutter)[1986] <Notice>: dartnative: ##BENCH## {"tag":"countpages","t_us":1790234525212411,"ev":"page_build","i":766}
Sep 24 13:07:05.212548 Runner(Flutter)[1986] <Notice>: dartnative: ##BENCH## {"tag":"countpages","t_us":1790234525212463,"ev":"page_build","i":767}
Sep 24 13:07:05.212560 Runner(Flutter)[1986] <Notice>: dartnative: ##BENCH## {"tag":"countpages","t_us":1790234525212514,"ev":"page_build","i":768}
Sep 24 13:07:05.212726 Runner(Flutter)[1986] <Notice>: dartnative: ##BENCH## {"tag":"countpages","t_us":1790234525212629,"ev":"page_build","i":769}
Sep 24 13:07:05.212744 Runner(Flutter)[1986] <Notice>: dartnative: ##BENCH## {"tag":"countpages","t_us":1790234525212681,"ev":"page_build","i":770}
Sep 24 13:07:05.212868 Runner(Flutter)[1986] <Notice>: dartnative: ##BENCH## {"tag":"countpages","t_us":1790234525212790,"ev":"page_build","i":771}
Sep 24 13:07:05.212882 Runner(Flutter)[1986] <Notice>: dartnative: ##BENCH## {"tag":"countpages","t_us":1790234525212846,"ev":"page_build","i":772}
Sep 24 13:07:05.213009 Runner(Flutter)[1986] <Notice>: dartnative: ##BENCH## {"tag":"countpages","t_us":1790234525212934,"ev":"page_build","i":773}
Sep 24 13:07:05.213025 Runner(Flutter)[1986] <Notice>: dartnative: ##BENCH## {"tag":"countpages","t_us":1790234525212970,"ev":"page_build","i":774}
Sep 24 13:07:05.213066 Runner(Flutter)[1986] <Notice>: dartnative: ##BENCH## {"tag":"countpages","t_us":1790234525213021,"ev":"page_build","i":775}
Sep 24 13:07:05.213151 Runner(Flutter)[1986] <Notice>: dartnative: ##BENCH## {"tag":"countpages","t_us":1790234525213100,"ev":"page_build","i":776}
Sep 24 13:07:05.213204 Runner(Flutter)[1986] <Notice>: dartnative: ##BENCH## {"tag":"countpages","t_us":1790234525213155,"ev":"page_build","i":777}
Sep 24 13:07:05.213233 Runner(Flutter)[1986] <Notice>: dartnative: ##BENCH## {"tag":"countpages","t_us":1790234525213192,"ev":"page_build","i":778}
Sep 24 13:07:05.213260 Runner(Flutter)[1986] <Notice>: dartnative: ##BENCH## {"tag":"countpages","t_us":1790234525213228,"ev":"page_build","i":779}
Sep 24 13:07:05.213326 Runner(Flutter)[1986] <Notice>: dartnative: ##BENCH## {"tag":"countpages","t_us":1790234525213268,"ev":"page_build","i":780}
Sep 24 13:07:05.213461 Runner(Flutter)[1986] <Notice>: dartnative: ##BENCH## {"tag":"countpages","t_us":1790234525213359,"ev":"page_build","i":781}
Sep 24 13:07:05.213479 Runner(Flutter)[1986] <Notice>: dartnative: ##BENCH## {"tag":"countpages","t_us":1790234525213396,"ev":"page_build","i":782}
Sep 24 13:07:05.213548 Runner(Flutter)[1986] <Notice>: dartnative: ##BENCH## {"tag":"countpages","t_us":1790234525213508,"ev":"page_build","i":783}
Sep 24 13:07:05.213619 Runner(Flutter)[1986] <Notice>: dartnative: ##BENCH## {"tag":"countpages","t_us":1790234525213546,"ev":"page_build","i":784}
Sep 24 13:07:05.213723 Runner(Flutter)[1986] <Notice>: dartnative: ##BENCH## {"tag":"countpages","t_us":1790234525213618,"ev":"page_build","i":785}
Sep 24 13:07:05.213758 Runner(Flutter)[1986] <Notice>: dartnative: ##BENCH## {"tag":"countpages","t_us":1790234525213674,"ev":"page_build","i":786}
Sep 24 13:07:05.213800 Runner(Flutter)[1986] <Notice>: dartnative: ##BENCH## {"tag":"countpages","t_us":1790234525213727,"ev":"page_build","i":787}
Sep 24 13:07:05.213851 Runner(Flutter)[1986] <Notice>: dartnative: ##BENCH## {"tag":"countpages","t_us":1790234525213764,"ev":"page_build","i":788}
Sep 24 13:07:05.213890 Runner(Flutter)[1986] <Notice>: dartnative: ##BENCH## {"tag":"countpages","t_us":1790234525213841,"ev":"page_build","i":789}
Sep 24 13:07:05.213939 Runner(Flutter)[1986] <Notice>: dartnative: ##BENCH## {"tag":"countpages","t_us":1790234525213897,"ev":"page_build","i":790}
Sep 24 13:07:05.213996 Runner(Flutter)[1986] <Notice>: dartnative: ##BENCH## {"tag":"countpages","t_us":1790234525213935,"ev":"page_build","i":791}
Sep 24 13:07:05.214012 Runner(Flutter)[1986] <Notice>: dartnative: ##BENCH## {"tag":"countpages","t_us":1790234525213970,"ev":"page_build","i":792}
Sep 24 13:07:05.214049 Runner(Flutter)[1986] <Notice>: dartnative: ##BENCH## {"tag":"countpages","t_us":1790234525214005,"ev":"page_build","i":793}
Sep 24 13:07:05.214126 Runner(Flutter)[1986] <Notice>: dartnative: ##BENCH## {"tag":"countpages","t_us":1790234525214079,"ev":"page_build","i":794}
Sep 24 13:07:05.214213 Runner(Flutter)[1986] <Notice>: dartnative: ##BENCH## {"tag":"countpages","t_us":1790234525214138,"ev":"page_build","i":795}
Sep 24 13:07:05.214271 Runner(Flutter)[1986] <Notice>: dartnative: ##BENCH## {"tag":"countpages","t_us":1790234525214194,"ev":"page_build","i":796}
Sep 24 13:07:05.214370 Runner(Flutter)[1986] <Notice>: dartnative: ##BENCH## {"tag":"countpages","t_us":1790234525214315,"ev":"page_build","i":797}
Sep 24 13:07:05.214395 Runner(Flutter)[1986] <Notice>: dartnative: ##BENCH## {"tag":"countpages","t_us":1790234525214353,"ev":"page_build","i":798}
Sep 24 13:07:05.214509 Runner(Flutter)[1986] <Notice>: dartnative: ##BENCH## {"tag":"countpages","t_us":1790234525214438,"ev":"page_build","i":799}
Sep 24 13:07:05.214552 Runner(Flutter)[1986] <Notice>: dartnative: ##BENCH## {"tag":"countpages","t_us":1790234525214475,"ev":"page_build","i":800}
Sep 24 13:07:05.214585 Runner(Flutter)[1986] <Notice>: dartnative: ##BENCH## {"tag":"countpages","t_us":1790234525214511,"ev":"page_build","i":801}
Sep 24 13:07:05.214722 Runner(Flutter)[1986] <Notice>: dartnative: ##BENCH## {"tag":"countpages","t_us":1790234525214626,"ev":"page_build","i":802}
Sep 24 13:07:05.214784 Runner(Flutter)[1986] <Notice>: dartnative: ##BENCH## {"tag":"countpages","t_us":1790234525214723,"ev":"page_build","i":803}
Sep 24 13:07:05.214839 Runner(Flutter)[1986] <Notice>: dartnative: ##BENCH## {"tag":"countpages","t_us":1790234525214778,"ev":"page_build","i":804}
Sep 24 13:07:05.214899 Runner(Flutter)[1986] <Notice>: dartnative: ##BENCH## {"tag":"countpages","t_us":1790234525214830,"ev":"page_build","i":805}
Sep 24 13:07:05.214949 Runner(Flutter)[1986] <Notice>: dartnative: ##BENCH## {"tag":"countpages","t_us":1790234525214865,"ev":"page_build","i":806}
Sep 24 13:07:05.215011 Runner(Flutter)[1986] <Notice>: dartnative: ##BENCH## {"tag":"countpages","t_us":1790234525214915,"ev":"page_build","i":807}
Sep 24 13:07:05.215020 Runner(Flutter)[1986] <Notice>: dartnative: ##BENCH## {"tag":"countpages","t_us":1790234525214947,"ev":"page_build","i":808}
Sep 24 13:07:05.215079 Runner(Flutter)[1986] <Notice>: dartnative: ##BENCH## {"tag":"countpages","t_us":1790234525214998,"ev":"page_build","i":809}
Sep 24 13:07:05.215154 Runner(Flutter)[1986] <Notice>: dartnative: ##BENCH## {"tag":"countpages","t_us":1790234525215071,"ev":"page_build","i":810}
Sep 24 13:07:05.215191 Runner(Flutter)[1986] <Notice>: dartnative: ##BENCH## {"tag":"countpages","t_us":1790234525215126,"ev":"page_build","i":811}
Sep 24 13:07:05.215243 Runner(Flutter)[1986] <Notice>: dartnative: ##BENCH## {"tag":"countpages","t_us":1790234525215162,"ev":"page_build","i":812}
Sep 24 13:07:05.215261 Runner(Flutter)[1986] <Notice>: dartnative: ##BENCH## {"tag":"countpages","t_us":1790234525215216,"ev":"page_build","i":813}
Sep 24 13:07:05.215310 Runner(Flutter)[1986] <Notice>: dartnative: ##BENCH## {"tag":"countpages","t_us":1790234525215251,"ev":"page_build","i":814}
Sep 24 13:07:05.215356 Runner(Flutter)[1986] <Notice>: dartnative: ##BENCH## {"tag":"countpages","t_us":1790234525215288,"ev":"page_build","i":815}
Sep 24 13:07:05.215390 Runner(Flutter)[1986] <Notice>: dartnative: ##BENCH## {"tag":"countpages","t_us":1790234525215322,"ev":"page_build","i":816}
Sep 24 13:07:05.215429 Runner(Flutter)[1986] <Notice>: dartnative: ##BENCH## {"tag":"countpages","t_us":1790234525215353,"ev":"page_build","i":817}
Sep 24 13:07:05.215480 Runner(Flutter)[1986] <Notice>: dartnative: ##BENCH## {"tag":"countpages","t_us":1790234525215407,"ev":"page_build","i":818}
Sep 24 13:07:05.215523 Runner(Flutter)[1986] <Notice>: dartnative: ##BENCH## {"tag":"countpages","t_us":1790234525215478,"ev":"page_build","i":819}
Sep 24 13:07:05.215551 Runner(Flutter)[1986] <Notice>: dartnative: ##BENCH## {"tag":"countpages","t_us":1790234525215515,"ev":"page_build","i":820}
Sep 24 13:07:05.215575 Runner(Flutter)[1986] <Notice>: dartnative: ##BENCH## {"tag":"countpages","t_us":1790234525215548,"ev":"page_build","i":821}
Sep 24 13:07:05.215640 Runner(Flutter)[1986] <Notice>: dartnative: ##BENCH## {"tag":"countpages","t_us":1790234525215582,"ev":"page_build","i":822}
Sep 24 13:07:05.215687 Runner(Flutter)[1986] <Notice>: dartnative: ##BENCH## {"tag":"countpages","t_us":1790234525215618,"ev":"page_build","i":823}
Sep 24 13:07:05.215752 Runner(Flutter)[1986] <Notice>: dartnative: ##BENCH## {"tag":"countpages","t_us":1790234525215700,"ev":"page_build","i":824}
Sep 24 13:07:05.215795 Runner(Flutter)[1986] <Notice>: dartnative: ##BENCH## {"tag":"countpages","t_us":1790234525215739,"ev":"page_build","i":825}
Sep 24 13:07:05.215837 Runner(Flutter)[1986] <Notice>: dartnative: ##BENCH## {"tag":"countpages","t_us":1790234525215788,"ev":"page_build","i":826}
Sep 24 13:07:05.215864 Runner(Flutter)[1986] <Notice>: dartnative: ##BENCH## {"tag":"countpages","t_us":1790234525215825,"ev":"page_build","i":827}
Sep 24 13:07:05.215942 Runner(Flutter)[1986] <Notice>: dartnative: ##BENCH## {"tag":"countpages","t_us":1790234525215882,"ev":"page_build","i":828}
Sep 24 13:07:05.215963 Runner(Flutter)[1986] <Notice>: dartnative: ##BENCH## {"tag":"countpages","t_us":1790234525215920,"ev":"page_build","i":829}
Sep 24 13:07:05.216007 Runner(Flutter)[1986] <Notice>: dartnative: ##BENCH## {"tag":"countpages","t_us":1790234525215953,"ev":"page_build","i":830}
Sep 24 13:07:05.216041 Runner(Flutter)[1986] <Notice>: dartnative: ##BENCH## {"tag":"countpages","t_us":1790234525215988,"ev":"page_build","i":831}
Sep 24 13:07:05.216093 Runner(Flutter)[1986] <Notice>: dartnative: ##BENCH## {"tag":"countpages","t_us":1790234525216039,"ev":"page_build","i":832}
Sep 24 13:07:05.216137 Runner(Flutter)[1986] <Notice>: dartnative: ##BENCH## {"tag":"countpages","t_us":1790234525216075,"ev":"page_build","i":833}
Sep 24 13:07:05.216187 Runner(Flutter)[1986] <Notice>: dartnative: ##BENCH## {"tag":"countpages","t_us":1790234525216109,"ev":"page_build","i":834}
Sep 24 13:07:05.216227 Runner(Flutter)[1986] <Notice>: dartnative: ##BENCH## {"tag":"countpages","t_us":1790234525216142,"ev":"page_build","i":835}
Sep 24 13:07:05.216236 Runner(Flutter)[1986] <Notice>: dartnative: ##BENCH## {"tag":"countpages","t_us":1790234525216195,"ev":"page_build","i":836}
Sep 24 13:07:05.216282 Runner(Flutter)[1986] <Notice>: dartnative: ##BENCH## {"tag":"countpages","t_us":1790234525216245,"ev":"page_build","i":837}
Sep 24 13:07:05.216346 Runner(Flutter)[1986] <Notice>: dartnative: ##BENCH## {"tag":"countpages","t_us":1790234525216280,"ev":"page_build","i":838}
Sep 24 13:07:05.216401 Runner(Flutter)[1986] <Notice>: dartnative: ##BENCH## {"tag":"countpages","t_us":1790234525216332,"ev":"page_build","i":839}
Sep 24 13:07:05.216409 Runner(Flutter)[1986] <Notice>: dartnative: ##BENCH## {"tag":"countpages","t_us":1790234525216366,"ev":"page_build","i":840}
Sep 24 13:07:05.216448 Runner(Flutter)[1986] <Notice>: dartnative: ##BENCH## {"tag":"countpages","t_us":1790234525216399,"ev":"page_build","i":841}
Sep 24 13:07:05.216522 Runner(Flutter)[1986] <Notice>: dartnative: ##BENCH## {"tag":"countpages","t_us":1790234525216466,"ev":"page_build","i":842}
Sep 24 13:07:05.216552 Runner(Flutter)[1986] <Notice>: dartnative: ##BENCH## {"tag":"countpages","t_us":1790234525216503,"ev":"page_build","i":843}
Sep 24 13:07:05.216619 Runner(Flutter)[1986] <Notice>: dartnative: ##BENCH## {"tag":"countpages","t_us":1790234525216554,"ev":"page_build","i":844}
Sep 24 13:07:05.216640 Runner(Flutter)[1986] <Notice>: dartnative: ##BENCH## {"tag":"countpages","t_us":1790234525216589,"ev":"page_build","i":845}
Sep 24 13:07:05.216708 Runner(Flutter)[1986] <Notice>: dartnative: ##BENCH## {"tag":"countpages","t_us":1790234525216657,"ev":"page_build","i":846}
Sep 24 13:07:05.216760 Runner(Flutter)[1986] <Notice>: dartnative: ##BENCH## {"tag":"countpages","t_us":1790234525216711,"ev":"page_build","i":847}
Sep 24 13:07:05.216814 Runner(Flutter)[1986] <Notice>: dartnative: ##BENCH## {"tag":"countpages","t_us":1790234525216748,"ev":"page_build","i":848}
Sep 24 13:07:05.216880 Runner(Flutter)[1986] <Notice>: dartnative: ##BENCH## {"tag":"countpages","t_us":1790234525216781,"ev":"page_build","i":849}
Sep 24 13:07:05.216898 Runner(Flutter)[1986] <Notice>: dartnative: ##BENCH## {"tag":"countpages","t_us":1790234525216832,"ev":"page_build","i":850}
Sep 24 13:07:05.216943 Runner(Flutter)[1986] <Notice>: dartnative: ##BENCH## {"tag":"countpages","t_us":1790234525216864,"ev":"page_build","i":851}
Sep 24 13:07:05.216966 Runner(Flutter)[1986] <Notice>: dartnative: ##BENCH## {"tag":"countpages","t_us":1790234525216900,"ev":"page_build","i":852}
Sep 24 13:07:05.217012 Runner(Flutter)[1986] <Notice>: dartnative: ##BENCH## {"tag":"countpages","t_us":1790234525216954,"ev":"page_build","i":853}
Sep 24 13:07:05.217035 Runner(Flutter)[1986] <Notice>: dartnative: ##BENCH## {"tag":"countpages","t_us":1790234525216990,"ev":"page_build","i":854}
Sep 24 13:07:05.217100 Runner(Flutter)[1986] <Notice>: dartnative: ##BENCH## {"tag":"countpages","t_us":1790234525217042,"ev":"page_build","i":855}
Sep 24 13:07:05.217130 Runner(Flutter)[1986] <Notice>: dartnative: ##BENCH## {"tag":"countpages","t_us":1790234525217079,"ev":"page_build","i":856}
Sep 24 13:07:05.217156 Runner(Flutter)[1986] <Notice>: dartnative: ##BENCH## {"tag":"countpages","t_us":1790234525217113,"ev":"page_build","i":857}
Sep 24 13:07:05.217191 Runner(Flutter)[1986] <Notice>: dartnative: ##BENCH## {"tag":"countpages","t_us":1790234525217147,"ev":"page_build","i":858}
Sep 24 13:07:05.217237 Runner(Flutter)[1986] <Notice>: dartnative: ##BENCH## {"tag":"countpages","t_us":1790234525217197,"ev":"page_build","i":859}
Sep 24 13:07:05.217282 Runner(Flutter)[1986] <Notice>: dartnative: ##BENCH## {"tag":"countpages","t_us":1790234525217234,"ev":"page_build","i":860}
Sep 24 13:07:05.217325 Runner(Flutter)[1986] <Notice>: dartnative: ##BENCH## {"tag":"countpages","t_us":1790234525217268,"ev":"page_build","i":861}
Sep 24 13:07:05.217391 Runner(Flutter)[1986] <Notice>: dartnative: ##BENCH## {"tag":"countpages","t_us":1790234525217319,"ev":"page_build","i":862}
Sep 24 13:07:05.217486 Runner(Flutter)[1986] <Notice>: dartnative: ##BENCH## {"tag":"countpages","t_us":1790234525217354,"ev":"page_build","i":863}
Sep 24 13:07:05.217495 Runner(Flutter)[1986] <Notice>: dartnative: ##BENCH## {"tag":"countpages","t_us":1790234525217387,"ev":"page_build","i":864}
Sep 24 13:07:05.217503 Runner(Flutter)[1986] <Notice>: dartnative: ##BENCH## {"tag":"countpages","t_us":1790234525217443,"ev":"page_build","i":865}
Sep 24 13:07:05.217557 Runner(Flutter)[1986] <Notice>: dartnative: ##BENCH## {"tag":"countpages","t_us":1790234525217477,"ev":"page_build","i":866}
Sep 24 13:07:05.217592 Runner(Flutter)[1986] <Notice>: dartnative: ##BENCH## {"tag":"countpages","t_us":1790234525217514,"ev":"page_build","i":867}
Sep 24 13:07:05.217642 Runner(Flutter)[1986] <Notice>: dartnative: ##BENCH## {"tag":"countpages","t_us":1790234525217576,"ev":"page_build","i":868}
Sep 24 13:07:05.217656 Runner(Flutter)[1986] <Notice>: dartnative: ##BENCH## {"tag":"countpages","t_us":1790234525217616,"ev":"page_build","i":869}
Sep 24 13:07:05.217708 Runner(Flutter)[1986] <Notice>: dartnative: ##BENCH## {"tag":"countpages","t_us":1790234525217650,"ev":"page_build","i":870}
Sep 24 13:07:05.217755 Runner(Flutter)[1986] <Notice>: dartnative: ##BENCH## {"tag":"countpages","t_us":1790234525217709,"ev":"page_build","i":871}
Sep 24 13:07:05.217798 Runner(Flutter)[1986] <Notice>: dartnative: ##BENCH## {"tag":"countpages","t_us":1790234525217748,"ev":"page_build","i":872}
Sep 24 13:07:05.217863 Runner(Flutter)[1986] <Notice>: dartnative: ##BENCH## {"tag":"countpages","t_us":1790234525217801,"ev":"page_build","i":873}
Sep 24 13:07:05.217912 Runner(Flutter)[1986] <Notice>: dartnative: ##BENCH## {"tag":"countpages","t_us":1790234525217855,"ev":"page_build","i":874}
Sep 24 13:07:05.217945 Runner(Flutter)[1986] <Notice>: dartnative: ##BENCH## {"tag":"countpages","t_us":1790234525217890,"ev":"page_build","i":875}
Sep 24 13:07:05.218015 Runner(Flutter)[1986] <Notice>: dartnative: ##BENCH## {"tag":"countpages","t_us":1790234525217927,"ev":"page_build","i":876}
Sep 24 13:07:05.218044 Runner(Flutter)[1986] <Notice>: dartnative: ##BENCH## {"tag":"countpages","t_us":1790234525217988,"ev":"page_build","i":877}
Sep 24 13:07:05.218146 Runner(Flutter)[1986] <Notice>: dartnative: ##BENCH## {"tag":"countpages","t_us":1790234525218065,"ev":"page_build","i":878}
Sep 24 13:07:05.218212 Runner(Flutter)[1986] <Notice>: dartnative: ##BENCH## {"tag":"countpages","t_us":1790234525218106,"ev":"page_build","i":879}
Sep 24 13:07:05.218220 Runner(Flutter)[1986] <Notice>: dartnative: ##BENCH## {"tag":"countpages","t_us":1790234525218143,"ev":"page_build","i":880}
Sep 24 13:07:05.218270 Runner(Flutter)[1986] <Notice>: dartnative: ##BENCH## {"tag":"countpages","t_us":1790234525218183,"ev":"page_build","i":881}
Sep 24 13:07:05.218303 Runner(Flutter)[1986] <Notice>: dartnative: ##BENCH## {"tag":"countpages","t_us":1790234525218240,"ev":"page_build","i":882}
Sep 24 13:07:05.218307 Runner(Flutter)[1986] <Notice>: dartnative: ##BENCH## {"tag":"countpages","t_us":1790234525218280,"ev":"page_build","i":883}
Sep 24 13:07:05.218391 Runner(Flutter)[1986] <Notice>: dartnative: ##BENCH## {"tag":"countpages","t_us":1790234525218317,"ev":"page_build","i":884}
Sep 24 13:07:05.218426 Runner(Flutter)[1986] <Notice>: dartnative: ##BENCH## {"tag":"countpages","t_us":1790234525218369,"ev":"page_build","i":885}
Sep 24 13:07:05.218457 Runner(Flutter)[1986] <Notice>: dartnative: ##BENCH## {"tag":"countpages","t_us":1790234525218403,"ev":"page_build","i":886}
Sep 24 13:07:05.218520 Runner(Flutter)[1986] <Notice>: dartnative: ##BENCH## {"tag":"countpages","t_us":1790234525218455,"ev":"page_build","i":887}
Sep 24 13:07:05.218556 Runner(Flutter)[1986] <Notice>: dartnative: ##BENCH## {"tag":"countpages","t_us":1790234525218489,"ev":"page_build","i":888}
Sep 24 13:07:05.218610 Runner(Flutter)[1986] <Notice>: dartnative: ##BENCH## {"tag":"countpages","t_us":1790234525218526,"ev":"page_build","i":889}
Sep 24 13:07:05.218676 Runner(Flutter)[1986] <Notice>: dartnative: ##BENCH## {"tag":"countpages","t_us":1790234525218583,"ev":"page_build","i":890}
Sep 24 13:07:05.218734 Runner(Flutter)[1986] <Notice>: dartnative: ##BENCH## {"tag":"countpages","t_us":1790234525218636,"ev":"page_build","i":891}
Sep 24 13:07:05.218791 Runner(Flutter)[1986] <Notice>: dartnative: ##BENCH## {"tag":"countpages","t_us":1790234525218750,"ev":"page_build","i":892}
Sep 24 13:07:05.218856 Runner(Flutter)[1986] <Notice>: dartnative: ##BENCH## {"tag":"countpages","t_us":1790234525218807,"ev":"page_build","i":893}
Sep 24 13:07:05.219152 Runner(Flutter)[1986] <Notice>: dartnative: ##BENCH## {"tag":"countpages","t_us":1790234525218845,"ev":"page_build","i":894}
Sep 24 13:07:05.219262 Runner(Flutter)[1986] <Notice>: dartnative: ##BENCH## {"tag":"countpages","t_us":1790234525218938,"ev":"page_build","i":895}
Sep 24 13:07:05.219348 Runner(Flutter)[1986] <Notice>: dartnative: ##BENCH## {"tag":"countpages","t_us":1790234525219047,"ev":"page_build","i":896}
Sep 24 13:07:05.219416 Runner(Flutter)[1986] <Notice>: dartnative: ##BENCH## {"tag":"countpages","t_us":1790234525219102,"ev":"page_build","i":897}
Sep 24 13:07:05.219434 Runner(Flutter)[1986] <Notice>: dartnative: ##BENCH## {"tag":"countpages","t_us":1790234525219187,"ev":"page_build","i":898}
Sep 24 13:07:05.219499 Runner(Flutter)[1986] <Notice>: dartnative: ##BENCH## {"tag":"countpages","t_us":1790234525219263,"ev":"page_build","i":899}
Sep 24 13:07:05.219519 Runner(Flutter)[1986] <Notice>: dartnative: ##BENCH## {"tag":"countpages","t_us":1790234525219348,"ev":"page_build","i":900}
Sep 24 13:07:05.219547 Runner(Flutter)[1986] <Notice>: dartnative: ##BENCH## {"tag":"countpages","t_us":1790234525219399,"ev":"page_build","i":901}
Sep 24 13:07:05.219770 Runner(Flutter)[1986] <Notice>: dartnative: ##BENCH## {"tag":"countpages","t_us":1790234525219512,"ev":"page_build","i":902}
Sep 24 13:07:05.219814 Runner(Flutter)[1986] <Notice>: dartnative: ##BENCH## {"tag":"countpages","t_us":1790234525219580,"ev":"page_build","i":903}
Sep 24 13:07:05.219887 Runner(Flutter)[1986] <Notice>: dartnative: ##BENCH## {"tag":"countpages","t_us":1790234525219636,"ev":"page_build","i":904}
Sep 24 13:07:05.219995 Runner(Flutter)[1986] <Notice>: dartnative: ##BENCH## {"tag":"countpages","t_us":1790234525219713,"ev":"page_build","i":905}
Sep 24 13:07:05.220020 Runner(Flutter)[1986] <Notice>: dartnative: ##BENCH## {"tag":"countpages","t_us":1790234525219810,"ev":"page_build","i":906}
Sep 24 13:07:05.220202 Runner(Flutter)[1986] <Notice>: dartnative: ##BENCH## {"tag":"countpages","t_us":1790234525219866,"ev":"page_build","i":907}
Sep 24 13:07:05.222846 Runner(Flutter)[1986] <Notice>: dartnative: ##BENCH## {"tag":"countpages","t_us":1790234525222698,"ev":"page_build","i":908}
Sep 24 13:07:05.222871 Runner(Flutter)[1986] <Notice>: dartnative: ##BENCH## {"tag":"countpages","t_us":1790234525222803,"ev":"page_build","i":909}
Sep 24 13:07:05.222929 Runner(Flutter)[1986] <Notice>: dartnative: ##BENCH## {"tag":"countpages","t_us":1790234525222867,"ev":"page_build","i":910}
Sep 24 13:07:05.223016 Runner(Flutter)[1986] <Notice>: dartnative: ##BENCH## {"tag":"countpages","t_us":1790234525222951,"ev":"page_build","i":911}
Sep 24 13:07:05.223026 Runner(Flutter)[1986] <Notice>: dartnative: ##BENCH## {"tag":"countpages","t_us":1790234525222995,"ev":"page_build","i":912}
Sep 24 13:07:05.223085 Runner(Flutter)[1986] <Notice>: dartnative: ##BENCH## {"tag":"countpages","t_us":1790234525223035,"ev":"page_build","i":913}
Sep 24 13:07:05.223177 Runner(Flutter)[1986] <Notice>: dartnative: ##BENCH## {"tag":"countpages","t_us":1790234525223078,"ev":"page_build","i":914}
Sep 24 13:07:05.223210 Runner(Flutter)[1986] <Notice>: dartnative: ##BENCH## {"tag":"countpages","t_us":1790234525223157,"ev":"page_build","i":915}
Sep 24 13:07:05.223262 Runner(Flutter)[1986] <Notice>: dartnative: ##BENCH## {"tag":"countpages","t_us":1790234525223215,"ev":"page_build","i":916}
Sep 24 13:07:05.223302 Runner(Flutter)[1986] <Notice>: dartnative: ##BENCH## {"tag":"countpages","t_us":1790234525223254,"ev":"page_build","i":917}
Sep 24 13:07:05.223331 Runner(Flutter)[1986] <Notice>: dartnative: ##BENCH## {"tag":"countpages","t_us":1790234525223289,"ev":"page_build","i":918}
Sep 24 13:07:05.223392 Runner(Flutter)[1986] <Notice>: dartnative: ##BENCH## {"tag":"countpages","t_us":1790234525223328,"ev":"page_build","i":919}
Sep 24 13:07:05.223422 Runner(Flutter)[1986] <Notice>: dartnative: ##BENCH## {"tag":"countpages","t_us":1790234525223365,"ev":"page_build","i":920}
Sep 24 13:07:05.223454 Runner(Flutter)[1986] <Notice>: dartnative: ##BENCH## {"tag":"countpages","t_us":1790234525223402,"ev":"page_build","i":921}
Sep 24 13:07:05.223520 Runner(Flutter)[1986] <Notice>: dartnative: ##BENCH## {"tag":"countpages","t_us":1790234525223459,"ev":"page_build","i":922}
Sep 24 13:07:05.223559 Runner(Flutter)[1986] <Notice>: dartnative: ##BENCH## {"tag":"countpages","t_us":1790234525223498,"ev":"page_build","i":923}
Sep 24 13:07:05.223605 Runner(Flutter)[1986] <Notice>: dartnative: ##BENCH## {"tag":"countpages","t_us":1790234525223534,"ev":"page_build","i":924}
Sep 24 13:07:05.223637 Runner(Flutter)[1986] <Notice>: dartnative: ##BENCH## {"tag":"countpages","t_us":1790234525223590,"ev":"page_build","i":925}
Sep 24 13:07:05.223677 Runner(Flutter)[1986] <Notice>: dartnative: ##BENCH## {"tag":"countpages","t_us":1790234525223625,"ev":"page_build","i":926}
Sep 24 13:07:05.223716 Runner(Flutter)[1986] <Notice>: dartnative: ##BENCH## {"tag":"countpages","t_us":1790234525223661,"ev":"page_build","i":927}
Sep 24 13:07:05.223813 Runner(Flutter)[1986] <Notice>: dartnative: ##BENCH## {"tag":"countpages","t_us":1790234525223712,"ev":"page_build","i":928}
Sep 24 13:07:05.223850 Runner(Flutter)[1986] <Notice>: dartnative: ##BENCH## {"tag":"countpages","t_us":1790234525223759,"ev":"page_build","i":929}
Sep 24 13:07:05.223881 Runner(Flutter)[1986] <Notice>: dartnative: ##BENCH## {"tag":"countpages","t_us":1790234525223795,"ev":"page_build","i":930}
Sep 24 13:07:05.223919 Runner(Flutter)[1986] <Notice>: dartnative: ##BENCH## {"tag":"countpages","t_us":1790234525223829,"ev":"page_build","i":931}
Sep 24 13:07:05.223948 Runner(Flutter)[1986] <Notice>: dartnative: ##BENCH## {"tag":"countpages","t_us":1790234525223863,"ev":"page_build","i":932}
Sep 24 13:07:05.223989 Runner(Flutter)[1986] <Notice>: dartnative: ##BENCH## {"tag":"countpages","t_us":1790234525223897,"ev":"page_build","i":933}
Sep 24 13:07:05.224019 Runner(Flutter)[1986] <Notice>: dartnative: ##BENCH## {"tag":"countpages","t_us":1790234525223950,"ev":"page_build","i":934}
Sep 24 13:07:05.224056 Runner(Flutter)[1986] <Notice>: dartnative: ##BENCH## {"tag":"countpages","t_us":1790234525224005,"ev":"page_build","i":935}
Sep 24 13:07:05.224089 Runner(Flutter)[1986] <Notice>: dartnative: ##BENCH## {"tag":"countpages","t_us":1790234525224040,"ev":"page_build","i":936}
Sep 24 13:07:05.224162 Runner(Flutter)[1986] <Notice>: dartnative: ##BENCH## {"tag":"countpages","t_us":1790234525224103,"ev":"page_build","i":937}
Sep 24 13:07:05.224207 Runner(Flutter)[1986] <Notice>: dartnative: ##BENCH## {"tag":"countpages","t_us":1790234525224141,"ev":"page_build","i":938}
Sep 24 13:07:05.224269 Runner(Flutter)[1986] <Notice>: dartnative: ##BENCH## {"tag":"countpages","t_us":1790234525224213,"ev":"page_build","i":939}
Sep 24 13:07:05.224314 Runner(Flutter)[1986] <Notice>: dartnative: ##BENCH## {"tag":"countpages","t_us":1790234525224248,"ev":"page_build","i":940}
Sep 24 13:07:05.224392 Runner(Flutter)[1986] <Notice>: dartnative: ##BENCH## {"tag":"countpages","t_us":1790234525224300,"ev":"page_build","i":941}
Sep 24 13:07:05.224447 Runner(Flutter)[1986] <Notice>: dartnative: ##BENCH## {"tag":"countpages","t_us":1790234525224391,"ev":"page_build","i":942}
Sep 24 13:07:05.224499 Runner(Flutter)[1986] <Notice>: dartnative: ##BENCH## {"tag":"countpages","t_us":1790234525224461,"ev":"page_build","i":943}
Sep 24 13:07:05.224533 Runner(Flutter)[1986] <Notice>: dartnative: ##BENCH## {"tag":"countpages","t_us":1790234525224498,"ev":"page_build","i":944}
Sep 24 13:07:05.224614 Runner(Flutter)[1986] <Notice>: dartnative: ##BENCH## {"tag":"countpages","t_us":1790234525224557,"ev":"page_build","i":945}
Sep 24 13:07:05.224645 Runner(Flutter)[1986] <Notice>: dartnative: ##BENCH## {"tag":"countpages","t_us":1790234525224594,"ev":"page_build","i":946}
Sep 24 13:07:05.224725 Runner(Flutter)[1986] <Notice>: dartnative: ##BENCH## {"tag":"countpages","t_us":1790234525224649,"ev":"page_build","i":947}
Sep 24 13:07:05.224746 Runner(Flutter)[1986] <Notice>: dartnative: ##BENCH## {"tag":"countpages","t_us":1790234525224685,"ev":"page_build","i":948}
Sep 24 13:07:05.224799 Runner(Flutter)[1986] <Notice>: dartnative: ##BENCH## {"tag":"countpages","t_us":1790234525224739,"ev":"page_build","i":949}
Sep 24 13:07:05.224849 Runner(Flutter)[1986] <Notice>: dartnative: ##BENCH## {"tag":"countpages","t_us":1790234525224776,"ev":"page_build","i":950}
Sep 24 13:07:05.224856 Runner(Flutter)[1986] <Notice>: dartnative: ##BENCH## {"tag":"countpages","t_us":1790234525224811,"ev":"page_build","i":951}
Sep 24 13:07:05.224907 Runner(Flutter)[1986] <Notice>: dartnative: ##BENCH## {"tag":"countpages","t_us":1790234525224867,"ev":"page_build","i":952}
Sep 24 13:07:05.224946 Runner(Flutter)[1986] <Notice>: dartnative: ##BENCH## {"tag":"countpages","t_us":1790234525224905,"ev":"page_build","i":953}
Sep 24 13:07:05.224995 Runner(Flutter)[1986] <Notice>: dartnative: ##BENCH## {"tag":"countpages","t_us":1790234525224959,"ev":"page_build","i":954}
Sep 24 13:07:05.225075 Runner(Flutter)[1986] <Notice>: dartnative: ##BENCH## {"tag":"countpages","t_us":1790234525224998,"ev":"page_build","i":955}
Sep 24 13:07:05.225129 Runner(Flutter)[1986] <Notice>: dartnative: ##BENCH## {"tag":"countpages","t_us":1790234525225051,"ev":"page_build","i":956}
Sep 24 13:07:05.225161 Runner(Flutter)[1986] <Notice>: dartnative: ##BENCH## {"tag":"countpages","t_us":1790234525225086,"ev":"page_build","i":957}
Sep 24 13:07:05.225195 Runner(Flutter)[1986] <Notice>: dartnative: ##BENCH## {"tag":"countpages","t_us":1790234525225121,"ev":"page_build","i":958}
Sep 24 13:07:05.225227 Runner(Flutter)[1986] <Notice>: dartnative: ##BENCH## {"tag":"countpages","t_us":1790234525225155,"ev":"page_build","i":959}
Sep 24 13:07:05.225293 Runner(Flutter)[1986] <Notice>: dartnative: ##BENCH## {"tag":"countpages","t_us":1790234525225189,"ev":"page_build","i":960}
Sep 24 13:07:05.225336 Runner(Flutter)[1986] <Notice>: dartnative: ##BENCH## {"tag":"countpages","t_us":1790234525225224,"ev":"page_build","i":961}
Sep 24 13:07:05.225378 Runner(Flutter)[1986] <Notice>: dartnative: ##BENCH## {"tag":"countpages","t_us":1790234525225257,"ev":"page_build","i":962}
Sep 24 13:07:05.225420 Runner(Flutter)[1986] <Notice>: dartnative: ##BENCH## {"tag":"countpages","t_us":1790234525225312,"ev":"page_build","i":963}
Sep 24 13:07:05.225458 Runner(Flutter)[1986] <Notice>: dartnative: ##BENCH## {"tag":"countpages","t_us":1790234525225347,"ev":"page_build","i":964}
Sep 24 13:07:05.225502 Runner(Flutter)[1986] <Notice>: dartnative: ##BENCH## {"tag":"countpages","t_us":1790234525225403,"ev":"page_build","i":965}
Sep 24 13:07:05.225534 Runner(Flutter)[1986] <Notice>: dartnative: ##BENCH## {"tag":"countpages","t_us":1790234525225457,"ev":"page_build","i":966}
Sep 24 13:07:05.225582 Runner(Flutter)[1986] <Notice>: dartnative: ##BENCH## {"tag":"countpages","t_us":1790234525225491,"ev":"page_build","i":967}
Sep 24 13:07:05.225615 Runner(Flutter)[1986] <Notice>: dartnative: ##BENCH## {"tag":"countpages","t_us":1790234525225523,"ev":"page_build","i":968}
Sep 24 13:07:05.225661 Runner(Flutter)[1986] <Notice>: dartnative: ##BENCH## {"tag":"countpages","t_us":1790234525225557,"ev":"page_build","i":969}
Sep 24 13:07:05.225695 Runner(Flutter)[1986] <Notice>: dartnative: ##BENCH## {"tag":"countpages","t_us":1790234525225608,"ev":"page_build","i":970}
Sep 24 13:07:05.225734 Runner(Flutter)[1986] <Notice>: dartnative: ##BENCH## {"tag":"countpages","t_us":1790234525225659,"ev":"page_build","i":971}
Sep 24 13:07:05.225777 Runner(Flutter)[1986] <Notice>: dartnative: ##BENCH## {"tag":"countpages","t_us":1790234525225710,"ev":"page_build","i":972}
Sep 24 13:07:05.225816 Runner(Flutter)[1986] <Notice>: dartnative: ##BENCH## {"tag":"countpages","t_us":1790234525225745,"ev":"page_build","i":973}
Sep 24 13:07:05.225890 Runner(Flutter)[1986] <Notice>: dartnative: ##BENCH## {"tag":"countpages","t_us":1790234525225799,"ev":"page_build","i":974}
Sep 24 13:07:05.225934 Runner(Flutter)[1986] <Notice>: dartnative: ##BENCH## {"tag":"countpages","t_us":1790234525225857,"ev":"page_build","i":975}
Sep 24 13:07:05.226015 Runner(Flutter)[1986] <Notice>: dartnative: ##BENCH## {"tag":"countpages","t_us":1790234525225908,"ev":"page_build","i":976}
Sep 24 13:07:05.226059 Runner(Flutter)[1986] <Notice>: dartnative: ##BENCH## {"tag":"countpages","t_us":1790234525225943,"ev":"page_build","i":977}
Sep 24 13:07:05.226102 Runner(Flutter)[1986] <Notice>: dartnative: ##BENCH## {"tag":"countpages","t_us":1790234525225978,"ev":"page_build","i":978}
Sep 24 13:07:05.226147 Runner(Flutter)[1986] <Notice>: dartnative: ##BENCH## {"tag":"countpages","t_us":1790234525226052,"ev":"page_build","i":979}
Sep 24 13:07:05.226187 Runner(Flutter)[1986] <Notice>: dartnative: ##BENCH## {"tag":"countpages","t_us":1790234525226104,"ev":"page_build","i":980}
Sep 24 13:07:05.226231 Runner(Flutter)[1986] <Notice>: dartnative: ##BENCH## {"tag":"countpages","t_us":1790234525226156,"ev":"page_build","i":981}
Sep 24 13:07:05.226269 Runner(Flutter)[1986] <Notice>: dartnative: ##BENCH## {"tag":"countpages","t_us":1790234525226206,"ev":"page_build","i":982}
Sep 24 13:07:05.226320 Runner(Flutter)[1986] <Notice>: dartnative: ##BENCH## {"tag":"countpages","t_us":1790234525226240,"ev":"page_build","i":983}
Sep 24 13:07:05.226359 Runner(Flutter)[1986] <Notice>: dartnative: ##BENCH## {"tag":"countpages","t_us":1790234525226275,"ev":"page_build","i":984}
Sep 24 13:07:05.226409 Runner(Flutter)[1986] <Notice>: dartnative: ##BENCH## {"tag":"countpages","t_us":1790234525226327,"ev":"page_build","i":985}
Sep 24 13:07:05.226451 Runner(Flutter)[1986] <Notice>: dartnative: ##BENCH## {"tag":"countpages","t_us":1790234525226362,"ev":"page_build","i":986}
Sep 24 13:07:05.226487 Runner(Flutter)[1986] <Notice>: dartnative: ##BENCH## {"tag":"countpages","t_us":1790234525226397,"ev":"page_build","i":987}
Sep 24 13:07:05.226526 Runner(Flutter)[1986] <Notice>: dartnative: ##BENCH## {"tag":"countpages","t_us":1790234525226463,"ev":"page_build","i":988}
Sep 24 13:07:05.226590 Runner(Flutter)[1986] <Notice>: dartnative: ##BENCH## {"tag":"countpages","t_us":1790234525226516,"ev":"page_build","i":989}
Sep 24 13:07:05.226658 Runner(Flutter)[1986] <Notice>: dartnative: ##BENCH## {"tag":"countpages","t_us":1790234525226590,"ev":"page_build","i":990}
Sep 24 13:07:05.226729 Runner(Flutter)[1986] <Notice>: dartnative: ##BENCH## {"tag":"countpages","t_us":1790234525226665,"ev":"page_build","i":991}
Sep 24 13:07:05.226809 Runner(Flutter)[1986] <Notice>: dartnative: ##BENCH## {"tag":"countpages","t_us":1790234525226717,"ev":"page_build","i":992}
Sep 24 13:07:05.226849 Runner(Flutter)[1986] <Notice>: dartnative: ##BENCH## {"tag":"countpages","t_us":1790234525226789,"ev":"page_build","i":993}
Sep 24 13:07:05.226974 Runner(Flutter)[1986] <Notice>: dartnative: ##BENCH## {"tag":"countpages","t_us":1790234525226885,"ev":"page_build","i":994}
Sep 24 13:07:05.227052 Runner(Flutter)[1986] <Notice>: dartnative: ##BENCH## {"tag":"countpages","t_us":1790234525226987,"ev":"page_build","i":995}
Sep 24 13:07:05.227125 Runner(Flutter)[1986] <Notice>: dartnative: ##BENCH## {"tag":"countpages","t_us":1790234525227046,"ev":"page_build","i":996}
Sep 24 13:07:05.227232 Runner(Flutter)[1986] <Notice>: dartnative: ##BENCH## {"tag":"countpages","t_us":1790234525227116,"ev":"page_build","i":997}
Sep 24 13:07:05.227265 Runner(Flutter)[1986] <Notice>: dartnative: ##BENCH## {"tag":"countpages","t_us":1790234525227186,"ev":"page_build","i":998}
Sep 24 13:07:05.227309 Runner(Flutter)[1986] <Notice>: dartnative: ##BENCH## {"tag":"countpages","t_us":1790234525227235,"ev":"page_build","i":999}
Sep 24 13:07:05.354327 Runner(Flutter)[1986] <Notice>: dartnative: ##BENCH## {"tag":"countpages","t_us":1790234525354260,"ev":"ctrl_ready","i":0}
Sep 24 13:07:05.354374 Runner(Flutter)[1986] <Notice>: dartnative: ##BENCH## {"tag":"countpages","t_us":1790234525354295,"ev":"play_call","i":0}
Sep 24 13:07:05.376206 Runner(Flutter)[1986] <Notice>: dartnative: ##BENCH## {"tag":"countpages","t_us":1790234525375158,"ev":"media_attach","i":0,"result":"attached"}
Sep 24 13:07:05.376247 Runner(Flutter)[1986] <Notice>: dartnative: ##BENCH## {"tag":"countpages","t_us":1790234525375258,"ev":"media_event","type":"ExternalPlaybackChanged"}
Sep 24 13:07:05.390605 Runner(Flutter)[1986] <Notice>: dartnative: ##BENCH## {"tag":"countpages","t_us":1790234525383035,"ev":"page_build","i":0}
Sep 24 13:07:05.701137 Runner(Flutter)[1986] <Notice>: dartnative: ##BENCH## {"tag":"countpages","t_us":1790234525688919,"ev":"page_build","i":1}
Sep 24 13:07:05.701258 Runner(Flutter)[1986] <Notice>: dartnative: ##BENCH## {"tag":"countpages","t_us":1790234525689078,"ev":"page_build","i":2}
Sep 24 13:07:05.701283 Runner(Flutter)[1986] <Notice>: dartnative: ##BENCH## {"tag":"countpages","t_us":1790234525689192,"ev":"page_build","i":3}
Sep 24 13:07:05.701542 Runner(Flutter)[1986] <Notice>: dartnative: ##BENCH## {"tag":"countpages","t_us":1790234525689446,"ev":"page_build","i":4}
Sep 24 13:07:05.701674 Runner(Flutter)[1986] <Notice>: dartnative: ##BENCH## {"tag":"countpages","t_us":1790234525689564,"ev":"page_build","i":5}
Sep 24 13:07:05.701787 Runner(Flutter)[1986] <Notice>: dartnative: ##BENCH## {"tag":"countpages","t_us":1790234525689672,"ev":"page_build","i":6}
Sep 24 13:07:05.701878 Runner(Flutter)[1986] <Notice>: dartnative: ##BENCH## {"tag":"countpages","t_us":1790234525689849,"ev":"page_build","i":7}
Sep 24 13:07:05.702381 Runner(Flutter)[1986] <Notice>: dartnative: ##BENCH## {"tag":"countpages","t_us":1790234525690011,"ev":"page_build","i":8}
Sep 24 13:07:05.703875 Runner(Flutter)[1986] <Notice>: dartnative: ##BENCH## {"tag":"countpages","t_us":1790234525690177,"ev":"page_build","i":9}
Sep 24 13:07:05.704222 Runner(Flutter)[1986] <Notice>: dartnative: ##BENCH## {"tag":"countpages","t_us":1790234525690327,"ev":"page_build","i":10}
Sep 24 13:07:05.704258 Runner(Flutter)[1986] <Notice>: dartnative: ##BENCH## {"tag":"countpages","t_us":1790234525690428,"ev":"page_build","i":11}
Sep 24 13:07:05.704736 Runner(Flutter)[1986] <Notice>: dartnative: ##BENCH## {"tag":"countpages","t_us":1790234525690624,"ev":"page_build","i":12}
Sep 24 13:07:05.705273 Runner(Flutter)[1986] <Notice>: dartnative: ##BENCH## {"tag":"countpages","t_us":1790234525690759,"ev":"page_build","i":13}
Sep 24 13:07:05.705905 Runner(Flutter)[1986] <Notice>: dartnative: ##BENCH## {"tag":"countpages","t_us":1790234525690833,"ev":"page_build","i":14}
Sep 24 13:07:05.706012 Runner(Flutter)[1986] <Notice>: dartnative: ##BENCH## {"tag":"countpages","t_us":1790234525690994,"ev":"page_build","i":15}
Sep 24 13:07:05.706084 Runner(Flutter)[1986] <Notice>: dartnative: ##BENCH## {"tag":"countpages","t_us":1790234525691161,"ev":"page_build","i":16}
Sep 24 13:07:05.706148 Runner(Flutter)[1986] <Notice>: dartnative: ##BENCH## {"tag":"countpages","t_us":1790234525691292,"ev":"page_build","i":17}
Sep 24 13:07:05.706354 Runner(Flutter)[1986] <Notice>: dartnative: ##BENCH## {"tag":"countpages","t_us":1790234525691412,"ev":"page_build","i":18}
Sep 24 13:07:05.706405 Runner(Flutter)[1986] <Notice>: dartnative: ##BENCH## {"tag":"countpages","t_us":1790234525691477,"ev":"page_build","i":19}
Sep 24 13:07:05.707576 Runner(Flutter)[1986] <Notice>: dartnative: ##BENCH## {"tag":"countpages","t_us":1790234525691553,"ev":"page_build","i":20}
Sep 24 13:07:05.707637 Runner(Flutter)[1986] <Notice>: dartnative: ##BENCH## {"tag":"countpages","t_us":1790234525691607,"ev":"page_build","i":21}
Sep 24 13:07:05.707701 Runner(Flutter)[1986] <Notice>: dartnative: ##BENCH## {"tag":"countpages","t_us":1790234525691721,"ev":"page_build","i":22}
Sep 24 13:07:05.707717 Runner(Flutter)[1986] <Notice>: dartnative: ##BENCH## {"tag":"countpages","t_us":1790234525691809,"ev":"page_build","i":23}
Sep 24 13:07:05.707905 Runner(Flutter)[1986] <Notice>: dartnative: ##BENCH## {"tag":"countpages","t_us":1790234525691935,"ev":"page_build","i":24}
Sep 24 13:07:05.708030 Runner(Flutter)[1986] <Notice>: dartnative: ##BENCH## {"tag":"countpages","t_us":1790234525692096,"ev":"page_build","i":25}
Sep 24 13:07:05.708115 Runner(Flutter)[1986] <Notice>: dartnative: ##BENCH## {"tag":"countpages","t_us":1790234525692198,"ev":"page_build","i":26}
Sep 24 13:07:05.708170 Runner(Flutter)[1986] <Notice>: dartnative: ##BENCH## {"tag":"countpages","t_us":1790234525692326,"ev":"page_build","i":27}
Sep 24 13:07:05.708522 Runner(Flutter)[1986] <Notice>: dartnative: ##BENCH## {"tag":"countpages","t_us":1790234525692547,"ev":"page_build","i":28}
Sep 24 13:07:05.708542 Runner(Flutter)[1986] <Notice>: dartnative: ##BENCH## {"tag":"countpages","t_us":1790234525692712,"ev":"page_build","i":29}
Sep 24 13:07:05.708576 Runner(Flutter)[1986] <Notice>: dartnative: ##BENCH## {"tag":"countpages","t_us":1790234525692932,"ev":"page_build","i":30}
Sep 24 13:07:05.708599 Runner(Flutter)[1986] <Notice>: dartnative: ##BENCH## {"tag":"countpages","t_us":1790234525693083,"ev":"page_build","i":31}
Sep 24 13:07:05.708616 Runner(Flutter)[1986] <Notice>: dartnative: ##BENCH## {"tag":"countpages","t_us":1790234525693182,"ev":"page_build","i":32}
Sep 24 13:07:05.708682 Runner(Flutter)[1986] <Notice>: dartnative: ##BENCH## {"tag":"countpages","t_us":1790234525693285,"ev":"page_build","i":33}
Sep 24 13:07:05.708706 Runner(Flutter)[1986] <Notice>: dartnative: ##BENCH## {"tag":"countpages","t_us":1790234525693462,"ev":"page_build","i":34}
Sep 24 13:07:05.708794 Runner(Flutter)[1986] <Notice>: dartnative: ##BENCH## {"tag":"countpages","t_us":1790234525693603,"ev":"page_build","i":35}
Sep 24 13:07:05.708822 Runner(Flutter)[1986] <Notice>: dartnative: ##BENCH## {"tag":"countpages","t_us":1790234525693733,"ev":"page_build","i":36}
Sep 24 13:07:05.708859 Runner(Flutter)[1986] <Notice>: dartnative: ##BENCH## {"tag":"countpages","t_us":1790234525693775,"ev":"page_build","i":37}
Sep 24 13:07:05.708962 Runner(Flutter)[1986] <Notice>: dartnative: ##BENCH## {"tag":"countpages","t_us":1790234525693853,"ev":"page_build","i":38}
Sep 24 13:07:05.708987 Runner(Flutter)[1986] <Notice>: dartnative: ##BENCH## {"tag":"countpages","t_us":1790234525694042,"ev":"page_build","i":39}
Sep 24 13:07:05.709096 Runner(Flutter)[1986] <Notice>: dartnative: ##BENCH## {"tag":"countpages","t_us":1790234525694248,"ev":"page_build","i":40}
Sep 24 13:07:05.709128 Runner(Flutter)[1986] <Notice>: dartnative: ##BENCH## {"tag":"countpages","t_us":1790234525694369,"ev":"page_build","i":41}
Sep 24 13:07:05.709162 Runner(Flutter)[1986] <Notice>: dartnative: ##BENCH## {"tag":"countpages","t_us":1790234525694592,"ev":"page_build","i":42}
Sep 24 13:07:05.709265 Runner(Flutter)[1986] <Notice>: dartnative: ##BENCH## {"tag":"countpages","t_us":1790234525694704,"ev":"page_build","i":43}
Sep 24 13:07:05.709340 Runner(Flutter)[1986] <Notice>: dartnative: ##BENCH## {"tag":"countpages","t_us":1790234525694879,"ev":"page_build","i":44}
Sep 24 13:07:05.709557 Runner(Flutter)[1986] <Notice>: dartnative: ##BENCH## {"tag":"countpages","t_us":1790234525695034,"ev":"page_build","i":45}
Sep 24 13:07:05.709676 Runner(Flutter)[1986] <Notice>: dartnative: ##BENCH## {"tag":"countpages","t_us":1790234525695137,"ev":"page_build","i":46}
Sep 24 13:07:05.709693 Runner(Flutter)[1986] <Notice>: dartnative: ##BENCH## {"tag":"countpages","t_us":1790234525695298,"ev":"page_build","i":47}
Sep 24 13:07:05.709752 Runner(Flutter)[1986] <Notice>: dartnative: ##BENCH## {"tag":"countpages","t_us":1790234525695410,"ev":"page_build","i":48}
Sep 24 13:07:05.709847 Runner(Flutter)[1986] <Notice>: dartnative: ##BENCH## {"tag":"countpages","t_us":1790234525695517,"ev":"page_build","i":49}
Sep 24 13:07:05.709912 Runner(Flutter)[1986] <Notice>: dartnative: ##BENCH## {"tag":"countpages","t_us":1790234525695624,"ev":"page_build","i":50}
Sep 24 13:07:05.710037 Runner(Flutter)[1986] <Notice>: dartnative: ##BENCH## {"tag":"countpages","t_us":1790234525695683,"ev":"page_build","i":51}
Sep 24 13:07:05.710084 Runner(Flutter)[1986] <Notice>: dartnative: ##BENCH## {"tag":"countpages","t_us":1790234525695819,"ev":"page_build","i":52}
Sep 24 13:07:05.710234 Runner(Flutter)[1986] <Notice>: dartnative: ##BENCH## {"tag":"countpages","t_us":1790234525696010,"ev":"page_build","i":53}
Sep 24 13:07:05.710367 Runner(Flutter)[1986] <Notice>: dartnative: ##BENCH## {"tag":"countpages","t_us":1790234525696175,"ev":"page_build","i":54}
Sep 24 13:07:05.710452 Runner(Flutter)[1986] <Notice>: dartnative: ##BENCH## {"tag":"countpages","t_us":1790234525696326,"ev":"page_build","i":55}
Sep 24 13:07:05.710460 Runner(Flutter)[1986] <Notice>: dartnative: ##BENCH## {"tag":"countpages","t_us":1790234525696419,"ev":"page_build","i":56}
Sep 24 13:07:05.710518 Runner(Flutter)[1986] <Notice>: dartnative: ##BENCH## {"tag":"countpages","t_us":1790234525696489,"ev":"page_build","i":57}
Sep 24 13:07:05.710536 Runner(Flutter)[1986] <Notice>: dartnative: ##BENCH## {"tag":"countpages","t_us":1790234525696699,"ev":"page_build","i":58}
Sep 24 13:07:05.710554 Runner(Flutter)[1986] <Notice>: dartnative: ##BENCH## {"tag":"countpages","t_us":1790234525696880,"ev":"page_build","i":59}
Sep 24 13:07:05.710571 Runner(Flutter)[1986] <Notice>: dartnative: ##BENCH## {"tag":"countpages","t_us":1790234525697074,"ev":"page_build","i":60}
Sep 24 13:07:05.710823 Runner(Flutter)[1986] <Notice>: dartnative: ##BENCH## {"tag":"countpages","t_us":1790234525697234,"ev":"page_build","i":61}
Sep 24 13:07:05.710879 Runner(Flutter)[1986] <Notice>: dartnative: ##BENCH## {"tag":"countpages","t_us":1790234525697463,"ev":"page_build","i":62}
Sep 24 13:07:05.710915 Runner(Flutter)[1986] <Notice>: dartnative: ##BENCH## {"tag":"countpages","t_us":1790234525697702,"ev":"page_build","i":63}
Sep 24 13:07:05.711134 Runner(Flutter)[1986] <Notice>: dartnative: ##BENCH## {"tag":"countpages","t_us":1790234525698044,"ev":"page_build","i":64}
Sep 24 13:07:05.711207 Runner(Flutter)[1986] <Notice>: dartnative: ##BENCH## {"tag":"countpages","t_us":1790234525698237,"ev":"page_build","i":65}
Sep 24 13:07:05.711417 Runner(Flutter)[1986] <Notice>: dartnative: ##BENCH## {"tag":"countpages","t_us":1790234525698739,"ev":"page_build","i":66}
Sep 24 13:07:05.711499 Runner(Flutter)[1986] <Notice>: dartnative: ##BENCH## {"tag":"countpages","t_us":1790234525698787,"ev":"page_build","i":67}
Sep 24 13:07:05.711732 Runner(Flutter)[1986] <Notice>: dartnative: ##BENCH## {"tag":"countpages","t_us":1790234525699149,"ev":"page_build","i":68}
Sep 24 13:07:05.711832 Runner(Flutter)[1986] <Notice>: dartnative: ##BENCH## {"tag":"countpages","t_us":1790234525699346,"ev":"page_build","i":69}
Sep 24 13:07:05.711904 Runner(Flutter)[1986] <Notice>: dartnative: ##BENCH## {"tag":"countpages","t_us":1790234525699431,"ev":"page_build","i":70}
Sep 24 13:07:05.711960 Runner(Flutter)[1986] <Notice>: dartnative: ##BENCH## {"tag":"countpages","t_us":1790234525699517,"ev":"page_build","i":71}
Sep 24 13:07:05.711993 Runner(Flutter)[1986] <Notice>: dartnative: ##BENCH## {"tag":"countpages","t_us":1790234525699745,"ev":"page_build","i":72}
Sep 24 13:07:05.712016 Runner(Flutter)[1986] <Notice>: dartnative: ##BENCH## {"tag":"countpages","t_us":1790234525699972,"ev":"page_build","i":73}
Sep 24 13:07:05.712024 Runner(Flutter)[1986] <Notice>: dartnative: ##BENCH## {"tag":"countpages","t_us":1790234525700096,"ev":"page_build","i":74}
Sep 24 13:07:05.712033 Runner(Flutter)[1986] <Notice>: dartnative: ##BENCH## {"tag":"countpages","t_us":1790234525700269,"ev":"page_build","i":75}
Sep 24 13:07:05.712057 Runner(Flutter)[1986] <Notice>: dartnative: ##BENCH## {"tag":"countpages","t_us":1790234525700485,"ev":"page_build","i":76}
Sep 24 13:07:05.712344 Runner(Flutter)[1986] <Notice>: dartnative: ##BENCH## {"tag":"countpages","t_us":1790234525700614,"ev":"page_build","i":77}
Sep 24 13:07:05.712497 Runner(Flutter)[1986] <Notice>: dartnative: ##BENCH## {"tag":"countpages","t_us":1790234525700735,"ev":"page_build","i":78}
Sep 24 13:07:05.712513 Runner(Flutter)[1986] <Notice>: dartnative: ##BENCH## {"tag":"countpages","t_us":1790234525700844,"ev":"page_build","i":79}
Sep 24 13:07:05.712797 Runner(Flutter)[1986] <Notice>: dartnative: ##BENCH## {"tag":"countpages","t_us":1790234525701061,"ev":"page_build","i":80}
Sep 24 13:07:05.712925 Runner(Flutter)[1986] <Notice>: dartnative: ##BENCH## {"tag":"countpages","t_us":1790234525701211,"ev":"page_build","i":81}
Sep 24 13:07:05.712984 Runner(Flutter)[1986] <Notice>: dartnative: ##BENCH## {"tag":"countpages","t_us":1790234525701314,"ev":"page_build","i":82}
Sep 24 13:07:05.713067 Runner(Flutter)[1986] <Notice>: dartnative: ##BENCH## {"tag":"countpages","t_us":1790234525701454,"ev":"page_build","i":83}
Sep 24 13:07:05.713164 Runner(Flutter)[1986] <Notice>: dartnative: ##BENCH## {"tag":"countpages","t_us":1790234525701592,"ev":"page_build","i":84}
Sep 24 13:07:05.713488 Runner(Flutter)[1986] <Notice>: dartnative: ##BENCH## {"tag":"countpages","t_us":1790234525701753,"ev":"page_build","i":85}
Sep 24 13:07:05.714160 Runner(Flutter)[1986] <Notice>: dartnative: ##BENCH## {"tag":"countpages","t_us":1790234525701969,"ev":"page_build","i":86}
Sep 24 13:07:05.714290 Runner(Flutter)[1986] <Notice>: dartnative: ##BENCH## {"tag":"countpages","t_us":1790234525702088,"ev":"page_build","i":87}
Sep 24 13:07:05.714481 Runner(Flutter)[1986] <Notice>: dartnative: ##BENCH## {"tag":"countpages","t_us":1790234525702264,"ev":"page_build","i":88}
Sep 24 13:07:05.714543 Runner(Flutter)[1986] <Notice>: dartnative: ##BENCH## {"tag":"countpages","t_us":1790234525702390,"ev":"page_build","i":89}
Sep 24 13:07:05.714572 Runner(Flutter)[1986] <Notice>: dartnative: ##BENCH## {"tag":"countpages","t_us":1790234525702486,"ev":"page_build","i":90}
Sep 24 13:07:05.714675 Runner(Flutter)[1986] <Notice>: dartnative: ##BENCH## {"tag":"countpages","t_us":1790234525702706,"ev":"page_build","i":91}
Sep 24 13:07:05.714770 Runner(Flutter)[1986] <Notice>: dartnative: ##BENCH## {"tag":"countpages","t_us":1790234525702997,"ev":"page_build","i":92}
Sep 24 13:07:05.714865 Runner(Flutter)[1986] <Notice>: dartnative: ##BENCH## {"tag":"countpages","t_us":1790234525703335,"ev":"page_build","i":93}
Sep 24 13:07:05.715511 Runner(Flutter)[1986] <Notice>: dartnative: ##BENCH## {"tag":"countpages","t_us":1790234525703444,"ev":"page_build","i":94}
Sep 24 13:07:05.715683 Runner(Flutter)[1986] <Notice>: dartnative: ##BENCH## {"tag":"countpages","t_us":1790234525703569,"ev":"page_build","i":95}
Sep 24 13:07:05.715703 Runner(Flutter)[1986] <Notice>: dartnative: ##BENCH## {"tag":"countpages","t_us":1790234525703700,"ev":"page_build","i":96}
Sep 24 13:07:05.715893 Runner(Flutter)[1986] <Notice>: dartnative: ##BENCH## {"tag":"countpages","t_us":1790234525703927,"ev":"page_build","i":97}
Sep 24 13:07:05.716035 Runner(Flutter)[1986] <Notice>: dartnative: ##BENCH## {"tag":"countpages","t_us":1790234525704009,"ev":"page_build","i":98}
Sep 24 13:07:05.716078 Runner(Flutter)[1986] <Notice>: dartnative: ##BENCH## {"tag":"countpages","t_us":1790234525704171,"ev":"page_build","i":99}
Sep 24 13:07:05.716118 Runner(Flutter)[1986] <Notice>: dartnative: ##BENCH## {"tag":"countpages","t_us":1790234525704369,"ev":"page_build","i":100}
Sep 24 13:07:05.716291 Runner(Flutter)[1986] <Notice>: dartnative: ##BENCH## {"tag":"countpages","t_us":1790234525704441,"ev":"page_build","i":101}
Sep 24 13:07:05.716384 Runner(Flutter)[1986] <Notice>: dartnative: ##BENCH## {"tag":"countpages","t_us":1790234525704585,"ev":"page_build","i":102}
Sep 24 13:07:05.716412 Runner(Flutter)[1986] <Notice>: dartnative: ##BENCH## {"tag":"countpages","t_us":1790234525704812,"ev":"page_build","i":103}
Sep 24 13:07:05.716458 Runner(Flutter)[1986] <Notice>: dartnative: ##BENCH## {"tag":"countpages","t_us":1790234525705067,"ev":"page_build","i":104}
Sep 24 13:07:05.716486 Runner(Flutter)[1986] <Notice>: dartnative: ##BENCH## {"tag":"countpages","t_us":1790234525705152,"ev":"page_build","i":105}
Sep 24 13:07:05.716495 Runner(Flutter)[1986] <Notice>: dartnative: ##BENCH## {"tag":"countpages","t_us":1790234525705399,"ev":"page_build","i":106}
Sep 24 13:07:05.716612 Runner(Flutter)[1986] <Notice>: dartnative: ##BENCH## {"tag":"countpages","t_us":1790234525705501,"ev":"page_build","i":107}
Sep 24 13:07:05.716788 Runner(Flutter)[1986] <Notice>: dartnative: ##BENCH## {"tag":"countpages","t_us":1790234525705725,"ev":"page_build","i":108}
Sep 24 13:07:05.716896 Runner(Flutter)[1986] <Notice>: dartnative: ##BENCH## {"tag":"countpages","t_us":1790234525705972,"ev":"page_build","i":109}
Sep 24 13:07:05.717009 Runner(Flutter)[1986] <Notice>: dartnative: ##BENCH## {"tag":"countpages","t_us":1790234525706182,"ev":"page_build","i":110}
Sep 24 13:07:05.717072 Runner(Flutter)[1986] <Notice>: dartnative: ##BENCH## {"tag":"countpages","t_us":1790234525706311,"ev":"page_build","i":111}
Sep 24 13:07:05.717137 Runner(Flutter)[1986] <Notice>: dartnative: ##BENCH## {"tag":"countpages","t_us":1790234525706406,"ev":"page_build","i":112}
Sep 24 13:07:05.717174 Runner(Flutter)[1986] <Notice>: dartnative: ##BENCH## {"tag":"countpages","t_us":1790234525706487,"ev":"page_build","i":113}
Sep 24 13:07:05.717323 Runner(Flutter)[1986] <Notice>: dartnative: ##BENCH## {"tag":"countpages","t_us":1790234525706558,"ev":"page_build","i":114}
Sep 24 13:07:05.717356 Runner(Flutter)[1986] <Notice>: dartnative: ##BENCH## {"tag":"countpages","t_us":1790234525706730,"ev":"page_build","i":115}
Sep 24 13:07:05.717534 Runner(Flutter)[1986] <Notice>: dartnative: ##BENCH## {"tag":"countpages","t_us":1790234525707028,"ev":"page_build","i":116}
Sep 24 13:07:05.717704 Runner(Flutter)[1986] <Notice>: dartnative: ##BENCH## {"tag":"countpages","t_us":1790234525707216,"ev":"page_build","i":117}
Sep 24 13:07:05.717755 Runner(Flutter)[1986] <Notice>: dartnative: ##BENCH## {"tag":"countpages","t_us":1790234525707391,"ev":"page_build","i":118}
Sep 24 13:07:05.717951 Runner(Flutter)[1986] <Notice>: dartnative: ##BENCH## {"tag":"countpages","t_us":1790234525707481,"ev":"page_build","i":119}
Sep 24 13:07:05.717986 Runner(Flutter)[1986] <Notice>: dartnative: ##BENCH## {"tag":"countpages","t_us":1790234525707633,"ev":"page_build","i":120}
Sep 24 13:07:05.718045 Runner(Flutter)[1986] <Notice>: dartnative: ##BENCH## {"tag":"countpages","t_us":1790234525707733,"ev":"page_build","i":121}
Sep 24 13:07:05.719872 Runner(Flutter)[1986] <Notice>: dartnative: ##BENCH## {"tag":"countpages","t_us":1790234525707913,"ev":"page_build","i":122}
Sep 24 13:07:05.719986 Runner(Flutter)[1986] <Notice>: dartnative: ##BENCH## {"tag":"countpages","t_us":1790234525708111,"ev":"page_build","i":123}
Sep 24 13:07:05.720049 Runner(Flutter)[1986] <Notice>: dartnative: ##BENCH## {"tag":"countpages","t_us":1790234525708363,"ev":"page_build","i":124}
Sep 24 13:07:05.720663 Runner(Flutter)[1986] <Notice>: dartnative: ##BENCH## {"tag":"countpages","t_us":1790234525708586,"ev":"page_build","i":125}
Sep 24 13:07:05.721453 Runner(Flutter)[1986] <Notice>: dartnative: ##BENCH## {"tag":"countpages","t_us":1790234525708690,"ev":"page_build","i":126}
Sep 24 13:07:05.721653 Runner(Flutter)[1986] <Notice>: dartnative: ##BENCH## {"tag":"countpages","t_us":1790234525709385,"ev":"page_build","i":127}
Sep 24 13:07:05.721727 Runner(Flutter)[1986] <Notice>: dartnative: ##BENCH## {"tag":"countpages","t_us":1790234525709582,"ev":"page_build","i":128}
Sep 24 13:07:05.721877 Runner(Flutter)[1986] <Notice>: dartnative: ##BENCH## {"tag":"countpages","t_us":1790234525709959,"ev":"page_build","i":129}
Sep 24 13:07:05.722070 Runner(Flutter)[1986] <Notice>: dartnative: ##BENCH## {"tag":"countpages","t_us":1790234525710075,"ev":"page_build","i":130}
Sep 24 13:07:05.722238 Runner(Flutter)[1986] <Notice>: dartnative: ##BENCH## {"tag":"countpages","t_us":1790234525710246,"ev":"page_build","i":131}
Sep 24 13:07:05.722496 Runner(Flutter)[1986] <Notice>: dartnative: ##BENCH## {"tag":"countpages","t_us":1790234525710400,"ev":"page_build","i":132}
Sep 24 13:07:05.722820 Runner(Flutter)[1986] <Notice>: dartnative: ##BENCH## {"tag":"countpages","t_us":1790234525710568,"ev":"page_build","i":133}
Sep 24 13:07:05.722894 Runner(Flutter)[1986] <Notice>: dartnative: ##BENCH## {"tag":"countpages","t_us":1790234525710707,"ev":"page_build","i":134}
Sep 24 13:07:05.722950 Runner(Flutter)[1986] <Notice>: dartnative: ##BENCH## {"tag":"countpages","t_us":1790234525710863,"ev":"page_build","i":135}
Sep 24 13:07:05.722975 Runner(Flutter)[1986] <Notice>: dartnative: ##BENCH## {"tag":"countpages","t_us":1790234525710993,"ev":"page_build","i":136}
Sep 24 13:07:05.723021 Runner(Flutter)[1986] <Notice>: dartnative: ##BENCH## {"tag":"countpages","t_us":1790234525711140,"ev":"page_build","i":137}
Sep 24 13:07:05.723084 Runner(Flutter)[1986] <Notice>: dartnative: ##BENCH## {"tag":"countpages","t_us":1790234525711260,"ev":"page_build","i":138}
Sep 24 13:07:05.723180 Runner(Flutter)[1986] <Notice>: dartnative: ##BENCH## {"tag":"countpages","t_us":1790234525711348,"ev":"page_build","i":139}
Sep 24 13:07:05.723292 Runner(Flutter)[1986] <Notice>: dartnative: ##BENCH## {"tag":"countpages","t_us":1790234525711529,"ev":"page_build","i":140}
Sep 24 13:07:05.723335 Runner(Flutter)[1986] <Notice>: dartnative: ##BENCH## {"tag":"countpages","t_us":1790234525711729,"ev":"page_build","i":141}
Sep 24 13:07:05.723389 Runner(Flutter)[1986] <Notice>: dartnative: ##BENCH## {"tag":"countpages","t_us":1790234525711834,"ev":"page_build","i":142}
Sep 24 13:07:05.723534 Runner(Flutter)[1986] <Notice>: dartnative: ##BENCH## {"tag":"countpages","t_us":1790234525712002,"ev":"page_build","i":143}
Sep 24 13:07:05.723587 Runner(Flutter)[1986] <Notice>: dartnative: ##BENCH## {"tag":"countpages","t_us":1790234525712213,"ev":"page_build","i":144}
Sep 24 13:07:05.723753 Runner(Flutter)[1986] <Notice>: dartnative: ##BENCH## {"tag":"countpages","t_us":1790234525712382,"ev":"page_build","i":145}
Sep 24 13:07:05.723782 Runner(Flutter)[1986] <Notice>: dartnative: ##BENCH## {"tag":"countpages","t_us":1790234525712533,"ev":"page_build","i":146}
Sep 24 13:07:05.723885 Runner(Flutter)[1986] <Notice>: dartnative: ##BENCH## {"tag":"countpages","t_us":1790234525712738,"ev":"page_build","i":147}
Sep 24 13:07:05.723934 Runner(Flutter)[1986] <Notice>: dartnative: ##BENCH## {"tag":"countpages","t_us":1790234525712842,"ev":"page_build","i":148}
Sep 24 13:07:05.723944 Runner(Flutter)[1986] <Notice>: dartnative: ##BENCH## {"tag":"countpages","t_us":1790234525712929,"ev":"page_build","i":149}
Sep 24 13:07:05.723975 Runner(Flutter)[1986] <Notice>: dartnative: ##BENCH## {"tag":"countpages","t_us":1790234525713072,"ev":"page_build","i":150}
Sep 24 13:07:05.724019 Runner(Flutter)[1986] <Notice>: dartnative: ##BENCH## {"tag":"countpages","t_us":1790234525713330,"ev":"page_build","i":151}
Sep 24 13:07:05.724027 Runner(Flutter)[1986] <Notice>: dartnative: ##BENCH## {"tag":"countpages","t_us":1790234525713440,"ev":"page_build","i":152}
Sep 24 13:07:05.724037 Runner(Flutter)[1986] <Notice>: dartnative: ##BENCH## {"tag":"countpages","t_us":1790234525713616,"ev":"page_build","i":153}
Sep 24 13:07:05.724057 Runner(Flutter)[1986] <Notice>: dartnative: ##BENCH## {"tag":"countpages","t_us":1790234525713817,"ev":"page_build","i":154}
Sep 24 13:07:05.724074 Runner(Flutter)[1986] <Notice>: dartnative: ##BENCH## {"tag":"countpages","t_us":1790234525713932,"ev":"page_build","i":155}
Sep 24 13:07:05.724241 Runner(Flutter)[1986] <Notice>: dartnative: ##BENCH## {"tag":"countpages","t_us":1790234525714016,"ev":"page_build","i":156}
Sep 24 13:07:05.724273 Runner(Flutter)[1986] <Notice>: dartnative: ##BENCH## {"tag":"countpages","t_us":1790234525714155,"ev":"page_build","i":157}
Sep 24 13:07:05.724294 Runner(Flutter)[1986] <Notice>: dartnative: ##BENCH## {"tag":"countpages","t_us":1790234525714364,"ev":"page_build","i":158}
Sep 24 13:07:05.724315 Runner(Flutter)[1986] <Notice>: dartnative: ##BENCH## {"tag":"countpages","t_us":1790234525714574,"ev":"page_build","i":159}
Sep 24 13:07:05.724441 Runner(Flutter)[1986] <Notice>: dartnative: ##BENCH## {"tag":"countpages","t_us":1790234525714778,"ev":"page_build","i":160}
Sep 24 13:07:05.724503 Runner(Flutter)[1986] <Notice>: dartnative: ##BENCH## {"tag":"countpages","t_us":1790234525714945,"ev":"page_build","i":161}
Sep 24 13:07:05.724586 Runner(Flutter)[1986] <Notice>: dartnative: ##BENCH## {"tag":"countpages","t_us":1790234525715156,"ev":"page_build","i":162}
Sep 24 13:07:05.724613 Runner(Flutter)[1986] <Notice>: dartnative: ##BENCH## {"tag":"countpages","t_us":1790234525715312,"ev":"page_build","i":163}
Sep 24 13:07:05.724650 Runner(Flutter)[1986] <Notice>: dartnative: ##BENCH## {"tag":"countpages","t_us":1790234525715460,"ev":"page_build","i":164}
Sep 24 13:07:05.724687 Runner(Flutter)[1986] <Notice>: dartnative: ##BENCH## {"tag":"countpages","t_us":1790234525715667,"ev":"page_build","i":165}
Sep 24 13:07:05.724733 Runner(Flutter)[1986] <Notice>: dartnative: ##BENCH## {"tag":"countpages","t_us":1790234525715884,"ev":"page_build","i":166}
Sep 24 13:07:05.724750 Runner(Flutter)[1986] <Notice>: dartnative: ##BENCH## {"tag":"countpages","t_us":1790234525716116,"ev":"page_build","i":167}
Sep 24 13:07:05.724770 Runner(Flutter)[1986] <Notice>: dartnative: ##BENCH## {"tag":"countpages","t_us":1790234525716373,"ev":"page_build","i":168}
Sep 24 13:07:05.724842 Runner(Flutter)[1986] <Notice>: dartnative: ##BENCH## {"tag":"countpages","t_us":1790234525716492,"ev":"page_build","i":169}
Sep 24 13:07:05.724964 Runner(Flutter)[1986] <Notice>: dartnative: ##BENCH## {"tag":"countpages","t_us":1790234525716611,"ev":"page_build","i":170}
Sep 24 13:07:05.724973 Runner(Flutter)[1986] <Notice>: dartnative: ##BENCH## {"tag":"countpages","t_us":1790234525716766,"ev":"page_build","i":171}
Sep 24 13:07:05.725012 Runner(Flutter)[1986] <Notice>: dartnative: ##BENCH## {"tag":"countpages","t_us":1790234525716839,"ev":"page_build","i":172}
Sep 24 13:07:05.725068 Runner(Flutter)[1986] <Notice>: dartnative: ##BENCH## {"tag":"countpages","t_us":1790234525716916,"ev":"page_build","i":173}
Sep 24 13:07:05.725085 Runner(Flutter)[1986] <Notice>: dartnative: ##BENCH## {"tag":"countpages","t_us":1790234525716995,"ev":"page_build","i":174}
Sep 24 13:07:05.725093 Runner(Flutter)[1986] <Notice>: dartnative: ##BENCH## {"tag":"countpages","t_us":1790234525717169,"ev":"page_build","i":175}
Sep 24 13:07:05.725199 Runner(Flutter)[1986] <Notice>: dartnative: ##BENCH## {"tag":"countpages","t_us":1790234525717339,"ev":"page_build","i":176}
Sep 24 13:07:05.725251 Runner(Flutter)[1986] <Notice>: dartnative: ##BENCH## {"tag":"countpages","t_us":1790234525717568,"ev":"page_build","i":177}
Sep 24 13:07:05.725268 Runner(Flutter)[1986] <Notice>: dartnative: ##BENCH## {"tag":"countpages","t_us":1790234525717628,"ev":"page_build","i":178}
Sep 24 13:07:05.725326 Runner(Flutter)[1986] <Notice>: dartnative: ##BENCH## {"tag":"countpages","t_us":1790234525717725,"ev":"page_build","i":179}
Sep 24 13:07:05.725350 Runner(Flutter)[1986] <Notice>: dartnative: ##BENCH## {"tag":"countpages","t_us":1790234525717805,"ev":"page_build","i":180}
Sep 24 13:07:05.725382 Runner(Flutter)[1986] <Notice>: dartnative: ##BENCH## {"tag":"countpages","t_us":1790234525718036,"ev":"page_build","i":181}
Sep 24 13:07:05.725440 Runner(Flutter)[1986] <Notice>: dartnative: ##BENCH## {"tag":"countpages","t_us":1790234525718350,"ev":"page_build","i":182}
Sep 24 13:07:05.725477 Runner(Flutter)[1986] <Notice>: dartnative: ##BENCH## {"tag":"countpages","t_us":1790234525718511,"ev":"page_build","i":183}
Sep 24 13:07:05.725525 Runner(Flutter)[1986] <Notice>: dartnative: ##BENCH## {"tag":"countpages","t_us":1790234525718634,"ev":"page_build","i":184}
Sep 24 13:07:05.725533 Runner(Flutter)[1986] <Notice>: dartnative: ##BENCH## {"tag":"countpages","t_us":1790234525718737,"ev":"page_build","i":185}
Sep 24 13:07:05.725588 Runner(Flutter)[1986] <Notice>: dartnative: ##BENCH## {"tag":"countpages","t_us":1790234525718884,"ev":"page_build","i":186}
Sep 24 13:07:05.725597 Runner(Flutter)[1986] <Notice>: dartnative: ##BENCH## {"tag":"countpages","t_us":1790234525719087,"ev":"page_build","i":187}
Sep 24 13:07:05.725630 Runner(Flutter)[1986] <Notice>: dartnative: ##BENCH## {"tag":"countpages","t_us":1790234525719240,"ev":"page_build","i":188}
Sep 24 13:07:05.725648 Runner(Flutter)[1986] <Notice>: dartnative: ##BENCH## {"tag":"countpages","t_us":1790234525719461,"ev":"page_build","i":189}
Sep 24 13:07:05.725769 Runner(Flutter)[1986] <Notice>: dartnative: ##BENCH## {"tag":"countpages","t_us":1790234525719615,"ev":"page_build","i":190}
Sep 24 13:07:05.725829 Runner(Flutter)[1986] <Notice>: dartnative: ##BENCH## {"tag":"countpages","t_us":1790234525719685,"ev":"page_build","i":191}
Sep 24 13:07:05.725860 Runner(Flutter)[1986] <Notice>: dartnative: ##BENCH## {"tag":"countpages","t_us":1790234525719799,"ev":"page_build","i":192}
Sep 24 13:07:05.725969 Runner(Flutter)[1986] <Notice>: dartnative: ##BENCH## {"tag":"countpages","t_us":1790234525719967,"ev":"page_build","i":193}
Sep 24 13:07:05.726014 Runner(Flutter)[1986] <Notice>: dartnative: ##BENCH## {"tag":"countpages","t_us":1790234525720205,"ev":"page_build","i":194}
Sep 24 13:07:05.726022 Runner(Flutter)[1986] <Notice>: dartnative: ##BENCH## {"tag":"countpages","t_us":1790234525720371,"ev":"page_build","i":195}
Sep 24 13:07:05.726029 Runner(Flutter)[1986] <Notice>: dartnative: ##BENCH## {"tag":"countpages","t_us":1790234525720613,"ev":"page_build","i":196}
Sep 24 13:07:05.726184 Runner(Flutter)[1986] <Notice>: dartnative: ##BENCH## {"tag":"countpages","t_us":1790234525720785,"ev":"page_build","i":197}
Sep 24 13:07:05.726318 Runner(Flutter)[1986] <Notice>: dartnative: ##BENCH## {"tag":"countpages","t_us":1790234525720938,"ev":"page_build","i":198}
Sep 24 13:07:05.726341 Runner(Flutter)[1986] <Notice>: dartnative: ##BENCH## {"tag":"countpages","t_us":1790234525721210,"ev":"page_build","i":199}
Sep 24 13:07:05.726442 Runner(Flutter)[1986] <Notice>: dartnative: ##BENCH## {"tag":"countpages","t_us":1790234525721400,"ev":"page_build","i":200}
Sep 24 13:07:05.726472 Runner(Flutter)[1986] <Notice>: dartnative: ##BENCH## {"tag":"countpages","t_us":1790234525721545,"ev":"page_build","i":201}
Sep 24 13:07:05.726480 Runner(Flutter)[1986] <Notice>: dartnative: ##BENCH## {"tag":"countpages","t_us":1790234525721708,"ev":"page_build","i":202}
Sep 24 13:07:05.726487 Runner(Flutter)[1986] <Notice>: dartnative: ##BENCH## {"tag":"countpages","t_us":1790234525721946,"ev":"page_build","i":203}
Sep 24 13:07:05.726495 Runner(Flutter)[1986] <Notice>: dartnative: ##BENCH## {"tag":"countpages","t_us":1790234525722134,"ev":"page_build","i":204}
Sep 24 13:07:05.726527 Runner(Flutter)[1986] <Notice>: dartnative: ##BENCH## {"tag":"countpages","t_us":1790234525722325,"ev":"page_build","i":205}
Sep 24 13:07:05.726535 Runner(Flutter)[1986] <Notice>: dartnative: ##BENCH## {"tag":"countpages","t_us":1790234525722507,"ev":"page_build","i":206}
Sep 24 13:07:05.726552 Runner(Flutter)[1986] <Notice>: dartnative: ##BENCH## {"tag":"countpages","t_us":1790234525722766,"ev":"page_build","i":207}
Sep 24 13:07:05.726566 Runner(Flutter)[1986] <Notice>: dartnative: ##BENCH## {"tag":"countpages","t_us":1790234525722906,"ev":"page_build","i":208}
Sep 24 13:07:05.726581 Runner(Flutter)[1986] <Notice>: dartnative: ##BENCH## {"tag":"countpages","t_us":1790234525723065,"ev":"page_build","i":209}
Sep 24 13:07:05.726620 Runner(Flutter)[1986] <Notice>: dartnative: ##BENCH## {"tag":"countpages","t_us":1790234525723228,"ev":"page_build","i":210}
Sep 24 13:07:05.726635 Runner(Flutter)[1986] <Notice>: dartnative: ##BENCH## {"tag":"countpages","t_us":1790234525723360,"ev":"page_build","i":211}
Sep 24 13:07:05.726751 Runner(Flutter)[1986] <Notice>: dartnative: ##BENCH## {"tag":"countpages","t_us":1790234525723486,"ev":"page_build","i":212}
Sep 24 13:07:05.726778 Runner(Flutter)[1986] <Notice>: dartnative: ##BENCH## {"tag":"countpages","t_us":1790234525723618,"ev":"page_build","i":213}
Sep 24 13:07:05.726794 Runner(Flutter)[1986] <Notice>: dartnative: ##BENCH## {"tag":"countpages","t_us":1790234525723740,"ev":"page_build","i":214}
Sep 24 13:07:05.726812 Runner(Flutter)[1986] <Notice>: dartnative: ##BENCH## {"tag":"countpages","t_us":1790234525723818,"ev":"page_build","i":215}
Sep 24 13:07:05.726946 Runner(Flutter)[1986] <Notice>: dartnative: ##BENCH## {"tag":"countpages","t_us":1790234525724040,"ev":"page_build","i":216}
Sep 24 13:07:05.727020 Runner(Flutter)[1986] <Notice>: dartnative: ##BENCH## {"tag":"countpages","t_us":1790234525724252,"ev":"page_build","i":217}
Sep 24 13:07:05.727039 Runner(Flutter)[1986] <Notice>: dartnative: ##BENCH## {"tag":"countpages","t_us":1790234525724402,"ev":"page_build","i":218}
Sep 24 13:07:05.727082 Runner(Flutter)[1986] <Notice>: dartnative: ##BENCH## {"tag":"countpages","t_us":1790234525724525,"ev":"page_build","i":219}
Sep 24 13:07:05.727097 Runner(Flutter)[1986] <Notice>: dartnative: ##BENCH## {"tag":"countpages","t_us":1790234525724663,"ev":"page_build","i":220}
Sep 24 13:07:05.727121 Runner(Flutter)[1986] <Notice>: dartnative: ##BENCH## {"tag":"countpages","t_us":1790234525724815,"ev":"page_build","i":221}
Sep 24 13:07:05.727175 Runner(Flutter)[1986] <Notice>: dartnative: ##BENCH## {"tag":"countpages","t_us":1790234525725003,"ev":"page_build","i":222}
Sep 24 13:07:05.727237 Runner(Flutter)[1986] <Notice>: dartnative: ##BENCH## {"tag":"countpages","t_us":1790234525725048,"ev":"page_build","i":223}
Sep 24 13:07:05.727246 Runner(Flutter)[1986] <Notice>: dartnative: ##BENCH## {"tag":"countpages","t_us":1790234525725091,"ev":"page_build","i":224}
Sep 24 13:07:05.727363 Runner(Flutter)[1986] <Notice>: dartnative: ##BENCH## {"tag":"countpages","t_us":1790234525725226,"ev":"page_build","i":225}
Sep 24 13:07:05.727379 Runner(Flutter)[1986] <Notice>: dartnative: ##BENCH## {"tag":"countpages","t_us":1790234525725426,"ev":"page_build","i":226}
Sep 24 13:07:05.727402 Runner(Flutter)[1986] <Notice>: dartnative: ##BENCH## {"tag":"countpages","t_us":1790234525725515,"ev":"page_build","i":227}
Sep 24 13:07:05.727417 Runner(Flutter)[1986] <Notice>: dartnative: ##BENCH## {"tag":"countpages","t_us":1790234525725628,"ev":"page_build","i":228}
Sep 24 13:07:05.727433 Runner(Flutter)[1986] <Notice>: dartnative: ##BENCH## {"tag":"countpages","t_us":1790234525725755,"ev":"page_build","i":229}
Sep 24 13:07:05.727447 Runner(Flutter)[1986] <Notice>: dartnative: ##BENCH## {"tag":"countpages","t_us":1790234525725795,"ev":"page_build","i":230}
Sep 24 13:07:05.727454 Runner(Flutter)[1986] <Notice>: dartnative: ##BENCH## {"tag":"countpages","t_us":1790234525725837,"ev":"page_build","i":231}
Sep 24 13:07:05.734929 Runner(Flutter)[1986] <Notice>: dartnative: ##BENCH## {"tag":"countpages","t_us":1790234525731589,"ev":"page_build","i":232}
Sep 24 13:07:05.734946 Runner(Flutter)[1986] <Notice>: dartnative: ##BENCH## {"tag":"countpages","t_us":1790234525731698,"ev":"page_build","i":233}
Sep 24 13:07:05.734978 Runner(Flutter)[1986] <Notice>: dartnative: ##BENCH## {"tag":"countpages","t_us":1790234525731748,"ev":"page_build","i":234}
Sep 24 13:07:05.735031 Runner(Flutter)[1986] <Notice>: dartnative: ##BENCH## {"tag":"countpages","t_us":1790234525731797,"ev":"page_build","i":235}
Sep 24 13:07:05.735119 Runner(Flutter)[1986] <Notice>: dartnative: ##BENCH## {"tag":"countpages","t_us":1790234525731928,"ev":"page_build","i":236}
Sep 24 13:07:05.735171 Runner(Flutter)[1986] <Notice>: dartnative: ##BENCH## {"tag":"countpages","t_us":1790234525732080,"ev":"page_build","i":237}
Sep 24 13:07:05.735274 Runner(Flutter)[1986] <Notice>: dartnative: ##BENCH## {"tag":"countpages","t_us":1790234525732153,"ev":"page_build","i":238}
Sep 24 13:07:05.735376 Runner(Flutter)[1986] <Notice>: dartnative: ##BENCH## {"tag":"countpages","t_us":1790234525732287,"ev":"page_build","i":239}
Sep 24 13:07:05.735753 Runner(Flutter)[1986] <Notice>: dartnative: ##BENCH## {"tag":"countpages","t_us":1790234525732328,"ev":"page_build","i":240}
Sep 24 13:07:05.735847 Runner(Flutter)[1986] <Notice>: dartnative: ##BENCH## {"tag":"countpages","t_us":1790234525732365,"ev":"page_build","i":241}
Sep 24 13:07:05.735949 Runner(Flutter)[1986] <Notice>: dartnative: ##BENCH## {"tag":"countpages","t_us":1790234525732420,"ev":"page_build","i":242}
Sep 24 13:07:05.735971 Runner(Flutter)[1986] <Notice>: dartnative: ##BENCH## {"tag":"countpages","t_us":1790234525732550,"ev":"page_build","i":243}
Sep 24 13:07:05.735994 Runner(Flutter)[1986] <Notice>: dartnative: ##BENCH## {"tag":"countpages","t_us":1790234525732715,"ev":"page_build","i":244}
Sep 24 13:07:05.736002 Runner(Flutter)[1986] <Notice>: dartnative: ##BENCH## {"tag":"countpages","t_us":1790234525732875,"ev":"page_build","i":245}
Sep 24 13:07:05.736018 Runner(Flutter)[1986] <Notice>: dartnative: ##BENCH## {"tag":"countpages","t_us":1790234525733087,"ev":"page_build","i":246}
Sep 24 13:07:05.736026 Runner(Flutter)[1986] <Notice>: dartnative: ##BENCH## {"tag":"countpages","t_us":1790234525733199,"ev":"page_build","i":247}
Sep 24 13:07:05.736035 Runner(Flutter)[1986] <Notice>: dartnative: ##BENCH## {"tag":"countpages","t_us":1790234525733266,"ev":"page_build","i":248}
Sep 24 13:07:05.736056 Runner(Flutter)[1986] <Notice>: dartnative: ##BENCH## {"tag":"countpages","t_us":1790234525733392,"ev":"page_build","i":249}
Sep 24 13:07:05.736501 Runner(Flutter)[1986] <Notice>: dartnative: ##BENCH## {"tag":"countpages","t_us":1790234525733518,"ev":"page_build","i":250}
Sep 24 13:07:05.736519 Runner(Flutter)[1986] <Notice>: dartnative: ##BENCH## {"tag":"countpages","t_us":1790234525733592,"ev":"page_build","i":251}
Sep 24 13:07:05.736543 Runner(Flutter)[1986] <Notice>: dartnative: ##BENCH## {"tag":"countpages","t_us":1790234525733764,"ev":"page_build","i":252}
Sep 24 13:07:05.736619 Runner(Flutter)[1986] <Notice>: dartnative: ##BENCH## {"tag":"countpages","t_us":1790234525733973,"ev":"page_build","i":253}
Sep 24 13:07:05.736652 Runner(Flutter)[1986] <Notice>: dartnative: ##BENCH## {"tag":"countpages","t_us":1790234525734703,"ev":"page_build","i":254}
Sep 24 13:07:05.736917 Runner(Flutter)[1986] <Notice>: dartnative: ##BENCH## {"tag":"countpages","t_us":1790234525734769,"ev":"page_build","i":255}
Sep 24 13:07:05.737035 Runner(Flutter)[1986] <Notice>: dartnative: ##BENCH## {"tag":"countpages","t_us":1790234525734857,"ev":"page_build","i":256}
Sep 24 13:07:05.737464 Runner(Flutter)[1986] <Notice>: dartnative: ##BENCH## {"tag":"countpages","t_us":1790234525734991,"ev":"page_build","i":257}
Sep 24 13:07:05.737686 Runner(Flutter)[1986] <Notice>: dartnative: ##BENCH## {"tag":"countpages","t_us":1790234525735188,"ev":"page_build","i":258}
Sep 24 13:07:05.738225 Runner(Flutter)[1986] <Notice>: dartnative: ##BENCH## {"tag":"countpages","t_us":1790234525735388,"ev":"page_build","i":259}
Sep 24 13:07:05.738545 Runner(Flutter)[1986] <Notice>: dartnative: ##BENCH## {"tag":"countpages","t_us":1790234525735660,"ev":"page_build","i":260}
Sep 24 13:07:05.738781 Runner(Flutter)[1986] <Notice>: dartnative: ##BENCH## {"tag":"countpages","t_us":1790234525735883,"ev":"page_build","i":261}
Sep 24 13:07:05.739470 Runner(Flutter)[1986] <Notice>: dartnative: ##BENCH## {"tag":"countpages","t_us":1790234525736007,"ev":"page_build","i":262}
Sep 24 13:07:05.739510 Runner(Flutter)[1986] <Notice>: dartnative: ##BENCH## {"tag":"countpages","t_us":1790234525736182,"ev":"page_build","i":263}
Sep 24 13:07:05.739797 Runner(Flutter)[1986] <Notice>: dartnative: ##BENCH## {"tag":"countpages","t_us":1790234525736280,"ev":"page_build","i":264}
Sep 24 13:07:05.740622 Runner(Flutter)[1986] <Notice>: dartnative: ##BENCH## {"tag":"countpages","t_us":1790234525736411,"ev":"page_build","i":265}
Sep 24 13:07:05.740938 Runner(Flutter)[1986] <Notice>: dartnative: ##BENCH## {"tag":"countpages","t_us":1790234525736659,"ev":"page_build","i":266}
Sep 24 13:07:05.742828 Runner(Flutter)[1986] <Notice>: dartnative: ##BENCH## {"tag":"countpages","t_us":1790234525736976,"ev":"page_build","i":267}
Sep 24 13:07:05.743769 Runner(Flutter)[1986] <Notice>: dartnative: ##BENCH## {"tag":"countpages","t_us":1790234525737044,"ev":"page_build","i":268}
Sep 24 13:07:05.744078 Runner(Flutter)[1986] <Notice>: dartnative: ##BENCH## {"tag":"countpages","t_us":1790234525737293,"ev":"page_build","i":269}
Sep 24 13:07:05.744219 Runner(Flutter)[1986] <Notice>: dartnative: ##BENCH## {"tag":"countpages","t_us":1790234525737381,"ev":"page_build","i":270}
Sep 24 13:07:05.744992 Runner(Flutter)[1986] <Notice>: dartnative: ##BENCH## {"tag":"countpages","t_us":1790234525737581,"ev":"page_build","i":271}
Sep 24 13:07:05.745485 Runner(Flutter)[1986] <Notice>: dartnative: ##BENCH## {"tag":"countpages","t_us":1790234525737750,"ev":"page_build","i":272}
Sep 24 13:07:05.748028 Runner(Flutter)[1986] <Notice>: dartnative: ##BENCH## {"tag":"countpages","t_us":1790234525737881,"ev":"page_build","i":273}
Sep 24 13:07:05.748183 Runner(Flutter)[1986] <Notice>: dartnative: ##BENCH## {"tag":"countpages","t_us":1790234525738036,"ev":"page_build","i":274}
Sep 24 13:07:05.749360 Runner(Flutter)[1986] <Notice>: dartnative: ##BENCH## {"tag":"countpages","t_us":1790234525738274,"ev":"page_build","i":275}
Sep 24 13:07:05.751355 Runner(Flutter)[1986] <Notice>: dartnative: ##BENCH## {"tag":"countpages","t_us":1790234525738442,"ev":"page_build","i":276}
Sep 24 13:07:05.751690 Runner(Flutter)[1986] <Notice>: dartnative: ##BENCH## {"tag":"countpages","t_us":1790234525738523,"ev":"page_build","i":277}
Sep 24 13:07:05.752279 Runner(Flutter)[1986] <Notice>: dartnative: ##BENCH## {"tag":"countpages","t_us":1790234525738654,"ev":"page_build","i":278}
Sep 24 13:07:05.753165 Runner(Flutter)[1986] <Notice>: dartnative: ##BENCH## {"tag":"countpages","t_us":1790234525738734,"ev":"page_build","i":279}
Sep 24 13:07:05.753344 Runner(Flutter)[1986] <Notice>: dartnative: ##BENCH## {"tag":"countpages","t_us":1790234525738844,"ev":"page_build","i":280}
Sep 24 13:07:05.753997 Runner(Flutter)[1986] <Notice>: dartnative: ##BENCH## {"tag":"countpages","t_us":1790234525738958,"ev":"page_build","i":281}
Sep 24 13:07:05.754264 Runner(Flutter)[1986] <Notice>: dartnative: ##BENCH## {"tag":"countpages","t_us":1790234525739082,"ev":"page_build","i":282}
Sep 24 13:07:05.754529 Runner(Flutter)[1986] <Notice>: dartnative: ##BENCH## {"tag":"countpages","t_us":1790234525739273,"ev":"page_build","i":283}
Sep 24 13:07:05.755138 Runner(Flutter)[1986] <Notice>: dartnative: ##BENCH## {"tag":"countpages","t_us":1790234525739443,"ev":"page_build","i":284}
Sep 24 13:07:05.755290 Runner(Flutter)[1986] <Notice>: dartnative: ##BENCH## {"tag":"countpages","t_us":1790234525739587,"ev":"page_build","i":285}
Sep 24 13:07:05.755493 Runner(Flutter)[1986] <Notice>: dartnative: ##BENCH## {"tag":"countpages","t_us":1790234525739642,"ev":"page_build","i":286}
Sep 24 13:07:05.755666 Runner(Flutter)[1986] <Notice>: dartnative: ##BENCH## {"tag":"countpages","t_us":1790234525739748,"ev":"page_build","i":287}
Sep 24 13:07:05.756008 Runner(Flutter)[1986] <Notice>: dartnative: ##BENCH## {"tag":"countpages","t_us":1790234525739862,"ev":"page_build","i":288}
Sep 24 13:07:05.756149 Runner(Flutter)[1986] <Notice>: dartnative: ##BENCH## {"tag":"countpages","t_us":1790234525740050,"ev":"page_build","i":289}
Sep 24 13:07:05.756507 Runner(Flutter)[1986] <Notice>: dartnative: ##BENCH## {"tag":"countpages","t_us":1790234525740106,"ev":"page_build","i":290}
Sep 24 13:07:05.756764 Runner(Flutter)[1986] <Notice>: dartnative: ##BENCH## {"tag":"countpages","t_us":1790234525740217,"ev":"page_build","i":291}
Sep 24 13:07:05.756872 Runner(Flutter)[1986] <Notice>: dartnative: ##BENCH## {"tag":"countpages","t_us":1790234525740325,"ev":"page_build","i":292}
Sep 24 13:07:05.756954 Runner(Flutter)[1986] <Notice>: dartnative: ##BENCH## {"tag":"countpages","t_us":1790234525740427,"ev":"page_build","i":293}
Sep 24 13:07:05.757118 Runner(Flutter)[1986] <Notice>: dartnative: ##BENCH## {"tag":"countpages","t_us":1790234525740567,"ev":"page_build","i":294}
Sep 24 13:07:05.757307 Runner(Flutter)[1986] <Notice>: dartnative: ##BENCH## {"tag":"countpages","t_us":1790234525740645,"ev":"page_build","i":295}
Sep 24 13:07:05.757428 Runner(Flutter)[1986] <Notice>: dartnative: ##BENCH## {"tag":"countpages","t_us":1790234525740747,"ev":"page_build","i":296}
Sep 24 13:07:05.757633 Runner(Flutter)[1986] <Notice>: dartnative: ##BENCH## {"tag":"countpages","t_us":1790234525740845,"ev":"page_build","i":297}
Sep 24 13:07:05.757973 Runner(Flutter)[1986] <Notice>: dartnative: ##BENCH## {"tag":"countpages","t_us":1790234525740942,"ev":"page_build","i":298}
Sep 24 13:07:05.758226 Runner(Flutter)[1986] <Notice>: dartnative: ##BENCH## {"tag":"countpages","t_us":1790234525741059,"ev":"page_build","i":299}
Sep 24 13:07:05.758275 Runner(Flutter)[1986] <Notice>: dartnative: ##BENCH## {"tag":"countpages","t_us":1790234525741167,"ev":"page_build","i":300}
Sep 24 13:07:05.758324 Runner(Flutter)[1986] <Notice>: dartnative: ##BENCH## {"tag":"countpages","t_us":1790234525741222,"ev":"page_build","i":301}
Sep 24 13:07:05.758403 Runner(Flutter)[1986] <Notice>: dartnative: ##BENCH## {"tag":"countpages","t_us":1790234525741326,"ev":"page_build","i":302}
Sep 24 13:07:05.758455 Runner(Flutter)[1986] <Notice>: dartnative: ##BENCH## {"tag":"countpages","t_us":1790234525741420,"ev":"page_build","i":303}
Sep 24 13:07:05.758739 Runner(Flutter)[1986] <Notice>: dartnative: ##BENCH## {"tag":"countpages","t_us":1790234525741496,"ev":"page_build","i":304}
Sep 24 13:07:05.758833 Runner(Flutter)[1986] <Notice>: dartnative: ##BENCH## {"tag":"countpages","t_us":1790234525741593,"ev":"page_build","i":305}
Sep 24 13:07:05.759017 Runner(Flutter)[1986] <Notice>: dartnative: ##BENCH## {"tag":"countpages","t_us":1790234525741740,"ev":"page_build","i":306}
Sep 24 13:07:05.759093 Runner(Flutter)[1986] <Notice>: dartnative: ##BENCH## {"tag":"countpages","t_us":1790234525741812,"ev":"page_build","i":307}
Sep 24 13:07:05.759112 Runner(Flutter)[1986] <Notice>: dartnative: ##BENCH## {"tag":"countpages","t_us":1790234525741890,"ev":"page_build","i":308}
Sep 24 13:07:05.759215 Runner(Flutter)[1986] <Notice>: dartnative: ##BENCH## {"tag":"countpages","t_us":1790234525742056,"ev":"page_build","i":309}
Sep 24 13:07:05.759267 Runner(Flutter)[1986] <Notice>: dartnative: ##BENCH## {"tag":"countpages","t_us":1790234525742174,"ev":"page_build","i":310}
Sep 24 13:07:05.759406 Runner(Flutter)[1986] <Notice>: dartnative: ##BENCH## {"tag":"countpages","t_us":1790234525742365,"ev":"page_build","i":311}
Sep 24 13:07:05.759476 Runner(Flutter)[1986] <Notice>: dartnative: ##BENCH## {"tag":"countpages","t_us":1790234525742606,"ev":"page_build","i":312}
Sep 24 13:07:05.759611 Runner(Flutter)[1986] <Notice>: dartnative: ##BENCH## {"tag":"countpages","t_us":1790234525742836,"ev":"page_build","i":313}
Sep 24 13:07:05.759744 Runner(Flutter)[1986] <Notice>: dartnative: ##BENCH## {"tag":"countpages","t_us":1790234525742935,"ev":"page_build","i":314}
Sep 24 13:07:05.759789 Runner(Flutter)[1986] <Notice>: dartnative: ##BENCH## {"tag":"countpages","t_us":1790234525743091,"ev":"page_build","i":315}
Sep 24 13:07:05.760009 Runner(Flutter)[1986] <Notice>: dartnative: ##BENCH## {"tag":"countpages","t_us":1790234525743192,"ev":"page_build","i":316}
Sep 24 13:07:05.760123 Runner(Flutter)[1986] <Notice>: dartnative: ##BENCH## {"tag":"countpages","t_us":1790234525743312,"ev":"page_build","i":317}
Sep 24 13:07:05.760335 Runner(Flutter)[1986] <Notice>: dartnative: ##BENCH## {"tag":"countpages","t_us":1790234525743515,"ev":"page_build","i":318}
Sep 24 13:07:05.760416 Runner(Flutter)[1986] <Notice>: dartnative: ##BENCH## {"tag":"countpages","t_us":1790234525743741,"ev":"page_build","i":319}
Sep 24 13:07:05.760492 Runner(Flutter)[1986] <Notice>: dartnative: ##BENCH## {"tag":"countpages","t_us":1790234525743874,"ev":"page_build","i":320}
Sep 24 13:07:05.761632 Runner(Flutter)[1986] <Notice>: dartnative: ##BENCH## {"tag":"countpages","t_us":1790234525744012,"ev":"page_build","i":321}
Sep 24 13:07:05.761843 Runner(Flutter)[1986] <Notice>: dartnative: ##BENCH## {"tag":"countpages","t_us":1790234525744135,"ev":"page_build","i":322}
Sep 24 13:07:05.762009 Runner(Flutter)[1986] <Notice>: dartnative: ##BENCH## {"tag":"countpages","t_us":1790234525744325,"ev":"page_build","i":323}
Sep 24 13:07:05.762190 Runner(Flutter)[1986] <Notice>: dartnative: ##BENCH## {"tag":"countpages","t_us":1790234525744469,"ev":"page_build","i":324}
Sep 24 13:07:05.762218 Runner(Flutter)[1986] <Notice>: dartnative: ##BENCH## {"tag":"countpages","t_us":1790234525744599,"ev":"page_build","i":325}
Sep 24 13:07:05.762581 Runner(Flutter)[1986] <Notice>: dartnative: ##BENCH## {"tag":"countpages","t_us":1790234525744777,"ev":"page_build","i":326}
Sep 24 13:07:05.762771 Runner(Flutter)[1986] <Notice>: dartnative: ##BENCH## {"tag":"countpages","t_us":1790234525744888,"ev":"page_build","i":327}
Sep 24 13:07:05.765065 Runner(Flutter)[1986] <Notice>: dartnative: ##BENCH## {"tag":"countpages","t_us":1790234525745086,"ev":"page_build","i":328}
Sep 24 13:07:05.766210 Runner(Flutter)[1986] <Notice>: dartnative: ##BENCH## {"tag":"countpages","t_us":1790234525745401,"ev":"page_build","i":329}
Sep 24 13:07:05.766446 Runner(Flutter)[1986] <Notice>: dartnative: ##BENCH## {"tag":"countpages","t_us":1790234525745460,"ev":"page_build","i":330}
Sep 24 13:07:05.766867 Runner(Flutter)[1986] <Notice>: dartnative: ##BENCH## {"tag":"countpages","t_us":1790234525745660,"ev":"page_build","i":331}
Sep 24 13:07:05.766968 Runner(Flutter)[1986] <Notice>: dartnative: ##BENCH## {"tag":"countpages","t_us":1790234525745793,"ev":"page_build","i":332}
Sep 24 13:07:05.767134 Runner(Flutter)[1986] <Notice>: dartnative: ##BENCH## {"tag":"countpages","t_us":1790234525745835,"ev":"page_build","i":333}
Sep 24 13:07:05.768311 Runner(Flutter)[1986] <Notice>: dartnative: ##BENCH## {"tag":"countpages","t_us":1790234525745874,"ev":"page_build","i":334}
Sep 24 13:07:05.769488 Runner(Flutter)[1986] <Notice>: dartnative: ##BENCH## {"tag":"countpages","t_us":1790234525745926,"ev":"page_build","i":335}
Sep 24 13:07:05.770296 Runner(Flutter)[1986] <Notice>: dartnative: ##BENCH## {"tag":"countpages","t_us":1790234525746037,"ev":"page_build","i":336}
Sep 24 13:07:05.770371 Runner(Flutter)[1986] <Notice>: dartnative: ##BENCH## {"tag":"countpages","t_us":1790234525746145,"ev":"page_build","i":337}
Sep 24 13:07:05.770460 Runner(Flutter)[1986] <Notice>: dartnative: ##BENCH## {"tag":"countpages","t_us":1790234525746270,"ev":"page_build","i":338}
Sep 24 13:07:05.770569 Runner(Flutter)[1986] <Notice>: dartnative: ##BENCH## {"tag":"countpages","t_us":1790234525746540,"ev":"page_build","i":339}
Sep 24 13:07:05.770731 Runner(Flutter)[1986] <Notice>: dartnative: ##BENCH## {"tag":"countpages","t_us":1790234525746671,"ev":"page_build","i":340}
Sep 24 13:07:05.770751 Runner(Flutter)[1986] <Notice>: dartnative: ##BENCH## {"tag":"countpages","t_us":1790234525747609,"ev":"page_build","i":341}
Sep 24 13:07:05.770865 Runner(Flutter)[1986] <Notice>: dartnative: ##BENCH## {"tag":"countpages","t_us":1790234525747887,"ev":"page_build","i":342}
Sep 24 13:07:05.771571 Runner(Flutter)[1986] <Notice>: dartnative: ##BENCH## {"tag":"countpages","t_us":1790234525748170,"ev":"page_build","i":343}
Sep 24 13:07:05.771593 Runner(Flutter)[1986] <Notice>: dartnative: ##BENCH## {"tag":"countpages","t_us":1790234525748360,"ev":"page_build","i":344}
Sep 24 13:07:05.771693 Runner(Flutter)[1986] <Notice>: dartnative: ##BENCH## {"tag":"countpages","t_us":1790234525748509,"ev":"page_build","i":345}
Sep 24 13:07:05.771853 Runner(Flutter)[1986] <Notice>: dartnative: ##BENCH## {"tag":"countpages","t_us":1790234525748614,"ev":"page_build","i":346}
Sep 24 13:07:05.771887 Runner(Flutter)[1986] <Notice>: dartnative: ##BENCH## {"tag":"countpages","t_us":1790234525748781,"ev":"page_build","i":347}
Sep 24 13:07:05.771987 Runner(Flutter)[1986] <Notice>: dartnative: ##BENCH## {"tag":"countpages","t_us":1790234525748935,"ev":"page_build","i":348}
Sep 24 13:07:05.772088 Runner(Flutter)[1986] <Notice>: dartnative: ##BENCH## {"tag":"countpages","t_us":1790234525749049,"ev":"page_build","i":349}
Sep 24 13:07:05.772198 Runner(Flutter)[1986] <Notice>: dartnative: ##BENCH## {"tag":"countpages","t_us":1790234525749293,"ev":"page_build","i":350}
Sep 24 13:07:05.772522 Runner(Flutter)[1986] <Notice>: dartnative: ##BENCH## {"tag":"countpages","t_us":1790234525749822,"ev":"page_build","i":351}
Sep 24 13:07:05.772792 Runner(Flutter)[1986] <Notice>: dartnative: ##BENCH## {"tag":"countpages","t_us":1790234525750009,"ev":"page_build","i":352}
Sep 24 13:07:05.773417 Runner(Flutter)[1986] <Notice>: dartnative: ##BENCH## {"tag":"countpages","t_us":1790234525750117,"ev":"page_build","i":353}
Sep 24 13:07:05.773564 Runner(Flutter)[1986] <Notice>: dartnative: ##BENCH## {"tag":"countpages","t_us":1790234525750250,"ev":"page_build","i":354}
Sep 24 13:07:05.773623 Runner(Flutter)[1986] <Notice>: dartnative: ##BENCH## {"tag":"countpages","t_us":1790234525750444,"ev":"page_build","i":355}
Sep 24 13:07:05.773724 Runner(Flutter)[1986] <Notice>: dartnative: ##BENCH## {"tag":"countpages","t_us":1790234525750522,"ev":"page_build","i":356}
Sep 24 13:07:05.773931 Runner(Flutter)[1986] <Notice>: dartnative: ##BENCH## {"tag":"countpages","t_us":1790234525750868,"ev":"page_build","i":357}
Sep 24 13:07:05.774000 Runner(Flutter)[1986] <Notice>: dartnative: ##BENCH## {"tag":"countpages","t_us":1790234525750957,"ev":"page_build","i":358}
Sep 24 13:07:05.774018 Runner(Flutter)[1986] <Notice>: dartnative: ##BENCH## {"tag":"countpages","t_us":1790234525751062,"ev":"page_build","i":359}
Sep 24 13:07:05.774044 Runner(Flutter)[1986] <Notice>: dartnative: ##BENCH## {"tag":"countpages","t_us":1790234525751148,"ev":"page_build","i":360}
Sep 24 13:07:05.774138 Runner(Flutter)[1986] <Notice>: dartnative: ##BENCH## {"tag":"countpages","t_us":1790234525751257,"ev":"page_build","i":361}
Sep 24 13:07:05.774332 Runner(Flutter)[1986] <Notice>: dartnative: ##BENCH## {"tag":"countpages","t_us":1790234525751347,"ev":"page_build","i":362}
Sep 24 13:07:05.774445 Runner(Flutter)[1986] <Notice>: dartnative: ##BENCH## {"tag":"countpages","t_us":1790234525751548,"ev":"page_build","i":363}
Sep 24 13:07:05.774501 Runner(Flutter)[1986] <Notice>: dartnative: ##BENCH## {"tag":"countpages","t_us":1790234525751775,"ev":"page_build","i":364}
Sep 24 13:07:05.774509 Runner(Flutter)[1986] <Notice>: dartnative: ##BENCH## {"tag":"countpages","t_us":1790234525751864,"ev":"page_build","i":365}
Sep 24 13:07:05.774527 Runner(Flutter)[1986] <Notice>: dartnative: ##BENCH## {"tag":"countpages","t_us":1790234525752010,"ev":"page_build","i":366}
Sep 24 13:07:05.774535 Runner(Flutter)[1986] <Notice>: dartnative: ##BENCH## {"tag":"countpages","t_us":1790234525752267,"ev":"page_build","i":367}
Sep 24 13:07:05.774589 Runner(Flutter)[1986] <Notice>: dartnative: ##BENCH## {"tag":"countpages","t_us":1790234525752420,"ev":"page_build","i":368}
Sep 24 13:07:05.774908 Runner(Flutter)[1986] <Notice>: dartnative: ##BENCH## {"tag":"countpages","t_us":1790234525752608,"ev":"page_build","i":369}
Sep 24 13:07:05.774987 Runner(Flutter)[1986] <Notice>: dartnative: ##BENCH## {"tag":"countpages","t_us":1790234525752853,"ev":"page_build","i":370}
Sep 24 13:07:05.775028 Runner(Flutter)[1986] <Notice>: dartnative: ##BENCH## {"tag":"countpages","t_us":1790234525753169,"ev":"page_build","i":371}
Sep 24 13:07:05.775066 Runner(Flutter)[1986] <Notice>: dartnative: ##BENCH## {"tag":"countpages","t_us":1790234525753208,"ev":"page_build","i":372}
Sep 24 13:07:05.775151 Runner(Flutter)[1986] <Notice>: dartnative: ##BENCH## {"tag":"countpages","t_us":1790234525753245,"ev":"page_build","i":373}
Sep 24 13:07:05.775507 Runner(Flutter)[1986] <Notice>: dartnative: ##BENCH## {"tag":"countpages","t_us":1790234525753447,"ev":"page_build","i":374}
Sep 24 13:07:05.775676 Runner(Flutter)[1986] <Notice>: dartnative: ##BENCH## {"tag":"countpages","t_us":1790234525753615,"ev":"page_build","i":375}
Sep 24 13:07:05.775746 Runner(Flutter)[1986] <Notice>: dartnative: ##BENCH## {"tag":"countpages","t_us":1790234525753787,"ev":"page_build","i":376}
Sep 24 13:07:05.775839 Runner(Flutter)[1986] <Notice>: dartnative: ##BENCH## {"tag":"countpages","t_us":1790234525754030,"ev":"page_build","i":377}
Sep 24 13:07:05.775892 Runner(Flutter)[1986] <Notice>: dartnative: ##BENCH## {"tag":"countpages","t_us":1790234525754174,"ev":"page_build","i":378}
Sep 24 13:07:05.775928 Runner(Flutter)[1986] <Notice>: dartnative: ##BENCH## {"tag":"countpages","t_us":1790234525754337,"ev":"page_build","i":379}
Sep 24 13:07:05.776039 Runner(Flutter)[1986] <Notice>: dartnative: ##BENCH## {"tag":"countpages","t_us":1790234525754578,"ev":"page_build","i":380}
Sep 24 13:07:05.776065 Runner(Flutter)[1986] <Notice>: dartnative: ##BENCH## {"tag":"countpages","t_us":1790234525754736,"ev":"page_build","i":381}
Sep 24 13:07:05.776100 Runner(Flutter)[1986] <Notice>: dartnative: ##BENCH## {"tag":"countpages","t_us":1790234525754928,"ev":"page_build","i":382}
Sep 24 13:07:05.776357 Runner(Flutter)[1986] <Notice>: dartnative: ##BENCH## {"tag":"countpages","t_us":1790234525755061,"ev":"page_build","i":383}
Sep 24 13:07:05.776431 Runner(Flutter)[1986] <Notice>: dartnative: ##BENCH## {"tag":"countpages","t_us":1790234525755287,"ev":"page_build","i":384}
Sep 24 13:07:05.776473 Runner(Flutter)[1986] <Notice>: dartnative: ##BENCH## {"tag":"countpages","t_us":1790234525755490,"ev":"page_build","i":385}
Sep 24 13:07:05.776559 Runner(Flutter)[1986] <Notice>: dartnative: ##BENCH## {"tag":"countpages","t_us":1790234525755571,"ev":"page_build","i":386}
Sep 24 13:07:05.776671 Runner(Flutter)[1986] <Notice>: dartnative: ##BENCH## {"tag":"countpages","t_us":1790234525755741,"ev":"page_build","i":387}
Sep 24 13:07:05.776748 Runner(Flutter)[1986] <Notice>: dartnative: ##BENCH## {"tag":"countpages","t_us":1790234525755997,"ev":"page_build","i":388}
Sep 24 13:07:05.776793 Runner(Flutter)[1986] <Notice>: dartnative: ##BENCH## {"tag":"countpages","t_us":1790234525756056,"ev":"page_build","i":389}
Sep 24 13:07:05.776876 Runner(Flutter)[1986] <Notice>: dartnative: ##BENCH## {"tag":"countpages","t_us":1790234525756214,"ev":"page_build","i":390}
Sep 24 13:07:05.776902 Runner(Flutter)[1986] <Notice>: dartnative: ##BENCH## {"tag":"countpages","t_us":1790234525756445,"ev":"page_build","i":391}
Sep 24 13:07:05.777022 Runner(Flutter)[1986] <Notice>: dartnative: ##BENCH## {"tag":"countpages","t_us":1790234525756523,"ev":"page_build","i":392}
Sep 24 13:07:05.777097 Runner(Flutter)[1986] <Notice>: dartnative: ##BENCH## {"tag":"countpages","t_us":1790234525756691,"ev":"page_build","i":393}
Sep 24 13:07:05.777137 Runner(Flutter)[1986] <Notice>: dartnative: ##BENCH## {"tag":"countpages","t_us":1790234525756935,"ev":"page_build","i":394}
Sep 24 13:07:05.777146 Runner(Flutter)[1986] <Notice>: dartnative: ##BENCH## {"tag":"countpages","t_us":1790234525757171,"ev":"page_build","i":395}
Sep 24 13:07:05.777297 Runner(Flutter)[1986] <Notice>: dartnative: ##BENCH## {"tag":"countpages","t_us":1790234525757294,"ev":"page_build","i":396}
Sep 24 13:07:05.777346 Runner(Flutter)[1986] <Notice>: dartnative: ##BENCH## {"tag":"countpages","t_us":1790234525757417,"ev":"page_build","i":397}
Sep 24 13:07:05.777383 Runner(Flutter)[1986] <Notice>: dartnative: ##BENCH## {"tag":"countpages","t_us":1790234525757588,"ev":"page_build","i":398}
Sep 24 13:07:05.777427 Runner(Flutter)[1986] <Notice>: dartnative: ##BENCH## {"tag":"countpages","t_us":1790234525757704,"ev":"page_build","i":399}
Sep 24 13:07:05.777463 Runner(Flutter)[1986] <Notice>: dartnative: ##BENCH## {"tag":"countpages","t_us":1790234525757934,"ev":"page_build","i":400}
Sep 24 13:07:05.777557 Runner(Flutter)[1986] <Notice>: dartnative: ##BENCH## {"tag":"countpages","t_us":1790234525758086,"ev":"page_build","i":401}
Sep 24 13:07:05.777581 Runner(Flutter)[1986] <Notice>: dartnative: ##BENCH## {"tag":"countpages","t_us":1790234525758199,"ev":"page_build","i":402}
Sep 24 13:07:05.777588 Runner(Flutter)[1986] <Notice>: dartnative: ##BENCH## {"tag":"countpages","t_us":1790234525758313,"ev":"page_build","i":403}
Sep 24 13:07:05.777602 Runner(Flutter)[1986] <Notice>: dartnative: ##BENCH## {"tag":"countpages","t_us":1790234525758419,"ev":"page_build","i":404}
Sep 24 13:07:05.777674 Runner(Flutter)[1986] <Notice>: dartnative: ##BENCH## {"tag":"countpages","t_us":1790234525758584,"ev":"page_build","i":405}
Sep 24 13:07:05.777766 Runner(Flutter)[1986] <Notice>: dartnative: ##BENCH## {"tag":"countpages","t_us":1790234525758638,"ev":"page_build","i":406}
Sep 24 13:07:05.777854 Runner(Flutter)[1986] <Notice>: dartnative: ##BENCH## {"tag":"countpages","t_us":1790234525758803,"ev":"page_build","i":407}
Sep 24 13:07:05.777906 Runner(Flutter)[1986] <Notice>: dartnative: ##BENCH## {"tag":"countpages","t_us":1790234525758997,"ev":"page_build","i":408}
Sep 24 13:07:05.778120 Runner(Flutter)[1986] <Notice>: dartnative: ##BENCH## {"tag":"countpages","t_us":1790234525759141,"ev":"page_build","i":409}
Sep 24 13:07:05.778190 Runner(Flutter)[1986] <Notice>: dartnative: ##BENCH## {"tag":"countpages","t_us":1790234525759227,"ev":"page_build","i":410}
Sep 24 13:07:05.778310 Runner(Flutter)[1986] <Notice>: dartnative: ##BENCH## {"tag":"countpages","t_us":1790234525759400,"ev":"page_build","i":411}
Sep 24 13:07:05.778373 Runner(Flutter)[1986] <Notice>: dartnative: ##BENCH## {"tag":"countpages","t_us":1790234525759592,"ev":"page_build","i":412}
Sep 24 13:07:05.778390 Runner(Flutter)[1986] <Notice>: dartnative: ##BENCH## {"tag":"countpages","t_us":1790234525759789,"ev":"page_build","i":413}
Sep 24 13:07:05.778398 Runner(Flutter)[1986] <Notice>: dartnative: ##BENCH## {"tag":"countpages","t_us":1790234525759952,"ev":"page_build","i":414}
Sep 24 13:07:05.778445 Runner(Flutter)[1986] <Notice>: dartnative: ##BENCH## {"tag":"countpages","t_us":1790234525760088,"ev":"page_build","i":415}
Sep 24 13:07:05.778524 Runner(Flutter)[1986] <Notice>: dartnative: ##BENCH## {"tag":"countpages","t_us":1790234525760259,"ev":"page_build","i":416}
Sep 24 13:07:05.778559 Runner(Flutter)[1986] <Notice>: dartnative: ##BENCH## {"tag":"countpages","t_us":1790234525760366,"ev":"page_build","i":417}
Sep 24 13:07:05.778592 Runner(Flutter)[1986] <Notice>: dartnative: ##BENCH## {"tag":"countpages","t_us":1790234525760563,"ev":"page_build","i":418}
Sep 24 13:07:05.778623 Runner(Flutter)[1986] <Notice>: dartnative: ##BENCH## {"tag":"countpages","t_us":1790234525760747,"ev":"page_build","i":419}
Sep 24 13:07:05.778663 Runner(Flutter)[1986] <Notice>: dartnative: ##BENCH## {"tag":"countpages","t_us":1790234525760978,"ev":"page_build","i":420}
Sep 24 13:07:05.778670 Runner(Flutter)[1986] <Notice>: dartnative: ##BENCH## {"tag":"countpages","t_us":1790234525761017,"ev":"page_build","i":421}
Sep 24 13:07:05.778736 Runner(Flutter)[1986] <Notice>: dartnative: ##BENCH## {"tag":"countpages","t_us":1790234525761055,"ev":"page_build","i":422}
Sep 24 13:07:05.778789 Runner(Flutter)[1986] <Notice>: dartnative: ##BENCH## {"tag":"countpages","t_us":1790234525761159,"ev":"page_build","i":423}
Sep 24 13:07:05.778859 Runner(Flutter)[1986] <Notice>: dartnative: ##BENCH## {"tag":"countpages","t_us":1790234525761357,"ev":"page_build","i":424}
Sep 24 13:07:05.778926 Runner(Flutter)[1986] <Notice>: dartnative: ##BENCH## {"tag":"countpages","t_us":1790234525761432,"ev":"page_build","i":425}
Sep 24 13:07:05.779102 Runner(Flutter)[1986] <Notice>: dartnative: ##BENCH## {"tag":"countpages","t_us":1790234525761566,"ev":"page_build","i":426}
Sep 24 13:07:05.781761 Runner(Flutter)[1986] <Notice>: dartnative: ##BENCH## {"tag":"countpages","t_us":1790234525761632,"ev":"page_build","i":427}
Sep 24 13:07:05.787280 Runner(Flutter)[1986] <Notice>: dartnative: ##BENCH## {"tag":"countpages","t_us":1790234525761716,"ev":"page_build","i":428}
Sep 24 13:07:05.787334 Runner(Flutter)[1986] <Notice>: dartnative: ##BENCH## {"tag":"countpages","t_us":1790234525761901,"ev":"page_build","i":429}
Sep 24 13:07:05.787378 Runner(Flutter)[1986] <Notice>: dartnative: ##BENCH## {"tag":"countpages","t_us":1790234525762145,"ev":"page_build","i":430}
Sep 24 13:07:05.787457 Runner(Flutter)[1986] <Notice>: dartnative: ##BENCH## {"tag":"countpages","t_us":1790234525762381,"ev":"page_build","i":431}
Sep 24 13:07:05.787495 Runner(Flutter)[1986] <Notice>: dartnative: ##BENCH## {"tag":"countpages","t_us":1790234525762547,"ev":"page_build","i":432}
Sep 24 13:07:05.787536 Runner(Flutter)[1986] <Notice>: dartnative: ##BENCH## {"tag":"countpages","t_us":1790234525762826,"ev":"page_build","i":433}
Sep 24 13:07:05.787627 Runner(Flutter)[1986] <Notice>: dartnative: ##BENCH## {"tag":"countpages","t_us":1790234525778764,"ev":"page_build","i":434}
Sep 24 13:07:05.787643 Runner(Flutter)[1986] <Notice>: dartnative: ##BENCH## {"tag":"countpages","t_us":1790234525778997,"ev":"page_build","i":435}
Sep 24 13:07:05.787666 Runner(Flutter)[1986] <Notice>: dartnative: ##BENCH## {"tag":"countpages","t_us":1790234525779118,"ev":"page_build","i":436}
Sep 24 13:07:05.787716 Runner(Flutter)[1986] <Notice>: dartnative: ##BENCH## {"tag":"countpages","t_us":1790234525779306,"ev":"page_build","i":437}
Sep 24 13:07:05.787735 Runner(Flutter)[1986] <Notice>: dartnative: ##BENCH## {"tag":"countpages","t_us":1790234525779423,"ev":"page_build","i":438}
Sep 24 13:07:05.787811 Runner(Flutter)[1986] <Notice>: dartnative: ##BENCH## {"tag":"countpages","t_us":1790234525779523,"ev":"page_build","i":439}
Sep 24 13:07:05.787858 Runner(Flutter)[1986] <Notice>: dartnative: ##BENCH## {"tag":"countpages","t_us":1790234525779631,"ev":"page_build","i":440}
Sep 24 13:07:05.787893 Runner(Flutter)[1986] <Notice>: dartnative: ##BENCH## {"tag":"countpages","t_us":1790234525779758,"ev":"page_build","i":441}
Sep 24 13:07:05.787932 Runner(Flutter)[1986] <Notice>: dartnative: ##BENCH## {"tag":"countpages","t_us":1790234525779847,"ev":"page_build","i":442}
Sep 24 13:07:05.787965 Runner(Flutter)[1986] <Notice>: dartnative: ##BENCH## {"tag":"countpages","t_us":1790234525779923,"ev":"page_build","i":443}
Sep 24 13:07:05.788021 Runner(Flutter)[1986] <Notice>: dartnative: ##BENCH## {"tag":"countpages","t_us":1790234525780052,"ev":"page_build","i":444}
Sep 24 13:07:05.788038 Runner(Flutter)[1986] <Notice>: dartnative: ##BENCH## {"tag":"countpages","t_us":1790234525780266,"ev":"page_build","i":445}
Sep 24 13:07:05.788094 Runner(Flutter)[1986] <Notice>: dartnative: ##BENCH## {"tag":"countpages","t_us":1790234525780540,"ev":"page_build","i":446}
Sep 24 13:07:05.788102 Runner(Flutter)[1986] <Notice>: dartnative: ##BENCH## {"tag":"countpages","t_us":1790234525780612,"ev":"page_build","i":447}
Sep 24 13:07:05.788215 Runner(Flutter)[1986] <Notice>: dartnative: ##BENCH## {"tag":"countpages","t_us":1790234525780701,"ev":"page_build","i":448}
Sep 24 13:07:05.788245 Runner(Flutter)[1986] <Notice>: dartnative: ##BENCH## {"tag":"countpages","t_us":1790234525780823,"ev":"page_build","i":449}
Sep 24 13:07:05.788267 Runner(Flutter)[1986] <Notice>: dartnative: ##BENCH## {"tag":"countpages","t_us":1790234525780933,"ev":"page_build","i":450}
Sep 24 13:07:05.788360 Runner(Flutter)[1986] <Notice>: dartnative: ##BENCH## {"tag":"countpages","t_us":1790234525781010,"ev":"page_build","i":451}
Sep 24 13:07:05.788436 Runner(Flutter)[1986] <Notice>: dartnative: ##BENCH## {"tag":"countpages","t_us":1790234525781198,"ev":"page_build","i":452}
Sep 24 13:07:05.788482 Runner(Flutter)[1986] <Notice>: dartnative: ##BENCH## {"tag":"countpages","t_us":1790234525781255,"ev":"page_build","i":453}
Sep 24 13:07:05.788498 Runner(Flutter)[1986] <Notice>: dartnative: ##BENCH## {"tag":"countpages","t_us":1790234525781477,"ev":"page_build","i":454}
Sep 24 13:07:05.788506 Runner(Flutter)[1986] <Notice>: dartnative: ##BENCH## {"tag":"countpages","t_us":1790234525781692,"ev":"page_build","i":455}
Sep 24 13:07:05.788528 Runner(Flutter)[1986] <Notice>: dartnative: ##BENCH## {"tag":"countpages","t_us":1790234525781818,"ev":"page_build","i":456}
Sep 24 13:07:05.788549 Runner(Flutter)[1986] <Notice>: dartnative: ##BENCH## {"tag":"countpages","t_us":1790234525781957,"ev":"page_build","i":457}
Sep 24 13:07:05.788558 Runner(Flutter)[1986] <Notice>: dartnative: ##BENCH## {"tag":"countpages","t_us":1790234525782059,"ev":"page_build","i":458}
Sep 24 13:07:05.788567 Runner(Flutter)[1986] <Notice>: dartnative: ##BENCH## {"tag":"countpages","t_us":1790234525782321,"ev":"page_build","i":459}
Sep 24 13:07:05.788722 Runner(Flutter)[1986] <Notice>: dartnative: ##BENCH## {"tag":"countpages","t_us":1790234525782638,"ev":"page_build","i":460}
Sep 24 13:07:05.788774 Runner(Flutter)[1986] <Notice>: dartnative: ##BENCH## {"tag":"countpages","t_us":1790234525783559,"ev":"page_build","i":461}
Sep 24 13:07:05.788912 Runner(Flutter)[1986] <Notice>: dartnative: ##BENCH## {"tag":"countpages","t_us":1790234525783751,"ev":"page_build","i":462}
Sep 24 13:07:05.788921 Runner(Flutter)[1986] <Notice>: dartnative: ##BENCH## {"tag":"countpages","t_us":1790234525783961,"ev":"page_build","i":463}
Sep 24 13:07:05.788959 Runner(Flutter)[1986] <Notice>: dartnative: ##BENCH## {"tag":"countpages","t_us":1790234525784086,"ev":"page_build","i":464}
Sep 24 13:07:05.788975 Runner(Flutter)[1986] <Notice>: dartnative: ##BENCH## {"tag":"countpages","t_us":1790234525784294,"ev":"page_build","i":465}
Sep 24 13:07:05.788983 Runner(Flutter)[1986] <Notice>: dartnative: ##BENCH## {"tag":"countpages","t_us":1790234525784441,"ev":"page_build","i":466}
Sep 24 13:07:05.788992 Runner(Flutter)[1986] <Notice>: dartnative: ##BENCH## {"tag":"countpages","t_us":1790234525784634,"ev":"page_build","i":467}
Sep 24 13:07:05.789162 Runner(Flutter)[1986] <Notice>: dartnative: ##BENCH## {"tag":"countpages","t_us":1790234525784811,"ev":"page_build","i":468}
Sep 24 13:07:05.789186 Runner(Flutter)[1986] <Notice>: dartnative: ##BENCH## {"tag":"countpages","t_us":1790234525785003,"ev":"page_build","i":469}
Sep 24 13:07:05.789221 Runner(Flutter)[1986] <Notice>: dartnative: ##BENCH## {"tag":"countpages","t_us":1790234525785304,"ev":"page_build","i":470}
Sep 24 13:07:05.789346 Runner(Flutter)[1986] <Notice>: dartnative: ##BENCH## {"tag":"countpages","t_us":1790234525785518,"ev":"page_build","i":471}
Sep 24 13:07:05.789447 Runner(Flutter)[1986] <Notice>: dartnative: ##BENCH## {"tag":"countpages","t_us":1790234525785803,"ev":"page_build","i":472}
Sep 24 13:07:05.789689 Runner(Flutter)[1986] <Notice>: dartnative: ##BENCH## {"tag":"countpages","t_us":1790234525785995,"ev":"page_build","i":473}
Sep 24 13:07:05.789821 Runner(Flutter)[1986] <Notice>: dartnative: ##BENCH## {"tag":"countpages","t_us":1790234525786334,"ev":"page_build","i":474}
Sep 24 13:07:05.790030 Runner(Flutter)[1986] <Notice>: dartnative: ##BENCH## {"tag":"countpages","t_us":1790234525786642,"ev":"page_build","i":475}
Sep 24 13:07:05.790067 Runner(Flutter)[1986] <Notice>: dartnative: ##BENCH## {"tag":"countpages","t_us":1790234525786889,"ev":"page_build","i":476}
Sep 24 13:07:05.790097 Runner(Flutter)[1986] <Notice>: dartnative: ##BENCH## {"tag":"countpages","t_us":1790234525786994,"ev":"page_build","i":477}
Sep 24 13:07:05.790148 Runner(Flutter)[1986] <Notice>: dartnative: ##BENCH## {"tag":"countpages","t_us":1790234525787093,"ev":"page_build","i":478}
Sep 24 13:07:05.790219 Runner(Flutter)[1986] <Notice>: dartnative: ##BENCH## {"tag":"countpages","t_us":1790234525787319,"ev":"page_build","i":479}
Sep 24 13:07:05.790265 Runner(Flutter)[1986] <Notice>: dartnative: ##BENCH## {"tag":"countpages","t_us":1790234525787503,"ev":"page_build","i":480}
Sep 24 13:07:05.790299 Runner(Flutter)[1986] <Notice>: dartnative: ##BENCH## {"tag":"countpages","t_us":1790234525787840,"ev":"page_build","i":481}
Sep 24 13:07:05.790321 Runner(Flutter)[1986] <Notice>: dartnative: ##BENCH## {"tag":"countpages","t_us":1790234525788119,"ev":"page_build","i":482}
Sep 24 13:07:05.790328 Runner(Flutter)[1986] <Notice>: dartnative: ##BENCH## {"tag":"countpages","t_us":1790234525788394,"ev":"page_build","i":483}
Sep 24 13:07:05.790366 Runner(Flutter)[1986] <Notice>: dartnative: ##BENCH## {"tag":"countpages","t_us":1790234525788480,"ev":"page_build","i":484}
Sep 24 13:07:05.790378 Runner(Flutter)[1986] <Notice>: dartnative: ##BENCH## {"tag":"countpages","t_us":1790234525788565,"ev":"page_build","i":485}
Sep 24 13:07:05.790409 Runner(Flutter)[1986] <Notice>: dartnative: ##BENCH## {"tag":"countpages","t_us":1790234525788676,"ev":"page_build","i":486}
Sep 24 13:07:05.790512 Runner(Flutter)[1986] <Notice>: dartnative: ##BENCH## {"tag":"countpages","t_us":1790234525788990,"ev":"page_build","i":487}
Sep 24 13:07:05.790543 Runner(Flutter)[1986] <Notice>: dartnative: ##BENCH## {"tag":"countpages","t_us":1790234525789208,"ev":"page_build","i":488}
Sep 24 13:07:05.790567 Runner(Flutter)[1986] <Notice>: dartnative: ##BENCH## {"tag":"countpages","t_us":1790234525789632,"ev":"page_build","i":489}
Sep 24 13:07:05.790588 Runner(Flutter)[1986] <Notice>: dartnative: ##BENCH## {"tag":"countpages","t_us":1790234525789773,"ev":"page_build","i":490}
Sep 24 13:07:05.790819 Runner(Flutter)[1986] <Notice>: dartnative: ##BENCH## {"tag":"countpages","t_us":1790234525789932,"ev":"page_build","i":491}
Sep 24 13:07:05.790881 Runner(Flutter)[1986] <Notice>: dartnative: ##BENCH## {"tag":"countpages","t_us":1790234525790042,"ev":"page_build","i":492}
Sep 24 13:07:05.793088 Runner(Flutter)[1986] <Notice>: dartnative: ##BENCH## {"tag":"countpages","t_us":1790234525790138,"ev":"page_build","i":493}
Sep 24 13:07:05.794420 Runner(Flutter)[1986] <Notice>: dartnative: ##BENCH## {"tag":"countpages","t_us":1790234525790247,"ev":"page_build","i":494}
Sep 24 13:07:05.794522 Runner(Flutter)[1986] <Notice>: dartnative: ##BENCH## {"tag":"countpages","t_us":1790234525790315,"ev":"page_build","i":495}
Sep 24 13:07:05.794588 Runner(Flutter)[1986] <Notice>: dartnative: ##BENCH## {"tag":"countpages","t_us":1790234525790393,"ev":"page_build","i":496}
Sep 24 13:07:05.794687 Runner(Flutter)[1986] <Notice>: dartnative: ##BENCH## {"tag":"countpages","t_us":1790234525790527,"ev":"page_build","i":497}
Sep 24 13:07:05.794749 Runner(Flutter)[1986] <Notice>: dartnative: ##BENCH## {"tag":"countpages","t_us":1790234525790603,"ev":"page_build","i":498}
Sep 24 13:07:05.794769 Runner(Flutter)[1986] <Notice>: dartnative: ##BENCH## {"tag":"countpages","t_us":1790234525790722,"ev":"page_build","i":499}
Sep 24 13:07:05.794821 Runner(Flutter)[1986] <Notice>: dartnative: ##BENCH## {"tag":"countpages","t_us":1790234525790810,"ev":"page_build","i":500}
Sep 24 13:07:05.794830 Runner(Flutter)[1986] <Notice>: dartnative: ##BENCH## {"tag":"countpages","t_us":1790234525790941,"ev":"page_build","i":501}
Sep 24 13:07:05.794858 Runner(Flutter)[1986] <Notice>: dartnative: ##BENCH## {"tag":"countpages","t_us":1790234525791204,"ev":"page_build","i":502}
Sep 24 13:07:05.794966 Runner(Flutter)[1986] <Notice>: dartnative: ##BENCH## {"tag":"countpages","t_us":1790234525791356,"ev":"page_build","i":503}
Sep 24 13:07:05.795023 Runner(Flutter)[1986] <Notice>: dartnative: ##BENCH## {"tag":"countpages","t_us":1790234525791551,"ev":"page_build","i":504}
Sep 24 13:07:05.795192 Runner(Flutter)[1986] <Notice>: dartnative: ##BENCH## {"tag":"countpages","t_us":1790234525791745,"ev":"page_build","i":505}
Sep 24 13:07:05.795252 Runner(Flutter)[1986] <Notice>: dartnative: ##BENCH## {"tag":"countpages","t_us":1790234525791945,"ev":"page_build","i":506}
Sep 24 13:07:05.795351 Runner(Flutter)[1986] <Notice>: dartnative: ##BENCH## {"tag":"countpages","t_us":1790234525792021,"ev":"page_build","i":507}
Sep 24 13:07:05.795747 Runner(Flutter)[1986] <Notice>: dartnative: ##BENCH## {"tag":"countpages","t_us":1790234525793628,"ev":"page_build","i":508}
Sep 24 13:07:05.795858 Runner(Flutter)[1986] <Notice>: dartnative: ##BENCH## {"tag":"countpages","t_us":1790234525793856,"ev":"page_build","i":509}
Sep 24 13:07:05.796092 Runner(Flutter)[1986] <Notice>: dartnative: ##BENCH## {"tag":"countpages","t_us":1790234525794211,"ev":"page_build","i":510}
Sep 24 13:07:05.796169 Runner(Flutter)[1986] <Notice>: dartnative: ##BENCH## {"tag":"countpages","t_us":1790234525794501,"ev":"page_build","i":511}
Sep 24 13:07:05.796247 Runner(Flutter)[1986] <Notice>: dartnative: ##BENCH## {"tag":"countpages","t_us":1790234525794662,"ev":"page_build","i":512}
Sep 24 13:07:05.796337 Runner(Flutter)[1986] <Notice>: dartnative: ##BENCH## {"tag":"countpages","t_us":1790234525794863,"ev":"page_build","i":513}
Sep 24 13:07:05.796420 Runner(Flutter)[1986] <Notice>: dartnative: ##BENCH## {"tag":"countpages","t_us":1790234525795010,"ev":"page_build","i":514}
Sep 24 13:07:05.796496 Runner(Flutter)[1986] <Notice>: dartnative: ##BENCH## {"tag":"countpages","t_us":1790234525795225,"ev":"page_build","i":515}
Sep 24 13:07:05.796710 Runner(Flutter)[1986] <Notice>: dartnative: ##BENCH## {"tag":"countpages","t_us":1790234525795410,"ev":"page_build","i":516}
Sep 24 13:07:05.796791 Runner(Flutter)[1986] <Notice>: dartnative: ##BENCH## {"tag":"countpages","t_us":1790234525795570,"ev":"page_build","i":517}
Sep 24 13:07:05.796819 Runner(Flutter)[1986] <Notice>: dartnative: ##BENCH## {"tag":"countpages","t_us":1790234525795795,"ev":"page_build","i":518}
Sep 24 13:07:05.796962 Runner(Flutter)[1986] <Notice>: dartnative: ##BENCH## {"tag":"countpages","t_us":1790234525795867,"ev":"page_build","i":519}
Sep 24 13:07:05.797150 Runner(Flutter)[1986] <Notice>: dartnative: ##BENCH## {"tag":"countpages","t_us":1790234525796078,"ev":"page_build","i":520}
Sep 24 13:07:05.797196 Runner(Flutter)[1986] <Notice>: dartnative: ##BENCH## {"tag":"countpages","t_us":1790234525796233,"ev":"page_build","i":521}
Sep 24 13:07:05.797234 Runner(Flutter)[1986] <Notice>: dartnative: ##BENCH## {"tag":"countpages","t_us":1790234525796412,"ev":"page_build","i":522}
Sep 24 13:07:05.797554 Runner(Flutter)[1986] <Notice>: dartnative: ##BENCH## {"tag":"countpages","t_us":1790234525796548,"ev":"page_build","i":523}
Sep 24 13:07:05.797692 Runner(Flutter)[1986] <Notice>: dartnative: ##BENCH## {"tag":"countpages","t_us":1790234525796753,"ev":"page_build","i":524}
Sep 24 13:07:05.797928 Runner(Flutter)[1986] <Notice>: dartnative: ##BENCH## {"tag":"countpages","t_us":1790234525796838,"ev":"page_build","i":525}
Sep 24 13:07:05.797976 Runner(Flutter)[1986] <Notice>: dartnative: ##BENCH## {"tag":"countpages","t_us":1790234525797022,"ev":"page_build","i":526}
Sep 24 13:07:05.798818 Runner(Flutter)[1986] <Notice>: dartnative: ##BENCH## {"tag":"countpages","t_us":1790234525797228,"ev":"page_build","i":527}
Sep 24 13:07:05.799548 Runner(Flutter)[1986] <Notice>: dartnative: ##BENCH## {"tag":"countpages","t_us":1790234525797346,"ev":"page_build","i":528}
Sep 24 13:07:05.799606 Runner(Flutter)[1986] <Notice>: dartnative: ##BENCH## {"tag":"countpages","t_us":1790234525797525,"ev":"page_build","i":529}
Sep 24 13:07:05.800252 Runner(Flutter)[1986] <Notice>: dartnative: ##BENCH## {"tag":"countpages","t_us":1790234525797730,"ev":"page_build","i":530}
Sep 24 13:07:05.800388 Runner(Flutter)[1986] <Notice>: dartnative: ##BENCH## {"tag":"countpages","t_us":1790234525797873,"ev":"page_build","i":531}
Sep 24 13:07:05.800495 Runner(Flutter)[1986] <Notice>: dartnative: ##BENCH## {"tag":"countpages","t_us":1790234525798068,"ev":"page_build","i":532}
Sep 24 13:07:05.800527 Runner(Flutter)[1986] <Notice>: dartnative: ##BENCH## {"tag":"countpages","t_us":1790234525798223,"ev":"page_build","i":533}
Sep 24 13:07:05.800603 Runner(Flutter)[1986] <Notice>: dartnative: ##BENCH## {"tag":"countpages","t_us":1790234525798337,"ev":"page_build","i":534}
Sep 24 13:07:05.800655 Runner(Flutter)[1986] <Notice>: dartnative: ##BENCH## {"tag":"countpages","t_us":1790234525798514,"ev":"page_build","i":535}
Sep 24 13:07:05.800716 Runner(Flutter)[1986] <Notice>: dartnative: ##BENCH## {"tag":"countpages","t_us":1790234525798641,"ev":"page_build","i":536}
Sep 24 13:07:05.800799 Runner(Flutter)[1986] <Notice>: dartnative: ##BENCH## {"tag":"countpages","t_us":1790234525798742,"ev":"page_build","i":537}
Sep 24 13:07:05.800854 Runner(Flutter)[1986] <Notice>: dartnative: ##BENCH## {"tag":"countpages","t_us":1790234525798824,"ev":"page_build","i":538}
Sep 24 13:07:05.800901 Runner(Flutter)[1986] <Notice>: dartnative: ##BENCH## {"tag":"countpages","t_us":1790234525798955,"ev":"page_build","i":539}
Sep 24 13:07:05.800918 Runner(Flutter)[1986] <Notice>: dartnative: ##BENCH## {"tag":"countpages","t_us":1790234525799107,"ev":"page_build","i":540}
Sep 24 13:07:05.800936 Runner(Flutter)[1986] <Notice>: dartnative: ##BENCH## {"tag":"countpages","t_us":1790234525799184,"ev":"page_build","i":541}
Sep 24 13:07:05.801096 Runner(Flutter)[1986] <Notice>: dartnative: ##BENCH## {"tag":"countpages","t_us":1790234525799274,"ev":"page_build","i":542}
Sep 24 13:07:05.801176 Runner(Flutter)[1986] <Notice>: dartnative: ##BENCH## {"tag":"countpages","t_us":1790234525799408,"ev":"page_build","i":543}
Sep 24 13:07:05.801208 Runner(Flutter)[1986] <Notice>: dartnative: ##BENCH## {"tag":"countpages","t_us":1790234525799523,"ev":"page_build","i":544}
Sep 24 13:07:05.801243 Runner(Flutter)[1986] <Notice>: dartnative: ##BENCH## {"tag":"countpages","t_us":1790234525799716,"ev":"page_build","i":545}
Sep 24 13:07:05.801297 Runner(Flutter)[1986] <Notice>: dartnative: ##BENCH## {"tag":"countpages","t_us":1790234525800139,"ev":"page_build","i":546}
Sep 24 13:07:05.801348 Runner(Flutter)[1986] <Notice>: dartnative: ##BENCH## {"tag":"countpages","t_us":1790234525800178,"ev":"page_build","i":547}
Sep 24 13:07:05.801375 Runner(Flutter)[1986] <Notice>: dartnative: ##BENCH## {"tag":"countpages","t_us":1790234525800213,"ev":"page_build","i":548}
Sep 24 13:07:05.801546 Runner(Flutter)[1986] <Notice>: dartnative: ##BENCH## {"tag":"countpages","t_us":1790234525800365,"ev":"page_build","i":549}
Sep 24 13:07:05.801595 Runner(Flutter)[1986] <Notice>: dartnative: ##BENCH## {"tag":"countpages","t_us":1790234525800463,"ev":"page_build","i":550}
Sep 24 13:07:05.801666 Runner(Flutter)[1986] <Notice>: dartnative: ##BENCH## {"tag":"countpages","t_us":1790234525800528,"ev":"page_build","i":551}
Sep 24 13:07:05.801685 Runner(Flutter)[1986] <Notice>: dartnative: ##BENCH## {"tag":"countpages","t_us":1790234525800593,"ev":"page_build","i":552}
Sep 24 13:07:05.802344 Runner(Flutter)[1986] <Notice>: dartnative: ##BENCH## {"tag":"countpages","t_us":1790234525800666,"ev":"page_build","i":553}
Sep 24 13:07:05.802618 Runner(Flutter)[1986] <Notice>: dartnative: ##BENCH## {"tag":"countpages","t_us":1790234525800738,"ev":"page_build","i":554}
Sep 24 13:07:05.802719 Runner(Flutter)[1986] <Notice>: dartnative: ##BENCH## {"tag":"countpages","t_us":1790234525800819,"ev":"page_build","i":555}
Sep 24 13:07:05.802774 Runner(Flutter)[1986] <Notice>: dartnative: ##BENCH## {"tag":"countpages","t_us":1790234525800922,"ev":"page_build","i":556}
Sep 24 13:07:05.802838 Runner(Flutter)[1986] <Notice>: dartnative: ##BENCH## {"tag":"countpages","t_us":1790234525800979,"ev":"page_build","i":557}
Sep 24 13:07:05.803079 Runner(Flutter)[1986] <Notice>: dartnative: ##BENCH## {"tag":"countpages","t_us":1790234525801102,"ev":"page_build","i":558}
Sep 24 13:07:05.803191 Runner(Flutter)[1986] <Notice>: dartnative: ##BENCH## {"tag":"countpages","t_us":1790234525801156,"ev":"page_build","i":559}
Sep 24 13:07:05.803207 Runner(Flutter)[1986] <Notice>: dartnative: ##BENCH## {"tag":"countpages","t_us":1790234525801207,"ev":"page_build","i":560}
Sep 24 13:07:05.803224 Runner(Flutter)[1986] <Notice>: dartnative: ##BENCH## {"tag":"countpages","t_us":1790234525801301,"ev":"page_build","i":561}
Sep 24 13:07:05.803232 Runner(Flutter)[1986] <Notice>: dartnative: ##BENCH## {"tag":"countpages","t_us":1790234525801354,"ev":"page_build","i":562}
Sep 24 13:07:05.803298 Runner(Flutter)[1986] <Notice>: dartnative: ##BENCH## {"tag":"countpages","t_us":1790234525801506,"ev":"page_build","i":563}
Sep 24 13:07:05.803308 Runner(Flutter)[1986] <Notice>: dartnative: ##BENCH## {"tag":"countpages","t_us":1790234525801581,"ev":"page_build","i":564}
Sep 24 13:07:05.803406 Runner(Flutter)[1986] <Notice>: dartnative: ##BENCH## {"tag":"countpages","t_us":1790234525801617,"ev":"page_build","i":565}
Sep 24 13:07:05.803435 Runner(Flutter)[1986] <Notice>: dartnative: ##BENCH## {"tag":"countpages","t_us":1790234525801711,"ev":"page_build","i":566}
Sep 24 13:07:05.803468 Runner(Flutter)[1986] <Notice>: dartnative: ##BENCH## {"tag":"countpages","t_us":1790234525801906,"ev":"page_build","i":567}
Sep 24 13:07:05.803499 Runner(Flutter)[1986] <Notice>: dartnative: ##BENCH## {"tag":"countpages","t_us":1790234525802020,"ev":"page_build","i":568}
Sep 24 13:07:05.803534 Runner(Flutter)[1986] <Notice>: dartnative: ##BENCH## {"tag":"countpages","t_us":1790234525802058,"ev":"page_build","i":569}
Sep 24 13:07:05.803544 Runner(Flutter)[1986] <Notice>: dartnative: ##BENCH## {"tag":"countpages","t_us":1790234525802138,"ev":"page_build","i":570}
Sep 24 13:07:05.803570 Runner(Flutter)[1986] <Notice>: dartnative: ##BENCH## {"tag":"countpages","t_us":1790234525802176,"ev":"page_build","i":571}
Sep 24 13:07:05.803625 Runner(Flutter)[1986] <Notice>: dartnative: ##BENCH## {"tag":"countpages","t_us":1790234525802361,"ev":"page_build","i":572}
Sep 24 13:07:05.803748 Runner(Flutter)[1986] <Notice>: dartnative: ##BENCH## {"tag":"countpages","t_us":1790234525802399,"ev":"page_build","i":573}
Sep 24 13:07:05.803855 Runner(Flutter)[1986] <Notice>: dartnative: ##BENCH## {"tag":"countpages","t_us":1790234525802524,"ev":"page_build","i":574}
Sep 24 13:07:05.804004 Runner(Flutter)[1986] <Notice>: dartnative: ##BENCH## {"tag":"countpages","t_us":1790234525802848,"ev":"page_build","i":575}
Sep 24 13:07:05.804257 Runner(Flutter)[1986] <Notice>: dartnative: ##BENCH## {"tag":"countpages","t_us":1790234525803119,"ev":"page_build","i":576}
Sep 24 13:07:05.804335 Runner(Flutter)[1986] <Notice>: dartnative: ##BENCH## {"tag":"countpages","t_us":1790234525803346,"ev":"page_build","i":577}
Sep 24 13:07:05.804356 Runner(Flutter)[1986] <Notice>: dartnative: ##BENCH## {"tag":"countpages","t_us":1790234525803463,"ev":"page_build","i":578}
Sep 24 13:07:05.804382 Runner(Flutter)[1986] <Notice>: dartnative: ##BENCH## {"tag":"countpages","t_us":1790234525803588,"ev":"page_build","i":579}
Sep 24 13:07:05.804463 Runner(Flutter)[1986] <Notice>: dartnative: ##BENCH## {"tag":"countpages","t_us":1790234525803673,"ev":"page_build","i":580}
Sep 24 13:07:05.804476 Runner(Flutter)[1986] <Notice>: dartnative: ##BENCH## {"tag":"countpages","t_us":1790234525803783,"ev":"page_build","i":581}
Sep 24 13:07:05.804867 Runner(Flutter)[1986] <Notice>: dartnative: ##BENCH## {"tag":"countpages","t_us":1790234525803886,"ev":"page_build","i":582}
Sep 24 13:07:05.804885 Runner(Flutter)[1986] <Notice>: dartnative: ##BENCH## {"tag":"countpages","t_us":1790234525803993,"ev":"page_build","i":583}
Sep 24 13:07:05.804889 Runner(Flutter)[1986] <Notice>: dartnative: ##BENCH## {"tag":"countpages","t_us":1790234525804084,"ev":"page_build","i":584}
Sep 24 13:07:05.804893 Runner(Flutter)[1986] <Notice>: dartnative: ##BENCH## {"tag":"countpages","t_us":1790234525804211,"ev":"page_build","i":585}
Sep 24 13:07:05.804897 Runner(Flutter)[1986] <Notice>: dartnative: ##BENCH## {"tag":"countpages","t_us":1790234525804245,"ev":"page_build","i":586}
Sep 24 13:07:05.804900 Runner(Flutter)[1986] <Notice>: dartnative: ##BENCH## {"tag":"countpages","t_us":1790234525804303,"ev":"page_build","i":587}
Sep 24 13:07:05.804903 Runner(Flutter)[1986] <Notice>: dartnative: ##BENCH## {"tag":"countpages","t_us":1790234525804390,"ev":"page_build","i":588}
Sep 24 13:07:05.804906 Runner(Flutter)[1986] <Notice>: dartnative: ##BENCH## {"tag":"countpages","t_us":1790234525804516,"ev":"page_build","i":589}
Sep 24 13:07:05.804909 Runner(Flutter)[1986] <Notice>: dartnative: ##BENCH## {"tag":"countpages","t_us":1790234525804586,"ev":"page_build","i":590}
Sep 24 13:07:05.804912 Runner(Flutter)[1986] <Notice>: dartnative: ##BENCH## {"tag":"countpages","t_us":1790234525804622,"ev":"page_build","i":591}
Sep 24 13:07:05.804915 Runner(Flutter)[1986] <Notice>: dartnative: ##BENCH## {"tag":"countpages","t_us":1790234525804715,"ev":"page_build","i":592}
Sep 24 13:07:05.804917 Runner(Flutter)[1986] <Notice>: dartnative: ##BENCH## {"tag":"countpages","t_us":1790234525804779,"ev":"page_build","i":593}
Sep 24 13:07:05.805917 Runner(Flutter)[1986] <Notice>: dartnative: ##BENCH## {"tag":"countpages","t_us":1790234525804937,"ev":"page_build","i":594}
Sep 24 13:07:05.805936 Runner(Flutter)[1986] <Notice>: dartnative: ##BENCH## {"tag":"countpages","t_us":1790234525805076,"ev":"page_build","i":595}
Sep 24 13:07:05.805997 Runner(Flutter)[1986] <Notice>: dartnative: ##BENCH## {"tag":"countpages","t_us":1790234525805153,"ev":"page_build","i":596}
Sep 24 13:07:05.806091 Runner(Flutter)[1986] <Notice>: dartnative: ##BENCH## {"tag":"countpages","t_us":1790234525805220,"ev":"page_build","i":597}
Sep 24 13:07:05.806149 Runner(Flutter)[1986] <Notice>: dartnative: ##BENCH## {"tag":"countpages","t_us":1790234525805256,"ev":"page_build","i":598}
Sep 24 13:07:05.806174 Runner(Flutter)[1986] <Notice>: dartnative: ##BENCH## {"tag":"countpages","t_us":1790234525805289,"ev":"page_build","i":599}
Sep 24 13:07:05.806213 Runner(Flutter)[1986] <Notice>: dartnative: ##BENCH## {"tag":"countpages","t_us":1790234525805321,"ev":"page_build","i":600}
Sep 24 13:07:05.806515 Runner(Flutter)[1986] <Notice>: dartnative: ##BENCH## {"tag":"countpages","t_us":1790234525805375,"ev":"page_build","i":601}
Sep 24 13:07:05.806699 Runner(Flutter)[1986] <Notice>: dartnative: ##BENCH## {"tag":"countpages","t_us":1790234525805413,"ev":"page_build","i":602}
Sep 24 13:07:05.806887 Runner(Flutter)[1986] <Notice>: dartnative: ##BENCH## {"tag":"countpages","t_us":1790234525805446,"ev":"page_build","i":603}
Sep 24 13:07:05.806943 Runner(Flutter)[1986] <Notice>: dartnative: ##BENCH## {"tag":"countpages","t_us":1790234525805500,"ev":"page_build","i":604}
Sep 24 13:07:05.806984 Runner(Flutter)[1986] <Notice>: dartnative: ##BENCH## {"tag":"countpages","t_us":1790234525805599,"ev":"page_build","i":605}
Sep 24 13:07:05.807029 Runner(Flutter)[1986] <Notice>: dartnative: ##BENCH## {"tag":"countpages","t_us":1790234525805658,"ev":"page_build","i":606}
Sep 24 13:07:05.807048 Runner(Flutter)[1986] <Notice>: dartnative: ##BENCH## {"tag":"countpages","t_us":1790234525805699,"ev":"page_build","i":607}
Sep 24 13:07:05.807113 Runner(Flutter)[1986] <Notice>: dartnative: ##BENCH## {"tag":"countpages","t_us":1790234525805867,"ev":"page_build","i":608}
Sep 24 13:07:05.807202 Runner(Flutter)[1986] <Notice>: dartnative: ##BENCH## {"tag":"countpages","t_us":1790234525805950,"ev":"page_build","i":609}
Sep 24 13:07:05.807259 Runner(Flutter)[1986] <Notice>: dartnative: ##BENCH## {"tag":"countpages","t_us":1790234525806083,"ev":"page_build","i":610}
Sep 24 13:07:05.807344 Runner(Flutter)[1986] <Notice>: dartnative: ##BENCH## {"tag":"countpages","t_us":1790234525806170,"ev":"page_build","i":611}
Sep 24 13:07:05.807387 Runner(Flutter)[1986] <Notice>: dartnative: ##BENCH## {"tag":"countpages","t_us":1790234525806233,"ev":"page_build","i":612}
Sep 24 13:07:05.807423 Runner(Flutter)[1986] <Notice>: dartnative: ##BENCH## {"tag":"countpages","t_us":1790234525806317,"ev":"page_build","i":613}
Sep 24 13:07:05.807480 Runner(Flutter)[1986] <Notice>: dartnative: ##BENCH## {"tag":"countpages","t_us":1790234525806422,"ev":"page_build","i":614}
Sep 24 13:07:05.807525 Runner(Flutter)[1986] <Notice>: dartnative: ##BENCH## {"tag":"countpages","t_us":1790234525806509,"ev":"page_build","i":615}
Sep 24 13:07:05.807586 Runner(Flutter)[1986] <Notice>: dartnative: ##BENCH## {"tag":"countpages","t_us":1790234525806632,"ev":"page_build","i":616}
Sep 24 13:07:05.807660 Runner(Flutter)[1986] <Notice>: dartnative: ##BENCH## {"tag":"countpages","t_us":1790234525806878,"ev":"page_build","i":617}
Sep 24 13:07:05.807723 Runner(Flutter)[1986] <Notice>: dartnative: ##BENCH## {"tag":"countpages","t_us":1790234525806995,"ev":"page_build","i":618}
Sep 24 13:07:05.807765 Runner(Flutter)[1986] <Notice>: dartnative: ##BENCH## {"tag":"countpages","t_us":1790234525807077,"ev":"page_build","i":619}
Sep 24 13:07:05.807793 Runner(Flutter)[1986] <Notice>: dartnative: ##BENCH## {"tag":"countpages","t_us":1790234525807225,"ev":"page_build","i":620}
Sep 24 13:07:05.807839 Runner(Flutter)[1986] <Notice>: dartnative: ##BENCH## {"tag":"countpages","t_us":1790234525807330,"ev":"page_build","i":621}
Sep 24 13:07:05.807872 Runner(Flutter)[1986] <Notice>: dartnative: ##BENCH## {"tag":"countpages","t_us":1790234525807471,"ev":"page_build","i":622}
Sep 24 13:07:05.807885 Runner(Flutter)[1986] <Notice>: dartnative: ##BENCH## {"tag":"countpages","t_us":1790234525807536,"ev":"page_build","i":623}
Sep 24 13:07:05.807908 Runner(Flutter)[1986] <Notice>: dartnative: ##BENCH## {"tag":"countpages","t_us":1790234525807617,"ev":"page_build","i":624}
Sep 24 13:07:05.807921 Runner(Flutter)[1986] <Notice>: dartnative: ##BENCH## {"tag":"countpages","t_us":1790234525807690,"ev":"page_build","i":625}
Sep 24 13:07:05.807944 Runner(Flutter)[1986] <Notice>: dartnative: ##BENCH## {"tag":"countpages","t_us":1790234525807754,"ev":"page_build","i":626}
Sep 24 13:07:05.807975 Runner(Flutter)[1986] <Notice>: dartnative: ##BENCH## {"tag":"countpages","t_us":1790234525807787,"ev":"page_build","i":627}
Sep 24 13:07:05.807995 Runner(Flutter)[1986] <Notice>: dartnative: ##BENCH## {"tag":"countpages","t_us":1790234525807852,"ev":"page_build","i":628}
Sep 24 13:07:05.808037 Runner(Flutter)[1986] <Notice>: dartnative: ##BENCH## {"tag":"countpages","t_us":1790234525807907,"ev":"page_build","i":629}
Sep 24 13:07:05.808105 Runner(Flutter)[1986] <Notice>: dartnative: ##BENCH## {"tag":"countpages","t_us":1790234525808002,"ev":"page_build","i":630}
Sep 24 13:07:05.808218 Runner(Flutter)[1986] <Notice>: dartnative: ##BENCH## {"tag":"countpages","t_us":1790234525808151,"ev":"page_build","i":631}
Sep 24 13:07:05.808284 Runner(Flutter)[1986] <Notice>: dartnative: ##BENCH## {"tag":"countpages","t_us":1790234525808223,"ev":"page_build","i":632}
Sep 24 13:07:05.808361 Runner(Flutter)[1986] <Notice>: dartnative: ##BENCH## {"tag":"countpages","t_us":1790234525808305,"ev":"page_build","i":633}
Sep 24 13:07:05.808447 Runner(Flutter)[1986] <Notice>: dartnative: ##BENCH## {"tag":"countpages","t_us":1790234525808363,"ev":"page_build","i":634}
Sep 24 13:07:05.808542 Runner(Flutter)[1986] <Notice>: dartnative: ##BENCH## {"tag":"countpages","t_us":1790234525808438,"ev":"page_build","i":635}
Sep 24 13:07:05.808566 Runner(Flutter)[1986] <Notice>: dartnative: ##BENCH## {"tag":"countpages","t_us":1790234525808529,"ev":"page_build","i":636}
Sep 24 13:07:05.808656 Runner(Flutter)[1986] <Notice>: dartnative: ##BENCH## {"tag":"countpages","t_us":1790234525808612,"ev":"page_build","i":637}
Sep 24 13:07:05.808725 Runner(Flutter)[1986] <Notice>: dartnative: ##BENCH## {"tag":"countpages","t_us":1790234525808670,"ev":"page_build","i":638}
Sep 24 13:07:05.808810 Runner(Flutter)[1986] <Notice>: dartnative: ##BENCH## {"tag":"countpages","t_us":1790234525808766,"ev":"page_build","i":639}
Sep 24 13:07:05.808871 Runner(Flutter)[1986] <Notice>: dartnative: ##BENCH## {"tag":"countpages","t_us":1790234525808803,"ev":"page_build","i":640}
Sep 24 13:07:05.808909 Runner(Flutter)[1986] <Notice>: dartnative: ##BENCH## {"tag":"countpages","t_us":1790234525808857,"ev":"page_build","i":641}
Sep 24 13:07:05.808952 Runner(Flutter)[1986] <Notice>: dartnative: ##BENCH## {"tag":"countpages","t_us":1790234525808909,"ev":"page_build","i":642}
Sep 24 13:07:05.808993 Runner(Flutter)[1986] <Notice>: dartnative: ##BENCH## {"tag":"countpages","t_us":1790234525808943,"ev":"page_build","i":643}
Sep 24 13:07:05.816127 Runner(Flutter)[1986] <Notice>: dartnative: ##BENCH## {"tag":"countpages","t_us":1790234525815993,"ev":"page_build","i":644}
Sep 24 13:07:05.816214 Runner(Flutter)[1986] <Notice>: dartnative: ##BENCH## {"tag":"countpages","t_us":1790234525816169,"ev":"page_build","i":645}
Sep 24 13:07:05.816362 Runner(Flutter)[1986] <Notice>: dartnative: ##BENCH## {"tag":"countpages","t_us":1790234525816272,"ev":"page_build","i":646}
Sep 24 13:07:05.816465 Runner(Flutter)[1986] <Notice>: dartnative: ##BENCH## {"tag":"countpages","t_us":1790234525816373,"ev":"page_build","i":647}
Sep 24 13:07:05.816551 Runner(Flutter)[1986] <Notice>: dartnative: ##BENCH## {"tag":"countpages","t_us":1790234525816473,"ev":"page_build","i":648}
Sep 24 13:07:05.816596 Runner(Flutter)[1986] <Notice>: dartnative: ##BENCH## {"tag":"countpages","t_us":1790234525816554,"ev":"page_build","i":649}
Sep 24 13:07:05.816752 Runner(Flutter)[1986] <Notice>: dartnative: ##BENCH## {"tag":"countpages","t_us":1790234525816660,"ev":"page_build","i":650}
Sep 24 13:07:05.816826 Runner(Flutter)[1986] <Notice>: dartnative: ##BENCH## {"tag":"countpages","t_us":1790234525816724,"ev":"page_build","i":651}
Sep 24 13:07:05.816902 Runner(Flutter)[1986] <Notice>: dartnative: ##BENCH## {"tag":"countpages","t_us":1790234525816826,"ev":"page_build","i":652}
Sep 24 13:07:05.816981 Runner(Flutter)[1986] <Notice>: dartnative: ##BENCH## {"tag":"countpages","t_us":1790234525816912,"ev":"page_build","i":653}
Sep 24 13:07:05.817099 Runner(Flutter)[1986] <Notice>: dartnative: ##BENCH## {"tag":"countpages","t_us":1790234525817033,"ev":"page_build","i":654}
Sep 24 13:07:05.817222 Runner(Flutter)[1986] <Notice>: dartnative: ##BENCH## {"tag":"countpages","t_us":1790234525817101,"ev":"page_build","i":655}
Sep 24 13:07:05.817275 Runner(Flutter)[1986] <Notice>: dartnative: ##BENCH## {"tag":"countpages","t_us":1790234525817190,"ev":"page_build","i":656}
Sep 24 13:07:05.817332 Runner(Flutter)[1986] <Notice>: dartnative: ##BENCH## {"tag":"countpages","t_us":1790234525817278,"ev":"page_build","i":657}
Sep 24 13:07:05.817396 Runner(Flutter)[1986] <Notice>: dartnative: ##BENCH## {"tag":"countpages","t_us":1790234525817356,"ev":"page_build","i":658}
Sep 24 13:07:05.817603 Runner(Flutter)[1986] <Notice>: dartnative: ##BENCH## {"tag":"countpages","t_us":1790234525817415,"ev":"page_build","i":659}
Sep 24 13:07:05.817665 Runner(Flutter)[1986] <Notice>: dartnative: ##BENCH## {"tag":"countpages","t_us":1790234525817491,"ev":"page_build","i":660}
Sep 24 13:07:05.817717 Runner(Flutter)[1986] <Notice>: dartnative: ##BENCH## {"tag":"countpages","t_us":1790234525817586,"ev":"page_build","i":661}
Sep 24 13:07:05.817843 Runner(Flutter)[1986] <Notice>: dartnative: ##BENCH## {"tag":"countpages","t_us":1790234525817733,"ev":"page_build","i":662}
Sep 24 13:07:05.817880 Runner(Flutter)[1986] <Notice>: dartnative: ##BENCH## {"tag":"countpages","t_us":1790234525817809,"ev":"page_build","i":663}
Sep 24 13:07:05.817942 Runner(Flutter)[1986] <Notice>: dartnative: ##BENCH## {"tag":"countpages","t_us":1790234525817845,"ev":"page_build","i":664}
Sep 24 13:07:05.818011 Runner(Flutter)[1986] <Notice>: dartnative: ##BENCH## {"tag":"countpages","t_us":1790234525817880,"ev":"page_build","i":665}
Sep 24 13:07:05.818052 Runner(Flutter)[1986] <Notice>: dartnative: ##BENCH## {"tag":"countpages","t_us":1790234525817950,"ev":"page_build","i":666}
Sep 24 13:07:05.818118 Runner(Flutter)[1986] <Notice>: dartnative: ##BENCH## {"tag":"countpages","t_us":1790234525818028,"ev":"page_build","i":667}
Sep 24 13:07:05.818186 Runner(Flutter)[1986] <Notice>: dartnative: ##BENCH## {"tag":"countpages","t_us":1790234525818062,"ev":"page_build","i":668}
Sep 24 13:07:05.818268 Runner(Flutter)[1986] <Notice>: dartnative: ##BENCH## {"tag":"countpages","t_us":1790234525818185,"ev":"page_build","i":669}
Sep 24 13:07:05.818331 Runner(Flutter)[1986] <Notice>: dartnative: ##BENCH## {"tag":"countpages","t_us":1790234525818241,"ev":"page_build","i":670}
Sep 24 13:07:05.818430 Runner(Flutter)[1986] <Notice>: dartnative: ##BENCH## {"tag":"countpages","t_us":1790234525818347,"ev":"page_build","i":671}
Sep 24 13:07:05.818503 Runner(Flutter)[1986] <Notice>: dartnative: ##BENCH## {"tag":"countpages","t_us":1790234525818446,"ev":"page_build","i":672}
Sep 24 13:07:05.818639 Runner(Flutter)[1986] <Notice>: dartnative: ##BENCH## {"tag":"countpages","t_us":1790234525818528,"ev":"page_build","i":673}
Sep 24 13:07:05.818738 Runner(Flutter)[1986] <Notice>: dartnative: ##BENCH## {"tag":"countpages","t_us":1790234525818680,"ev":"page_build","i":674}
Sep 24 13:07:05.818807 Runner(Flutter)[1986] <Notice>: dartnative: ##BENCH## {"tag":"countpages","t_us":1790234525818719,"ev":"page_build","i":675}
Sep 24 13:07:05.818925 Runner(Flutter)[1986] <Notice>: dartnative: ##BENCH## {"tag":"countpages","t_us":1790234525818825,"ev":"page_build","i":676}
Sep 24 13:07:05.819014 Runner(Flutter)[1986] <Notice>: dartnative: ##BENCH## {"tag":"countpages","t_us":1790234525818965,"ev":"page_build","i":677}
Sep 24 13:07:05.819103 Runner(Flutter)[1986] <Notice>: dartnative: ##BENCH## {"tag":"countpages","t_us":1790234525819033,"ev":"page_build","i":678}
Sep 24 13:07:05.819148 Runner(Flutter)[1986] <Notice>: dartnative: ##BENCH## {"tag":"countpages","t_us":1790234525819095,"ev":"page_build","i":679}
Sep 24 13:07:05.819170 Runner(Flutter)[1986] <Notice>: dartnative: ##BENCH## {"tag":"countpages","t_us":1790234525819132,"ev":"page_build","i":680}
Sep 24 13:07:05.819207 Runner(Flutter)[1986] <Notice>: dartnative: ##BENCH## {"tag":"countpages","t_us":1790234525819168,"ev":"page_build","i":681}
Sep 24 13:07:05.819373 Runner(Flutter)[1986] <Notice>: dartnative: ##BENCH## {"tag":"countpages","t_us":1790234525819255,"ev":"page_build","i":682}
Sep 24 13:07:05.819420 Runner(Flutter)[1986] <Notice>: dartnative: ##BENCH## {"tag":"countpages","t_us":1790234525819362,"ev":"page_build","i":683}
Sep 24 13:07:05.819487 Runner(Flutter)[1986] <Notice>: dartnative: ##BENCH## {"tag":"countpages","t_us":1790234525819400,"ev":"page_build","i":684}
Sep 24 13:07:05.819629 Runner(Flutter)[1986] <Notice>: dartnative: ##BENCH## {"tag":"countpages","t_us":1790234525819518,"ev":"page_build","i":685}
Sep 24 13:07:05.819654 Runner(Flutter)[1986] <Notice>: dartnative: ##BENCH## {"tag":"countpages","t_us":1790234525819607,"ev":"page_build","i":686}
Sep 24 13:07:05.819693 Runner(Flutter)[1986] <Notice>: dartnative: ##BENCH## {"tag":"countpages","t_us":1790234525819646,"ev":"page_build","i":687}
Sep 24 13:07:05.819893 Runner(Flutter)[1986] <Notice>: dartnative: ##BENCH## {"tag":"countpages","t_us":1790234525819760,"ev":"page_build","i":688}
Sep 24 13:07:05.819933 Runner(Flutter)[1986] <Notice>: dartnative: ##BENCH## {"tag":"countpages","t_us":1790234525819850,"ev":"page_build","i":689}
Sep 24 13:07:05.819968 Runner(Flutter)[1986] <Notice>: dartnative: ##BENCH## {"tag":"countpages","t_us":1790234525819884,"ev":"page_build","i":690}
Sep 24 13:07:05.820027 Runner(Flutter)[1986] <Notice>: dartnative: ##BENCH## {"tag":"countpages","t_us":1790234525819920,"ev":"page_build","i":691}
Sep 24 13:07:05.820058 Runner(Flutter)[1986] <Notice>: dartnative: ##BENCH## {"tag":"countpages","t_us":1790234525819956,"ev":"page_build","i":692}
Sep 24 13:07:05.820100 Runner(Flutter)[1986] <Notice>: dartnative: ##BENCH## {"tag":"countpages","t_us":1790234525819995,"ev":"page_build","i":693}
Sep 24 13:07:05.820109 Runner(Flutter)[1986] <Notice>: dartnative: ##BENCH## {"tag":"countpages","t_us":1790234525820035,"ev":"page_build","i":694}
Sep 24 13:07:05.820117 Runner(Flutter)[1986] <Notice>: dartnative: ##BENCH## {"tag":"countpages","t_us":1790234525820071,"ev":"page_build","i":695}
Sep 24 13:07:05.820190 Runner(Flutter)[1986] <Notice>: dartnative: ##BENCH## {"tag":"countpages","t_us":1790234525820107,"ev":"page_build","i":696}
Sep 24 13:07:05.820258 Runner(Flutter)[1986] <Notice>: dartnative: ##BENCH## {"tag":"countpages","t_us":1790234525820143,"ev":"page_build","i":697}
Sep 24 13:07:05.820312 Runner(Flutter)[1986] <Notice>: dartnative: ##BENCH## {"tag":"countpages","t_us":1790234525820180,"ev":"page_build","i":698}
Sep 24 13:07:05.820380 Runner(Flutter)[1986] <Notice>: dartnative: ##BENCH## {"tag":"countpages","t_us":1790234525820218,"ev":"page_build","i":699}
Sep 24 13:07:05.820422 Runner(Flutter)[1986] <Notice>: dartnative: ##BENCH## {"tag":"countpages","t_us":1790234525820253,"ev":"page_build","i":700}
Sep 24 13:07:05.820488 Runner(Flutter)[1986] <Notice>: dartnative: ##BENCH## {"tag":"countpages","t_us":1790234525820332,"ev":"page_build","i":701}
Sep 24 13:07:05.820745 Runner(Flutter)[1986] <Notice>: dartnative: ##BENCH## {"tag":"countpages","t_us":1790234525820367,"ev":"page_build","i":702}
Sep 24 13:07:05.820764 Runner(Flutter)[1986] <Notice>: dartnative: ##BENCH## {"tag":"countpages","t_us":1790234525820403,"ev":"page_build","i":703}
Sep 24 13:07:05.820773 Runner(Flutter)[1986] <Notice>: dartnative: ##BENCH## {"tag":"countpages","t_us":1790234525820439,"ev":"page_build","i":704}
Sep 24 13:07:05.820781 Runner(Flutter)[1986] <Notice>: dartnative: ##BENCH## {"tag":"countpages","t_us":1790234525820476,"ev":"page_build","i":705}
Sep 24 13:07:05.820788 Runner(Flutter)[1986] <Notice>: dartnative: ##BENCH## {"tag":"countpages","t_us":1790234525820510,"ev":"page_build","i":706}
Sep 24 13:07:05.820796 Runner(Flutter)[1986] <Notice>: dartnative: ##BENCH## {"tag":"countpages","t_us":1790234525820544,"ev":"page_build","i":707}
Sep 24 13:07:05.821200 Runner(Flutter)[1986] <Notice>: dartnative: ##BENCH## {"tag":"countpages","t_us":1790234525820663,"ev":"page_build","i":708}
Sep 24 13:07:05.821290 Runner(Flutter)[1986] <Notice>: dartnative: ##BENCH## {"tag":"countpages","t_us":1790234525820758,"ev":"page_build","i":709}
Sep 24 13:07:05.821424 Runner(Flutter)[1986] <Notice>: dartnative: ##BENCH## {"tag":"countpages","t_us":1790234525820793,"ev":"page_build","i":710}
Sep 24 13:07:05.821511 Runner(Flutter)[1986] <Notice>: dartnative: ##BENCH## {"tag":"countpages","t_us":1790234525820830,"ev":"page_build","i":711}
Sep 24 13:07:05.821546 Runner(Flutter)[1986] <Notice>: dartnative: ##BENCH## {"tag":"countpages","t_us":1790234525820863,"ev":"page_build","i":712}
Sep 24 13:07:05.821602 Runner(Flutter)[1986] <Notice>: dartnative: ##BENCH## {"tag":"countpages","t_us":1790234525820975,"ev":"page_build","i":713}
Sep 24 13:07:05.821665 Runner(Flutter)[1986] <Notice>: dartnative: ##BENCH## {"tag":"countpages","t_us":1790234525821148,"ev":"page_build","i":714}
Sep 24 13:07:05.821723 Runner(Flutter)[1986] <Notice>: dartnative: ##BENCH## {"tag":"countpages","t_us":1790234525821282,"ev":"page_build","i":715}
Sep 24 13:07:05.821776 Runner(Flutter)[1986] <Notice>: dartnative: ##BENCH## {"tag":"countpages","t_us":1790234525821371,"ev":"page_build","i":716}
Sep 24 13:07:05.821827 Runner(Flutter)[1986] <Notice>: dartnative: ##BENCH## {"tag":"countpages","t_us":1790234525821414,"ev":"page_build","i":717}
Sep 24 13:07:05.822049 Runner(Flutter)[1986] <Notice>: dartnative: ##BENCH## {"tag":"countpages","t_us":1790234525821634,"ev":"page_build","i":718}
Sep 24 13:07:05.822110 Runner(Flutter)[1986] <Notice>: dartnative: ##BENCH## {"tag":"countpages","t_us":1790234525821750,"ev":"page_build","i":719}
Sep 24 13:07:05.822213 Runner(Flutter)[1986] <Notice>: dartnative: ##BENCH## {"tag":"countpages","t_us":1790234525821789,"ev":"page_build","i":720}
Sep 24 13:07:05.822277 Runner(Flutter)[1986] <Notice>: dartnative: ##BENCH## {"tag":"countpages","t_us":1790234525821823,"ev":"page_build","i":721}
Sep 24 13:07:05.822381 Runner(Flutter)[1986] <Notice>: dartnative: ##BENCH## {"tag":"countpages","t_us":1790234525821878,"ev":"page_build","i":722}
Sep 24 13:07:05.822460 Runner(Flutter)[1986] <Notice>: dartnative: ##BENCH## {"tag":"countpages","t_us":1790234525821914,"ev":"page_build","i":723}
Sep 24 13:07:05.822546 Runner(Flutter)[1986] <Notice>: dartnative: ##BENCH## {"tag":"countpages","t_us":1790234525821952,"ev":"page_build","i":724}
Sep 24 13:07:05.822623 Runner(Flutter)[1986] <Notice>: dartnative: ##BENCH## {"tag":"countpages","t_us":1790234525821987,"ev":"page_build","i":725}
Sep 24 13:07:05.822776 Runner(Flutter)[1986] <Notice>: dartnative: ##BENCH## {"tag":"countpages","t_us":1790234525822106,"ev":"page_build","i":726}
Sep 24 13:07:05.823005 Runner(Flutter)[1986] <Notice>: dartnative: ##BENCH## {"tag":"countpages","t_us":1790234525822172,"ev":"page_build","i":727}
Sep 24 13:07:05.823134 Runner(Flutter)[1986] <Notice>: dartnative: ##BENCH## {"tag":"countpages","t_us":1790234525822263,"ev":"page_build","i":728}
Sep 24 13:07:05.823160 Runner(Flutter)[1986] <Notice>: dartnative: ##BENCH## {"tag":"countpages","t_us":1790234525822316,"ev":"page_build","i":729}
Sep 24 13:07:05.823178 Runner(Flutter)[1986] <Notice>: dartnative: ##BENCH## {"tag":"countpages","t_us":1790234525822401,"ev":"page_build","i":730}
Sep 24 13:07:05.823192 Runner(Flutter)[1986] <Notice>: dartnative: ##BENCH## {"tag":"countpages","t_us":1790234525822456,"ev":"page_build","i":731}
Sep 24 13:07:05.823261 Runner(Flutter)[1986] <Notice>: dartnative: ##BENCH## {"tag":"countpages","t_us":1790234525822554,"ev":"page_build","i":732}
Sep 24 13:07:05.823348 Runner(Flutter)[1986] <Notice>: dartnative: ##BENCH## {"tag":"countpages","t_us":1790234525822636,"ev":"page_build","i":733}
Sep 24 13:07:05.823548 Runner(Flutter)[1986] <Notice>: dartnative: ##BENCH## {"tag":"countpages","t_us":1790234525822767,"ev":"page_build","i":734}
Sep 24 13:07:05.823673 Runner(Flutter)[1986] <Notice>: dartnative: ##BENCH## {"tag":"countpages","t_us":1790234525822893,"ev":"page_build","i":735}
Sep 24 13:07:05.823797 Runner(Flutter)[1986] <Notice>: dartnative: ##BENCH## {"tag":"countpages","t_us":1790234525822984,"ev":"page_build","i":736}
Sep 24 13:07:05.823901 Runner(Flutter)[1986] <Notice>: dartnative: ##BENCH## {"tag":"countpages","t_us":1790234525823072,"ev":"page_build","i":737}
Sep 24 13:07:05.823927 Runner(Flutter)[1986] <Notice>: dartnative: ##BENCH## {"tag":"countpages","t_us":1790234525823173,"ev":"page_build","i":738}
Sep 24 13:07:05.823986 Runner(Flutter)[1986] <Notice>: dartnative: ##BENCH## {"tag":"countpages","t_us":1790234525823211,"ev":"page_build","i":739}
Sep 24 13:07:05.824083 Runner(Flutter)[1986] <Notice>: dartnative: ##BENCH## {"tag":"countpages","t_us":1790234525823285,"ev":"page_build","i":740}
Sep 24 13:07:05.824130 Runner(Flutter)[1986] <Notice>: dartnative: ##BENCH## {"tag":"countpages","t_us":1790234525823391,"ev":"page_build","i":741}
Sep 24 13:07:05.824210 Runner(Flutter)[1986] <Notice>: dartnative: ##BENCH## {"tag":"countpages","t_us":1790234525823578,"ev":"page_build","i":742}
Sep 24 13:07:05.824270 Runner(Flutter)[1986] <Notice>: dartnative: ##BENCH## {"tag":"countpages","t_us":1790234525823750,"ev":"page_build","i":743}
Sep 24 13:07:05.824301 Runner(Flutter)[1986] <Notice>: dartnative: ##BENCH## {"tag":"countpages","t_us":1790234525823849,"ev":"page_build","i":744}
Sep 24 13:07:05.824327 Runner(Flutter)[1986] <Notice>: dartnative: ##BENCH## {"tag":"countpages","t_us":1790234525823990,"ev":"page_build","i":745}
Sep 24 13:07:05.824365 Runner(Flutter)[1986] <Notice>: dartnative: ##BENCH## {"tag":"countpages","t_us":1790234525824080,"ev":"page_build","i":746}
Sep 24 13:07:05.824390 Runner(Flutter)[1986] <Notice>: dartnative: ##BENCH## {"tag":"countpages","t_us":1790234525824119,"ev":"page_build","i":747}
Sep 24 13:07:05.824408 Runner(Flutter)[1986] <Notice>: dartnative: ##BENCH## {"tag":"countpages","t_us":1790234525824206,"ev":"page_build","i":748}
Sep 24 13:07:05.824433 Runner(Flutter)[1986] <Notice>: dartnative: ##BENCH## {"tag":"countpages","t_us":1790234525824274,"ev":"page_build","i":749}
Sep 24 13:07:05.824443 Runner(Flutter)[1986] <Notice>: dartnative: ##BENCH## {"tag":"countpages","t_us":1790234525824363,"ev":"page_build","i":750}
Sep 24 13:07:05.824476 Runner(Flutter)[1986] <Notice>: dartnative: ##BENCH## {"tag":"countpages","t_us":1790234525824402,"ev":"page_build","i":751}
Sep 24 13:07:05.824512 Runner(Flutter)[1986] <Notice>: dartnative: ##BENCH## {"tag":"countpages","t_us":1790234525824466,"ev":"page_build","i":752}
Sep 24 13:07:05.824540 Runner(Flutter)[1986] <Notice>: dartnative: ##BENCH## {"tag":"countpages","t_us":1790234525824501,"ev":"page_build","i":753}
Sep 24 13:07:05.824604 Runner(Flutter)[1986] <Notice>: dartnative: ##BENCH## {"tag":"countpages","t_us":1790234525824557,"ev":"page_build","i":754}
Sep 24 13:07:05.824671 Runner(Flutter)[1986] <Notice>: dartnative: ##BENCH## {"tag":"countpages","t_us":1790234525824622,"ev":"page_build","i":755}
Sep 24 13:07:05.824752 Runner(Flutter)[1986] <Notice>: dartnative: ##BENCH## {"tag":"countpages","t_us":1790234525824659,"ev":"page_build","i":756}
Sep 24 13:07:05.824783 Runner(Flutter)[1986] <Notice>: dartnative: ##BENCH## {"tag":"countpages","t_us":1790234525824718,"ev":"page_build","i":757}
Sep 24 13:07:05.824832 Runner(Flutter)[1986] <Notice>: dartnative: ##BENCH## {"tag":"countpages","t_us":1790234525824756,"ev":"page_build","i":758}
Sep 24 13:07:05.824932 Runner(Flutter)[1986] <Notice>: dartnative: ##BENCH## {"tag":"countpages","t_us":1790234525824839,"ev":"page_build","i":759}
Sep 24 13:07:05.824974 Runner(Flutter)[1986] <Notice>: dartnative: ##BENCH## {"tag":"countpages","t_us":1790234525824880,"ev":"page_build","i":760}
Sep 24 13:07:05.825033 Runner(Flutter)[1986] <Notice>: dartnative: ##BENCH## {"tag":"countpages","t_us":1790234525824973,"ev":"page_build","i":761}
Sep 24 13:07:05.825095 Runner(Flutter)[1986] <Notice>: dartnative: ##BENCH## {"tag":"countpages","t_us":1790234525825012,"ev":"page_build","i":762}
Sep 24 13:07:05.825153 Runner(Flutter)[1986] <Notice>: dartnative: ##BENCH## {"tag":"countpages","t_us":1790234525825046,"ev":"page_build","i":763}
Sep 24 13:07:05.825217 Runner(Flutter)[1986] <Notice>: dartnative: ##BENCH## {"tag":"countpages","t_us":1790234525825143,"ev":"page_build","i":764}
Sep 24 13:07:05.825263 Runner(Flutter)[1986] <Notice>: dartnative: ##BENCH## {"tag":"countpages","t_us":1790234525825217,"ev":"page_build","i":765}
Sep 24 13:07:05.825408 Runner(Flutter)[1986] <Notice>: dartnative: ##BENCH## {"tag":"countpages","t_us":1790234525825298,"ev":"page_build","i":766}
Sep 24 13:07:05.825442 Runner(Flutter)[1986] <Notice>: dartnative: ##BENCH## {"tag":"countpages","t_us":1790234525825353,"ev":"page_build","i":767}
Sep 24 13:07:05.825476 Runner(Flutter)[1986] <Notice>: dartnative: ##BENCH## {"tag":"countpages","t_us":1790234525825405,"ev":"page_build","i":768}
Sep 24 13:07:05.825497 Runner(Flutter)[1986] <Notice>: dartnative: ##BENCH## {"tag":"countpages","t_us":1790234525825443,"ev":"page_build","i":769}
Sep 24 13:07:05.825531 Runner(Flutter)[1986] <Notice>: dartnative: ##BENCH## {"tag":"countpages","t_us":1790234525825481,"ev":"page_build","i":770}
Sep 24 13:07:05.825596 Runner(Flutter)[1986] <Notice>: dartnative: ##BENCH## {"tag":"countpages","t_us":1790234525825534,"ev":"page_build","i":771}
Sep 24 13:07:05.825655 Runner(Flutter)[1986] <Notice>: dartnative: ##BENCH## {"tag":"countpages","t_us":1790234525825573,"ev":"page_build","i":772}
Sep 24 13:07:05.825702 Runner(Flutter)[1986] <Notice>: dartnative: ##BENCH## {"tag":"countpages","t_us":1790234525825627,"ev":"page_build","i":773}
Sep 24 13:07:05.825771 Runner(Flutter)[1986] <Notice>: dartnative: ##BENCH## {"tag":"countpages","t_us":1790234525825677,"ev":"page_build","i":774}
Sep 24 13:07:05.825814 Runner(Flutter)[1986] <Notice>: dartnative: ##BENCH## {"tag":"countpages","t_us":1790234525825711,"ev":"page_build","i":775}
Sep 24 13:07:05.825889 Runner(Flutter)[1986] <Notice>: dartnative: ##BENCH## {"tag":"countpages","t_us":1790234525825804,"ev":"page_build","i":776}
Sep 24 13:07:05.825924 Runner(Flutter)[1986] <Notice>: dartnative: ##BENCH## {"tag":"countpages","t_us":1790234525825871,"ev":"page_build","i":777}
Sep 24 13:07:05.826015 Runner(Flutter)[1986] <Notice>: dartnative: ##BENCH## {"tag":"countpages","t_us":1790234525825932,"ev":"page_build","i":778}
Sep 24 13:07:05.826050 Runner(Flutter)[1986] <Notice>: dartnative: ##BENCH## {"tag":"countpages","t_us":1790234525825977,"ev":"page_build","i":779}
Sep 24 13:07:05.826119 Runner(Flutter)[1986] <Notice>: dartnative: ##BENCH## {"tag":"countpages","t_us":1790234525826032,"ev":"page_build","i":780}
Sep 24 13:07:05.826142 Runner(Flutter)[1986] <Notice>: dartnative: ##BENCH## {"tag":"countpages","t_us":1790234525826109,"ev":"page_build","i":781}
Sep 24 13:07:05.826244 Runner(Flutter)[1986] <Notice>: dartnative: ##BENCH## {"tag":"countpages","t_us":1790234525826145,"ev":"page_build","i":782}
Sep 24 13:07:05.826375 Runner(Flutter)[1986] <Notice>: dartnative: ##BENCH## {"tag":"countpages","t_us":1790234525826281,"ev":"page_build","i":783}
Sep 24 13:07:05.826483 Runner(Flutter)[1986] <Notice>: dartnative: ##BENCH## {"tag":"countpages","t_us":1790234525826360,"ev":"page_build","i":784}
Sep 24 13:07:05.826605 Runner(Flutter)[1986] <Notice>: dartnative: ##BENCH## {"tag":"countpages","t_us":1790234525826500,"ev":"page_build","i":785}
Sep 24 13:07:05.826637 Runner(Flutter)[1986] <Notice>: dartnative: ##BENCH## {"tag":"countpages","t_us":1790234525826575,"ev":"page_build","i":786}
Sep 24 13:07:05.826776 Runner(Flutter)[1986] <Notice>: dartnative: ##BENCH## {"tag":"countpages","t_us":1790234525826633,"ev":"page_build","i":787}
Sep 24 13:07:05.826806 Runner(Flutter)[1986] <Notice>: dartnative: ##BENCH## {"tag":"countpages","t_us":1790234525826738,"ev":"page_build","i":788}
Sep 24 13:07:05.826834 Runner(Flutter)[1986] <Notice>: dartnative: ##BENCH## {"tag":"countpages","t_us":1790234525826777,"ev":"page_build","i":789}
Sep 24 13:07:05.826912 Runner(Flutter)[1986] <Notice>: dartnative: ##BENCH## {"tag":"countpages","t_us":1790234525826851,"ev":"page_build","i":790}
Sep 24 13:07:05.827019 Runner(Flutter)[1986] <Notice>: dartnative: ##BENCH## {"tag":"countpages","t_us":1790234525826959,"ev":"page_build","i":791}
Sep 24 13:07:05.827094 Runner(Flutter)[1986] <Notice>: dartnative: ##BENCH## {"tag":"countpages","t_us":1790234525827028,"ev":"page_build","i":792}
Sep 24 13:07:05.827194 Runner(Flutter)[1986] <Notice>: dartnative: ##BENCH## {"tag":"countpages","t_us":1790234525827084,"ev":"page_build","i":793}
Sep 24 13:07:05.827318 Runner(Flutter)[1986] <Notice>: dartnative: ##BENCH## {"tag":"countpages","t_us":1790234525827202,"ev":"page_build","i":794}
Sep 24 13:07:05.827445 Runner(Flutter)[1986] <Notice>: dartnative: ##BENCH## {"tag":"countpages","t_us":1790234525827345,"ev":"page_build","i":795}
Sep 24 13:07:05.827498 Runner(Flutter)[1986] <Notice>: dartnative: ##BENCH## {"tag":"countpages","t_us":1790234525827429,"ev":"page_build","i":796}
Sep 24 13:07:05.827562 Runner(Flutter)[1986] <Notice>: dartnative: ##BENCH## {"tag":"countpages","t_us":1790234525827516,"ev":"page_build","i":797}
Sep 24 13:07:05.827595 Runner(Flutter)[1986] <Notice>: dartnative: ##BENCH## {"tag":"countpages","t_us":1790234525827555,"ev":"page_build","i":798}
Sep 24 13:07:05.827631 Runner(Flutter)[1986] <Notice>: dartnative: ##BENCH## {"tag":"countpages","t_us":1790234525827590,"ev":"page_build","i":799}
Sep 24 13:07:05.827680 Runner(Flutter)[1986] <Notice>: dartnative: ##BENCH## {"tag":"countpages","t_us":1790234525827627,"ev":"page_build","i":800}
Sep 24 13:07:05.827714 Runner(Flutter)[1986] <Notice>: dartnative: ##BENCH## {"tag":"countpages","t_us":1790234525827662,"ev":"page_build","i":801}
Sep 24 13:07:05.827746 Runner(Flutter)[1986] <Notice>: dartnative: ##BENCH## {"tag":"countpages","t_us":1790234525827699,"ev":"page_build","i":802}
Sep 24 13:07:05.827771 Runner(Flutter)[1986] <Notice>: dartnative: ##BENCH## {"tag":"countpages","t_us":1790234525827736,"ev":"page_build","i":803}
Sep 24 13:07:05.827811 Runner(Flutter)[1986] <Notice>: dartnative: ##BENCH## {"tag":"countpages","t_us":1790234525827772,"ev":"page_build","i":804}
Sep 24 13:07:05.827847 Runner(Flutter)[1986] <Notice>: dartnative: ##BENCH## {"tag":"countpages","t_us":1790234525827806,"ev":"page_build","i":805}
Sep 24 13:07:05.827882 Runner(Flutter)[1986] <Notice>: dartnative: ##BENCH## {"tag":"countpages","t_us":1790234525827842,"ev":"page_build","i":806}
Sep 24 13:07:05.827922 Runner(Flutter)[1986] <Notice>: dartnative: ##BENCH## {"tag":"countpages","t_us":1790234525827881,"ev":"page_build","i":807}
Sep 24 13:07:05.827999 Runner(Flutter)[1986] <Notice>: dartnative: ##BENCH## {"tag":"countpages","t_us":1790234525827915,"ev":"page_build","i":808}
Sep 24 13:07:05.828008 Runner(Flutter)[1986] <Notice>: dartnative: ##BENCH## {"tag":"countpages","t_us":1790234525827952,"ev":"page_build","i":809}
Sep 24 13:07:05.828060 Runner(Flutter)[1986] <Notice>: dartnative: ##BENCH## {"tag":"countpages","t_us":1790234525827989,"ev":"page_build","i":810}
Sep 24 13:07:05.828109 Runner(Flutter)[1986] <Notice>: dartnative: ##BENCH## {"tag":"countpages","t_us":1790234525828027,"ev":"page_build","i":811}
Sep 24 13:07:05.828141 Runner(Flutter)[1986] <Notice>: dartnative: ##BENCH## {"tag":"countpages","t_us":1790234525828061,"ev":"page_build","i":812}
Sep 24 13:07:05.828172 Runner(Flutter)[1986] <Notice>: dartnative: ##BENCH## {"tag":"countpages","t_us":1790234525828096,"ev":"page_build","i":813}
Sep 24 13:07:05.828195 Runner(Flutter)[1986] <Notice>: dartnative: ##BENCH## {"tag":"countpages","t_us":1790234525828130,"ev":"page_build","i":814}
Sep 24 13:07:05.828210 Runner(Flutter)[1986] <Notice>: dartnative: ##BENCH## {"tag":"countpages","t_us":1790234525828167,"ev":"page_build","i":815}
Sep 24 13:07:05.828250 Runner(Flutter)[1986] <Notice>: dartnative: ##BENCH## {"tag":"countpages","t_us":1790234525828202,"ev":"page_build","i":816}
Sep 24 13:07:05.828320 Runner(Flutter)[1986] <Notice>: dartnative: ##BENCH## {"tag":"countpages","t_us":1790234525828236,"ev":"page_build","i":817}
Sep 24 13:07:05.828327 Runner(Flutter)[1986] <Notice>: dartnative: ##BENCH## {"tag":"countpages","t_us":1790234525828277,"ev":"page_build","i":818}
Sep 24 13:07:05.828592 Runner(Flutter)[1986] <Notice>: dartnative: ##BENCH## {"tag":"countpages","t_us":1790234525828313,"ev":"page_build","i":819}
Sep 24 13:07:05.828611 Runner(Flutter)[1986] <Notice>: dartnative: ##BENCH## {"tag":"countpages","t_us":1790234525828349,"ev":"page_build","i":820}
Sep 24 13:07:05.828653 Runner(Flutter)[1986] <Notice>: dartnative: ##BENCH## {"tag":"countpages","t_us":1790234525828382,"ev":"page_build","i":821}
Sep 24 13:07:05.828693 Runner(Flutter)[1986] <Notice>: dartnative: ##BENCH## {"tag":"countpages","t_us":1790234525828416,"ev":"page_build","i":822}
Sep 24 13:07:05.828729 Runner(Flutter)[1986] <Notice>: dartnative: ##BENCH## {"tag":"countpages","t_us":1790234525828450,"ev":"page_build","i":823}
Sep 24 13:07:05.828750 Runner(Flutter)[1986] <Notice>: dartnative: ##BENCH## {"tag":"countpages","t_us":1790234525828484,"ev":"page_build","i":824}
Sep 24 13:07:05.828760 Runner(Flutter)[1986] <Notice>: dartnative: ##BENCH## {"tag":"countpages","t_us":1790234525828521,"ev":"page_build","i":825}
Sep 24 13:07:05.828810 Runner(Flutter)[1986] <Notice>: dartnative: ##BENCH## {"tag":"countpages","t_us":1790234525828634,"ev":"page_build","i":826}
Sep 24 13:07:05.828860 Runner(Flutter)[1986] <Notice>: dartnative: ##BENCH## {"tag":"countpages","t_us":1790234525828670,"ev":"page_build","i":827}
Sep 24 13:07:05.828868 Runner(Flutter)[1986] <Notice>: dartnative: ##BENCH## {"tag":"countpages","t_us":1790234525828726,"ev":"page_build","i":828}
Sep 24 13:07:05.828883 Runner(Flutter)[1986] <Notice>: dartnative: ##BENCH## {"tag":"countpages","t_us":1790234525828761,"ev":"page_build","i":829}
Sep 24 13:07:05.828976 Runner(Flutter)[1986] <Notice>: dartnative: ##BENCH## {"tag":"countpages","t_us":1790234525828852,"ev":"page_build","i":830}
Sep 24 13:07:05.829114 Runner(Flutter)[1986] <Notice>: dartnative: ##BENCH## {"tag":"countpages","t_us":1790234525828974,"ev":"page_build","i":831}
Sep 24 13:07:05.829295 Runner(Flutter)[1986] <Notice>: dartnative: ##BENCH## {"tag":"countpages","t_us":1790234525829136,"ev":"page_build","i":832}
Sep 24 13:07:05.829455 Runner(Flutter)[1986] <Notice>: dartnative: ##BENCH## {"tag":"countpages","t_us":1790234525829322,"ev":"page_build","i":833}
Sep 24 13:07:05.829635 Runner(Flutter)[1986] <Notice>: dartnative: ##BENCH## {"tag":"countpages","t_us":1790234525829493,"ev":"page_build","i":834}
Sep 24 13:07:05.829651 Runner(Flutter)[1986] <Notice>: dartnative: ##BENCH## {"tag":"countpages","t_us":1790234525829535,"ev":"page_build","i":835}
Sep 24 13:07:05.829689 Runner(Flutter)[1986] <Notice>: dartnative: ##BENCH## {"tag":"countpages","t_us":1790234525829572,"ev":"page_build","i":836}
Sep 24 13:07:05.829773 Runner(Flutter)[1986] <Notice>: dartnative: ##BENCH## {"tag":"countpages","t_us":1790234525829723,"ev":"page_build","i":837}
Sep 24 13:07:05.829971 Runner(Flutter)[1986] <Notice>: dartnative: ##BENCH## {"tag":"countpages","t_us":1790234525829764,"ev":"page_build","i":838}
Sep 24 13:07:05.829995 Runner(Flutter)[1986] <Notice>: dartnative: ##BENCH## {"tag":"countpages","t_us":1790234525829802,"ev":"page_build","i":839}
Sep 24 13:07:05.830013 Runner(Flutter)[1986] <Notice>: dartnative: ##BENCH## {"tag":"countpages","t_us":1790234525829839,"ev":"page_build","i":840}
Sep 24 13:07:05.830031 Runner(Flutter)[1986] <Notice>: dartnative: ##BENCH## {"tag":"countpages","t_us":1790234525829876,"ev":"page_build","i":841}
Sep 24 13:07:05.830147 Runner(Flutter)[1986] <Notice>: dartnative: ##BENCH## {"tag":"countpages","t_us":1790234525829995,"ev":"page_build","i":842}
Sep 24 13:07:05.830238 Runner(Flutter)[1986] <Notice>: dartnative: ##BENCH## {"tag":"countpages","t_us":1790234525830131,"ev":"page_build","i":843}
Sep 24 13:07:05.830334 Runner(Flutter)[1986] <Notice>: dartnative: ##BENCH## {"tag":"countpages","t_us":1790234525830276,"ev":"page_build","i":844}
Sep 24 13:07:05.830440 Runner(Flutter)[1986] <Notice>: dartnative: ##BENCH## {"tag":"countpages","t_us":1790234525830332,"ev":"page_build","i":845}
Sep 24 13:07:05.830499 Runner(Flutter)[1986] <Notice>: dartnative: ##BENCH## {"tag":"countpages","t_us":1790234525830426,"ev":"page_build","i":846}
Sep 24 13:07:05.830570 Runner(Flutter)[1986] <Notice>: dartnative: ##BENCH## {"tag":"countpages","t_us":1790234525830487,"ev":"page_build","i":847}
Sep 24 13:07:05.830671 Runner(Flutter)[1986] <Notice>: dartnative: ##BENCH## {"tag":"countpages","t_us":1790234525830597,"ev":"page_build","i":848}
Sep 24 13:07:05.830701 Runner(Flutter)[1986] <Notice>: dartnative: ##BENCH## {"tag":"countpages","t_us":1790234525830654,"ev":"page_build","i":849}
Sep 24 13:07:05.830773 Runner(Flutter)[1986] <Notice>: dartnative: ##BENCH## {"tag":"countpages","t_us":1790234525830724,"ev":"page_build","i":850}
Sep 24 13:07:05.830821 Runner(Flutter)[1986] <Notice>: dartnative: ##BENCH## {"tag":"countpages","t_us":1790234525830777,"ev":"page_build","i":851}
Sep 24 13:07:05.830858 Runner(Flutter)[1986] <Notice>: dartnative: ##BENCH## {"tag":"countpages","t_us":1790234525830816,"ev":"page_build","i":852}
Sep 24 13:07:05.830959 Runner(Flutter)[1986] <Notice>: dartnative: ##BENCH## {"tag":"countpages","t_us":1790234525830879,"ev":"page_build","i":853}
Sep 24 13:07:05.831017 Runner(Flutter)[1986] <Notice>: dartnative: ##BENCH## {"tag":"countpages","t_us":1790234525830964,"ev":"page_build","i":854}
Sep 24 13:07:05.831053 Runner(Flutter)[1986] <Notice>: dartnative: ##BENCH## {"tag":"countpages","t_us":1790234525831003,"ev":"page_build","i":855}
Sep 24 13:07:05.831138 Runner(Flutter)[1986] <Notice>: dartnative: ##BENCH## {"tag":"countpages","t_us":1790234525831092,"ev":"page_build","i":856}
Sep 24 13:07:05.831179 Runner(Flutter)[1986] <Notice>: dartnative: ##BENCH## {"tag":"countpages","t_us":1790234525831131,"ev":"page_build","i":857}
Sep 24 13:07:05.831277 Runner(Flutter)[1986] <Notice>: dartnative: ##BENCH## {"tag":"countpages","t_us":1790234525831170,"ev":"page_build","i":858}
Sep 24 13:07:05.831344 Runner(Flutter)[1986] <Notice>: dartnative: ##BENCH## {"tag":"countpages","t_us":1790234525831273,"ev":"page_build","i":859}
Sep 24 13:07:05.831416 Runner(Flutter)[1986] <Notice>: dartnative: ##BENCH## {"tag":"countpages","t_us":1790234525831350,"ev":"page_build","i":860}
Sep 24 13:07:05.831465 Runner(Flutter)[1986] <Notice>: dartnative: ##BENCH## {"tag":"countpages","t_us":1790234525831409,"ev":"page_build","i":861}
Sep 24 13:07:05.831528 Runner(Flutter)[1986] <Notice>: dartnative: ##BENCH## {"tag":"countpages","t_us":1790234525831477,"ev":"page_build","i":862}
Sep 24 13:07:05.831633 Runner(Flutter)[1986] <Notice>: dartnative: ##BENCH## {"tag":"countpages","t_us":1790234525831559,"ev":"page_build","i":863}
Sep 24 13:07:05.831675 Runner(Flutter)[1986] <Notice>: dartnative: ##BENCH## {"tag":"countpages","t_us":1790234525831615,"ev":"page_build","i":864}
Sep 24 13:07:05.831804 Runner(Flutter)[1986] <Notice>: dartnative: ##BENCH## {"tag":"countpages","t_us":1790234525831733,"ev":"page_build","i":865}
Sep 24 13:07:05.831891 Runner(Flutter)[1986] <Notice>: dartnative: ##BENCH## {"tag":"countpages","t_us":1790234525831770,"ev":"page_build","i":866}
Sep 24 13:07:05.831941 Runner(Flutter)[1986] <Notice>: dartnative: ##BENCH## {"tag":"countpages","t_us":1790234525831891,"ev":"page_build","i":867}
Sep 24 13:07:05.832067 Runner(Flutter)[1986] <Notice>: dartnative: ##BENCH## {"tag":"countpages","t_us":1790234525831990,"ev":"page_build","i":868}
Sep 24 13:07:05.832145 Runner(Flutter)[1986] <Notice>: dartnative: ##BENCH## {"tag":"countpages","t_us":1790234525832054,"ev":"page_build","i":869}
Sep 24 13:07:05.832181 Runner(Flutter)[1986] <Notice>: dartnative: ##BENCH## {"tag":"countpages","t_us":1790234525832090,"ev":"page_build","i":870}
Sep 24 13:07:05.832220 Runner(Flutter)[1986] <Notice>: dartnative: ##BENCH## {"tag":"countpages","t_us":1790234525832127,"ev":"page_build","i":871}
Sep 24 13:07:05.832261 Runner(Flutter)[1986] <Notice>: dartnative: ##BENCH## {"tag":"countpages","t_us":1790234525832185,"ev":"page_build","i":872}
Sep 24 13:07:05.832310 Runner(Flutter)[1986] <Notice>: dartnative: ##BENCH## {"tag":"countpages","t_us":1790234525832235,"ev":"page_build","i":873}
Sep 24 13:07:05.832352 Runner(Flutter)[1986] <Notice>: dartnative: ##BENCH## {"tag":"countpages","t_us":1790234525832270,"ev":"page_build","i":874}
Sep 24 13:07:05.832410 Runner(Flutter)[1986] <Notice>: dartnative: ##BENCH## {"tag":"countpages","t_us":1790234525832345,"ev":"page_build","i":875}
Sep 24 13:07:05.832444 Runner(Flutter)[1986] <Notice>: dartnative: ##BENCH## {"tag":"countpages","t_us":1790234525832383,"ev":"page_build","i":876}
Sep 24 13:07:05.832487 Runner(Flutter)[1986] <Notice>: dartnative: ##BENCH## {"tag":"countpages","t_us":1790234525832418,"ev":"page_build","i":877}
Sep 24 13:07:05.832513 Runner(Flutter)[1986] <Notice>: dartnative: ##BENCH## {"tag":"countpages","t_us":1790234525832475,"ev":"page_build","i":878}
Sep 24 13:07:05.832576 Runner(Flutter)[1986] <Notice>: dartnative: ##BENCH## {"tag":"countpages","t_us":1790234525832513,"ev":"page_build","i":879}
Sep 24 13:07:05.832620 Runner(Flutter)[1986] <Notice>: dartnative: ##BENCH## {"tag":"countpages","t_us":1790234525832550,"ev":"page_build","i":880}
Sep 24 13:07:05.832663 Runner(Flutter)[1986] <Notice>: dartnative: ##BENCH## {"tag":"countpages","t_us":1790234525832589,"ev":"page_build","i":881}
Sep 24 13:07:05.832716 Runner(Flutter)[1986] <Notice>: dartnative: ##BENCH## {"tag":"countpages","t_us":1790234525832623,"ev":"page_build","i":882}
Sep 24 13:07:05.832745 Runner(Flutter)[1986] <Notice>: dartnative: ##BENCH## {"tag":"countpages","t_us":1790234525832677,"ev":"page_build","i":883}
Sep 24 13:07:05.832785 Runner(Flutter)[1986] <Notice>: dartnative: ##BENCH## {"tag":"countpages","t_us":1790234525832715,"ev":"page_build","i":884}
Sep 24 13:07:05.832861 Runner(Flutter)[1986] <Notice>: dartnative: ##BENCH## {"tag":"countpages","t_us":1790234525832779,"ev":"page_build","i":885}
Sep 24 13:07:05.832903 Runner(Flutter)[1986] <Notice>: dartnative: ##BENCH## {"tag":"countpages","t_us":1790234525832818,"ev":"page_build","i":886}
Sep 24 13:07:05.832962 Runner(Flutter)[1986] <Notice>: dartnative: ##BENCH## {"tag":"countpages","t_us":1790234525832851,"ev":"page_build","i":887}
Sep 24 13:07:05.832994 Runner(Flutter)[1986] <Notice>: dartnative: ##BENCH## {"tag":"countpages","t_us":1790234525832888,"ev":"page_build","i":888}
Sep 24 13:07:05.833014 Runner(Flutter)[1986] <Notice>: dartnative: ##BENCH## {"tag":"countpages","t_us":1790234525832947,"ev":"page_build","i":889}
Sep 24 13:07:05.833068 Runner(Flutter)[1986] <Notice>: dartnative: ##BENCH## {"tag":"countpages","t_us":1790234525832985,"ev":"page_build","i":890}
Sep 24 13:07:05.833104 Runner(Flutter)[1986] <Notice>: dartnative: ##BENCH## {"tag":"countpages","t_us":1790234525833020,"ev":"page_build","i":891}
Sep 24 13:07:05.833181 Runner(Flutter)[1986] <Notice>: dartnative: ##BENCH## {"tag":"countpages","t_us":1790234525833076,"ev":"page_build","i":892}
Sep 24 13:07:05.833220 Runner(Flutter)[1986] <Notice>: dartnative: ##BENCH## {"tag":"countpages","t_us":1790234525833139,"ev":"page_build","i":893}
Sep 24 13:07:05.833299 Runner(Flutter)[1986] <Notice>: dartnative: ##BENCH## {"tag":"countpages","t_us":1790234525833211,"ev":"page_build","i":894}
Sep 24 13:07:05.833331 Runner(Flutter)[1986] <Notice>: dartnative: ##BENCH## {"tag":"countpages","t_us":1790234525833269,"ev":"page_build","i":895}
Sep 24 13:07:05.833376 Runner(Flutter)[1986] <Notice>: dartnative: ##BENCH## {"tag":"countpages","t_us":1790234525833328,"ev":"page_build","i":896}
Sep 24 13:07:05.833441 Runner(Flutter)[1986] <Notice>: dartnative: ##BENCH## {"tag":"countpages","t_us":1790234525833386,"ev":"page_build","i":897}
Sep 24 13:07:05.833534 Runner(Flutter)[1986] <Notice>: dartnative: ##BENCH## {"tag":"countpages","t_us":1790234525833484,"ev":"page_build","i":898}
Sep 24 13:07:05.838266 Runner(Flutter)[1986] <Notice>: dartnative: ##BENCH## {"tag":"countpages","t_us":1790234525837782,"ev":"page_build","i":899}
Sep 24 13:07:05.839052 Runner(Flutter)[1986] <Notice>: dartnative: ##BENCH## {"tag":"countpages","t_us":1790234525838252,"ev":"page_build","i":900}
Sep 24 13:07:05.839150 Runner(Flutter)[1986] <Notice>: dartnative: ##BENCH## {"tag":"countpages","t_us":1790234525838450,"ev":"page_build","i":901}
Sep 24 13:07:05.839217 Runner(Flutter)[1986] <Notice>: dartnative: ##BENCH## {"tag":"countpages","t_us":1790234525838661,"ev":"page_build","i":902}
Sep 24 13:07:05.839255 Runner(Flutter)[1986] <Notice>: dartnative: ##BENCH## {"tag":"countpages","t_us":1790234525838709,"ev":"page_build","i":903}
Sep 24 13:07:05.839327 Runner(Flutter)[1986] <Notice>: dartnative: ##BENCH## {"tag":"countpages","t_us":1790234525838755,"ev":"page_build","i":904}
Sep 24 13:07:05.839389 Runner(Flutter)[1986] <Notice>: dartnative: ##BENCH## {"tag":"countpages","t_us":1790234525838799,"ev":"page_build","i":905}
Sep 24 13:07:05.839524 Runner(Flutter)[1986] <Notice>: dartnative: ##BENCH## {"tag":"countpages","t_us":1790234525838846,"ev":"page_build","i":906}
Sep 24 13:07:05.839736 Runner(Flutter)[1986] <Notice>: dartnative: ##BENCH## {"tag":"countpages","t_us":1790234525838888,"ev":"page_build","i":907}
Sep 24 13:07:05.839852 Runner(Flutter)[1986] <Notice>: dartnative: ##BENCH## {"tag":"countpages","t_us":1790234525839110,"ev":"page_build","i":908}
Sep 24 13:07:05.839915 Runner(Flutter)[1986] <Notice>: dartnative: ##BENCH## {"tag":"countpages","t_us":1790234525839198,"ev":"page_build","i":909}
Sep 24 13:07:05.839948 Runner(Flutter)[1986] <Notice>: dartnative: ##BENCH## {"tag":"countpages","t_us":1790234525839235,"ev":"page_build","i":910}
Sep 24 13:07:05.839980 Runner(Flutter)[1986] <Notice>: dartnative: ##BENCH## {"tag":"countpages","t_us":1790234525839294,"ev":"page_build","i":911}
Sep 24 13:07:05.840088 Runner(Flutter)[1986] <Notice>: dartnative: ##BENCH## {"tag":"countpages","t_us":1790234525839351,"ev":"page_build","i":912}
Sep 24 13:07:05.840138 Runner(Flutter)[1986] <Notice>: dartnative: ##BENCH## {"tag":"countpages","t_us":1790234525839434,"ev":"page_build","i":913}
Sep 24 13:07:05.840240 Runner(Flutter)[1986] <Notice>: dartnative: ##BENCH## {"tag":"countpages","t_us":1790234525839580,"ev":"page_build","i":914}
Sep 24 13:07:05.840344 Runner(Flutter)[1986] <Notice>: dartnative: ##BENCH## {"tag":"countpages","t_us":1790234525839681,"ev":"page_build","i":915}
Sep 24 13:07:05.840463 Runner(Flutter)[1986] <Notice>: dartnative: ##BENCH## {"tag":"countpages","t_us":1790234525839735,"ev":"page_build","i":916}
Sep 24 13:07:05.840540 Runner(Flutter)[1986] <Notice>: dartnative: ##BENCH## {"tag":"countpages","t_us":1790234525839805,"ev":"page_build","i":917}
Sep 24 13:07:05.840774 Runner(Flutter)[1986] <Notice>: dartnative: ##BENCH## {"tag":"countpages","t_us":1790234525839985,"ev":"page_build","i":918}
Sep 24 13:07:05.840859 Runner(Flutter)[1986] <Notice>: dartnative: ##BENCH## {"tag":"countpages","t_us":1790234525840079,"ev":"page_build","i":919}
Sep 24 13:07:05.840922 Runner(Flutter)[1986] <Notice>: dartnative: ##BENCH## {"tag":"countpages","t_us":1790234525840133,"ev":"page_build","i":920}
Sep 24 13:07:05.840936 Runner(Flutter)[1986] <Notice>: dartnative: ##BENCH## {"tag":"countpages","t_us":1790234525840173,"ev":"page_build","i":921}
Sep 24 13:07:05.840944 Runner(Flutter)[1986] <Notice>: dartnative: ##BENCH## {"tag":"countpages","t_us":1790234525840260,"ev":"page_build","i":922}
Sep 24 13:07:05.840953 Runner(Flutter)[1986] <Notice>: dartnative: ##BENCH## {"tag":"countpages","t_us":1790234525840380,"ev":"page_build","i":923}
Sep 24 13:07:05.840975 Runner(Flutter)[1986] <Notice>: dartnative: ##BENCH## {"tag":"countpages","t_us":1790234525840641,"ev":"page_build","i":924}
Sep 24 13:07:05.841018 Runner(Flutter)[1986] <Notice>: dartnative: ##BENCH## {"tag":"countpages","t_us":1790234525840774,"ev":"page_build","i":925}
Sep 24 13:07:05.841032 Runner(Flutter)[1986] <Notice>: dartnative: ##BENCH## {"tag":"countpages","t_us":1790234525840838,"ev":"page_build","i":926}
Sep 24 13:07:05.841092 Runner(Flutter)[1986] <Notice>: dartnative: ##BENCH## {"tag":"countpages","t_us":1790234525840930,"ev":"page_build","i":927}
Sep 24 13:07:05.841232 Runner(Flutter)[1986] <Notice>: dartnative: ##BENCH## {"tag":"countpages","t_us":1790234525841105,"ev":"page_build","i":928}
Sep 24 13:07:05.841265 Runner(Flutter)[1986] <Notice>: dartnative: ##BENCH## {"tag":"countpages","t_us":1790234525841168,"ev":"page_build","i":929}
Sep 24 13:07:05.841355 Runner(Flutter)[1986] <Notice>: dartnative: ##BENCH## {"tag":"countpages","t_us":1790234525841276,"ev":"page_build","i":930}
Sep 24 13:07:05.841433 Runner(Flutter)[1986] <Notice>: dartnative: ##BENCH## {"tag":"countpages","t_us":1790234525841350,"ev":"page_build","i":931}
Sep 24 13:07:05.841501 Runner(Flutter)[1986] <Notice>: dartnative: ##BENCH## {"tag":"countpages","t_us":1790234525841423,"ev":"page_build","i":932}
Sep 24 13:07:05.841570 Runner(Flutter)[1986] <Notice>: dartnative: ##BENCH## {"tag":"countpages","t_us":1790234525841503,"ev":"page_build","i":933}
Sep 24 13:07:05.841704 Runner(Flutter)[1986] <Notice>: dartnative: ##BENCH## {"tag":"countpages","t_us":1790234525841605,"ev":"page_build","i":934}
Sep 24 13:07:05.841892 Runner(Flutter)[1986] <Notice>: dartnative: ##BENCH## {"tag":"countpages","t_us":1790234525841736,"ev":"page_build","i":935}
Sep 24 13:07:05.842399 Runner(Flutter)[1986] <Notice>: dartnative: ##BENCH## {"tag":"countpages","t_us":1790234525841880,"ev":"page_build","i":936}
Sep 24 13:07:05.842805 Runner(Flutter)[1986] <Notice>: dartnative: ##BENCH## {"tag":"countpages","t_us":1790234525841965,"ev":"page_build","i":937}
Sep 24 13:07:05.842927 Runner(Flutter)[1986] <Notice>: dartnative: ##BENCH## {"tag":"countpages","t_us":1790234525842182,"ev":"page_build","i":938}
Sep 24 13:07:05.843066 Runner(Flutter)[1986] <Notice>: dartnative: ##BENCH## {"tag":"countpages","t_us":1790234525842261,"ev":"page_build","i":939}
Sep 24 13:07:05.843076 Runner(Flutter)[1986] <Notice>: dartnative: ##BENCH## {"tag":"countpages","t_us":1790234525842301,"ev":"page_build","i":940}
Sep 24 13:07:05.843105 Runner(Flutter)[1986] <Notice>: dartnative: ##BENCH## {"tag":"countpages","t_us":1790234525842339,"ev":"page_build","i":941}
Sep 24 13:07:05.843123 Runner(Flutter)[1986] <Notice>: dartnative: ##BENCH## {"tag":"countpages","t_us":1790234525842379,"ev":"page_build","i":942}
Sep 24 13:07:05.843149 Runner(Flutter)[1986] <Notice>: dartnative: ##BENCH## {"tag":"countpages","t_us":1790234525842418,"ev":"page_build","i":943}
Sep 24 13:07:05.843157 Runner(Flutter)[1986] <Notice>: dartnative: ##BENCH## {"tag":"countpages","t_us":1790234525842539,"ev":"page_build","i":944}
Sep 24 13:07:05.843175 Runner(Flutter)[1986] <Notice>: dartnative: ##BENCH## {"tag":"countpages","t_us":1790234525842612,"ev":"page_build","i":945}
Sep 24 13:07:05.843197 Runner(Flutter)[1986] <Notice>: dartnative: ##BENCH## {"tag":"countpages","t_us":1790234525842686,"ev":"page_build","i":946}
Sep 24 13:07:05.843315 Runner(Flutter)[1986] <Notice>: dartnative: ##BENCH## {"tag":"countpages","t_us":1790234525842762,"ev":"page_build","i":947}
Sep 24 13:07:05.843491 Runner(Flutter)[1986] <Notice>: dartnative: ##BENCH## {"tag":"countpages","t_us":1790234525842882,"ev":"page_build","i":948}
Sep 24 13:07:05.843808 Runner(Flutter)[1986] <Notice>: dartnative: ##BENCH## {"tag":"countpages","t_us":1790234525842946,"ev":"page_build","i":949}
Sep 24 13:07:05.844439 Runner(Flutter)[1986] <Notice>: dartnative: ##BENCH## {"tag":"countpages","t_us":1790234525843101,"ev":"page_build","i":950}
Sep 24 13:07:05.844454 Runner(Flutter)[1986] <Notice>: dartnative: ##BENCH## {"tag":"countpages","t_us":1790234525843312,"ev":"page_build","i":951}
Sep 24 13:07:05.844605 Runner(Flutter)[1986] <Notice>: dartnative: ##BENCH## {"tag":"countpages","t_us":1790234525843425,"ev":"page_build","i":952}
Sep 24 13:07:05.844762 Runner(Flutter)[1986] <Notice>: dartnative: ##BENCH## {"tag":"countpages","t_us":1790234525843586,"ev":"page_build","i":953}
Sep 24 13:07:05.844783 Runner(Flutter)[1986] <Notice>: dartnative: ##BENCH## {"tag":"countpages","t_us":1790234525843714,"ev":"page_build","i":954}
Sep 24 13:07:05.844832 Runner(Flutter)[1986] <Notice>: dartnative: ##BENCH## {"tag":"countpages","t_us":1790234525843882,"ev":"page_build","i":955}
Sep 24 13:07:05.844935 Runner(Flutter)[1986] <Notice>: dartnative: ##BENCH## {"tag":"countpages","t_us":1790234525844062,"ev":"page_build","i":956}
Sep 24 13:07:05.844956 Runner(Flutter)[1986] <Notice>: dartnative: ##BENCH## {"tag":"countpages","t_us":1790234525844264,"ev":"page_build","i":957}
Sep 24 13:07:05.844984 Runner(Flutter)[1986] <Notice>: dartnative: ##BENCH## {"tag":"countpages","t_us":1790234525844428,"ev":"page_build","i":958}
Sep 24 13:07:05.845074 Runner(Flutter)[1986] <Notice>: dartnative: ##BENCH## {"tag":"countpages","t_us":1790234525844504,"ev":"page_build","i":959}
Sep 24 13:07:05.845121 Runner(Flutter)[1986] <Notice>: dartnative: ##BENCH## {"tag":"countpages","t_us":1790234525844703,"ev":"page_build","i":960}
Sep 24 13:07:05.845141 Runner(Flutter)[1986] <Notice>: dartnative: ##BENCH## {"tag":"countpages","t_us":1790234525844835,"ev":"page_build","i":961}
Sep 24 13:07:05.845265 Runner(Flutter)[1986] <Notice>: dartnative: ##BENCH## {"tag":"countpages","t_us":1790234525844875,"ev":"page_build","i":962}
Sep 24 13:07:05.845286 Runner(Flutter)[1986] <Notice>: dartnative: ##BENCH## {"tag":"countpages","t_us":1790234525844918,"ev":"page_build","i":963}
Sep 24 13:07:05.845613 Runner(Flutter)[1986] <Notice>: dartnative: ##BENCH## {"tag":"countpages","t_us":1790234525844960,"ev":"page_build","i":964}
Sep 24 13:07:05.845702 Runner(Flutter)[1986] <Notice>: dartnative: ##BENCH## {"tag":"countpages","t_us":1790234525844997,"ev":"page_build","i":965}
Sep 24 13:07:05.846001 Runner(Flutter)[1986] <Notice>: dartnative: ##BENCH## {"tag":"countpages","t_us":1790234525845034,"ev":"page_build","i":966}
Sep 24 13:07:05.847856 Runner(Flutter)[1986] <Notice>: dartnative: ##BENCH## {"tag":"countpages","t_us":1790234525845072,"ev":"page_build","i":967}
Sep 24 13:07:05.848046 Runner(Flutter)[1986] <Notice>: dartnative: ##BENCH## {"tag":"countpages","t_us":1790234525845188,"ev":"page_build","i":968}
Sep 24 13:07:05.848101 Runner(Flutter)[1986] <Notice>: dartnative: ##BENCH## {"tag":"countpages","t_us":1790234525845266,"ev":"page_build","i":969}
Sep 24 13:07:05.848151 Runner(Flutter)[1986] <Notice>: dartnative: ##BENCH## {"tag":"countpages","t_us":1790234525845299,"ev":"page_build","i":970}
Sep 24 13:07:05.848277 Runner(Flutter)[1986] <Notice>: dartnative: ##BENCH## {"tag":"countpages","t_us":1790234525845335,"ev":"page_build","i":971}
Sep 24 13:07:05.848528 Runner(Flutter)[1986] <Notice>: dartnative: ##BENCH## {"tag":"countpages","t_us":1790234525845471,"ev":"page_build","i":972}
Sep 24 13:07:05.848555 Runner(Flutter)[1986] <Notice>: dartnative: ##BENCH## {"tag":"countpages","t_us":1790234525845590,"ev":"page_build","i":973}
Sep 24 13:07:05.848641 Runner(Flutter)[1986] <Notice>: dartnative: ##BENCH## {"tag":"countpages","t_us":1790234525845649,"ev":"page_build","i":974}
Sep 24 13:07:05.848667 Runner(Flutter)[1986] <Notice>: dartnative: ##BENCH## {"tag":"countpages","t_us":1790234525845690,"ev":"page_build","i":975}
Sep 24 13:07:05.848709 Runner(Flutter)[1986] <Notice>: dartnative: ##BENCH## {"tag":"countpages","t_us":1790234525845739,"ev":"page_build","i":976}
Sep 24 13:07:05.848816 Runner(Flutter)[1986] <Notice>: dartnative: ##BENCH## {"tag":"countpages","t_us":1790234525845792,"ev":"page_build","i":977}
Sep 24 13:07:05.848826 Runner(Flutter)[1986] <Notice>: dartnative: ##BENCH## {"tag":"countpages","t_us":1790234525845904,"ev":"page_build","i":978}
Sep 24 13:07:05.848858 Runner(Flutter)[1986] <Notice>: dartnative: ##BENCH## {"tag":"countpages","t_us":1790234525846007,"ev":"page_build","i":979}
Sep 24 13:07:05.848969 Runner(Flutter)[1986] <Notice>: dartnative: ##BENCH## {"tag":"countpages","t_us":1790234525846197,"ev":"page_build","i":980}
Sep 24 13:07:05.848996 Runner(Flutter)[1986] <Notice>: dartnative: ##BENCH## {"tag":"countpages","t_us":1790234525846332,"ev":"page_build","i":981}
Sep 24 13:07:05.849044 Runner(Flutter)[1986] <Notice>: dartnative: ##BENCH## {"tag":"countpages","t_us":1790234525846453,"ev":"page_build","i":982}
Sep 24 13:07:05.849052 Runner(Flutter)[1986] <Notice>: dartnative: ##BENCH## {"tag":"countpages","t_us":1790234525846620,"ev":"page_build","i":983}
Sep 24 13:07:05.849067 Runner(Flutter)[1986] <Notice>: dartnative: ##BENCH## {"tag":"countpages","t_us":1790234525846727,"ev":"page_build","i":984}
Sep 24 13:07:05.849216 Runner(Flutter)[1986] <Notice>: dartnative: ##BENCH## {"tag":"countpages","t_us":1790234525846904,"ev":"page_build","i":985}
Sep 24 13:07:05.849237 Runner(Flutter)[1986] <Notice>: dartnative: ##BENCH## {"tag":"countpages","t_us":1790234525846979,"ev":"page_build","i":986}
Sep 24 13:07:05.849305 Runner(Flutter)[1986] <Notice>: dartnative: ##BENCH## {"tag":"countpages","t_us":1790234525847091,"ev":"page_build","i":987}
Sep 24 13:07:05.849353 Runner(Flutter)[1986] <Notice>: dartnative: ##BENCH## {"tag":"countpages","t_us":1790234525847173,"ev":"page_build","i":988}
Sep 24 13:07:05.849393 Runner(Flutter)[1986] <Notice>: dartnative: ##BENCH## {"tag":"countpages","t_us":1790234525847258,"ev":"page_build","i":989}
Sep 24 13:07:05.849430 Runner(Flutter)[1986] <Notice>: dartnative: ##BENCH## {"tag":"countpages","t_us":1790234525847310,"ev":"page_build","i":990}
Sep 24 13:07:05.849463 Runner(Flutter)[1986] <Notice>: dartnative: ##BENCH## {"tag":"countpages","t_us":1790234525847363,"ev":"page_build","i":991}
Sep 24 13:07:05.849534 Runner(Flutter)[1986] <Notice>: dartnative: ##BENCH## {"tag":"countpages","t_us":1790234525847449,"ev":"page_build","i":992}
Sep 24 13:07:05.849646 Runner(Flutter)[1986] <Notice>: dartnative: ##BENCH## {"tag":"countpages","t_us":1790234525847533,"ev":"page_build","i":993}
Sep 24 13:07:05.849667 Runner(Flutter)[1986] <Notice>: dartnative: ##BENCH## {"tag":"countpages","t_us":1790234525847588,"ev":"page_build","i":994}
Sep 24 13:07:05.849860 Runner(Flutter)[1986] <Notice>: dartnative: ##BENCH## {"tag":"countpages","t_us":1790234525847640,"ev":"page_build","i":995}
Sep 24 13:07:05.849905 Runner(Flutter)[1986] <Notice>: dartnative: ##BENCH## {"tag":"countpages","t_us":1790234525847683,"ev":"page_build","i":996}
Sep 24 13:07:05.850050 Runner(Flutter)[1986] <Notice>: dartnative: ##BENCH## {"tag":"countpages","t_us":1790234525847779,"ev":"page_build","i":997}
Sep 24 13:07:05.850150 Runner(Flutter)[1986] <Notice>: dartnative: ##BENCH## {"tag":"countpages","t_us":1790234525847895,"ev":"page_build","i":998}
Sep 24 13:07:05.850273 Runner(Flutter)[1986] <Notice>: dartnative: ##BENCH## {"tag":"countpages","t_us":1790234525847970,"ev":"page_build","i":999}

Exiting...
[disconnected:00008140-001A2D4136BB001C]
