[connected:00008140-001A2D4136BB001C]
Sep 24 15:13:50.564927 Runner(Flutter)[2653] <Notice>: dartnative: ##BENCH## {"tag":"feed1000","t_us":1790242130564729,"ev":"main_enter"}
Sep 24 15:13:50.568123 Runner(Flutter)[2653] <Notice>: dartnative: ##BENCH## {"tag":"feed1000","t_us":1790242130567975,"ev":"media_configure_start"}
Sep 24 15:13:50.656239 Runner(Flutter)[2653] <Notice>: dartnative: ##BENCH## {"tag":"feed1000","t_us":1790242130645063,"ev":"media_configure_end"}
Sep 24 15:13:50.656312 Runner(Flutter)[2653] <Notice>: dartnative: ##BENCH## {"tag":"feed1000","t_us":1790242130645142,"ev":"run_app"}
Sep 24 15:13:50.668573 Runner(Flutter)[2653] <Notice>: dartnative: ##BENCH## {"tag":"feed1000","t_us":1790242130654303,"ev":"ctrl_create","i":0,"src":"network"}
Sep 24 15:13:50.716725 Runner(Flutter)[2653] <Notice>: dartnative: ##BENCH## {"tag":"feed1000","t_us":1790242130699781,"ev":"ctrl_create","i":1,"src":"network"}
Sep 24 15:13:50.728467 Runner(Flutter)[2653] <Notice>: dartnative: ##BENCH## {"tag":"feed1000","t_us":1790242130711742,"ev":"ctrl_create","i":2,"src":"network"}
Sep 24 15:13:50.736183 Runner(Flutter)[2653] <Notice>: dartnative: ##BENCH## {"tag":"feed1000","t_us":1790242130730295,"ev":"page_build","i":0}
Sep 24 15:13:50.736288 Runner(Flutter)[2653] <Notice>: dartnative: ##BENCH## {"tag":"feed1000","t_us":1790242130730372,"ev":"page_build","i":1}
Sep 24 15:13:50.736358 Runner(Flutter)[2653] <Notice>: dartnative: ##BENCH## {"tag":"feed1000","t_us":1790242130730442,"ev":"page_build","i":2}
Sep 24 15:13:50.736396 Runner(Flutter)[2653] <Notice>: dartnative: ##BENCH## {"tag":"feed1000","t_us":1790242130730525,"ev":"page_build","i":3}
Sep 24 15:13:50.736412 Runner(Flutter)[2653] <Notice>: dartnative: ##BENCH## {"tag":"feed1000","t_us":1790242130730628,"ev":"page_build","i":4}
Sep 24 15:13:50.736437 Runner(Flutter)[2653] <Notice>: dartnative: ##BENCH## {"tag":"feed1000","t_us":1790242130730782,"ev":"page_build","i":5}
Sep 24 15:13:50.736447 Runner(Flutter)[2653] <Notice>: dartnative: ##BENCH## {"tag":"feed1000","t_us":1790242130731151,"ev":"page_build","i":6}
Sep 24 15:13:50.736454 Runner(Flutter)[2653] <Notice>: dartnative: ##BENCH## {"tag":"feed1000","t_us":1790242130731699,"ev":"page_build","i":7}
Sep 24 15:13:50.736461 Runner(Flutter)[2653] <Notice>: dartnative: ##BENCH## {"tag":"feed1000","t_us":1790242130732019,"ev":"page_build","i":8}
Sep 24 15:13:50.736468 Runner(Flutter)[2653] <Notice>: dartnative: ##BENCH## {"tag":"feed1000","t_us":1790242130732234,"ev":"page_build","i":9}
Sep 24 15:13:50.736476 Runner(Flutter)[2653] <Notice>: dartnative: ##BENCH## {"tag":"feed1000","t_us":1790242130732335,"ev":"page_build","i":10}
Sep 24 15:13:50.736483 Runner(Flutter)[2653] <Notice>: dartnative: ##BENCH## {"tag":"feed1000","t_us":1790242130732406,"ev":"page_build","i":11}
Sep 24 15:13:50.736564 Runner(Flutter)[2653] <Notice>: dartnative: ##BENCH## {"tag":"feed1000","t_us":1790242130732434,"ev":"page_build","i":12}
Sep 24 15:13:50.736619 Runner(Flutter)[2653] <Notice>: dartnative: ##BENCH## {"tag":"feed1000","t_us":1790242130732479,"ev":"page_build","i":13}
Sep 24 15:13:50.736638 Runner(Flutter)[2653] <Notice>: dartnative: ##BENCH## {"tag":"feed1000","t_us":1790242130732516,"ev":"page_build","i":14}
Sep 24 15:13:50.736654 Runner(Flutter)[2653] <Notice>: dartnative: ##BENCH## {"tag":"feed1000","t_us":1790242130732551,"ev":"page_build","i":15}
Sep 24 15:13:50.736662 Runner(Flutter)[2653] <Notice>: dartnative: ##BENCH## {"tag":"feed1000","t_us":1790242130732575,"ev":"page_build","i":16}
Sep 24 15:13:50.736670 Runner(Flutter)[2653] <Notice>: dartnative: ##BENCH## {"tag":"feed1000","t_us":1790242130732615,"ev":"page_build","i":17}
Sep 24 15:13:50.736686 Runner(Flutter)[2653] <Notice>: dartnative: ##BENCH## {"tag":"feed1000","t_us":1790242130732654,"ev":"page_build","i":18}
Sep 24 15:13:50.736709 Runner(Flutter)[2653] <Notice>: dartnative: ##BENCH## {"tag":"feed1000","t_us":1790242130732697,"ev":"page_build","i":19}
Sep 24 15:13:50.736725 Runner(Flutter)[2653] <Notice>: dartnative: ##BENCH## {"tag":"feed1000","t_us":1790242130732721,"ev":"page_build","i":20}
Sep 24 15:13:50.736732 Runner(Flutter)[2653] <Notice>: dartnative: ##BENCH## {"tag":"feed1000","t_us":1790242130732762,"ev":"page_build","i":21}
Sep 24 15:13:50.736749 Runner(Flutter)[2653] <Notice>: dartnative: ##BENCH## {"tag":"feed1000","t_us":1790242130732788,"ev":"page_build","i":22}
Sep 24 15:13:50.736764 Runner(Flutter)[2653] <Notice>: dartnative: ##BENCH## {"tag":"feed1000","t_us":1790242130732842,"ev":"page_build","i":23}
Sep 24 15:13:50.736770 Runner(Flutter)[2653] <Notice>: dartnative: ##BENCH## {"tag":"feed1000","t_us":1790242130732882,"ev":"page_build","i":24}
Sep 24 15:13:50.736785 Runner(Flutter)[2653] <Notice>: dartnative: ##BENCH## {"tag":"feed1000","t_us":1790242130732920,"ev":"page_build","i":25}
Sep 24 15:13:50.736808 Runner(Flutter)[2653] <Notice>: dartnative: ##BENCH## {"tag":"feed1000","t_us":1790242130732961,"ev":"page_build","i":26}
Sep 24 15:13:50.736815 Runner(Flutter)[2653] <Notice>: dartnative: ##BENCH## {"tag":"feed1000","t_us":1790242130733004,"ev":"page_build","i":27}
Sep 24 15:13:50.736841 Runner(Flutter)[2653] <Notice>: dartnative: ##BENCH## {"tag":"feed1000","t_us":1790242130733066,"ev":"page_build","i":28}
Sep 24 15:13:50.736939 Runner(Flutter)[2653] <Notice>: dartnative: ##BENCH## {"tag":"feed1000","t_us":1790242130733100,"ev":"page_build","i":29}
Sep 24 15:13:50.737000 Runner(Flutter)[2653] <Notice>: dartnative: ##BENCH## {"tag":"feed1000","t_us":1790242130733138,"ev":"page_build","i":30}
Sep 24 15:13:50.737020 Runner(Flutter)[2653] <Notice>: dartnative: ##BENCH## {"tag":"feed1000","t_us":1790242130733177,"ev":"page_build","i":31}
Sep 24 15:13:50.737047 Runner(Flutter)[2653] <Notice>: dartnative: ##BENCH## {"tag":"feed1000","t_us":1790242130733212,"ev":"page_build","i":32}
Sep 24 15:13:50.737073 Runner(Flutter)[2653] <Notice>: dartnative: ##BENCH## {"tag":"feed1000","t_us":1790242130733244,"ev":"page_build","i":33}
Sep 24 15:13:50.737087 Runner(Flutter)[2653] <Notice>: dartnative: ##BENCH## {"tag":"feed1000","t_us":1790242130733311,"ev":"page_build","i":34}
Sep 24 15:13:50.737136 Runner(Flutter)[2653] <Notice>: dartnative: ##BENCH## {"tag":"feed1000","t_us":1790242130733341,"ev":"page_build","i":35}
Sep 24 15:13:50.737157 Runner(Flutter)[2653] <Notice>: dartnative: ##BENCH## {"tag":"feed1000","t_us":1790242130733392,"ev":"page_build","i":36}
Sep 24 15:13:50.737173 Runner(Flutter)[2653] <Notice>: dartnative: ##BENCH## {"tag":"feed1000","t_us":1790242130733447,"ev":"page_build","i":37}
Sep 24 15:13:50.737187 Runner(Flutter)[2653] <Notice>: dartnative: ##BENCH## {"tag":"feed1000","t_us":1790242130733500,"ev":"page_build","i":38}
Sep 24 15:13:50.737198 Runner(Flutter)[2653] <Notice>: dartnative: ##BENCH## {"tag":"feed1000","t_us":1790242130733553,"ev":"page_build","i":39}
Sep 24 15:13:50.737206 Runner(Flutter)[2653] <Notice>: dartnative: ##BENCH## {"tag":"feed1000","t_us":1790242130733606,"ev":"page_build","i":40}
Sep 24 15:13:50.737213 Runner(Flutter)[2653] <Notice>: dartnative: ##BENCH## {"tag":"feed1000","t_us":1790242130733659,"ev":"page_build","i":41}
Sep 24 15:13:50.737237 Runner(Flutter)[2653] <Notice>: dartnative: ##BENCH## {"tag":"feed1000","t_us":1790242130733703,"ev":"page_build","i":42}
Sep 24 15:13:50.737256 Runner(Flutter)[2653] <Notice>: dartnative: ##BENCH## {"tag":"feed1000","t_us":1790242130733738,"ev":"page_build","i":43}
Sep 24 15:13:50.737264 Runner(Flutter)[2653] <Notice>: dartnative: ##BENCH## {"tag":"feed1000","t_us":1790242130733790,"ev":"page_build","i":44}
Sep 24 15:13:50.737271 Runner(Flutter)[2653] <Notice>: dartnative: ##BENCH## {"tag":"feed1000","t_us":1790242130733832,"ev":"page_build","i":45}
Sep 24 15:13:50.737278 Runner(Flutter)[2653] <Notice>: dartnative: ##BENCH## {"tag":"feed1000","t_us":1790242130733870,"ev":"page_build","i":46}
Sep 24 15:13:50.737284 Runner(Flutter)[2653] <Notice>: dartnative: ##BENCH## {"tag":"feed1000","t_us":1790242130733889,"ev":"page_build","i":47}
Sep 24 15:13:50.737291 Runner(Flutter)[2653] <Notice>: dartnative: ##BENCH## {"tag":"feed1000","t_us":1790242130733912,"ev":"page_build","i":48}
Sep 24 15:13:50.737298 Runner(Flutter)[2653] <Notice>: dartnative: ##BENCH## {"tag":"feed1000","t_us":1790242130733936,"ev":"page_build","i":49}
Sep 24 15:13:50.737313 Runner(Flutter)[2653] <Notice>: dartnative: ##BENCH## {"tag":"feed1000","t_us":1790242130733989,"ev":"page_build","i":50}
Sep 24 15:13:50.737335 Runner(Flutter)[2653] <Notice>: dartnative: ##BENCH## {"tag":"feed1000","t_us":1790242130734061,"ev":"page_build","i":51}
Sep 24 15:13:50.737351 Runner(Flutter)[2653] <Notice>: dartnative: ##BENCH## {"tag":"feed1000","t_us":1790242130734124,"ev":"page_build","i":52}
Sep 24 15:13:50.737392 Runner(Flutter)[2653] <Notice>: dartnative: ##BENCH## {"tag":"feed1000","t_us":1790242130734146,"ev":"page_build","i":53}
Sep 24 15:13:50.737399 Runner(Flutter)[2653] <Notice>: dartnative: ##BENCH## {"tag":"feed1000","t_us":1790242130734172,"ev":"page_build","i":54}
Sep 24 15:13:50.737411 Runner(Flutter)[2653] <Notice>: dartnative: ##BENCH## {"tag":"feed1000","t_us":1790242130734180,"ev":"page_build","i":55}
Sep 24 15:13:50.737422 Runner(Flutter)[2653] <Notice>: dartnative: ##BENCH## {"tag":"feed1000","t_us":1790242130734189,"ev":"page_build","i":56}
Sep 24 15:13:50.737451 Runner(Flutter)[2653] <Notice>: dartnative: ##BENCH## {"tag":"feed1000","t_us":1790242130734223,"ev":"page_build","i":57}
Sep 24 15:13:50.737467 Runner(Flutter)[2653] <Notice>: dartnative: ##BENCH## {"tag":"feed1000","t_us":1790242130734278,"ev":"page_build","i":58}
Sep 24 15:13:50.737481 Runner(Flutter)[2653] <Notice>: dartnative: ##BENCH## {"tag":"feed1000","t_us":1790242130734309,"ev":"page_build","i":59}
Sep 24 15:13:50.737487 Runner(Flutter)[2653] <Notice>: dartnative: ##BENCH## {"tag":"feed1000","t_us":1790242130734374,"ev":"page_build","i":60}
Sep 24 15:13:50.737494 Runner(Flutter)[2653] <Notice>: dartnative: ##BENCH## {"tag":"feed1000","t_us":1790242130734437,"ev":"page_build","i":61}
Sep 24 15:13:50.737501 Runner(Flutter)[2653] <Notice>: dartnative: ##BENCH## {"tag":"feed1000","t_us":1790242130734473,"ev":"page_build","i":62}
Sep 24 15:13:50.737518 Runner(Flutter)[2653] <Notice>: dartnative: ##BENCH## {"tag":"feed1000","t_us":1790242130734513,"ev":"page_build","i":63}
Sep 24 15:13:50.737534 Runner(Flutter)[2653] <Notice>: dartnative: ##BENCH## {"tag":"feed1000","t_us":1790242130734560,"ev":"page_build","i":64}
Sep 24 15:13:50.737541 Runner(Flutter)[2653] <Notice>: dartnative: ##BENCH## {"tag":"feed1000","t_us":1790242130734615,"ev":"page_build","i":65}
Sep 24 15:13:50.737577 Runner(Flutter)[2653] <Notice>: dartnative: ##BENCH## {"tag":"feed1000","t_us":1790242130734653,"ev":"page_build","i":66}
Sep 24 15:13:50.737595 Runner(Flutter)[2653] <Notice>: dartnative: ##BENCH## {"tag":"feed1000","t_us":1790242130734721,"ev":"page_build","i":67}
Sep 24 15:13:50.737602 Runner(Flutter)[2653] <Notice>: dartnative: ##BENCH## {"tag":"feed1000","t_us":1790242130734729,"ev":"page_build","i":68}
Sep 24 15:13:50.737618 Runner(Flutter)[2653] <Notice>: dartnative: ##BENCH## {"tag":"feed1000","t_us":1790242130734761,"ev":"page_build","i":69}
Sep 24 15:13:50.737633 Runner(Flutter)[2653] <Notice>: dartnative: ##BENCH## {"tag":"feed1000","t_us":1790242130734797,"ev":"page_build","i":70}
Sep 24 15:13:50.737648 Runner(Flutter)[2653] <Notice>: dartnative: ##BENCH## {"tag":"feed1000","t_us":1790242130734851,"ev":"page_build","i":71}
Sep 24 15:13:50.737658 Runner(Flutter)[2653] <Notice>: dartnative: ##BENCH## {"tag":"feed1000","t_us":1790242130734909,"ev":"page_build","i":72}
Sep 24 15:13:50.737666 Runner(Flutter)[2653] <Notice>: dartnative: ##BENCH## {"tag":"feed1000","t_us":1790242130734941,"ev":"page_build","i":73}
Sep 24 15:13:50.737681 Runner(Flutter)[2653] <Notice>: dartnative: ##BENCH## {"tag":"feed1000","t_us":1790242130734979,"ev":"page_build","i":74}
Sep 24 15:13:50.737692 Runner(Flutter)[2653] <Notice>: dartnative: ##BENCH## {"tag":"feed1000","t_us":1790242130735015,"ev":"page_build","i":75}
Sep 24 15:13:50.737708 Runner(Flutter)[2653] <Notice>: dartnative: ##BENCH## {"tag":"feed1000","t_us":1790242130735040,"ev":"page_build","i":76}
Sep 24 15:13:50.737730 Runner(Flutter)[2653] <Notice>: dartnative: ##BENCH## {"tag":"feed1000","t_us":1790242130735061,"ev":"page_build","i":77}
Sep 24 15:13:50.737758 Runner(Flutter)[2653] <Notice>: dartnative: ##BENCH## {"tag":"feed1000","t_us":1790242130735101,"ev":"page_build","i":78}
Sep 24 15:13:50.737810 Runner(Flutter)[2653] <Notice>: dartnative: ##BENCH## {"tag":"feed1000","t_us":1790242130735142,"ev":"page_build","i":79}
Sep 24 15:13:50.737844 Runner(Flutter)[2653] <Notice>: dartnative: ##BENCH## {"tag":"feed1000","t_us":1790242130735163,"ev":"page_build","i":80}
Sep 24 15:13:50.737867 Runner(Flutter)[2653] <Notice>: dartnative: ##BENCH## {"tag":"feed1000","t_us":1790242130735183,"ev":"page_build","i":81}
Sep 24 15:13:50.737892 Runner(Flutter)[2653] <Notice>: dartnative: ##BENCH## {"tag":"feed1000","t_us":1790242130735233,"ev":"page_build","i":82}
Sep 24 15:13:50.737922 Runner(Flutter)[2653] <Notice>: dartnative: ##BENCH## {"tag":"feed1000","t_us":1790242130735273,"ev":"page_build","i":83}
Sep 24 15:13:50.737935 Runner(Flutter)[2653] <Notice>: dartnative: ##BENCH## {"tag":"feed1000","t_us":1790242130735324,"ev":"page_build","i":84}
Sep 24 15:13:50.737949 Runner(Flutter)[2653] <Notice>: dartnative: ##BENCH## {"tag":"feed1000","t_us":1790242130735384,"ev":"page_build","i":85}
Sep 24 15:13:50.737956 Runner(Flutter)[2653] <Notice>: dartnative: ##BENCH## {"tag":"feed1000","t_us":1790242130735470,"ev":"page_build","i":86}
Sep 24 15:13:50.737963 Runner(Flutter)[2653] <Notice>: dartnative: ##BENCH## {"tag":"feed1000","t_us":1790242130735566,"ev":"page_build","i":87}
Sep 24 15:13:50.737976 Runner(Flutter)[2653] <Notice>: dartnative: ##BENCH## {"tag":"feed1000","t_us":1790242130735586,"ev":"page_build","i":88}
Sep 24 15:13:50.737989 Runner(Flutter)[2653] <Notice>: dartnative: ##BENCH## {"tag":"feed1000","t_us":1790242130735629,"ev":"page_build","i":89}
Sep 24 15:13:50.738010 Runner(Flutter)[2653] <Notice>: dartnative: ##BENCH## {"tag":"feed1000","t_us":1790242130735710,"ev":"page_build","i":90}
Sep 24 15:13:50.738054 Runner(Flutter)[2653] <Notice>: dartnative: ##BENCH## {"tag":"feed1000","t_us":1790242130735819,"ev":"page_build","i":91}
Sep 24 15:13:50.738096 Runner(Flutter)[2653] <Notice>: dartnative: ##BENCH## {"tag":"feed1000","t_us":1790242130735879,"ev":"page_build","i":92}
Sep 24 15:13:50.738128 Runner(Flutter)[2653] <Notice>: dartnative: ##BENCH## {"tag":"feed1000","t_us":1790242130735922,"ev":"page_build","i":93}
Sep 24 15:13:50.738143 Runner(Flutter)[2653] <Notice>: dartnative: ##BENCH## {"tag":"feed1000","t_us":1790242130735959,"ev":"page_build","i":94}
Sep 24 15:13:50.738157 Runner(Flutter)[2653] <Notice>: dartnative: ##BENCH## {"tag":"feed1000","t_us":1790242130735994,"ev":"page_build","i":95}
Sep 24 15:13:50.738173 Runner(Flutter)[2653] <Notice>: dartnative: ##BENCH## {"tag":"feed1000","t_us":1790242130736057,"ev":"page_build","i":96}
Sep 24 15:13:50.738188 Runner(Flutter)[2653] <Notice>: dartnative: ##BENCH## {"tag":"feed1000","t_us":1790242130736104,"ev":"page_build","i":97}
Sep 24 15:13:50.738212 Runner(Flutter)[2653] <Notice>: dartnative: ##BENCH## {"tag":"feed1000","t_us":1790242130736164,"ev":"page_build","i":98}
Sep 24 15:13:50.738235 Runner(Flutter)[2653] <Notice>: dartnative: ##BENCH## {"tag":"feed1000","t_us":1790242130736250,"ev":"page_build","i":99}
Sep 24 15:13:50.738270 Runner(Flutter)[2653] <Notice>: dartnative: ##BENCH## {"tag":"feed1000","t_us":1790242130736375,"ev":"page_build","i":100}
Sep 24 15:13:50.738278 Runner(Flutter)[2653] <Notice>: dartnative: ##BENCH## {"tag":"feed1000","t_us":1790242130736533,"ev":"page_build","i":101}
Sep 24 15:13:50.738292 Runner(Flutter)[2653] <Notice>: dartnative: ##BENCH## {"tag":"feed1000","t_us":1790242130736582,"ev":"page_build","i":102}
Sep 24 15:13:50.738324 Runner(Flutter)[2653] <Notice>: dartnative: ##BENCH## {"tag":"feed1000","t_us":1790242130736628,"ev":"page_build","i":103}
Sep 24 15:13:50.738340 Runner(Flutter)[2653] <Notice>: dartnative: ##BENCH## {"tag":"feed1000","t_us":1790242130736680,"ev":"page_build","i":104}
Sep 24 15:13:50.738361 Runner(Flutter)[2653] <Notice>: dartnative: ##BENCH## {"tag":"feed1000","t_us":1790242130736740,"ev":"page_build","i":105}
Sep 24 15:13:50.738408 Runner(Flutter)[2653] <Notice>: dartnative: ##BENCH## {"tag":"feed1000","t_us":1790242130736800,"ev":"page_build","i":106}
Sep 24 15:13:50.738448 Runner(Flutter)[2653] <Notice>: dartnative: ##BENCH## {"tag":"feed1000","t_us":1790242130736874,"ev":"page_build","i":107}
Sep 24 15:13:50.738472 Runner(Flutter)[2653] <Notice>: dartnative: ##BENCH## {"tag":"feed1000","t_us":1790242130736907,"ev":"page_build","i":108}
Sep 24 15:13:50.738479 Runner(Flutter)[2653] <Notice>: dartnative: ##BENCH## {"tag":"feed1000","t_us":1790242130736948,"ev":"page_build","i":109}
Sep 24 15:13:50.738495 Runner(Flutter)[2653] <Notice>: dartnative: ##BENCH## {"tag":"feed1000","t_us":1790242130736983,"ev":"page_build","i":110}
Sep 24 15:13:50.738507 Runner(Flutter)[2653] <Notice>: dartnative: ##BENCH## {"tag":"feed1000","t_us":1790242130737063,"ev":"page_build","i":111}
Sep 24 15:13:50.738520 Runner(Flutter)[2653] <Notice>: dartnative: ##BENCH## {"tag":"feed1000","t_us":1790242130737132,"ev":"page_build","i":112}
Sep 24 15:13:50.738534 Runner(Flutter)[2653] <Notice>: dartnative: ##BENCH## {"tag":"feed1000","t_us":1790242130737211,"ev":"page_build","i":113}
Sep 24 15:13:50.738552 Runner(Flutter)[2653] <Notice>: dartnative: ##BENCH## {"tag":"feed1000","t_us":1790242130737263,"ev":"page_build","i":114}
Sep 24 15:13:50.738566 Runner(Flutter)[2653] <Notice>: dartnative: ##BENCH## {"tag":"feed1000","t_us":1790242130737327,"ev":"page_build","i":115}
Sep 24 15:13:50.738574 Runner(Flutter)[2653] <Notice>: dartnative: ##BENCH## {"tag":"feed1000","t_us":1790242130737393,"ev":"page_build","i":116}
Sep 24 15:13:50.738589 Runner(Flutter)[2653] <Notice>: dartnative: ##BENCH## {"tag":"feed1000","t_us":1790242130737425,"ev":"page_build","i":117}
Sep 24 15:13:50.738611 Runner(Flutter)[2653] <Notice>: dartnative: ##BENCH## {"tag":"feed1000","t_us":1790242130737474,"ev":"page_build","i":118}
Sep 24 15:13:50.738630 Runner(Flutter)[2653] <Notice>: dartnative: ##BENCH## {"tag":"feed1000","t_us":1790242130737526,"ev":"page_build","i":119}
Sep 24 15:13:50.738637 Runner(Flutter)[2653] <Notice>: dartnative: ##BENCH## {"tag":"feed1000","t_us":1790242130737582,"ev":"page_build","i":120}
Sep 24 15:13:50.738668 Runner(Flutter)[2653] <Notice>: dartnative: ##BENCH## {"tag":"feed1000","t_us":1790242130737615,"ev":"page_build","i":121}
Sep 24 15:13:50.738695 Runner(Flutter)[2653] <Notice>: dartnative: ##BENCH## {"tag":"feed1000","t_us":1790242130737654,"ev":"page_build","i":122}
Sep 24 15:13:50.738707 Runner(Flutter)[2653] <Notice>: dartnative: ##BENCH## {"tag":"feed1000","t_us":1790242130737687,"ev":"page_build","i":123}
Sep 24 15:13:50.738714 Runner(Flutter)[2653] <Notice>: dartnative: ##BENCH## {"tag":"feed1000","t_us":1790242130737707,"ev":"page_build","i":124}
Sep 24 15:13:50.738728 Runner(Flutter)[2653] <Notice>: dartnative: ##BENCH## {"tag":"feed1000","t_us":1790242130737750,"ev":"page_build","i":125}
Sep 24 15:13:50.738735 Runner(Flutter)[2653] <Notice>: dartnative: ##BENCH## {"tag":"feed1000","t_us":1790242130737791,"ev":"page_build","i":126}
Sep 24 15:13:50.738747 Runner(Flutter)[2653] <Notice>: dartnative: ##BENCH## {"tag":"feed1000","t_us":1790242130737861,"ev":"page_build","i":127}
Sep 24 15:13:50.738754 Runner(Flutter)[2653] <Notice>: dartnative: ##BENCH## {"tag":"feed1000","t_us":1790242130737884,"ev":"page_build","i":128}
Sep 24 15:13:50.738761 Runner(Flutter)[2653] <Notice>: dartnative: ##BENCH## {"tag":"feed1000","t_us":1790242130737915,"ev":"page_build","i":129}
Sep 24 15:13:50.738779 Runner(Flutter)[2653] <Notice>: dartnative: ##BENCH## {"tag":"feed1000","t_us":1790242130737980,"ev":"page_build","i":130}
Sep 24 15:13:50.738814 Runner(Flutter)[2653] <Notice>: dartnative: ##BENCH## {"tag":"feed1000","t_us":1790242130738033,"ev":"page_build","i":131}
Sep 24 15:13:50.738841 Runner(Flutter)[2653] <Notice>: dartnative: ##BENCH## {"tag":"feed1000","t_us":1790242130738066,"ev":"page_build","i":132}
Sep 24 15:13:50.738850 Runner(Flutter)[2653] <Notice>: dartnative: ##BENCH## {"tag":"feed1000","t_us":1790242130738097,"ev":"page_build","i":133}
Sep 24 15:13:50.738867 Runner(Flutter)[2653] <Notice>: dartnative: ##BENCH## {"tag":"feed1000","t_us":1790242130738129,"ev":"page_build","i":134}
Sep 24 15:13:50.738891 Runner(Flutter)[2653] <Notice>: dartnative: ##BENCH## {"tag":"feed1000","t_us":1790242130738164,"ev":"page_build","i":135}
Sep 24 15:13:50.738899 Runner(Flutter)[2653] <Notice>: dartnative: ##BENCH## {"tag":"feed1000","t_us":1790242130738197,"ev":"page_build","i":136}
Sep 24 15:13:50.738906 Runner(Flutter)[2653] <Notice>: dartnative: ##BENCH## {"tag":"feed1000","t_us":1790242130738230,"ev":"page_build","i":137}
Sep 24 15:13:50.738913 Runner(Flutter)[2653] <Notice>: dartnative: ##BENCH## {"tag":"feed1000","t_us":1790242130738253,"ev":"page_build","i":138}
Sep 24 15:13:50.738927 Runner(Flutter)[2653] <Notice>: dartnative: ##BENCH## {"tag":"feed1000","t_us":1790242130738304,"ev":"page_build","i":139}
Sep 24 15:13:50.738934 Runner(Flutter)[2653] <Notice>: dartnative: ##BENCH## {"tag":"feed1000","t_us":1790242130738393,"ev":"page_build","i":140}
Sep 24 15:13:50.738942 Runner(Flutter)[2653] <Notice>: dartnative: ##BENCH## {"tag":"feed1000","t_us":1790242130738428,"ev":"page_build","i":141}
Sep 24 15:13:50.738949 Runner(Flutter)[2653] <Notice>: dartnative: ##BENCH## {"tag":"feed1000","t_us":1790242130738461,"ev":"page_build","i":142}
Sep 24 15:13:50.738957 Runner(Flutter)[2653] <Notice>: dartnative: ##BENCH## {"tag":"feed1000","t_us":1790242130738512,"ev":"page_build","i":143}
Sep 24 15:13:50.738964 Runner(Flutter)[2653] <Notice>: dartnative: ##BENCH## {"tag":"feed1000","t_us":1790242130738542,"ev":"page_build","i":144}
Sep 24 15:13:50.738970 Runner(Flutter)[2653] <Notice>: dartnative: ##BENCH## {"tag":"feed1000","t_us":1790242130738562,"ev":"page_build","i":145}
Sep 24 15:13:50.738976 Runner(Flutter)[2653] <Notice>: dartnative: ##BENCH## {"tag":"feed1000","t_us":1790242130738595,"ev":"page_build","i":146}
Sep 24 15:13:50.738983 Runner(Flutter)[2653] <Notice>: dartnative: ##BENCH## {"tag":"feed1000","t_us":1790242130738633,"ev":"page_build","i":147}
Sep 24 15:13:50.738989 Runner(Flutter)[2653] <Notice>: dartnative: ##BENCH## {"tag":"feed1000","t_us":1790242130738653,"ev":"page_build","i":148}
Sep 24 15:13:50.739004 Runner(Flutter)[2653] <Notice>: dartnative: ##BENCH## {"tag":"feed1000","t_us":1790242130738673,"ev":"page_build","i":149}
Sep 24 15:13:50.739017 Runner(Flutter)[2653] <Notice>: dartnative: ##BENCH## {"tag":"feed1000","t_us":1790242130738694,"ev":"page_build","i":150}
Sep 24 15:13:50.739031 Runner(Flutter)[2653] <Notice>: dartnative: ##BENCH## {"tag":"feed1000","t_us":1790242130738715,"ev":"page_build","i":151}
Sep 24 15:13:50.739058 Runner(Flutter)[2653] <Notice>: dartnative: ##BENCH## {"tag":"feed1000","t_us":1790242130738745,"ev":"page_build","i":152}
Sep 24 15:13:50.739246 Runner(Flutter)[2653] <Notice>: dartnative: ##BENCH## {"tag":"feed1000","t_us":1790242130738777,"ev":"page_build","i":153}
Sep 24 15:13:50.740281 Runner(Flutter)[2653] <Notice>: dartnative: ##BENCH## {"tag":"feed1000","t_us":1790242130738802,"ev":"page_build","i":154}
Sep 24 15:13:50.740362 Runner(Flutter)[2653] <Notice>: dartnative: ##BENCH## {"tag":"feed1000","t_us":1790242130738824,"ev":"page_build","i":155}
Sep 24 15:13:50.740441 Runner(Flutter)[2653] <Notice>: dartnative: ##BENCH## {"tag":"feed1000","t_us":1790242130738880,"ev":"page_build","i":156}
Sep 24 15:13:50.740517 Runner(Flutter)[2653] <Notice>: dartnative: ##BENCH## {"tag":"feed1000","t_us":1790242130738914,"ev":"page_build","i":157}
Sep 24 15:13:50.740836 Runner(Flutter)[2653] <Notice>: dartnative: ##BENCH## {"tag":"feed1000","t_us":1790242130738982,"ev":"page_build","i":158}
Sep 24 15:13:50.740948 Runner(Flutter)[2653] <Notice>: dartnative: ##BENCH## {"tag":"feed1000","t_us":1790242130739027,"ev":"page_build","i":159}
Sep 24 15:13:50.741114 Runner(Flutter)[2653] <Notice>: dartnative: ##BENCH## {"tag":"feed1000","t_us":1790242130739057,"ev":"page_build","i":160}
Sep 24 15:13:50.741251 Runner(Flutter)[2653] <Notice>: dartnative: ##BENCH## {"tag":"feed1000","t_us":1790242130739087,"ev":"page_build","i":161}
Sep 24 15:13:50.741333 Runner(Flutter)[2653] <Notice>: dartnative: ##BENCH## {"tag":"feed1000","t_us":1790242130739133,"ev":"page_build","i":162}
Sep 24 15:13:50.743148 Runner(Flutter)[2653] <Notice>: dartnative: ##BENCH## {"tag":"feed1000","t_us":1790242130739178,"ev":"page_build","i":163}
Sep 24 15:13:50.743315 Runner(Flutter)[2653] <Notice>: dartnative: ##BENCH## {"tag":"feed1000","t_us":1790242130739229,"ev":"page_build","i":164}
Sep 24 15:13:50.743364 Runner(Flutter)[2653] <Notice>: dartnative: ##BENCH## {"tag":"feed1000","t_us":1790242130739298,"ev":"page_build","i":165}
Sep 24 15:13:50.743443 Runner(Flutter)[2653] <Notice>: dartnative: ##BENCH## {"tag":"feed1000","t_us":1790242130739365,"ev":"page_build","i":166}
Sep 24 15:13:50.743507 Runner(Flutter)[2653] <Notice>: dartnative: ##BENCH## {"tag":"feed1000","t_us":1790242130739411,"ev":"page_build","i":167}
Sep 24 15:13:50.743539 Runner(Flutter)[2653] <Notice>: dartnative: ##BENCH## {"tag":"feed1000","t_us":1790242130739472,"ev":"page_build","i":168}
Sep 24 15:13:50.743561 Runner(Flutter)[2653] <Notice>: dartnative: ##BENCH## {"tag":"feed1000","t_us":1790242130739529,"ev":"page_build","i":169}
Sep 24 15:13:50.743620 Runner(Flutter)[2653] <Notice>: dartnative: ##BENCH## {"tag":"feed1000","t_us":1790242130739582,"ev":"page_build","i":170}
Sep 24 15:13:50.743662 Runner(Flutter)[2653] <Notice>: dartnative: ##BENCH## {"tag":"feed1000","t_us":1790242130739640,"ev":"page_build","i":171}
Sep 24 15:13:50.743697 Runner(Flutter)[2653] <Notice>: dartnative: ##BENCH## {"tag":"feed1000","t_us":1790242130739742,"ev":"page_build","i":172}
Sep 24 15:13:50.743737 Runner(Flutter)[2653] <Notice>: dartnative: ##BENCH## {"tag":"feed1000","t_us":1790242130739787,"ev":"page_build","i":173}
Sep 24 15:13:50.743817 Runner(Flutter)[2653] <Notice>: dartnative: ##BENCH## {"tag":"feed1000","t_us":1790242130739837,"ev":"page_build","i":174}
Sep 24 15:13:50.743924 Runner(Flutter)[2653] <Notice>: dartnative: ##BENCH## {"tag":"feed1000","t_us":1790242130739872,"ev":"page_build","i":175}
Sep 24 15:13:50.744020 Runner(Flutter)[2653] <Notice>: dartnative: ##BENCH## {"tag":"feed1000","t_us":1790242130739925,"ev":"page_build","i":176}
Sep 24 15:13:50.744036 Runner(Flutter)[2653] <Notice>: dartnative: ##BENCH## {"tag":"feed1000","t_us":1790242130739959,"ev":"page_build","i":177}
Sep 24 15:13:50.744061 Runner(Flutter)[2653] <Notice>: dartnative: ##BENCH## {"tag":"feed1000","t_us":1790242130740034,"ev":"page_build","i":178}
Sep 24 15:13:50.744082 Runner(Flutter)[2653] <Notice>: dartnative: ##BENCH## {"tag":"feed1000","t_us":1790242130740102,"ev":"page_build","i":179}
Sep 24 15:13:50.744121 Runner(Flutter)[2653] <Notice>: dartnative: ##BENCH## {"tag":"feed1000","t_us":1790242130740165,"ev":"page_build","i":180}
Sep 24 15:13:50.744158 Runner(Flutter)[2653] <Notice>: dartnative: ##BENCH## {"tag":"feed1000","t_us":1790242130740244,"ev":"page_build","i":181}
Sep 24 15:13:50.744213 Runner(Flutter)[2653] <Notice>: dartnative: ##BENCH## {"tag":"feed1000","t_us":1790242130740406,"ev":"page_build","i":182}
Sep 24 15:13:50.744257 Runner(Flutter)[2653] <Notice>: dartnative: ##BENCH## {"tag":"feed1000","t_us":1790242130740645,"ev":"page_build","i":183}
Sep 24 15:13:50.744317 Runner(Flutter)[2653] <Notice>: dartnative: ##BENCH## {"tag":"feed1000","t_us":1790242130740792,"ev":"page_build","i":184}
Sep 24 15:13:50.744366 Runner(Flutter)[2653] <Notice>: dartnative: ##BENCH## {"tag":"feed1000","t_us":1790242130740831,"ev":"page_build","i":185}
Sep 24 15:13:50.744374 Runner(Flutter)[2653] <Notice>: dartnative: ##BENCH## {"tag":"feed1000","t_us":1790242130740877,"ev":"page_build","i":186}
Sep 24 15:13:50.744398 Runner(Flutter)[2653] <Notice>: dartnative: ##BENCH## {"tag":"feed1000","t_us":1790242130740936,"ev":"page_build","i":187}
Sep 24 15:13:50.744432 Runner(Flutter)[2653] <Notice>: dartnative: ##BENCH## {"tag":"feed1000","t_us":1790242130741008,"ev":"page_build","i":188}
Sep 24 15:13:50.744468 Runner(Flutter)[2653] <Notice>: dartnative: ##BENCH## {"tag":"feed1000","t_us":1790242130741094,"ev":"page_build","i":189}
Sep 24 15:13:50.744504 Runner(Flutter)[2653] <Notice>: dartnative: ##BENCH## {"tag":"feed1000","t_us":1790242130741209,"ev":"page_build","i":190}
Sep 24 15:13:50.744555 Runner(Flutter)[2653] <Notice>: dartnative: ##BENCH## {"tag":"feed1000","t_us":1790242130741294,"ev":"page_build","i":191}
Sep 24 15:13:50.744581 Runner(Flutter)[2653] <Notice>: dartnative: ##BENCH## {"tag":"feed1000","t_us":1790242130741469,"ev":"page_build","i":192}
Sep 24 15:13:50.744595 Runner(Flutter)[2653] <Notice>: dartnative: ##BENCH## {"tag":"feed1000","t_us":1790242130741505,"ev":"page_build","i":193}
Sep 24 15:13:50.744614 Runner(Flutter)[2653] <Notice>: dartnative: ##BENCH## {"tag":"feed1000","t_us":1790242130741554,"ev":"page_build","i":194}
Sep 24 15:13:50.744630 Runner(Flutter)[2653] <Notice>: dartnative: ##BENCH## {"tag":"feed1000","t_us":1790242130741645,"ev":"page_build","i":195}
Sep 24 15:13:50.744685 Runner(Flutter)[2653] <Notice>: dartnative: ##BENCH## {"tag":"feed1000","t_us":1790242130741732,"ev":"page_build","i":196}
Sep 24 15:13:50.744736 Runner(Flutter)[2653] <Notice>: dartnative: ##BENCH## {"tag":"feed1000","t_us":1790242130741792,"ev":"page_build","i":197}
Sep 24 15:13:50.744764 Runner(Flutter)[2653] <Notice>: dartnative: ##BENCH## {"tag":"feed1000","t_us":1790242130741847,"ev":"page_build","i":198}
Sep 24 15:13:50.744809 Runner(Flutter)[2653] <Notice>: dartnative: ##BENCH## {"tag":"feed1000","t_us":1790242130741889,"ev":"page_build","i":199}
Sep 24 15:13:50.744866 Runner(Flutter)[2653] <Notice>: dartnative: ##BENCH## {"tag":"feed1000","t_us":1790242130741951,"ev":"page_build","i":200}
Sep 24 15:13:50.744894 Runner(Flutter)[2653] <Notice>: dartnative: ##BENCH## {"tag":"feed1000","t_us":1790242130741995,"ev":"page_build","i":201}
Sep 24 15:13:50.744977 Runner(Flutter)[2653] <Notice>: dartnative: ##BENCH## {"tag":"feed1000","t_us":1790242130742030,"ev":"page_build","i":202}
Sep 24 15:13:50.745009 Runner(Flutter)[2653] <Notice>: dartnative: ##BENCH## {"tag":"feed1000","t_us":1790242130742198,"ev":"page_build","i":203}
Sep 24 15:13:50.745030 Runner(Flutter)[2653] <Notice>: dartnative: ##BENCH## {"tag":"feed1000","t_us":1790242130742286,"ev":"page_build","i":204}
Sep 24 15:13:50.745061 Runner(Flutter)[2653] <Notice>: dartnative: ##BENCH## {"tag":"feed1000","t_us":1790242130742343,"ev":"page_build","i":205}
Sep 24 15:13:50.745131 Runner(Flutter)[2653] <Notice>: dartnative: ##BENCH## {"tag":"feed1000","t_us":1790242130742439,"ev":"page_build","i":206}
Sep 24 15:13:50.745164 Runner(Flutter)[2653] <Notice>: dartnative: ##BENCH## {"tag":"feed1000","t_us":1790242130742540,"ev":"page_build","i":207}
Sep 24 15:13:50.745215 Runner(Flutter)[2653] <Notice>: dartnative: ##BENCH## {"tag":"feed1000","t_us":1790242130742605,"ev":"page_build","i":208}
Sep 24 15:13:50.745287 Runner(Flutter)[2653] <Notice>: dartnative: ##BENCH## {"tag":"feed1000","t_us":1790242130742682,"ev":"page_build","i":209}
Sep 24 15:13:50.745335 Runner(Flutter)[2653] <Notice>: dartnative: ##BENCH## {"tag":"feed1000","t_us":1790242130742734,"ev":"page_build","i":210}
Sep 24 15:13:50.745566 Runner(Flutter)[2653] <Notice>: dartnative: ##BENCH## {"tag":"feed1000","t_us":1790242130742807,"ev":"page_build","i":211}
Sep 24 15:13:50.745634 Runner(Flutter)[2653] <Notice>: dartnative: ##BENCH## {"tag":"feed1000","t_us":1790242130742855,"ev":"page_build","i":212}
Sep 24 15:13:50.745825 Runner(Flutter)[2653] <Notice>: dartnative: ##BENCH## {"tag":"feed1000","t_us":1790242130742909,"ev":"page_build","i":213}
Sep 24 15:13:50.745991 Runner(Flutter)[2653] <Notice>: dartnative: ##BENCH## {"tag":"feed1000","t_us":1790242130742986,"ev":"page_build","i":214}
Sep 24 15:13:50.746163 Runner(Flutter)[2653] <Notice>: dartnative: ##BENCH## {"tag":"feed1000","t_us":1790242130743057,"ev":"page_build","i":215}
Sep 24 15:13:50.746366 Runner(Flutter)[2653] <Notice>: dartnative: ##BENCH## {"tag":"feed1000","t_us":1790242130743158,"ev":"page_build","i":216}
Sep 24 15:13:50.746624 Runner(Flutter)[2653] <Notice>: dartnative: ##BENCH## {"tag":"feed1000","t_us":1790242130743266,"ev":"page_build","i":217}
Sep 24 15:13:50.746736 Runner(Flutter)[2653] <Notice>: dartnative: ##BENCH## {"tag":"feed1000","t_us":1790242130743374,"ev":"page_build","i":218}
Sep 24 15:13:50.746835 Runner(Flutter)[2653] <Notice>: dartnative: ##BENCH## {"tag":"feed1000","t_us":1790242130743491,"ev":"page_build","i":219}
Sep 24 15:13:50.746940 Runner(Flutter)[2653] <Notice>: dartnative: ##BENCH## {"tag":"feed1000","t_us":1790242130743580,"ev":"page_build","i":220}
Sep 24 15:13:50.746995 Runner(Flutter)[2653] <Notice>: dartnative: ##BENCH## {"tag":"feed1000","t_us":1790242130743709,"ev":"page_build","i":221}
Sep 24 15:13:50.747035 Runner(Flutter)[2653] <Notice>: dartnative: ##BENCH## {"tag":"feed1000","t_us":1790242130743853,"ev":"page_build","i":222}
Sep 24 15:13:50.747127 Runner(Flutter)[2653] <Notice>: dartnative: ##BENCH## {"tag":"feed1000","t_us":1790242130743981,"ev":"page_build","i":223}
Sep 24 15:13:50.747223 Runner(Flutter)[2653] <Notice>: dartnative: ##BENCH## {"tag":"feed1000","t_us":1790242130744171,"ev":"page_build","i":224}
Sep 24 15:13:50.747343 Runner(Flutter)[2653] <Notice>: dartnative: ##BENCH## {"tag":"feed1000","t_us":1790242130744428,"ev":"page_build","i":225}
Sep 24 15:13:50.747384 Runner(Flutter)[2653] <Notice>: dartnative: ##BENCH## {"tag":"feed1000","t_us":1790242130744592,"ev":"page_build","i":226}
Sep 24 15:13:50.747486 Runner(Flutter)[2653] <Notice>: dartnative: ##BENCH## {"tag":"feed1000","t_us":1790242130744734,"ev":"page_build","i":227}
Sep 24 15:13:50.747572 Runner(Flutter)[2653] <Notice>: dartnative: ##BENCH## {"tag":"feed1000","t_us":1790242130744860,"ev":"page_build","i":228}
Sep 24 15:13:50.747621 Runner(Flutter)[2653] <Notice>: dartnative: ##BENCH## {"tag":"feed1000","t_us":1790242130744951,"ev":"page_build","i":229}
Sep 24 15:13:50.747678 Runner(Flutter)[2653] <Notice>: dartnative: ##BENCH## {"tag":"feed1000","t_us":1790242130745019,"ev":"page_build","i":230}
Sep 24 15:13:50.747735 Runner(Flutter)[2653] <Notice>: dartnative: ##BENCH## {"tag":"feed1000","t_us":1790242130745119,"ev":"page_build","i":231}
Sep 24 15:13:50.747809 Runner(Flutter)[2653] <Notice>: dartnative: ##BENCH## {"tag":"feed1000","t_us":1790242130745229,"ev":"page_build","i":232}
Sep 24 15:13:50.747867 Runner(Flutter)[2653] <Notice>: dartnative: ##BENCH## {"tag":"feed1000","t_us":1790242130745313,"ev":"page_build","i":233}
Sep 24 15:13:50.747904 Runner(Flutter)[2653] <Notice>: dartnative: ##BENCH## {"tag":"feed1000","t_us":1790242130745398,"ev":"page_build","i":234}
Sep 24 15:13:50.747958 Runner(Flutter)[2653] <Notice>: dartnative: ##BENCH## {"tag":"feed1000","t_us":1790242130745444,"ev":"page_build","i":235}
Sep 24 15:13:50.747986 Runner(Flutter)[2653] <Notice>: dartnative: ##BENCH## {"tag":"feed1000","t_us":1790242130745563,"ev":"page_build","i":236}
Sep 24 15:13:50.748050 Runner(Flutter)[2653] <Notice>: dartnative: ##BENCH## {"tag":"feed1000","t_us":1790242130745627,"ev":"page_build","i":237}
Sep 24 15:13:50.748106 Runner(Flutter)[2653] <Notice>: dartnative: ##BENCH## {"tag":"feed1000","t_us":1790242130745720,"ev":"page_build","i":238}
Sep 24 15:13:50.748192 Runner(Flutter)[2653] <Notice>: dartnative: ##BENCH## {"tag":"feed1000","t_us":1790242130745786,"ev":"page_build","i":239}
Sep 24 15:13:50.748249 Runner(Flutter)[2653] <Notice>: dartnative: ##BENCH## {"tag":"feed1000","t_us":1790242130745872,"ev":"page_build","i":240}
Sep 24 15:13:50.748276 Runner(Flutter)[2653] <Notice>: dartnative: ##BENCH## {"tag":"feed1000","t_us":1790242130745949,"ev":"page_build","i":241}
Sep 24 15:13:50.748360 Runner(Flutter)[2653] <Notice>: dartnative: ##BENCH## {"tag":"feed1000","t_us":1790242130746003,"ev":"page_build","i":242}
Sep 24 15:13:50.748480 Runner(Flutter)[2653] <Notice>: dartnative: ##BENCH## {"tag":"feed1000","t_us":1790242130746114,"ev":"page_build","i":243}
Sep 24 15:13:50.748552 Runner(Flutter)[2653] <Notice>: dartnative: ##BENCH## {"tag":"feed1000","t_us":1790242130746152,"ev":"page_build","i":244}
Sep 24 15:13:50.748635 Runner(Flutter)[2653] <Notice>: dartnative: ##BENCH## {"tag":"feed1000","t_us":1790242130746240,"ev":"page_build","i":245}
Sep 24 15:13:50.748745 Runner(Flutter)[2653] <Notice>: dartnative: ##BENCH## {"tag":"feed1000","t_us":1790242130746291,"ev":"page_build","i":246}
Sep 24 15:13:50.748784 Runner(Flutter)[2653] <Notice>: dartnative: ##BENCH## {"tag":"feed1000","t_us":1790242130746350,"ev":"page_build","i":247}
Sep 24 15:13:50.749454 Runner(Flutter)[2653] <Notice>: dartnative: ##BENCH## {"tag":"feed1000","t_us":1790242130746422,"ev":"page_build","i":248}
Sep 24 15:13:50.750932 Runner(Flutter)[2653] <Notice>: dartnative: ##BENCH## {"tag":"feed1000","t_us":1790242130746471,"ev":"page_build","i":249}
Sep 24 15:13:50.751482 Runner(Flutter)[2653] <Notice>: dartnative: ##BENCH## {"tag":"feed1000","t_us":1790242130746551,"ev":"page_build","i":250}
Sep 24 15:13:50.752035 Runner(Flutter)[2653] <Notice>: dartnative: ##BENCH## {"tag":"feed1000","t_us":1790242130746606,"ev":"page_build","i":251}
Sep 24 15:13:50.752303 Runner(Flutter)[2653] <Notice>: dartnative: ##BENCH## {"tag":"feed1000","t_us":1790242130746675,"ev":"page_build","i":252}
Sep 24 15:13:50.752382 Runner(Flutter)[2653] <Notice>: dartnative: ##BENCH## {"tag":"feed1000","t_us":1790242130746779,"ev":"page_build","i":253}
Sep 24 15:13:50.752464 Runner(Flutter)[2653] <Notice>: dartnative: ##BENCH## {"tag":"feed1000","t_us":1790242130746863,"ev":"page_build","i":254}
Sep 24 15:13:50.752659 Runner(Flutter)[2653] <Notice>: dartnative: ##BENCH## {"tag":"feed1000","t_us":1790242130746934,"ev":"page_build","i":255}
Sep 24 15:13:50.752763 Runner(Flutter)[2653] <Notice>: dartnative: ##BENCH## {"tag":"feed1000","t_us":1790242130746998,"ev":"page_build","i":256}
Sep 24 15:13:50.752809 Runner(Flutter)[2653] <Notice>: dartnative: ##BENCH## {"tag":"feed1000","t_us":1790242130747070,"ev":"page_build","i":257}
Sep 24 15:13:50.752904 Runner(Flutter)[2653] <Notice>: dartnative: ##BENCH## {"tag":"feed1000","t_us":1790242130747147,"ev":"page_build","i":258}
Sep 24 15:13:50.752991 Runner(Flutter)[2653] <Notice>: dartnative: ##BENCH## {"tag":"feed1000","t_us":1790242130747257,"ev":"page_build","i":259}
Sep 24 15:13:50.753456 Runner(Flutter)[2653] <Notice>: dartnative: ##BENCH## {"tag":"feed1000","t_us":1790242130747300,"ev":"page_build","i":260}
Sep 24 15:13:50.754077 Runner(Flutter)[2653] <Notice>: dartnative: ##BENCH## {"tag":"feed1000","t_us":1790242130747378,"ev":"page_build","i":261}
Sep 24 15:13:50.754349 Runner(Flutter)[2653] <Notice>: dartnative: ##BENCH## {"tag":"feed1000","t_us":1790242130747501,"ev":"page_build","i":262}
Sep 24 15:13:50.754396 Runner(Flutter)[2653] <Notice>: dartnative: ##BENCH## {"tag":"feed1000","t_us":1790242130747551,"ev":"page_build","i":263}
Sep 24 15:13:50.754681 Runner(Flutter)[2653] <Notice>: dartnative: ##BENCH## {"tag":"feed1000","t_us":1790242130747613,"ev":"page_build","i":264}
Sep 24 15:13:50.754945 Runner(Flutter)[2653] <Notice>: dartnative: ##BENCH## {"tag":"feed1000","t_us":1790242130747661,"ev":"page_build","i":265}
Sep 24 15:13:50.755018 Runner(Flutter)[2653] <Notice>: dartnative: ##BENCH## {"tag":"feed1000","t_us":1790242130747760,"ev":"page_build","i":266}
Sep 24 15:13:50.755110 Runner(Flutter)[2653] <Notice>: dartnative: ##BENCH## {"tag":"feed1000","t_us":1790242130747817,"ev":"page_build","i":267}
Sep 24 15:13:50.755211 Runner(Flutter)[2653] <Notice>: dartnative: ##BENCH## {"tag":"feed1000","t_us":1790242130747874,"ev":"page_build","i":268}
Sep 24 15:13:50.755249 Runner(Flutter)[2653] <Notice>: dartnative: ##BENCH## {"tag":"feed1000","t_us":1790242130747915,"ev":"page_build","i":269}
Sep 24 15:13:50.755314 Runner(Flutter)[2653] <Notice>: dartnative: ##BENCH## {"tag":"feed1000","t_us":1790242130747983,"ev":"page_build","i":270}
Sep 24 15:13:50.755423 Runner(Flutter)[2653] <Notice>: dartnative: ##BENCH## {"tag":"feed1000","t_us":1790242130748059,"ev":"page_build","i":271}
Sep 24 15:13:50.755551 Runner(Flutter)[2653] <Notice>: dartnative: ##BENCH## {"tag":"feed1000","t_us":1790242130748100,"ev":"page_build","i":272}
Sep 24 15:13:50.755645 Runner(Flutter)[2653] <Notice>: dartnative: ##BENCH## {"tag":"feed1000","t_us":1790242130748166,"ev":"page_build","i":273}
Sep 24 15:13:50.755691 Runner(Flutter)[2653] <Notice>: dartnative: ##BENCH## {"tag":"feed1000","t_us":1790242130748247,"ev":"page_build","i":274}
Sep 24 15:13:50.755728 Runner(Flutter)[2653] <Notice>: dartnative: ##BENCH## {"tag":"feed1000","t_us":1790242130748315,"ev":"page_build","i":275}
Sep 24 15:13:50.755753 Runner(Flutter)[2653] <Notice>: dartnative: ##BENCH## {"tag":"feed1000","t_us":1790242130748384,"ev":"page_build","i":276}
Sep 24 15:13:50.755820 Runner(Flutter)[2653] <Notice>: dartnative: ##BENCH## {"tag":"feed1000","t_us":1790242130748453,"ev":"page_build","i":277}
Sep 24 15:13:50.755876 Runner(Flutter)[2653] <Notice>: dartnative: ##BENCH## {"tag":"feed1000","t_us":1790242130748527,"ev":"page_build","i":278}
Sep 24 15:13:50.755963 Runner(Flutter)[2653] <Notice>: dartnative: ##BENCH## {"tag":"feed1000","t_us":1790242130748590,"ev":"page_build","i":279}
Sep 24 15:13:50.756077 Runner(Flutter)[2653] <Notice>: dartnative: ##BENCH## {"tag":"feed1000","t_us":1790242130748653,"ev":"page_build","i":280}
Sep 24 15:13:50.756111 Runner(Flutter)[2653] <Notice>: dartnative: ##BENCH## {"tag":"feed1000","t_us":1790242130748754,"ev":"page_build","i":281}
Sep 24 15:13:50.756401 Runner(Flutter)[2653] <Notice>: dartnative: ##BENCH## {"tag":"feed1000","t_us":1790242130748800,"ev":"page_build","i":282}
Sep 24 15:13:50.756473 Runner(Flutter)[2653] <Notice>: dartnative: ##BENCH## {"tag":"feed1000","t_us":1790242130748873,"ev":"page_build","i":283}
Sep 24 15:13:50.756521 Runner(Flutter)[2653] <Notice>: dartnative: ##BENCH## {"tag":"feed1000","t_us":1790242130748907,"ev":"page_build","i":284}
Sep 24 15:13:50.756546 Runner(Flutter)[2653] <Notice>: dartnative: ##BENCH## {"tag":"feed1000","t_us":1790242130748956,"ev":"page_build","i":285}
Sep 24 15:13:50.756570 Runner(Flutter)[2653] <Notice>: dartnative: ##BENCH## {"tag":"feed1000","t_us":1790242130749016,"ev":"page_build","i":286}
Sep 24 15:13:50.756641 Runner(Flutter)[2653] <Notice>: dartnative: ##BENCH## {"tag":"feed1000","t_us":1790242130749084,"ev":"page_build","i":287}
Sep 24 15:13:50.756697 Runner(Flutter)[2653] <Notice>: dartnative: ##BENCH## {"tag":"feed1000","t_us":1790242130749122,"ev":"page_build","i":288}
Sep 24 15:13:50.756730 Runner(Flutter)[2653] <Notice>: dartnative: ##BENCH## {"tag":"feed1000","t_us":1790242130749388,"ev":"page_build","i":289}
Sep 24 15:13:50.756748 Runner(Flutter)[2653] <Notice>: dartnative: ##BENCH## {"tag":"feed1000","t_us":1790242130749450,"ev":"page_build","i":290}
Sep 24 15:13:50.756776 Runner(Flutter)[2653] <Notice>: dartnative: ##BENCH## {"tag":"feed1000","t_us":1790242130749533,"ev":"page_build","i":291}
Sep 24 15:13:50.756818 Runner(Flutter)[2653] <Notice>: dartnative: ##BENCH## {"tag":"feed1000","t_us":1790242130749571,"ev":"page_build","i":292}
Sep 24 15:13:50.756849 Runner(Flutter)[2653] <Notice>: dartnative: ##BENCH## {"tag":"feed1000","t_us":1790242130749612,"ev":"page_build","i":293}
Sep 24 15:13:50.756869 Runner(Flutter)[2653] <Notice>: dartnative: ##BENCH## {"tag":"feed1000","t_us":1790242130749749,"ev":"page_build","i":294}
Sep 24 15:13:50.756902 Runner(Flutter)[2653] <Notice>: dartnative: ##BENCH## {"tag":"feed1000","t_us":1790242130749791,"ev":"page_build","i":295}
Sep 24 15:13:50.757040 Runner(Flutter)[2653] <Notice>: dartnative: ##BENCH## {"tag":"feed1000","t_us":1790242130749826,"ev":"page_build","i":296}
Sep 24 15:13:50.757080 Runner(Flutter)[2653] <Notice>: dartnative: ##BENCH## {"tag":"feed1000","t_us":1790242130749864,"ev":"page_build","i":297}
Sep 24 15:13:50.757107 Runner(Flutter)[2653] <Notice>: dartnative: ##BENCH## {"tag":"feed1000","t_us":1790242130749929,"ev":"page_build","i":298}
Sep 24 15:13:50.757138 Runner(Flutter)[2653] <Notice>: dartnative: ##BENCH## {"tag":"feed1000","t_us":1790242130749972,"ev":"page_build","i":299}
Sep 24 15:13:50.757175 Runner(Flutter)[2653] <Notice>: dartnative: ##BENCH## {"tag":"feed1000","t_us":1790242130750011,"ev":"page_build","i":300}
Sep 24 15:13:50.757220 Runner(Flutter)[2653] <Notice>: dartnative: ##BENCH## {"tag":"feed1000","t_us":1790242130750050,"ev":"page_build","i":301}
Sep 24 15:13:50.757255 Runner(Flutter)[2653] <Notice>: dartnative: ##BENCH## {"tag":"feed1000","t_us":1790242130750089,"ev":"page_build","i":302}
Sep 24 15:13:50.757272 Runner(Flutter)[2653] <Notice>: dartnative: ##BENCH## {"tag":"feed1000","t_us":1790242130750124,"ev":"page_build","i":303}
Sep 24 15:13:50.757297 Runner(Flutter)[2653] <Notice>: dartnative: ##BENCH## {"tag":"feed1000","t_us":1790242130750165,"ev":"page_build","i":304}
Sep 24 15:13:50.757340 Runner(Flutter)[2653] <Notice>: dartnative: ##BENCH## {"tag":"feed1000","t_us":1790242130750207,"ev":"page_build","i":305}
Sep 24 15:13:50.757368 Runner(Flutter)[2653] <Notice>: dartnative: ##BENCH## {"tag":"feed1000","t_us":1790242130750251,"ev":"page_build","i":306}
Sep 24 15:13:50.757394 Runner(Flutter)[2653] <Notice>: dartnative: ##BENCH## {"tag":"feed1000","t_us":1790242130750313,"ev":"page_build","i":307}
Sep 24 15:13:50.757411 Runner(Flutter)[2653] <Notice>: dartnative: ##BENCH## {"tag":"feed1000","t_us":1790242130750358,"ev":"page_build","i":308}
Sep 24 15:13:50.757481 Runner(Flutter)[2653] <Notice>: dartnative: ##BENCH## {"tag":"feed1000","t_us":1790242130750413,"ev":"page_build","i":309}
Sep 24 15:13:50.757507 Runner(Flutter)[2653] <Notice>: dartnative: ##BENCH## {"tag":"feed1000","t_us":1790242130750449,"ev":"page_build","i":310}
Sep 24 15:13:50.757574 Runner(Flutter)[2653] <Notice>: dartnative: ##BENCH## {"tag":"feed1000","t_us":1790242130750506,"ev":"page_build","i":311}
Sep 24 15:13:50.757601 Runner(Flutter)[2653] <Notice>: dartnative: ##BENCH## {"tag":"feed1000","t_us":1790242130750542,"ev":"page_build","i":312}
Sep 24 15:13:50.757637 Runner(Flutter)[2653] <Notice>: dartnative: ##BENCH## {"tag":"feed1000","t_us":1790242130750570,"ev":"page_build","i":313}
Sep 24 15:13:50.757665 Runner(Flutter)[2653] <Notice>: dartnative: ##BENCH## {"tag":"feed1000","t_us":1790242130750641,"ev":"page_build","i":314}
Sep 24 15:13:50.757685 Runner(Flutter)[2653] <Notice>: dartnative: ##BENCH## {"tag":"feed1000","t_us":1790242130750708,"ev":"page_build","i":315}
Sep 24 15:13:50.757730 Runner(Flutter)[2653] <Notice>: dartnative: ##BENCH## {"tag":"feed1000","t_us":1790242130750746,"ev":"page_build","i":316}
Sep 24 15:13:50.757780 Runner(Flutter)[2653] <Notice>: dartnative: ##BENCH## {"tag":"feed1000","t_us":1790242130750792,"ev":"page_build","i":317}
Sep 24 15:13:50.757787 Runner(Flutter)[2653] <Notice>: dartnative: ##BENCH## {"tag":"feed1000","t_us":1790242130750857,"ev":"page_build","i":318}
Sep 24 15:13:50.757804 Runner(Flutter)[2653] <Notice>: dartnative: ##BENCH## {"tag":"feed1000","t_us":1790242130750941,"ev":"page_build","i":319}
Sep 24 15:13:50.757819 Runner(Flutter)[2653] <Notice>: dartnative: ##BENCH## {"tag":"feed1000","t_us":1790242130751023,"ev":"page_build","i":320}
Sep 24 15:13:50.757838 Runner(Flutter)[2653] <Notice>: dartnative: ##BENCH## {"tag":"feed1000","t_us":1790242130751065,"ev":"page_build","i":321}
Sep 24 15:13:50.757889 Runner(Flutter)[2653] <Notice>: dartnative: ##BENCH## {"tag":"feed1000","t_us":1790242130751090,"ev":"page_build","i":322}
Sep 24 15:13:50.757903 Runner(Flutter)[2653] <Notice>: dartnative: ##BENCH## {"tag":"feed1000","t_us":1790242130751140,"ev":"page_build","i":323}
Sep 24 15:13:50.757920 Runner(Flutter)[2653] <Notice>: dartnative: ##BENCH## {"tag":"feed1000","t_us":1790242130751211,"ev":"page_build","i":324}
Sep 24 15:13:50.757943 Runner(Flutter)[2653] <Notice>: dartnative: ##BENCH## {"tag":"feed1000","t_us":1790242130751237,"ev":"page_build","i":325}
Sep 24 15:13:50.758016 Runner(Flutter)[2653] <Notice>: dartnative: ##BENCH## {"tag":"feed1000","t_us":1790242130751262,"ev":"page_build","i":326}
Sep 24 15:13:50.758292 Runner(Flutter)[2653] <Notice>: dartnative: ##BENCH## {"tag":"feed1000","t_us":1790242130751308,"ev":"page_build","i":327}
Sep 24 15:13:50.758362 Runner(Flutter)[2653] <Notice>: dartnative: ##BENCH## {"tag":"feed1000","t_us":1790242130751360,"ev":"page_build","i":328}
Sep 24 15:13:50.758383 Runner(Flutter)[2653] <Notice>: dartnative: ##BENCH## {"tag":"feed1000","t_us":1790242130751405,"ev":"page_build","i":329}
Sep 24 15:13:50.758414 Runner(Flutter)[2653] <Notice>: dartnative: ##BENCH## {"tag":"feed1000","t_us":1790242130751446,"ev":"page_build","i":330}
Sep 24 15:13:50.758434 Runner(Flutter)[2653] <Notice>: dartnative: ##BENCH## {"tag":"feed1000","t_us":1790242130751474,"ev":"page_build","i":331}
Sep 24 15:13:50.758450 Runner(Flutter)[2653] <Notice>: dartnative: ##BENCH## {"tag":"feed1000","t_us":1790242130751523,"ev":"page_build","i":332}
Sep 24 15:13:50.758535 Runner(Flutter)[2653] <Notice>: dartnative: ##BENCH## {"tag":"feed1000","t_us":1790242130751572,"ev":"page_build","i":333}
Sep 24 15:13:50.758556 Runner(Flutter)[2653] <Notice>: dartnative: ##BENCH## {"tag":"feed1000","t_us":1790242130751627,"ev":"page_build","i":334}
Sep 24 15:13:50.758626 Runner(Flutter)[2653] <Notice>: dartnative: ##BENCH## {"tag":"feed1000","t_us":1790242130751728,"ev":"page_build","i":335}
Sep 24 15:13:50.758656 Runner(Flutter)[2653] <Notice>: dartnative: ##BENCH## {"tag":"feed1000","t_us":1790242130751767,"ev":"page_build","i":336}
Sep 24 15:13:50.758705 Runner(Flutter)[2653] <Notice>: dartnative: ##BENCH## {"tag":"feed1000","t_us":1790242130751806,"ev":"page_build","i":337}
Sep 24 15:13:50.758722 Runner(Flutter)[2653] <Notice>: dartnative: ##BENCH## {"tag":"feed1000","t_us":1790242130751844,"ev":"page_build","i":338}
Sep 24 15:13:50.758758 Runner(Flutter)[2653] <Notice>: dartnative: ##BENCH## {"tag":"feed1000","t_us":1790242130751884,"ev":"page_build","i":339}
Sep 24 15:13:50.758796 Runner(Flutter)[2653] <Notice>: dartnative: ##BENCH## {"tag":"feed1000","t_us":1790242130751929,"ev":"page_build","i":340}
Sep 24 15:13:50.758815 Runner(Flutter)[2653] <Notice>: dartnative: ##BENCH## {"tag":"feed1000","t_us":1790242130752030,"ev":"page_build","i":341}
Sep 24 15:13:50.758822 Runner(Flutter)[2653] <Notice>: dartnative: ##BENCH## {"tag":"feed1000","t_us":1790242130752076,"ev":"page_build","i":342}
Sep 24 15:13:50.758843 Runner(Flutter)[2653] <Notice>: dartnative: ##BENCH## {"tag":"feed1000","t_us":1790242130752207,"ev":"page_build","i":343}
Sep 24 15:13:50.758875 Runner(Flutter)[2653] <Notice>: dartnative: ##BENCH## {"tag":"feed1000","t_us":1790242130752257,"ev":"page_build","i":344}
Sep 24 15:13:50.758921 Runner(Flutter)[2653] <Notice>: dartnative: ##BENCH## {"tag":"feed1000","t_us":1790242130752350,"ev":"page_build","i":345}
Sep 24 15:13:50.758943 Runner(Flutter)[2653] <Notice>: dartnative: ##BENCH## {"tag":"feed1000","t_us":1790242130752436,"ev":"page_build","i":346}
Sep 24 15:13:50.758960 Runner(Flutter)[2653] <Notice>: dartnative: ##BENCH## {"tag":"feed1000","t_us":1790242130752523,"ev":"page_build","i":347}
Sep 24 15:13:50.758983 Runner(Flutter)[2653] <Notice>: dartnative: ##BENCH## {"tag":"feed1000","t_us":1790242130752588,"ev":"page_build","i":348}
Sep 24 15:13:50.759044 Runner(Flutter)[2653] <Notice>: dartnative: ##BENCH## {"tag":"feed1000","t_us":1790242130752629,"ev":"page_build","i":349}
Sep 24 15:13:50.759072 Runner(Flutter)[2653] <Notice>: dartnative: ##BENCH## {"tag":"feed1000","t_us":1790242130752721,"ev":"page_build","i":350}
Sep 24 15:13:50.759113 Runner(Flutter)[2653] <Notice>: dartnative: ##BENCH## {"tag":"feed1000","t_us":1790242130752849,"ev":"page_build","i":351}
Sep 24 15:13:50.759121 Runner(Flutter)[2653] <Notice>: dartnative: ##BENCH## {"tag":"feed1000","t_us":1790242130752919,"ev":"page_build","i":352}
Sep 24 15:13:50.759147 Runner(Flutter)[2653] <Notice>: dartnative: ##BENCH## {"tag":"feed1000","t_us":1790242130752944,"ev":"page_build","i":353}
Sep 24 15:13:50.759175 Runner(Flutter)[2653] <Notice>: dartnative: ##BENCH## {"tag":"feed1000","t_us":1790242130753006,"ev":"page_build","i":354}
Sep 24 15:13:50.759182 Runner(Flutter)[2653] <Notice>: dartnative: ##BENCH## {"tag":"feed1000","t_us":1790242130753074,"ev":"page_build","i":355}
Sep 24 15:13:50.759198 Runner(Flutter)[2653] <Notice>: dartnative: ##BENCH## {"tag":"feed1000","t_us":1790242130753164,"ev":"page_build","i":356}
Sep 24 15:13:50.759212 Runner(Flutter)[2653] <Notice>: dartnative: ##BENCH## {"tag":"feed1000","t_us":1790242130753322,"ev":"page_build","i":357}
Sep 24 15:13:50.759219 Runner(Flutter)[2653] <Notice>: dartnative: ##BENCH## {"tag":"feed1000","t_us":1790242130753398,"ev":"page_build","i":358}
Sep 24 15:13:50.759230 Runner(Flutter)[2653] <Notice>: dartnative: ##BENCH## {"tag":"feed1000","t_us":1790242130753498,"ev":"page_build","i":359}
Sep 24 15:13:50.759245 Runner(Flutter)[2653] <Notice>: dartnative: ##BENCH## {"tag":"feed1000","t_us":1790242130753538,"ev":"page_build","i":360}
Sep 24 15:13:50.759264 Runner(Flutter)[2653] <Notice>: dartnative: ##BENCH## {"tag":"feed1000","t_us":1790242130753700,"ev":"page_build","i":361}
Sep 24 15:13:50.759289 Runner(Flutter)[2653] <Notice>: dartnative: ##BENCH## {"tag":"feed1000","t_us":1790242130753768,"ev":"page_build","i":362}
Sep 24 15:13:50.759320 Runner(Flutter)[2653] <Notice>: dartnative: ##BENCH## {"tag":"feed1000","t_us":1790242130753801,"ev":"page_build","i":363}
Sep 24 15:13:50.759328 Runner(Flutter)[2653] <Notice>: dartnative: ##BENCH## {"tag":"feed1000","t_us":1790242130753853,"ev":"page_build","i":364}
Sep 24 15:13:50.759352 Runner(Flutter)[2653] <Notice>: dartnative: ##BENCH## {"tag":"feed1000","t_us":1790242130753900,"ev":"page_build","i":365}
Sep 24 15:13:50.759366 Runner(Flutter)[2653] <Notice>: dartnative: ##BENCH## {"tag":"feed1000","t_us":1790242130753952,"ev":"page_build","i":366}
Sep 24 15:13:50.759396 Runner(Flutter)[2653] <Notice>: dartnative: ##BENCH## {"tag":"feed1000","t_us":1790242130754016,"ev":"page_build","i":367}
Sep 24 15:13:50.759411 Runner(Flutter)[2653] <Notice>: dartnative: ##BENCH## {"tag":"feed1000","t_us":1790242130754109,"ev":"page_build","i":368}
Sep 24 15:13:50.759442 Runner(Flutter)[2653] <Notice>: dartnative: ##BENCH## {"tag":"feed1000","t_us":1790242130754163,"ev":"page_build","i":369}
Sep 24 15:13:50.759503 Runner(Flutter)[2653] <Notice>: dartnative: ##BENCH## {"tag":"feed1000","t_us":1790242130754241,"ev":"page_build","i":370}
Sep 24 15:13:50.759527 Runner(Flutter)[2653] <Notice>: dartnative: ##BENCH## {"tag":"feed1000","t_us":1790242130754266,"ev":"page_build","i":371}
Sep 24 15:13:50.759544 Runner(Flutter)[2653] <Notice>: dartnative: ##BENCH## {"tag":"feed1000","t_us":1790242130754320,"ev":"page_build","i":372}
Sep 24 15:13:50.759576 Runner(Flutter)[2653] <Notice>: dartnative: ##BENCH## {"tag":"feed1000","t_us":1790242130754355,"ev":"page_build","i":373}
Sep 24 15:13:50.759608 Runner(Flutter)[2653] <Notice>: dartnative: ##BENCH## {"tag":"feed1000","t_us":1790242130754392,"ev":"page_build","i":374}
Sep 24 15:13:50.759623 Runner(Flutter)[2653] <Notice>: dartnative: ##BENCH## {"tag":"feed1000","t_us":1790242130754452,"ev":"page_build","i":375}
Sep 24 15:13:50.759670 Runner(Flutter)[2653] <Notice>: dartnative: ##BENCH## {"tag":"feed1000","t_us":1790242130754497,"ev":"page_build","i":376}
Sep 24 15:13:50.759716 Runner(Flutter)[2653] <Notice>: dartnative: ##BENCH## {"tag":"feed1000","t_us":1790242130754619,"ev":"page_build","i":377}
Sep 24 15:13:50.759761 Runner(Flutter)[2653] <Notice>: dartnative: ##BENCH## {"tag":"feed1000","t_us":1790242130754677,"ev":"page_build","i":378}
Sep 24 15:13:50.759777 Runner(Flutter)[2653] <Notice>: dartnative: ##BENCH## {"tag":"feed1000","t_us":1790242130754735,"ev":"page_build","i":379}
Sep 24 15:13:50.759820 Runner(Flutter)[2653] <Notice>: dartnative: ##BENCH## {"tag":"feed1000","t_us":1790242130754772,"ev":"page_build","i":380}
Sep 24 15:13:50.759836 Runner(Flutter)[2653] <Notice>: dartnative: ##BENCH## {"tag":"feed1000","t_us":1790242130754842,"ev":"page_build","i":381}
Sep 24 15:13:50.759867 Runner(Flutter)[2653] <Notice>: dartnative: ##BENCH## {"tag":"feed1000","t_us":1790242130754949,"ev":"page_build","i":382}
Sep 24 15:13:50.759886 Runner(Flutter)[2653] <Notice>: dartnative: ##BENCH## {"tag":"feed1000","t_us":1790242130755035,"ev":"page_build","i":383}
Sep 24 15:13:50.759923 Runner(Flutter)[2653] <Notice>: dartnative: ##BENCH## {"tag":"feed1000","t_us":1790242130755179,"ev":"page_build","i":384}
Sep 24 15:13:50.759957 Runner(Flutter)[2653] <Notice>: dartnative: ##BENCH## {"tag":"feed1000","t_us":1790242130755275,"ev":"page_build","i":385}
Sep 24 15:13:50.759972 Runner(Flutter)[2653] <Notice>: dartnative: ##BENCH## {"tag":"feed1000","t_us":1790242130755406,"ev":"page_build","i":386}
Sep 24 15:13:50.759997 Runner(Flutter)[2653] <Notice>: dartnative: ##BENCH## {"tag":"feed1000","t_us":1790242130755470,"ev":"page_build","i":387}
Sep 24 15:13:50.760012 Runner(Flutter)[2653] <Notice>: dartnative: ##BENCH## {"tag":"feed1000","t_us":1790242130755521,"ev":"page_build","i":388}
Sep 24 15:13:50.760020 Runner(Flutter)[2653] <Notice>: dartnative: ##BENCH## {"tag":"feed1000","t_us":1790242130755559,"ev":"page_build","i":389}
Sep 24 15:13:50.760064 Runner(Flutter)[2653] <Notice>: dartnative: ##BENCH## {"tag":"feed1000","t_us":1790242130755631,"ev":"page_build","i":390}
Sep 24 15:13:50.760075 Runner(Flutter)[2653] <Notice>: dartnative: ##BENCH## {"tag":"feed1000","t_us":1790242130755728,"ev":"page_build","i":391}
Sep 24 15:13:50.760114 Runner(Flutter)[2653] <Notice>: dartnative: ##BENCH## {"tag":"feed1000","t_us":1790242130755793,"ev":"page_build","i":392}
Sep 24 15:13:50.760121 Runner(Flutter)[2653] <Notice>: dartnative: ##BENCH## {"tag":"feed1000","t_us":1790242130755835,"ev":"page_build","i":393}
Sep 24 15:13:50.760144 Runner(Flutter)[2653] <Notice>: dartnative: ##BENCH## {"tag":"feed1000","t_us":1790242130755871,"ev":"page_build","i":394}
Sep 24 15:13:50.760167 Runner(Flutter)[2653] <Notice>: dartnative: ##BENCH## {"tag":"feed1000","t_us":1790242130755925,"ev":"page_build","i":395}
Sep 24 15:13:50.760201 Runner(Flutter)[2653] <Notice>: dartnative: ##BENCH## {"tag":"feed1000","t_us":1790242130756076,"ev":"page_build","i":396}
Sep 24 15:13:50.760216 Runner(Flutter)[2653] <Notice>: dartnative: ##BENCH## {"tag":"feed1000","t_us":1790242130756168,"ev":"page_build","i":397}
Sep 24 15:13:50.760231 Runner(Flutter)[2653] <Notice>: dartnative: ##BENCH## {"tag":"feed1000","t_us":1790242130756298,"ev":"page_build","i":398}
Sep 24 15:13:50.760245 Runner(Flutter)[2653] <Notice>: dartnative: ##BENCH## {"tag":"feed1000","t_us":1790242130756383,"ev":"page_build","i":399}
Sep 24 15:13:50.760260 Runner(Flutter)[2653] <Notice>: dartnative: ##BENCH## {"tag":"feed1000","t_us":1790242130756429,"ev":"page_build","i":400}
Sep 24 15:13:50.760306 Runner(Flutter)[2653] <Notice>: dartnative: ##BENCH## {"tag":"feed1000","t_us":1790242130756462,"ev":"page_build","i":401}
Sep 24 15:13:50.760329 Runner(Flutter)[2653] <Notice>: dartnative: ##BENCH## {"tag":"feed1000","t_us":1790242130756509,"ev":"page_build","i":402}
Sep 24 15:13:50.760358 Runner(Flutter)[2653] <Notice>: dartnative: ##BENCH## {"tag":"feed1000","t_us":1790242130756572,"ev":"page_build","i":403}
Sep 24 15:13:50.760389 Runner(Flutter)[2653] <Notice>: dartnative: ##BENCH## {"tag":"feed1000","t_us":1790242130756638,"ev":"page_build","i":404}
Sep 24 15:13:50.760414 Runner(Flutter)[2653] <Notice>: dartnative: ##BENCH## {"tag":"feed1000","t_us":1790242130756696,"ev":"page_build","i":405}
Sep 24 15:13:50.760428 Runner(Flutter)[2653] <Notice>: dartnative: ##BENCH## {"tag":"feed1000","t_us":1790242130756732,"ev":"page_build","i":406}
Sep 24 15:13:50.760443 Runner(Flutter)[2653] <Notice>: dartnative: ##BENCH## {"tag":"feed1000","t_us":1790242130756777,"ev":"page_build","i":407}
Sep 24 15:13:50.760479 Runner(Flutter)[2653] <Notice>: dartnative: ##BENCH## {"tag":"feed1000","t_us":1790242130756870,"ev":"page_build","i":408}
Sep 24 15:13:50.760502 Runner(Flutter)[2653] <Notice>: dartnative: ##BENCH## {"tag":"feed1000","t_us":1790242130756955,"ev":"page_build","i":409}
Sep 24 15:13:50.760526 Runner(Flutter)[2653] <Notice>: dartnative: ##BENCH## {"tag":"feed1000","t_us":1790242130757011,"ev":"page_build","i":410}
Sep 24 15:13:50.760585 Runner(Flutter)[2653] <Notice>: dartnative: ##BENCH## {"tag":"feed1000","t_us":1790242130757084,"ev":"page_build","i":411}
Sep 24 15:13:50.760610 Runner(Flutter)[2653] <Notice>: dartnative: ##BENCH## {"tag":"feed1000","t_us":1790242130757189,"ev":"page_build","i":412}
Sep 24 15:13:50.760626 Runner(Flutter)[2653] <Notice>: dartnative: ##BENCH## {"tag":"feed1000","t_us":1790242130757269,"ev":"page_build","i":413}
Sep 24 15:13:50.760650 Runner(Flutter)[2653] <Notice>: dartnative: ##BENCH## {"tag":"feed1000","t_us":1790242130757310,"ev":"page_build","i":414}
Sep 24 15:13:50.760657 Runner(Flutter)[2653] <Notice>: dartnative: ##BENCH## {"tag":"feed1000","t_us":1790242130757360,"ev":"page_build","i":415}
Sep 24 15:13:50.760676 Runner(Flutter)[2653] <Notice>: dartnative: ##BENCH## {"tag":"feed1000","t_us":1790242130757464,"ev":"page_build","i":416}
Sep 24 15:13:50.760702 Runner(Flutter)[2653] <Notice>: dartnative: ##BENCH## {"tag":"feed1000","t_us":1790242130757538,"ev":"page_build","i":417}
Sep 24 15:13:50.760717 Runner(Flutter)[2653] <Notice>: dartnative: ##BENCH## {"tag":"feed1000","t_us":1790242130757630,"ev":"page_build","i":418}
Sep 24 15:13:50.760764 Runner(Flutter)[2653] <Notice>: dartnative: ##BENCH## {"tag":"feed1000","t_us":1790242130757689,"ev":"page_build","i":419}
Sep 24 15:13:50.760780 Runner(Flutter)[2653] <Notice>: dartnative: ##BENCH## {"tag":"feed1000","t_us":1790242130757742,"ev":"page_build","i":420}
Sep 24 15:13:50.760813 Runner(Flutter)[2653] <Notice>: dartnative: ##BENCH## {"tag":"feed1000","t_us":1790242130757803,"ev":"page_build","i":421}
Sep 24 15:13:50.760834 Runner(Flutter)[2653] <Notice>: dartnative: ##BENCH## {"tag":"feed1000","t_us":1790242130757852,"ev":"page_build","i":422}
Sep 24 15:13:50.760859 Runner(Flutter)[2653] <Notice>: dartnative: ##BENCH## {"tag":"feed1000","t_us":1790242130757926,"ev":"page_build","i":423}
Sep 24 15:13:50.760871 Runner(Flutter)[2653] <Notice>: dartnative: ##BENCH## {"tag":"feed1000","t_us":1790242130758010,"ev":"page_build","i":424}
Sep 24 15:13:50.760904 Runner(Flutter)[2653] <Notice>: dartnative: ##BENCH## {"tag":"feed1000","t_us":1790242130758061,"ev":"page_build","i":425}
Sep 24 15:13:50.760923 Runner(Flutter)[2653] <Notice>: dartnative: ##BENCH## {"tag":"feed1000","t_us":1790242130758163,"ev":"page_build","i":426}
Sep 24 15:13:50.760952 Runner(Flutter)[2653] <Notice>: dartnative: ##BENCH## {"tag":"feed1000","t_us":1790242130758207,"ev":"page_build","i":427}
Sep 24 15:13:50.760964 Runner(Flutter)[2653] <Notice>: dartnative: ##BENCH## {"tag":"feed1000","t_us":1790242130758284,"ev":"page_build","i":428}
Sep 24 15:13:50.761004 Runner(Flutter)[2653] <Notice>: dartnative: ##BENCH## {"tag":"feed1000","t_us":1790242130758357,"ev":"page_build","i":429}
Sep 24 15:13:50.761034 Runner(Flutter)[2653] <Notice>: dartnative: ##BENCH## {"tag":"feed1000","t_us":1790242130758399,"ev":"page_build","i":430}
Sep 24 15:13:50.761044 Runner(Flutter)[2653] <Notice>: dartnative: ##BENCH## {"tag":"feed1000","t_us":1790242130758464,"ev":"page_build","i":431}
Sep 24 15:13:50.761052 Runner(Flutter)[2653] <Notice>: dartnative: ##BENCH## {"tag":"feed1000","t_us":1790242130758513,"ev":"page_build","i":432}
Sep 24 15:13:50.761082 Runner(Flutter)[2653] <Notice>: dartnative: ##BENCH## {"tag":"feed1000","t_us":1790242130758572,"ev":"page_build","i":433}
Sep 24 15:13:50.761176 Runner(Flutter)[2653] <Notice>: dartnative: ##BENCH## {"tag":"feed1000","t_us":1790242130758604,"ev":"page_build","i":434}
Sep 24 15:13:50.761298 Runner(Flutter)[2653] <Notice>: dartnative: ##BENCH## {"tag":"feed1000","t_us":1790242130758741,"ev":"page_build","i":435}
Sep 24 15:13:50.761331 Runner(Flutter)[2653] <Notice>: dartnative: ##BENCH## {"tag":"feed1000","t_us":1790242130758845,"ev":"page_build","i":436}
Sep 24 15:13:50.761504 Runner(Flutter)[2653] <Notice>: dartnative: ##BENCH## {"tag":"feed1000","t_us":1790242130758913,"ev":"page_build","i":437}
Sep 24 15:13:50.761584 Runner(Flutter)[2653] <Notice>: dartnative: ##BENCH## {"tag":"feed1000","t_us":1790242130758966,"ev":"page_build","i":438}
Sep 24 15:13:50.761642 Runner(Flutter)[2653] <Notice>: dartnative: ##BENCH## {"tag":"feed1000","t_us":1790242130759050,"ev":"page_build","i":439}
Sep 24 15:13:50.761751 Runner(Flutter)[2653] <Notice>: dartnative: ##BENCH## {"tag":"feed1000","t_us":1790242130759137,"ev":"page_build","i":440}
Sep 24 15:13:50.761840 Runner(Flutter)[2653] <Notice>: dartnative: ##BENCH## {"tag":"feed1000","t_us":1790242130759287,"ev":"page_build","i":441}
Sep 24 15:13:50.761902 Runner(Flutter)[2653] <Notice>: dartnative: ##BENCH## {"tag":"feed1000","t_us":1790242130759408,"ev":"page_build","i":442}
Sep 24 15:13:50.761931 Runner(Flutter)[2653] <Notice>: dartnative: ##BENCH## {"tag":"feed1000","t_us":1790242130759503,"ev":"page_build","i":443}
Sep 24 15:13:50.761953 Runner(Flutter)[2653] <Notice>: dartnative: ##BENCH## {"tag":"feed1000","t_us":1790242130759649,"ev":"page_build","i":444}
Sep 24 15:13:50.761999 Runner(Flutter)[2653] <Notice>: dartnative: ##BENCH## {"tag":"feed1000","t_us":1790242130759828,"ev":"page_build","i":445}
Sep 24 15:13:50.762111 Runner(Flutter)[2653] <Notice>: dartnative: ##BENCH## {"tag":"feed1000","t_us":1790242130759980,"ev":"page_build","i":446}
Sep 24 15:13:50.762145 Runner(Flutter)[2653] <Notice>: dartnative: ##BENCH## {"tag":"feed1000","t_us":1790242130760282,"ev":"page_build","i":447}
Sep 24 15:13:50.762175 Runner(Flutter)[2653] <Notice>: dartnative: ##BENCH## {"tag":"feed1000","t_us":1790242130760438,"ev":"page_build","i":448}
Sep 24 15:13:50.762183 Runner(Flutter)[2653] <Notice>: dartnative: ##BENCH## {"tag":"feed1000","t_us":1790242130760578,"ev":"page_build","i":449}
Sep 24 15:13:50.762191 Runner(Flutter)[2653] <Notice>: dartnative: ##BENCH## {"tag":"feed1000","t_us":1790242130760666,"ev":"page_build","i":450}
Sep 24 15:13:50.762217 Runner(Flutter)[2653] <Notice>: dartnative: ##BENCH## {"tag":"feed1000","t_us":1790242130760739,"ev":"page_build","i":451}
Sep 24 15:13:50.762239 Runner(Flutter)[2653] <Notice>: dartnative: ##BENCH## {"tag":"feed1000","t_us":1790242130760809,"ev":"page_build","i":452}
Sep 24 15:13:50.762267 Runner(Flutter)[2653] <Notice>: dartnative: ##BENCH## {"tag":"feed1000","t_us":1790242130760927,"ev":"page_build","i":453}
Sep 24 15:13:50.762292 Runner(Flutter)[2653] <Notice>: dartnative: ##BENCH## {"tag":"feed1000","t_us":1790242130761026,"ev":"page_build","i":454}
Sep 24 15:13:50.762342 Runner(Flutter)[2653] <Notice>: dartnative: ##BENCH## {"tag":"feed1000","t_us":1790242130761080,"ev":"page_build","i":455}
Sep 24 15:13:50.762381 Runner(Flutter)[2653] <Notice>: dartnative: ##BENCH## {"tag":"feed1000","t_us":1790242130761129,"ev":"page_build","i":456}
Sep 24 15:13:50.762404 Runner(Flutter)[2653] <Notice>: dartnative: ##BENCH## {"tag":"feed1000","t_us":1790242130761154,"ev":"page_build","i":457}
Sep 24 15:13:50.762439 Runner(Flutter)[2653] <Notice>: dartnative: ##BENCH## {"tag":"feed1000","t_us":1790242130761190,"ev":"page_build","i":458}
Sep 24 15:13:50.762474 Runner(Flutter)[2653] <Notice>: dartnative: ##BENCH## {"tag":"feed1000","t_us":1790242130761235,"ev":"page_build","i":459}
Sep 24 15:13:50.762490 Runner(Flutter)[2653] <Notice>: dartnative: ##BENCH## {"tag":"feed1000","t_us":1790242130761310,"ev":"page_build","i":460}
Sep 24 15:13:50.762530 Runner(Flutter)[2653] <Notice>: dartnative: ##BENCH## {"tag":"feed1000","t_us":1790242130761365,"ev":"page_build","i":461}
Sep 24 15:13:50.762556 Runner(Flutter)[2653] <Notice>: dartnative: ##BENCH## {"tag":"feed1000","t_us":1790242130761429,"ev":"page_build","i":462}
Sep 24 15:13:50.762579 Runner(Flutter)[2653] <Notice>: dartnative: ##BENCH## {"tag":"feed1000","t_us":1790242130761530,"ev":"page_build","i":463}
Sep 24 15:13:50.762603 Runner(Flutter)[2653] <Notice>: dartnative: ##BENCH## {"tag":"feed1000","t_us":1790242130761601,"ev":"page_build","i":464}
Sep 24 15:13:50.762635 Runner(Flutter)[2653] <Notice>: dartnative: ##BENCH## {"tag":"feed1000","t_us":1790242130761664,"ev":"page_build","i":465}
Sep 24 15:13:50.762652 Runner(Flutter)[2653] <Notice>: dartnative: ##BENCH## {"tag":"feed1000","t_us":1790242130761735,"ev":"page_build","i":466}
Sep 24 15:13:50.762674 Runner(Flutter)[2653] <Notice>: dartnative: ##BENCH## {"tag":"feed1000","t_us":1790242130761808,"ev":"page_build","i":467}
Sep 24 15:13:50.762696 Runner(Flutter)[2653] <Notice>: dartnative: ##BENCH## {"tag":"feed1000","t_us":1790242130761857,"ev":"page_build","i":468}
Sep 24 15:13:50.762716 Runner(Flutter)[2653] <Notice>: dartnative: ##BENCH## {"tag":"feed1000","t_us":1790242130761894,"ev":"page_build","i":469}
Sep 24 15:13:50.762729 Runner(Flutter)[2653] <Notice>: dartnative: ##BENCH## {"tag":"feed1000","t_us":1790242130761944,"ev":"page_build","i":470}
Sep 24 15:13:50.762735 Runner(Flutter)[2653] <Notice>: dartnative: ##BENCH## {"tag":"feed1000","t_us":1790242130761999,"ev":"page_build","i":471}
Sep 24 15:13:50.762769 Runner(Flutter)[2653] <Notice>: dartnative: ##BENCH## {"tag":"feed1000","t_us":1790242130762066,"ev":"page_build","i":472}
Sep 24 15:13:50.762786 Runner(Flutter)[2653] <Notice>: dartnative: ##BENCH## {"tag":"feed1000","t_us":1790242130762139,"ev":"page_build","i":473}
Sep 24 15:13:50.762792 Runner(Flutter)[2653] <Notice>: dartnative: ##BENCH## {"tag":"feed1000","t_us":1790242130762207,"ev":"page_build","i":474}
Sep 24 15:13:50.762799 Runner(Flutter)[2653] <Notice>: dartnative: ##BENCH## {"tag":"feed1000","t_us":1790242130762258,"ev":"page_build","i":475}
Sep 24 15:13:50.762835 Runner(Flutter)[2653] <Notice>: dartnative: ##BENCH## {"tag":"feed1000","t_us":1790242130762314,"ev":"page_build","i":476}
Sep 24 15:13:50.762862 Runner(Flutter)[2653] <Notice>: dartnative: ##BENCH## {"tag":"feed1000","t_us":1790242130762355,"ev":"page_build","i":477}
Sep 24 15:13:50.762877 Runner(Flutter)[2653] <Notice>: dartnative: ##BENCH## {"tag":"feed1000","t_us":1790242130762389,"ev":"page_build","i":478}
Sep 24 15:13:50.762884 Runner(Flutter)[2653] <Notice>: dartnative: ##BENCH## {"tag":"feed1000","t_us":1790242130762425,"ev":"page_build","i":479}
Sep 24 15:13:50.762896 Runner(Flutter)[2653] <Notice>: dartnative: ##BENCH## {"tag":"feed1000","t_us":1790242130762458,"ev":"page_build","i":480}
Sep 24 15:13:50.762902 Runner(Flutter)[2653] <Notice>: dartnative: ##BENCH## {"tag":"feed1000","t_us":1790242130762483,"ev":"page_build","i":481}
Sep 24 15:13:50.762915 Runner(Flutter)[2653] <Notice>: dartnative: ##BENCH## {"tag":"feed1000","t_us":1790242130762522,"ev":"page_build","i":482}
Sep 24 15:13:50.762922 Runner(Flutter)[2653] <Notice>: dartnative: ##BENCH## {"tag":"feed1000","t_us":1790242130762562,"ev":"page_build","i":483}
Sep 24 15:13:50.763247 Runner(Flutter)[2653] <Notice>: dartnative: ##BENCH## {"tag":"feed1000","t_us":1790242130762608,"ev":"page_build","i":484}
Sep 24 15:13:50.763264 Runner(Flutter)[2653] <Notice>: dartnative: ##BENCH## {"tag":"feed1000","t_us":1790242130762661,"ev":"page_build","i":485}
Sep 24 15:13:50.763335 Runner(Flutter)[2653] <Notice>: dartnative: ##BENCH## {"tag":"feed1000","t_us":1790242130762695,"ev":"page_build","i":486}
Sep 24 15:13:50.763491 Runner(Flutter)[2653] <Notice>: dartnative: ##BENCH## {"tag":"feed1000","t_us":1790242130762729,"ev":"page_build","i":487}
Sep 24 15:13:50.763665 Runner(Flutter)[2653] <Notice>: dartnative: ##BENCH## {"tag":"feed1000","t_us":1790242130762779,"ev":"page_build","i":488}
Sep 24 15:13:50.763953 Runner(Flutter)[2653] <Notice>: dartnative: ##BENCH## {"tag":"feed1000","t_us":1790242130762837,"ev":"page_build","i":489}
Sep 24 15:13:50.764053 Runner(Flutter)[2653] <Notice>: dartnative: ##BENCH## {"tag":"feed1000","t_us":1790242130762886,"ev":"page_build","i":490}
Sep 24 15:13:50.764202 Runner(Flutter)[2653] <Notice>: dartnative: ##BENCH## {"tag":"feed1000","t_us":1790242130762922,"ev":"page_build","i":491}
Sep 24 15:13:50.764636 Runner(Flutter)[2653] <Notice>: dartnative: ##BENCH## {"tag":"feed1000","t_us":1790242130762987,"ev":"page_build","i":492}
Sep 24 15:13:50.764738 Runner(Flutter)[2653] <Notice>: dartnative: ##BENCH## {"tag":"feed1000","t_us":1790242130763109,"ev":"page_build","i":493}
Sep 24 15:13:50.764890 Runner(Flutter)[2653] <Notice>: dartnative: ##BENCH## {"tag":"feed1000","t_us":1790242130763213,"ev":"page_build","i":494}
Sep 24 15:13:50.765057 Runner(Flutter)[2653] <Notice>: dartnative: ##BENCH## {"tag":"feed1000","t_us":1790242130763322,"ev":"page_build","i":495}
Sep 24 15:13:50.765418 Runner(Flutter)[2653] <Notice>: dartnative: ##BENCH## {"tag":"feed1000","t_us":1790242130763426,"ev":"page_build","i":496}
Sep 24 15:13:50.765611 Runner(Flutter)[2653] <Notice>: dartnative: ##BENCH## {"tag":"feed1000","t_us":1790242130763525,"ev":"page_build","i":497}
Sep 24 15:13:50.766769 Runner(Flutter)[2653] <Notice>: dartnative: ##BENCH## {"tag":"feed1000","t_us":1790242130763617,"ev":"page_build","i":498}
Sep 24 15:13:50.767193 Runner(Flutter)[2653] <Notice>: dartnative: ##BENCH## {"tag":"feed1000","t_us":1790242130763683,"ev":"page_build","i":499}
Sep 24 15:13:50.767656 Runner(Flutter)[2653] <Notice>: dartnative: ##BENCH## {"tag":"feed1000","t_us":1790242130763748,"ev":"page_build","i":500}
Sep 24 15:13:50.767979 Runner(Flutter)[2653] <Notice>: dartnative: ##BENCH## {"tag":"feed1000","t_us":1790242130763808,"ev":"page_build","i":501}
Sep 24 15:13:50.768161 Runner(Flutter)[2653] <Notice>: dartnative: ##BENCH## {"tag":"feed1000","t_us":1790242130763886,"ev":"page_build","i":502}
Sep 24 15:13:50.768352 Runner(Flutter)[2653] <Notice>: dartnative: ##BENCH## {"tag":"feed1000","t_us":1790242130763978,"ev":"page_build","i":503}
Sep 24 15:13:50.768636 Runner(Flutter)[2653] <Notice>: dartnative: ##BENCH## {"tag":"feed1000","t_us":1790242130764098,"ev":"page_build","i":504}
Sep 24 15:13:50.769032 Runner(Flutter)[2653] <Notice>: dartnative: ##BENCH## {"tag":"feed1000","t_us":1790242130764223,"ev":"page_build","i":505}
Sep 24 15:13:50.769197 Runner(Flutter)[2653] <Notice>: dartnative: ##BENCH## {"tag":"feed1000","t_us":1790242130764305,"ev":"page_build","i":506}
Sep 24 15:13:50.769286 Runner(Flutter)[2653] <Notice>: dartnative: ##BENCH## {"tag":"feed1000","t_us":1790242130764421,"ev":"page_build","i":507}
Sep 24 15:13:50.769517 Runner(Flutter)[2653] <Notice>: dartnative: ##BENCH## {"tag":"feed1000","t_us":1790242130764551,"ev":"page_build","i":508}
Sep 24 15:13:50.769698 Runner(Flutter)[2653] <Notice>: dartnative: ##BENCH## {"tag":"feed1000","t_us":1790242130764616,"ev":"page_build","i":509}
Sep 24 15:13:50.769790 Runner(Flutter)[2653] <Notice>: dartnative: ##BENCH## {"tag":"feed1000","t_us":1790242130764679,"ev":"page_build","i":510}
Sep 24 15:13:50.769865 Runner(Flutter)[2653] <Notice>: dartnative: ##BENCH## {"tag":"feed1000","t_us":1790242130764761,"ev":"page_build","i":511}
Sep 24 15:13:50.769944 Runner(Flutter)[2653] <Notice>: dartnative: ##BENCH## {"tag":"feed1000","t_us":1790242130764863,"ev":"page_build","i":512}
Sep 24 15:13:50.770026 Runner(Flutter)[2653] <Notice>: dartnative: ##BENCH## {"tag":"feed1000","t_us":1790242130764922,"ev":"page_build","i":513}
Sep 24 15:13:50.770210 Runner(Flutter)[2653] <Notice>: dartnative: ##BENCH## {"tag":"feed1000","t_us":1790242130764963,"ev":"page_build","i":514}
Sep 24 15:13:50.770327 Runner(Flutter)[2653] <Notice>: dartnative: ##BENCH## {"tag":"feed1000","t_us":1790242130765042,"ev":"page_build","i":515}
Sep 24 15:13:50.770445 Runner(Flutter)[2653] <Notice>: dartnative: ##BENCH## {"tag":"feed1000","t_us":1790242130765151,"ev":"page_build","i":516}
Sep 24 15:13:50.770468 Runner(Flutter)[2653] <Notice>: dartnative: ##BENCH## {"tag":"feed1000","t_us":1790242130765231,"ev":"page_build","i":517}
Sep 24 15:13:50.770485 Runner(Flutter)[2653] <Notice>: dartnative: ##BENCH## {"tag":"feed1000","t_us":1790242130765285,"ev":"page_build","i":518}
Sep 24 15:13:50.770630 Runner(Flutter)[2653] <Notice>: dartnative: ##BENCH## {"tag":"feed1000","t_us":1790242130765363,"ev":"page_build","i":519}
Sep 24 15:13:50.770685 Runner(Flutter)[2653] <Notice>: dartnative: ##BENCH## {"tag":"feed1000","t_us":1790242130765424,"ev":"page_build","i":520}
Sep 24 15:13:50.770780 Runner(Flutter)[2653] <Notice>: dartnative: ##BENCH## {"tag":"feed1000","t_us":1790242130765537,"ev":"page_build","i":521}
Sep 24 15:13:50.770851 Runner(Flutter)[2653] <Notice>: dartnative: ##BENCH## {"tag":"feed1000","t_us":1790242130765608,"ev":"page_build","i":522}
Sep 24 15:13:50.770891 Runner(Flutter)[2653] <Notice>: dartnative: ##BENCH## {"tag":"feed1000","t_us":1790242130765661,"ev":"page_build","i":523}
Sep 24 15:13:50.770921 Runner(Flutter)[2653] <Notice>: dartnative: ##BENCH## {"tag":"feed1000","t_us":1790242130765730,"ev":"page_build","i":524}
Sep 24 15:13:50.771022 Runner(Flutter)[2653] <Notice>: dartnative: ##BENCH## {"tag":"feed1000","t_us":1790242130765781,"ev":"page_build","i":525}
Sep 24 15:13:50.771098 Runner(Flutter)[2653] <Notice>: dartnative: ##BENCH## {"tag":"feed1000","t_us":1790242130765823,"ev":"page_build","i":526}
Sep 24 15:13:50.771128 Runner(Flutter)[2653] <Notice>: dartnative: ##BENCH## {"tag":"feed1000","t_us":1790242130765872,"ev":"page_build","i":527}
Sep 24 15:13:50.771151 Runner(Flutter)[2653] <Notice>: dartnative: ##BENCH## {"tag":"feed1000","t_us":1790242130765948,"ev":"page_build","i":528}
Sep 24 15:13:50.771233 Runner(Flutter)[2653] <Notice>: dartnative: ##BENCH## {"tag":"feed1000","t_us":1790242130766033,"ev":"page_build","i":529}
Sep 24 15:13:50.771273 Runner(Flutter)[2653] <Notice>: dartnative: ##BENCH## {"tag":"feed1000","t_us":1790242130766104,"ev":"page_build","i":530}
Sep 24 15:13:50.771319 Runner(Flutter)[2653] <Notice>: dartnative: ##BENCH## {"tag":"feed1000","t_us":1790242130766167,"ev":"page_build","i":531}
Sep 24 15:13:50.771513 Runner(Flutter)[2653] <Notice>: dartnative: ##BENCH## {"tag":"feed1000","t_us":1790242130766226,"ev":"page_build","i":532}
Sep 24 15:13:50.771599 Runner(Flutter)[2653] <Notice>: dartnative: ##BENCH## {"tag":"feed1000","t_us":1790242130766341,"ev":"page_build","i":533}
Sep 24 15:13:50.771658 Runner(Flutter)[2653] <Notice>: dartnative: ##BENCH## {"tag":"feed1000","t_us":1790242130766390,"ev":"page_build","i":534}
Sep 24 15:13:50.771715 Runner(Flutter)[2653] <Notice>: dartnative: ##BENCH## {"tag":"feed1000","t_us":1790242130766451,"ev":"page_build","i":535}
Sep 24 15:13:50.771817 Runner(Flutter)[2653] <Notice>: dartnative: ##BENCH## {"tag":"feed1000","t_us":1790242130766506,"ev":"page_build","i":536}
Sep 24 15:13:50.771924 Runner(Flutter)[2653] <Notice>: dartnative: ##BENCH## {"tag":"feed1000","t_us":1790242130766556,"ev":"page_build","i":537}
Sep 24 15:13:50.772004 Runner(Flutter)[2653] <Notice>: dartnative: ##BENCH## {"tag":"feed1000","t_us":1790242130766612,"ev":"page_build","i":538}
Sep 24 15:13:50.772035 Runner(Flutter)[2653] <Notice>: dartnative: ##BENCH## {"tag":"feed1000","t_us":1790242130766669,"ev":"page_build","i":539}
Sep 24 15:13:50.772426 Runner(Flutter)[2653] <Notice>: dartnative: ##BENCH## {"tag":"feed1000","t_us":1790242130766777,"ev":"page_build","i":540}
Sep 24 15:13:50.772516 Runner(Flutter)[2653] <Notice>: dartnative: ##BENCH## {"tag":"feed1000","t_us":1790242130766893,"ev":"page_build","i":541}
Sep 24 15:13:50.772568 Runner(Flutter)[2653] <Notice>: dartnative: ##BENCH## {"tag":"feed1000","t_us":1790242130766944,"ev":"page_build","i":542}
Sep 24 15:13:50.772595 Runner(Flutter)[2653] <Notice>: dartnative: ##BENCH## {"tag":"feed1000","t_us":1790242130766985,"ev":"page_build","i":543}
Sep 24 15:13:50.772640 Runner(Flutter)[2653] <Notice>: dartnative: ##BENCH## {"tag":"feed1000","t_us":1790242130767054,"ev":"page_build","i":544}
Sep 24 15:13:50.772690 Runner(Flutter)[2653] <Notice>: dartnative: ##BENCH## {"tag":"feed1000","t_us":1790242130767121,"ev":"page_build","i":545}
Sep 24 15:13:50.772761 Runner(Flutter)[2653] <Notice>: dartnative: ##BENCH## {"tag":"feed1000","t_us":1790242130767216,"ev":"page_build","i":546}
Sep 24 15:13:50.772821 Runner(Flutter)[2653] <Notice>: dartnative: ##BENCH## {"tag":"feed1000","t_us":1790242130767419,"ev":"page_build","i":547}
Sep 24 15:13:50.772860 Runner(Flutter)[2653] <Notice>: dartnative: ##BENCH## {"tag":"feed1000","t_us":1790242130767485,"ev":"page_build","i":548}
Sep 24 15:13:50.772898 Runner(Flutter)[2653] <Notice>: dartnative: ##BENCH## {"tag":"feed1000","t_us":1790242130767528,"ev":"page_build","i":549}
Sep 24 15:13:50.772979 Runner(Flutter)[2653] <Notice>: dartnative: ##BENCH## {"tag":"feed1000","t_us":1790242130767617,"ev":"page_build","i":550}
Sep 24 15:13:50.773012 Runner(Flutter)[2653] <Notice>: dartnative: ##BENCH## {"tag":"feed1000","t_us":1790242130767676,"ev":"page_build","i":551}
Sep 24 15:13:50.773042 Runner(Flutter)[2653] <Notice>: dartnative: ##BENCH## {"tag":"feed1000","t_us":1790242130767756,"ev":"page_build","i":552}
Sep 24 15:13:50.773150 Runner(Flutter)[2653] <Notice>: dartnative: ##BENCH## {"tag":"feed1000","t_us":1790242130767844,"ev":"page_build","i":553}
Sep 24 15:13:50.773310 Runner(Flutter)[2653] <Notice>: dartnative: ##BENCH## {"tag":"feed1000","t_us":1790242130767914,"ev":"page_build","i":554}
Sep 24 15:13:50.773491 Runner(Flutter)[2653] <Notice>: dartnative: ##BENCH## {"tag":"feed1000","t_us":1790242130767951,"ev":"page_build","i":555}
Sep 24 15:13:50.773847 Runner(Flutter)[2653] <Notice>: dartnative: ##BENCH## {"tag":"feed1000","t_us":1790242130768014,"ev":"page_build","i":556}
Sep 24 15:13:50.773894 Runner(Flutter)[2653] <Notice>: dartnative: ##BENCH## {"tag":"feed1000","t_us":1790242130768090,"ev":"page_build","i":557}
Sep 24 15:13:50.773932 Runner(Flutter)[2653] <Notice>: dartnative: ##BENCH## {"tag":"feed1000","t_us":1790242130768130,"ev":"page_build","i":558}
Sep 24 15:13:50.773947 Runner(Flutter)[2653] <Notice>: dartnative: ##BENCH## {"tag":"feed1000","t_us":1790242130768218,"ev":"page_build","i":559}
Sep 24 15:13:50.774034 Runner(Flutter)[2653] <Notice>: dartnative: ##BENCH## {"tag":"feed1000","t_us":1790242130768300,"ev":"page_build","i":560}
Sep 24 15:13:50.774091 Runner(Flutter)[2653] <Notice>: dartnative: ##BENCH## {"tag":"feed1000","t_us":1790242130768391,"ev":"page_build","i":561}
Sep 24 15:13:50.774139 Runner(Flutter)[2653] <Notice>: dartnative: ##BENCH## {"tag":"feed1000","t_us":1790242130768469,"ev":"page_build","i":562}
Sep 24 15:13:50.774158 Runner(Flutter)[2653] <Notice>: dartnative: ##BENCH## {"tag":"feed1000","t_us":1790242130768575,"ev":"page_build","i":563}
Sep 24 15:13:50.774212 Runner(Flutter)[2653] <Notice>: dartnative: ##BENCH## {"tag":"feed1000","t_us":1790242130768643,"ev":"page_build","i":564}
Sep 24 15:13:50.774320 Runner(Flutter)[2653] <Notice>: dartnative: ##BENCH## {"tag":"feed1000","t_us":1790242130768691,"ev":"page_build","i":565}
Sep 24 15:13:50.774336 Runner(Flutter)[2653] <Notice>: dartnative: ##BENCH## {"tag":"feed1000","t_us":1790242130768772,"ev":"page_build","i":566}
Sep 24 15:13:50.774421 Runner(Flutter)[2653] <Notice>: dartnative: ##BENCH## {"tag":"feed1000","t_us":1790242130768881,"ev":"page_build","i":567}
Sep 24 15:13:50.774484 Runner(Flutter)[2653] <Notice>: dartnative: ##BENCH## {"tag":"feed1000","t_us":1790242130768909,"ev":"page_build","i":568}
Sep 24 15:13:50.774523 Runner(Flutter)[2653] <Notice>: dartnative: ##BENCH## {"tag":"feed1000","t_us":1790242130768955,"ev":"page_build","i":569}
Sep 24 15:13:50.774583 Runner(Flutter)[2653] <Notice>: dartnative: ##BENCH## {"tag":"feed1000","t_us":1790242130769005,"ev":"page_build","i":570}
Sep 24 15:13:50.774634 Runner(Flutter)[2653] <Notice>: dartnative: ##BENCH## {"tag":"feed1000","t_us":1790242130769150,"ev":"page_build","i":571}
Sep 24 15:13:50.774673 Runner(Flutter)[2653] <Notice>: dartnative: ##BENCH## {"tag":"feed1000","t_us":1790242130769253,"ev":"page_build","i":572}
Sep 24 15:13:50.774710 Runner(Flutter)[2653] <Notice>: dartnative: ##BENCH## {"tag":"feed1000","t_us":1790242130769352,"ev":"page_build","i":573}
Sep 24 15:13:50.774780 Runner(Flutter)[2653] <Notice>: dartnative: ##BENCH## {"tag":"feed1000","t_us":1790242130769388,"ev":"page_build","i":574}
Sep 24 15:13:50.774816 Runner(Flutter)[2653] <Notice>: dartnative: ##BENCH## {"tag":"feed1000","t_us":1790242130769467,"ev":"page_build","i":575}
Sep 24 15:13:50.774895 Runner(Flutter)[2653] <Notice>: dartnative: ##BENCH## {"tag":"feed1000","t_us":1790242130769603,"ev":"page_build","i":576}
Sep 24 15:13:50.774956 Runner(Flutter)[2653] <Notice>: dartnative: ##BENCH## {"tag":"feed1000","t_us":1790242130769692,"ev":"page_build","i":577}
Sep 24 15:13:50.774992 Runner(Flutter)[2653] <Notice>: dartnative: ##BENCH## {"tag":"feed1000","t_us":1790242130769787,"ev":"page_build","i":578}
Sep 24 15:13:50.775048 Runner(Flutter)[2653] <Notice>: dartnative: ##BENCH## {"tag":"feed1000","t_us":1790242130769880,"ev":"page_build","i":579}
Sep 24 15:13:50.775106 Runner(Flutter)[2653] <Notice>: dartnative: ##BENCH## {"tag":"feed1000","t_us":1790242130769967,"ev":"page_build","i":580}
Sep 24 15:13:50.775136 Runner(Flutter)[2653] <Notice>: dartnative: ##BENCH## {"tag":"feed1000","t_us":1790242130770055,"ev":"page_build","i":581}
Sep 24 15:13:50.775185 Runner(Flutter)[2653] <Notice>: dartnative: ##BENCH## {"tag":"feed1000","t_us":1790242130770178,"ev":"page_build","i":582}
Sep 24 15:13:50.775246 Runner(Flutter)[2653] <Notice>: dartnative: ##BENCH## {"tag":"feed1000","t_us":1790242130770293,"ev":"page_build","i":583}
Sep 24 15:13:50.775278 Runner(Flutter)[2653] <Notice>: dartnative: ##BENCH## {"tag":"feed1000","t_us":1790242130770411,"ev":"page_build","i":584}
Sep 24 15:13:50.775293 Runner(Flutter)[2653] <Notice>: dartnative: ##BENCH## {"tag":"feed1000","t_us":1790242130770505,"ev":"page_build","i":585}
Sep 24 15:13:50.775317 Runner(Flutter)[2653] <Notice>: dartnative: ##BENCH## {"tag":"feed1000","t_us":1790242130770583,"ev":"page_build","i":586}
Sep 24 15:13:50.775332 Runner(Flutter)[2653] <Notice>: dartnative: ##BENCH## {"tag":"feed1000","t_us":1790242130770686,"ev":"page_build","i":587}
Sep 24 15:13:50.775349 Runner(Flutter)[2653] <Notice>: dartnative: ##BENCH## {"tag":"feed1000","t_us":1790242130770858,"ev":"page_build","i":588}
Sep 24 15:13:50.775381 Runner(Flutter)[2653] <Notice>: dartnative: ##BENCH## {"tag":"feed1000","t_us":1790242130770951,"ev":"page_build","i":589}
Sep 24 15:13:50.775416 Runner(Flutter)[2653] <Notice>: dartnative: ##BENCH## {"tag":"feed1000","t_us":1790242130771038,"ev":"page_build","i":590}
Sep 24 15:13:50.775432 Runner(Flutter)[2653] <Notice>: dartnative: ##BENCH## {"tag":"feed1000","t_us":1790242130771116,"ev":"page_build","i":591}
Sep 24 15:13:50.775495 Runner(Flutter)[2653] <Notice>: dartnative: ##BENCH## {"tag":"feed1000","t_us":1790242130771177,"ev":"page_build","i":592}
Sep 24 15:13:50.775526 Runner(Flutter)[2653] <Notice>: dartnative: ##BENCH## {"tag":"feed1000","t_us":1790242130771229,"ev":"page_build","i":593}
Sep 24 15:13:50.775542 Runner(Flutter)[2653] <Notice>: dartnative: ##BENCH## {"tag":"feed1000","t_us":1790242130771267,"ev":"page_build","i":594}
Sep 24 15:13:50.775565 Runner(Flutter)[2653] <Notice>: dartnative: ##BENCH## {"tag":"feed1000","t_us":1790242130771303,"ev":"page_build","i":595}
Sep 24 15:13:50.775603 Runner(Flutter)[2653] <Notice>: dartnative: ##BENCH## {"tag":"feed1000","t_us":1790242130771381,"ev":"page_build","i":596}
Sep 24 15:13:50.775682 Runner(Flutter)[2653] <Notice>: dartnative: ##BENCH## {"tag":"feed1000","t_us":1790242130771448,"ev":"page_build","i":597}
Sep 24 15:13:50.775718 Runner(Flutter)[2653] <Notice>: dartnative: ##BENCH## {"tag":"feed1000","t_us":1790242130771493,"ev":"page_build","i":598}
Sep 24 15:13:50.775775 Runner(Flutter)[2653] <Notice>: dartnative: ##BENCH## {"tag":"feed1000","t_us":1790242130771544,"ev":"page_build","i":599}
Sep 24 15:13:50.775790 Runner(Flutter)[2653] <Notice>: dartnative: ##BENCH## {"tag":"feed1000","t_us":1790242130771583,"ev":"page_build","i":600}
Sep 24 15:13:50.775810 Runner(Flutter)[2653] <Notice>: dartnative: ##BENCH## {"tag":"feed1000","t_us":1790242130771649,"ev":"page_build","i":601}
Sep 24 15:13:50.775860 Runner(Flutter)[2653] <Notice>: dartnative: ##BENCH## {"tag":"feed1000","t_us":1790242130771734,"ev":"page_build","i":602}
Sep 24 15:13:50.775941 Runner(Flutter)[2653] <Notice>: dartnative: ##BENCH## {"tag":"feed1000","t_us":1790242130771812,"ev":"page_build","i":603}
Sep 24 15:13:50.775973 Runner(Flutter)[2653] <Notice>: dartnative: ##BENCH## {"tag":"feed1000","t_us":1790242130771879,"ev":"page_build","i":604}
Sep 24 15:13:50.775988 Runner(Flutter)[2653] <Notice>: dartnative: ##BENCH## {"tag":"feed1000","t_us":1790242130771922,"ev":"page_build","i":605}
Sep 24 15:13:50.776021 Runner(Flutter)[2653] <Notice>: dartnative: ##BENCH## {"tag":"feed1000","t_us":1790242130771972,"ev":"page_build","i":606}
Sep 24 15:13:50.776071 Runner(Flutter)[2653] <Notice>: dartnative: ##BENCH## {"tag":"feed1000","t_us":1790242130772046,"ev":"page_build","i":607}
Sep 24 15:13:50.776149 Runner(Flutter)[2653] <Notice>: dartnative: ##BENCH## {"tag":"feed1000","t_us":1790242130772152,"ev":"page_build","i":608}
Sep 24 15:13:50.776260 Runner(Flutter)[2653] <Notice>: dartnative: ##BENCH## {"tag":"feed1000","t_us":1790242130772216,"ev":"page_build","i":609}
Sep 24 15:13:50.776313 Runner(Flutter)[2653] <Notice>: dartnative: ##BENCH## {"tag":"feed1000","t_us":1790242130772270,"ev":"page_build","i":610}
Sep 24 15:13:50.776388 Runner(Flutter)[2653] <Notice>: dartnative: ##BENCH## {"tag":"feed1000","t_us":1790242130772359,"ev":"page_build","i":611}
Sep 24 15:13:50.776403 Runner(Flutter)[2653] <Notice>: dartnative: ##BENCH## {"tag":"feed1000","t_us":1790242130772439,"ev":"page_build","i":612}
Sep 24 15:13:50.776418 Runner(Flutter)[2653] <Notice>: dartnative: ##BENCH## {"tag":"feed1000","t_us":1790242130772488,"ev":"page_build","i":613}
Sep 24 15:13:50.776474 Runner(Flutter)[2653] <Notice>: dartnative: ##BENCH## {"tag":"feed1000","t_us":1790242130772569,"ev":"page_build","i":614}
Sep 24 15:13:50.776501 Runner(Flutter)[2653] <Notice>: dartnative: ##BENCH## {"tag":"feed1000","t_us":1790242130772651,"ev":"page_build","i":615}
Sep 24 15:13:50.776590 Runner(Flutter)[2653] <Notice>: dartnative: ##BENCH## {"tag":"feed1000","t_us":1790242130772752,"ev":"page_build","i":616}
Sep 24 15:13:50.776706 Runner(Flutter)[2653] <Notice>: dartnative: ##BENCH## {"tag":"feed1000","t_us":1790242130772887,"ev":"page_build","i":617}
Sep 24 15:13:50.776790 Runner(Flutter)[2653] <Notice>: dartnative: ##BENCH## {"tag":"feed1000","t_us":1790242130773035,"ev":"page_build","i":618}
Sep 24 15:13:50.776916 Runner(Flutter)[2653] <Notice>: dartnative: ##BENCH## {"tag":"feed1000","t_us":1790242130773127,"ev":"page_build","i":619}
Sep 24 15:13:50.776987 Runner(Flutter)[2653] <Notice>: dartnative: ##BENCH## {"tag":"feed1000","t_us":1790242130773175,"ev":"page_build","i":620}
Sep 24 15:13:50.777066 Runner(Flutter)[2653] <Notice>: dartnative: ##BENCH## {"tag":"feed1000","t_us":1790242130773226,"ev":"page_build","i":621}
Sep 24 15:13:50.777186 Runner(Flutter)[2653] <Notice>: dartnative: ##BENCH## {"tag":"feed1000","t_us":1790242130773322,"ev":"page_build","i":622}
Sep 24 15:13:50.777198 Runner(Flutter)[2653] <Notice>: dartnative: ##BENCH## {"tag":"feed1000","t_us":1790242130773394,"ev":"page_build","i":623}
Sep 24 15:13:50.777249 Runner(Flutter)[2653] <Notice>: dartnative: ##BENCH## {"tag":"feed1000","t_us":1790242130773471,"ev":"page_build","i":624}
Sep 24 15:13:50.777267 Runner(Flutter)[2653] <Notice>: dartnative: ##BENCH## {"tag":"feed1000","t_us":1790242130773560,"ev":"page_build","i":625}
Sep 24 15:13:50.777332 Runner(Flutter)[2653] <Notice>: dartnative: ##BENCH## {"tag":"feed1000","t_us":1790242130773634,"ev":"page_build","i":626}
Sep 24 15:13:50.777402 Runner(Flutter)[2653] <Notice>: dartnative: ##BENCH## {"tag":"feed1000","t_us":1790242130773709,"ev":"page_build","i":627}
Sep 24 15:13:50.777478 Runner(Flutter)[2653] <Notice>: dartnative: ##BENCH## {"tag":"feed1000","t_us":1790242130773750,"ev":"page_build","i":628}
Sep 24 15:13:50.777529 Runner(Flutter)[2653] <Notice>: dartnative: ##BENCH## {"tag":"feed1000","t_us":1790242130773786,"ev":"page_build","i":629}
Sep 24 15:13:50.777594 Runner(Flutter)[2653] <Notice>: dartnative: ##BENCH## {"tag":"feed1000","t_us":1790242130773872,"ev":"page_build","i":630}
Sep 24 15:13:50.777699 Runner(Flutter)[2653] <Notice>: dartnative: ##BENCH## {"tag":"feed1000","t_us":1790242130773975,"ev":"page_build","i":631}
Sep 24 15:13:50.777863 Runner(Flutter)[2653] <Notice>: dartnative: ##BENCH## {"tag":"feed1000","t_us":1790242130774024,"ev":"page_build","i":632}
Sep 24 15:13:50.777995 Runner(Flutter)[2653] <Notice>: dartnative: ##BENCH## {"tag":"feed1000","t_us":1790242130774068,"ev":"page_build","i":633}
Sep 24 15:13:50.778131 Runner(Flutter)[2653] <Notice>: dartnative: ##BENCH## {"tag":"feed1000","t_us":1790242130774154,"ev":"page_build","i":634}
Sep 24 15:13:50.778282 Runner(Flutter)[2653] <Notice>: dartnative: ##BENCH## {"tag":"feed1000","t_us":1790242130774233,"ev":"page_build","i":635}
Sep 24 15:13:50.778372 Runner(Flutter)[2653] <Notice>: dartnative: ##BENCH## {"tag":"feed1000","t_us":1790242130774288,"ev":"page_build","i":636}
Sep 24 15:13:50.778447 Runner(Flutter)[2653] <Notice>: dartnative: ##BENCH## {"tag":"feed1000","t_us":1790242130774372,"ev":"page_build","i":637}
Sep 24 15:13:50.778479 Runner(Flutter)[2653] <Notice>: dartnative: ##BENCH## {"tag":"feed1000","t_us":1790242130774458,"ev":"page_build","i":638}
Sep 24 15:13:50.778496 Runner(Flutter)[2653] <Notice>: dartnative: ##BENCH## {"tag":"feed1000","t_us":1790242130774583,"ev":"page_build","i":639}
Sep 24 15:13:50.778540 Runner(Flutter)[2653] <Notice>: dartnative: ##BENCH## {"tag":"feed1000","t_us":1790242130774715,"ev":"page_build","i":640}
Sep 24 15:13:50.778583 Runner(Flutter)[2653] <Notice>: dartnative: ##BENCH## {"tag":"feed1000","t_us":1790242130774851,"ev":"page_build","i":641}
Sep 24 15:13:50.778607 Runner(Flutter)[2653] <Notice>: dartnative: ##BENCH## {"tag":"feed1000","t_us":1790242130774956,"ev":"page_build","i":642}
Sep 24 15:13:50.778661 Runner(Flutter)[2653] <Notice>: dartnative: ##BENCH## {"tag":"feed1000","t_us":1790242130775068,"ev":"page_build","i":643}
Sep 24 15:13:50.778694 Runner(Flutter)[2653] <Notice>: dartnative: ##BENCH## {"tag":"feed1000","t_us":1790242130775123,"ev":"page_build","i":644}
Sep 24 15:13:50.778751 Runner(Flutter)[2653] <Notice>: dartnative: ##BENCH## {"tag":"feed1000","t_us":1790242130775166,"ev":"page_build","i":645}
Sep 24 15:13:50.778797 Runner(Flutter)[2653] <Notice>: dartnative: ##BENCH## {"tag":"feed1000","t_us":1790242130775224,"ev":"page_build","i":646}
Sep 24 15:13:50.778839 Runner(Flutter)[2653] <Notice>: dartnative: ##BENCH## {"tag":"feed1000","t_us":1790242130775306,"ev":"page_build","i":647}
Sep 24 15:13:50.778898 Runner(Flutter)[2653] <Notice>: dartnative: ##BENCH## {"tag":"feed1000","t_us":1790242130775338,"ev":"page_build","i":648}
Sep 24 15:13:50.778944 Runner(Flutter)[2653] <Notice>: dartnative: ##BENCH## {"tag":"feed1000","t_us":1790242130775425,"ev":"page_build","i":649}
Sep 24 15:13:50.778980 Runner(Flutter)[2653] <Notice>: dartnative: ##BENCH## {"tag":"feed1000","t_us":1790242130775474,"ev":"page_build","i":650}
Sep 24 15:13:50.779019 Runner(Flutter)[2653] <Notice>: dartnative: ##BENCH## {"tag":"feed1000","t_us":1790242130775554,"ev":"page_build","i":651}
Sep 24 15:13:50.779056 Runner(Flutter)[2653] <Notice>: dartnative: ##BENCH## {"tag":"feed1000","t_us":1790242130775644,"ev":"page_build","i":652}
Sep 24 15:13:50.779094 Runner(Flutter)[2653] <Notice>: dartnative: ##BENCH## {"tag":"feed1000","t_us":1790242130775692,"ev":"page_build","i":653}
Sep 24 15:13:50.779167 Runner(Flutter)[2653] <Notice>: dartnative: ##BENCH## {"tag":"feed1000","t_us":1790242130775771,"ev":"page_build","i":654}
Sep 24 15:13:50.779231 Runner(Flutter)[2653] <Notice>: dartnative: ##BENCH## {"tag":"feed1000","t_us":1790242130775855,"ev":"page_build","i":655}
Sep 24 15:13:50.779270 Runner(Flutter)[2653] <Notice>: dartnative: ##BENCH## {"tag":"feed1000","t_us":1790242130775948,"ev":"page_build","i":656}
Sep 24 15:13:50.779293 Runner(Flutter)[2653] <Notice>: dartnative: ##BENCH## {"tag":"feed1000","t_us":1790242130776036,"ev":"page_build","i":657}
Sep 24 15:13:50.779327 Runner(Flutter)[2653] <Notice>: dartnative: ##BENCH## {"tag":"feed1000","t_us":1790242130776124,"ev":"page_build","i":658}
Sep 24 15:13:50.779357 Runner(Flutter)[2653] <Notice>: dartnative: ##BENCH## {"tag":"feed1000","t_us":1790242130776227,"ev":"page_build","i":659}
Sep 24 15:13:50.779375 Runner(Flutter)[2653] <Notice>: dartnative: ##BENCH## {"tag":"feed1000","t_us":1790242130776330,"ev":"page_build","i":660}
Sep 24 15:13:50.779415 Runner(Flutter)[2653] <Notice>: dartnative: ##BENCH## {"tag":"feed1000","t_us":1790242130776415,"ev":"page_build","i":661}
Sep 24 15:13:50.779492 Runner(Flutter)[2653] <Notice>: dartnative: ##BENCH## {"tag":"feed1000","t_us":1790242130776495,"ev":"page_build","i":662}
Sep 24 15:13:50.779517 Runner(Flutter)[2653] <Notice>: dartnative: ##BENCH## {"tag":"feed1000","t_us":1790242130776615,"ev":"page_build","i":663}
Sep 24 15:13:50.779539 Runner(Flutter)[2653] <Notice>: dartnative: ##BENCH## {"tag":"feed1000","t_us":1790242130776679,"ev":"page_build","i":664}
Sep 24 15:13:50.779555 Runner(Flutter)[2653] <Notice>: dartnative: ##BENCH## {"tag":"feed1000","t_us":1790242130776752,"ev":"page_build","i":665}
Sep 24 15:13:50.779601 Runner(Flutter)[2653] <Notice>: dartnative: ##BENCH## {"tag":"feed1000","t_us":1790242130776829,"ev":"page_build","i":666}
Sep 24 15:13:50.779636 Runner(Flutter)[2653] <Notice>: dartnative: ##BENCH## {"tag":"feed1000","t_us":1790242130776893,"ev":"page_build","i":667}
Sep 24 15:13:50.779692 Runner(Flutter)[2653] <Notice>: dartnative: ##BENCH## {"tag":"feed1000","t_us":1790242130776933,"ev":"page_build","i":668}
Sep 24 15:13:50.779782 Runner(Flutter)[2653] <Notice>: dartnative: ##BENCH## {"tag":"feed1000","t_us":1790242130776998,"ev":"page_build","i":669}
Sep 24 15:13:50.779817 Runner(Flutter)[2653] <Notice>: dartnative: ##BENCH## {"tag":"feed1000","t_us":1790242130777093,"ev":"page_build","i":670}
Sep 24 15:13:50.779870 Runner(Flutter)[2653] <Notice>: dartnative: ##BENCH## {"tag":"feed1000","t_us":1790242130777156,"ev":"page_build","i":671}
Sep 24 15:13:50.779932 Runner(Flutter)[2653] <Notice>: dartnative: ##BENCH## {"tag":"feed1000","t_us":1790242130777210,"ev":"page_build","i":672}
Sep 24 15:13:50.780001 Runner(Flutter)[2653] <Notice>: dartnative: ##BENCH## {"tag":"feed1000","t_us":1790242130777260,"ev":"page_build","i":673}
Sep 24 15:13:50.780052 Runner(Flutter)[2653] <Notice>: dartnative: ##BENCH## {"tag":"feed1000","t_us":1790242130777339,"ev":"page_build","i":674}
Sep 24 15:13:50.780118 Runner(Flutter)[2653] <Notice>: dartnative: ##BENCH## {"tag":"feed1000","t_us":1790242130777421,"ev":"page_build","i":675}
Sep 24 15:13:50.780277 Runner(Flutter)[2653] <Notice>: dartnative: ##BENCH## {"tag":"feed1000","t_us":1790242130777519,"ev":"page_build","i":676}
Sep 24 15:13:50.780353 Runner(Flutter)[2653] <Notice>: dartnative: ##BENCH## {"tag":"feed1000","t_us":1790242130777595,"ev":"page_build","i":677}
Sep 24 15:13:50.780563 Runner(Flutter)[2653] <Notice>: dartnative: ##BENCH## {"tag":"feed1000","t_us":1790242130777675,"ev":"page_build","i":678}
Sep 24 15:13:50.780760 Runner(Flutter)[2653] <Notice>: dartnative: ##BENCH## {"tag":"feed1000","t_us":1790242130777738,"ev":"page_build","i":679}
Sep 24 15:13:50.780841 Runner(Flutter)[2653] <Notice>: dartnative: ##BENCH## {"tag":"feed1000","t_us":1790242130777831,"ev":"page_build","i":680}
Sep 24 15:13:50.780851 Runner(Flutter)[2653] <Notice>: dartnative: ##BENCH## {"tag":"feed1000","t_us":1790242130777904,"ev":"page_build","i":681}
Sep 24 15:13:50.780905 Runner(Flutter)[2653] <Notice>: dartnative: ##BENCH## {"tag":"feed1000","t_us":1790242130777971,"ev":"page_build","i":682}
Sep 24 15:13:50.780936 Runner(Flutter)[2653] <Notice>: dartnative: ##BENCH## {"tag":"feed1000","t_us":1790242130778053,"ev":"page_build","i":683}
Sep 24 15:13:50.780950 Runner(Flutter)[2653] <Notice>: dartnative: ##BENCH## {"tag":"feed1000","t_us":1790242130778153,"ev":"page_build","i":684}
Sep 24 15:13:50.780966 Runner(Flutter)[2653] <Notice>: dartnative: ##BENCH## {"tag":"feed1000","t_us":1790242130778230,"ev":"page_build","i":685}
Sep 24 15:13:50.780996 Runner(Flutter)[2653] <Notice>: dartnative: ##BENCH## {"tag":"feed1000","t_us":1790242130778328,"ev":"page_build","i":686}
Sep 24 15:13:50.781051 Runner(Flutter)[2653] <Notice>: dartnative: ##BENCH## {"tag":"feed1000","t_us":1790242130778392,"ev":"page_build","i":687}
Sep 24 15:13:50.781076 Runner(Flutter)[2653] <Notice>: dartnative: ##BENCH## {"tag":"feed1000","t_us":1790242130778473,"ev":"page_build","i":688}
Sep 24 15:13:50.781162 Runner(Flutter)[2653] <Notice>: dartnative: ##BENCH## {"tag":"feed1000","t_us":1790242130778527,"ev":"page_build","i":689}
Sep 24 15:13:50.781345 Runner(Flutter)[2653] <Notice>: dartnative: ##BENCH## {"tag":"feed1000","t_us":1790242130778575,"ev":"page_build","i":690}
Sep 24 15:13:50.781462 Runner(Flutter)[2653] <Notice>: dartnative: ##BENCH## {"tag":"feed1000","t_us":1790242130778609,"ev":"page_build","i":691}
Sep 24 15:13:50.781510 Runner(Flutter)[2653] <Notice>: dartnative: ##BENCH## {"tag":"feed1000","t_us":1790242130778659,"ev":"page_build","i":692}
Sep 24 15:13:50.781532 Runner(Flutter)[2653] <Notice>: dartnative: ##BENCH## {"tag":"feed1000","t_us":1790242130778728,"ev":"page_build","i":693}
Sep 24 15:13:50.781567 Runner(Flutter)[2653] <Notice>: dartnative: ##BENCH## {"tag":"feed1000","t_us":1790242130778785,"ev":"page_build","i":694}
Sep 24 15:13:50.781583 Runner(Flutter)[2653] <Notice>: dartnative: ##BENCH## {"tag":"feed1000","t_us":1790242130778831,"ev":"page_build","i":695}
Sep 24 15:13:50.781637 Runner(Flutter)[2653] <Notice>: dartnative: ##BENCH## {"tag":"feed1000","t_us":1790242130778902,"ev":"page_build","i":696}
Sep 24 15:13:50.781760 Runner(Flutter)[2653] <Notice>: dartnative: ##BENCH## {"tag":"feed1000","t_us":1790242130778965,"ev":"page_build","i":697}
Sep 24 15:13:50.781801 Runner(Flutter)[2653] <Notice>: dartnative: ##BENCH## {"tag":"feed1000","t_us":1790242130779154,"ev":"page_build","i":698}
Sep 24 15:13:50.782074 Runner(Flutter)[2653] <Notice>: dartnative: ##BENCH## {"tag":"feed1000","t_us":1790242130779192,"ev":"page_build","i":699}
Sep 24 15:13:50.782297 Runner(Flutter)[2653] <Notice>: dartnative: ##BENCH## {"tag":"feed1000","t_us":1790242130779270,"ev":"page_build","i":700}
Sep 24 15:13:50.782424 Runner(Flutter)[2653] <Notice>: dartnative: ##BENCH## {"tag":"feed1000","t_us":1790242130779318,"ev":"page_build","i":701}
Sep 24 15:13:50.782485 Runner(Flutter)[2653] <Notice>: dartnative: ##BENCH## {"tag":"feed1000","t_us":1790242130779375,"ev":"page_build","i":702}
Sep 24 15:13:50.782529 Runner(Flutter)[2653] <Notice>: dartnative: ##BENCH## {"tag":"feed1000","t_us":1790242130779423,"ev":"page_build","i":703}
Sep 24 15:13:50.782611 Runner(Flutter)[2653] <Notice>: dartnative: ##BENCH## {"tag":"feed1000","t_us":1790242130779501,"ev":"page_build","i":704}
Sep 24 15:13:50.782620 Runner(Flutter)[2653] <Notice>: dartnative: ##BENCH## {"tag":"feed1000","t_us":1790242130779579,"ev":"page_build","i":705}
Sep 24 15:13:50.782750 Runner(Flutter)[2653] <Notice>: dartnative: ##BENCH## {"tag":"feed1000","t_us":1790242130779646,"ev":"page_build","i":706}
Sep 24 15:13:50.782802 Runner(Flutter)[2653] <Notice>: dartnative: ##BENCH## {"tag":"feed1000","t_us":1790242130779753,"ev":"page_build","i":707}
Sep 24 15:13:50.783017 Runner(Flutter)[2653] <Notice>: dartnative: ##BENCH## {"tag":"feed1000","t_us":1790242130779814,"ev":"page_build","i":708}
Sep 24 15:13:50.783130 Runner(Flutter)[2653] <Notice>: dartnative: ##BENCH## {"tag":"feed1000","t_us":1790242130779870,"ev":"page_build","i":709}
Sep 24 15:13:50.783214 Runner(Flutter)[2653] <Notice>: dartnative: ##BENCH## {"tag":"feed1000","t_us":1790242130779928,"ev":"page_build","i":710}
Sep 24 15:13:50.783424 Runner(Flutter)[2653] <Notice>: dartnative: ##BENCH## {"tag":"feed1000","t_us":1790242130779973,"ev":"page_build","i":711}
Sep 24 15:13:50.783566 Runner(Flutter)[2653] <Notice>: dartnative: ##BENCH## {"tag":"feed1000","t_us":1790242130780054,"ev":"page_build","i":712}
Sep 24 15:13:50.783796 Runner(Flutter)[2653] <Notice>: dartnative: ##BENCH## {"tag":"feed1000","t_us":1790242130780084,"ev":"page_build","i":713}
Sep 24 15:13:50.784063 Runner(Flutter)[2653] <Notice>: dartnative: ##BENCH## {"tag":"feed1000","t_us":1790242130780144,"ev":"page_build","i":714}
Sep 24 15:13:50.784256 Runner(Flutter)[2653] <Notice>: dartnative: ##BENCH## {"tag":"feed1000","t_us":1790242130780214,"ev":"page_build","i":715}
Sep 24 15:13:50.784587 Runner(Flutter)[2653] <Notice>: dartnative: ##BENCH## {"tag":"feed1000","t_us":1790242130780272,"ev":"page_build","i":716}
Sep 24 15:13:50.784706 Runner(Flutter)[2653] <Notice>: dartnative: ##BENCH## {"tag":"feed1000","t_us":1790242130780323,"ev":"page_build","i":717}
Sep 24 15:13:50.784861 Runner(Flutter)[2653] <Notice>: dartnative: ##BENCH## {"tag":"feed1000","t_us":1790242130780397,"ev":"page_build","i":718}
Sep 24 15:13:50.785153 Runner(Flutter)[2653] <Notice>: dartnative: ##BENCH## {"tag":"feed1000","t_us":1790242130780451,"ev":"page_build","i":719}
Sep 24 15:13:50.785223 Runner(Flutter)[2653] <Notice>: dartnative: ##BENCH## {"tag":"feed1000","t_us":1790242130780501,"ev":"page_build","i":720}
Sep 24 15:13:50.785405 Runner(Flutter)[2653] <Notice>: dartnative: ##BENCH## {"tag":"feed1000","t_us":1790242130780574,"ev":"page_build","i":721}
Sep 24 15:13:50.785513 Runner(Flutter)[2653] <Notice>: dartnative: ##BENCH## {"tag":"feed1000","t_us":1790242130780629,"ev":"page_build","i":722}
Sep 24 15:13:50.785592 Runner(Flutter)[2653] <Notice>: dartnative: ##BENCH## {"tag":"feed1000","t_us":1790242130780699,"ev":"page_build","i":723}
Sep 24 15:13:50.785753 Runner(Flutter)[2653] <Notice>: dartnative: ##BENCH## {"tag":"feed1000","t_us":1790242130780772,"ev":"page_build","i":724}
Sep 24 15:13:50.785845 Runner(Flutter)[2653] <Notice>: dartnative: ##BENCH## {"tag":"feed1000","t_us":1790242130780831,"ev":"page_build","i":725}
Sep 24 15:13:50.786062 Runner(Flutter)[2653] <Notice>: dartnative: ##BENCH## {"tag":"feed1000","t_us":1790242130780886,"ev":"page_build","i":726}
Sep 24 15:13:50.786210 Runner(Flutter)[2653] <Notice>: dartnative: ##BENCH## {"tag":"feed1000","t_us":1790242130780985,"ev":"page_build","i":727}
Sep 24 15:13:50.786606 Runner(Flutter)[2653] <Notice>: dartnative: ##BENCH## {"tag":"feed1000","t_us":1790242130781043,"ev":"page_build","i":728}
Sep 24 15:13:50.786814 Runner(Flutter)[2653] <Notice>: dartnative: ##BENCH## {"tag":"feed1000","t_us":1790242130781159,"ev":"page_build","i":729}
Sep 24 15:13:50.787323 Runner(Flutter)[2653] <Notice>: dartnative: ##BENCH## {"tag":"feed1000","t_us":1790242130781245,"ev":"page_build","i":730}
Sep 24 15:13:50.787619 Runner(Flutter)[2653] <Notice>: dartnative: ##BENCH## {"tag":"feed1000","t_us":1790242130781313,"ev":"page_build","i":731}
Sep 24 15:13:50.787768 Runner(Flutter)[2653] <Notice>: dartnative: ##BENCH## {"tag":"feed1000","t_us":1790242130781422,"ev":"page_build","i":732}
Sep 24 15:13:50.787961 Runner(Flutter)[2653] <Notice>: dartnative: ##BENCH## {"tag":"feed1000","t_us":1790242130781466,"ev":"page_build","i":733}
Sep 24 15:13:50.788030 Runner(Flutter)[2653] <Notice>: dartnative: ##BENCH## {"tag":"feed1000","t_us":1790242130781576,"ev":"page_build","i":734}
Sep 24 15:13:50.788109 Runner(Flutter)[2653] <Notice>: dartnative: ##BENCH## {"tag":"feed1000","t_us":1790242130781631,"ev":"page_build","i":735}
Sep 24 15:13:50.788207 Runner(Flutter)[2653] <Notice>: dartnative: ##BENCH## {"tag":"feed1000","t_us":1790242130781693,"ev":"page_build","i":736}
Sep 24 15:13:50.788374 Runner(Flutter)[2653] <Notice>: dartnative: ##BENCH## {"tag":"feed1000","t_us":1790242130781764,"ev":"page_build","i":737}
Sep 24 15:13:50.788476 Runner(Flutter)[2653] <Notice>: dartnative: ##BENCH## {"tag":"feed1000","t_us":1790242130781852,"ev":"page_build","i":738}
Sep 24 15:13:50.788511 Runner(Flutter)[2653] <Notice>: dartnative: ##BENCH## {"tag":"feed1000","t_us":1790242130781905,"ev":"page_build","i":739}
Sep 24 15:13:50.788565 Runner(Flutter)[2653] <Notice>: dartnative: ##BENCH## {"tag":"feed1000","t_us":1790242130781973,"ev":"page_build","i":740}
Sep 24 15:13:50.788639 Runner(Flutter)[2653] <Notice>: dartnative: ##BENCH## {"tag":"feed1000","t_us":1790242130782070,"ev":"page_build","i":741}
Sep 24 15:13:50.788856 Runner(Flutter)[2653] <Notice>: dartnative: ##BENCH## {"tag":"feed1000","t_us":1790242130782128,"ev":"page_build","i":742}
Sep 24 15:13:50.788968 Runner(Flutter)[2653] <Notice>: dartnative: ##BENCH## {"tag":"feed1000","t_us":1790242130782189,"ev":"page_build","i":743}
Sep 24 15:13:50.789065 Runner(Flutter)[2653] <Notice>: dartnative: ##BENCH## {"tag":"feed1000","t_us":1790242130782257,"ev":"page_build","i":744}
Sep 24 15:13:50.789097 Runner(Flutter)[2653] <Notice>: dartnative: ##BENCH## {"tag":"feed1000","t_us":1790242130782309,"ev":"page_build","i":745}
Sep 24 15:13:50.789145 Runner(Flutter)[2653] <Notice>: dartnative: ##BENCH## {"tag":"feed1000","t_us":1790242130782360,"ev":"page_build","i":746}
Sep 24 15:13:50.789175 Runner(Flutter)[2653] <Notice>: dartnative: ##BENCH## {"tag":"feed1000","t_us":1790242130782412,"ev":"page_build","i":747}
Sep 24 15:13:50.789205 Runner(Flutter)[2653] <Notice>: dartnative: ##BENCH## {"tag":"feed1000","t_us":1790242130782458,"ev":"page_build","i":748}
Sep 24 15:13:50.789233 Runner(Flutter)[2653] <Notice>: dartnative: ##BENCH## {"tag":"feed1000","t_us":1790242130782522,"ev":"page_build","i":749}
Sep 24 15:13:50.789273 Runner(Flutter)[2653] <Notice>: dartnative: ##BENCH## {"tag":"feed1000","t_us":1790242130782579,"ev":"page_build","i":750}
Sep 24 15:13:50.789344 Runner(Flutter)[2653] <Notice>: dartnative: ##BENCH## {"tag":"feed1000","t_us":1790242130782631,"ev":"page_build","i":751}
Sep 24 15:13:50.789369 Runner(Flutter)[2653] <Notice>: dartnative: ##BENCH## {"tag":"feed1000","t_us":1790242130782697,"ev":"page_build","i":752}
Sep 24 15:13:50.789962 Runner(Flutter)[2653] <Notice>: dartnative: ##BENCH## {"tag":"feed1000","t_us":1790242130782754,"ev":"page_build","i":753}
Sep 24 15:13:50.790485 Runner(Flutter)[2653] <Notice>: dartnative: ##BENCH## {"tag":"feed1000","t_us":1790242130782819,"ev":"page_build","i":754}
Sep 24 15:13:50.790544 Runner(Flutter)[2653] <Notice>: dartnative: ##BENCH## {"tag":"feed1000","t_us":1790242130782868,"ev":"page_build","i":755}
Sep 24 15:13:50.790712 Runner(Flutter)[2653] <Notice>: dartnative: ##BENCH## {"tag":"feed1000","t_us":1790242130782914,"ev":"page_build","i":756}
Sep 24 15:13:50.790935 Runner(Flutter)[2653] <Notice>: dartnative: ##BENCH## {"tag":"feed1000","t_us":1790242130782948,"ev":"page_build","i":757}
Sep 24 15:13:50.790960 Runner(Flutter)[2653] <Notice>: dartnative: ##BENCH## {"tag":"feed1000","t_us":1790242130783025,"ev":"page_build","i":758}
Sep 24 15:13:50.791013 Runner(Flutter)[2653] <Notice>: dartnative: ##BENCH## {"tag":"feed1000","t_us":1790242130783125,"ev":"page_build","i":759}
Sep 24 15:13:50.791050 Runner(Flutter)[2653] <Notice>: dartnative: ##BENCH## {"tag":"feed1000","t_us":1790242130783176,"ev":"page_build","i":760}
Sep 24 15:13:50.791096 Runner(Flutter)[2653] <Notice>: dartnative: ##BENCH## {"tag":"feed1000","t_us":1790242130783249,"ev":"page_build","i":761}
Sep 24 15:13:50.791173 Runner(Flutter)[2653] <Notice>: dartnative: ##BENCH## {"tag":"feed1000","t_us":1790242130783321,"ev":"page_build","i":762}
Sep 24 15:13:50.791215 Runner(Flutter)[2653] <Notice>: dartnative: ##BENCH## {"tag":"feed1000","t_us":1790242130783381,"ev":"page_build","i":763}
Sep 24 15:13:50.791240 Runner(Flutter)[2653] <Notice>: dartnative: ##BENCH## {"tag":"feed1000","t_us":1790242130783438,"ev":"page_build","i":764}
Sep 24 15:13:50.791279 Runner(Flutter)[2653] <Notice>: dartnative: ##BENCH## {"tag":"feed1000","t_us":1790242130783529,"ev":"page_build","i":765}
Sep 24 15:13:50.791330 Runner(Flutter)[2653] <Notice>: dartnative: ##BENCH## {"tag":"feed1000","t_us":1790242130783565,"ev":"page_build","i":766}
Sep 24 15:13:50.791439 Runner(Flutter)[2653] <Notice>: dartnative: ##BENCH## {"tag":"feed1000","t_us":1790242130783603,"ev":"page_build","i":767}
Sep 24 15:13:50.791498 Runner(Flutter)[2653] <Notice>: dartnative: ##BENCH## {"tag":"feed1000","t_us":1790242130783659,"ev":"page_build","i":768}
Sep 24 15:13:50.791532 Runner(Flutter)[2653] <Notice>: dartnative: ##BENCH## {"tag":"feed1000","t_us":1790242130783708,"ev":"page_build","i":769}
Sep 24 15:13:50.791570 Runner(Flutter)[2653] <Notice>: dartnative: ##BENCH## {"tag":"feed1000","t_us":1790242130783789,"ev":"page_build","i":770}
Sep 24 15:13:50.791622 Runner(Flutter)[2653] <Notice>: dartnative: ##BENCH## {"tag":"feed1000","t_us":1790242130783834,"ev":"page_build","i":771}
Sep 24 15:13:50.791667 Runner(Flutter)[2653] <Notice>: dartnative: ##BENCH## {"tag":"feed1000","t_us":1790242130783890,"ev":"page_build","i":772}
Sep 24 15:13:50.791780 Runner(Flutter)[2653] <Notice>: dartnative: ##BENCH## {"tag":"feed1000","t_us":1790242130783985,"ev":"page_build","i":773}
Sep 24 15:13:50.791840 Runner(Flutter)[2653] <Notice>: dartnative: ##BENCH## {"tag":"feed1000","t_us":1790242130784067,"ev":"page_build","i":774}
Sep 24 15:13:50.791918 Runner(Flutter)[2653] <Notice>: dartnative: ##BENCH## {"tag":"feed1000","t_us":1790242130784175,"ev":"page_build","i":775}
Sep 24 15:13:50.791988 Runner(Flutter)[2653] <Notice>: dartnative: ##BENCH## {"tag":"feed1000","t_us":1790242130784251,"ev":"page_build","i":776}
Sep 24 15:13:50.792056 Runner(Flutter)[2653] <Notice>: dartnative: ##BENCH## {"tag":"feed1000","t_us":1790242130784316,"ev":"page_build","i":777}
Sep 24 15:13:50.792122 Runner(Flutter)[2653] <Notice>: dartnative: ##BENCH## {"tag":"feed1000","t_us":1790242130784371,"ev":"page_build","i":778}
Sep 24 15:13:50.792192 Runner(Flutter)[2653] <Notice>: dartnative: ##BENCH## {"tag":"feed1000","t_us":1790242130784473,"ev":"page_build","i":779}
Sep 24 15:13:50.792398 Runner(Flutter)[2653] <Notice>: dartnative: ##BENCH## {"tag":"feed1000","t_us":1790242130784507,"ev":"page_build","i":780}
Sep 24 15:13:50.792461 Runner(Flutter)[2653] <Notice>: dartnative: ##BENCH## {"tag":"feed1000","t_us":1790242130784574,"ev":"page_build","i":781}
Sep 24 15:13:50.792565 Runner(Flutter)[2653] <Notice>: dartnative: ##BENCH## {"tag":"feed1000","t_us":1790242130784651,"ev":"page_build","i":782}
Sep 24 15:13:50.792620 Runner(Flutter)[2653] <Notice>: dartnative: ##BENCH## {"tag":"feed1000","t_us":1790242130784712,"ev":"page_build","i":783}
Sep 24 15:13:50.792744 Runner(Flutter)[2653] <Notice>: dartnative: ##BENCH## {"tag":"feed1000","t_us":1790242130784795,"ev":"page_build","i":784}
Sep 24 15:13:50.792765 Runner(Flutter)[2653] <Notice>: dartnative: ##BENCH## {"tag":"feed1000","t_us":1790242130784861,"ev":"page_build","i":785}
Sep 24 15:13:50.792826 Runner(Flutter)[2653] <Notice>: dartnative: ##BENCH## {"tag":"feed1000","t_us":1790242130784954,"ev":"page_build","i":786}
Sep 24 15:13:50.792879 Runner(Flutter)[2653] <Notice>: dartnative: ##BENCH## {"tag":"feed1000","t_us":1790242130785053,"ev":"page_build","i":787}
Sep 24 15:13:50.792952 Runner(Flutter)[2653] <Notice>: dartnative: ##BENCH## {"tag":"feed1000","t_us":1790242130785126,"ev":"page_build","i":788}
Sep 24 15:13:50.792976 Runner(Flutter)[2653] <Notice>: dartnative: ##BENCH## {"tag":"feed1000","t_us":1790242130785204,"ev":"page_build","i":789}
Sep 24 15:13:50.793005 Runner(Flutter)[2653] <Notice>: dartnative: ##BENCH## {"tag":"feed1000","t_us":1790242130785316,"ev":"page_build","i":790}
Sep 24 15:13:50.793059 Runner(Flutter)[2653] <Notice>: dartnative: ##BENCH## {"tag":"feed1000","t_us":1790242130785372,"ev":"page_build","i":791}
Sep 24 15:13:50.793083 Runner(Flutter)[2653] <Notice>: dartnative: ##BENCH## {"tag":"feed1000","t_us":1790242130785468,"ev":"page_build","i":792}
Sep 24 15:13:50.793119 Runner(Flutter)[2653] <Notice>: dartnative: ##BENCH## {"tag":"feed1000","t_us":1790242130785514,"ev":"page_build","i":793}
Sep 24 15:13:50.793201 Runner(Flutter)[2653] <Notice>: dartnative: ##BENCH## {"tag":"feed1000","t_us":1790242130785600,"ev":"page_build","i":794}
Sep 24 15:13:50.793253 Runner(Flutter)[2653] <Notice>: dartnative: ##BENCH## {"tag":"feed1000","t_us":1790242130785662,"ev":"page_build","i":795}
Sep 24 15:13:50.793289 Runner(Flutter)[2653] <Notice>: dartnative: ##BENCH## {"tag":"feed1000","t_us":1790242130785800,"ev":"page_build","i":796}
Sep 24 15:13:50.793325 Runner(Flutter)[2653] <Notice>: dartnative: ##BENCH## {"tag":"feed1000","t_us":1790242130785839,"ev":"page_build","i":797}
Sep 24 15:13:50.793375 Runner(Flutter)[2653] <Notice>: dartnative: ##BENCH## {"tag":"feed1000","t_us":1790242130785884,"ev":"page_build","i":798}
Sep 24 15:13:50.793438 Runner(Flutter)[2653] <Notice>: dartnative: ##BENCH## {"tag":"feed1000","t_us":1790242130785963,"ev":"page_build","i":799}
Sep 24 15:13:50.793462 Runner(Flutter)[2653] <Notice>: dartnative: ##BENCH## {"tag":"feed1000","t_us":1790242130786019,"ev":"page_build","i":800}
Sep 24 15:13:50.793495 Runner(Flutter)[2653] <Notice>: dartnative: ##BENCH## {"tag":"feed1000","t_us":1790242130786092,"ev":"page_build","i":801}
Sep 24 15:13:50.793515 Runner(Flutter)[2653] <Notice>: dartnative: ##BENCH## {"tag":"feed1000","t_us":1790242130786182,"ev":"page_build","i":802}
Sep 24 15:13:50.793563 Runner(Flutter)[2653] <Notice>: dartnative: ##BENCH## {"tag":"feed1000","t_us":1790242130786247,"ev":"page_build","i":803}
Sep 24 15:13:50.793593 Runner(Flutter)[2653] <Notice>: dartnative: ##BENCH## {"tag":"feed1000","t_us":1790242130786285,"ev":"page_build","i":804}
Sep 24 15:13:50.793680 Runner(Flutter)[2653] <Notice>: dartnative: ##BENCH## {"tag":"feed1000","t_us":1790242130786381,"ev":"page_build","i":805}
Sep 24 15:13:50.793720 Runner(Flutter)[2653] <Notice>: dartnative: ##BENCH## {"tag":"feed1000","t_us":1790242130786467,"ev":"page_build","i":806}
Sep 24 15:13:50.793752 Runner(Flutter)[2653] <Notice>: dartnative: ##BENCH## {"tag":"feed1000","t_us":1790242130786529,"ev":"page_build","i":807}
Sep 24 15:13:50.793780 Runner(Flutter)[2653] <Notice>: dartnative: ##BENCH## {"tag":"feed1000","t_us":1790242130786592,"ev":"page_build","i":808}
Sep 24 15:13:50.793942 Runner(Flutter)[2653] <Notice>: dartnative: ##BENCH## {"tag":"feed1000","t_us":1790242130786619,"ev":"page_build","i":809}
Sep 24 15:13:50.793987 Runner(Flutter)[2653] <Notice>: dartnative: ##BENCH## {"tag":"feed1000","t_us":1790242130786667,"ev":"page_build","i":810}
Sep 24 15:13:50.794124 Runner(Flutter)[2653] <Notice>: dartnative: ##BENCH## {"tag":"feed1000","t_us":1790242130786791,"ev":"page_build","i":811}
Sep 24 15:13:50.794179 Runner(Flutter)[2653] <Notice>: dartnative: ##BENCH## {"tag":"feed1000","t_us":1790242130786864,"ev":"page_build","i":812}
Sep 24 15:13:50.794209 Runner(Flutter)[2653] <Notice>: dartnative: ##BENCH## {"tag":"feed1000","t_us":1790242130786961,"ev":"page_build","i":813}
Sep 24 15:13:50.794243 Runner(Flutter)[2653] <Notice>: dartnative: ##BENCH## {"tag":"feed1000","t_us":1790242130787049,"ev":"page_build","i":814}
Sep 24 15:13:50.794264 Runner(Flutter)[2653] <Notice>: dartnative: ##BENCH## {"tag":"feed1000","t_us":1790242130787107,"ev":"page_build","i":815}
Sep 24 15:13:50.794432 Runner(Flutter)[2653] <Notice>: dartnative: ##BENCH## {"tag":"feed1000","t_us":1790242130787176,"ev":"page_build","i":816}
Sep 24 15:13:50.794805 Runner(Flutter)[2653] <Notice>: dartnative: ##BENCH## {"tag":"feed1000","t_us":1790242130787254,"ev":"page_build","i":817}
Sep 24 15:13:50.794844 Runner(Flutter)[2653] <Notice>: dartnative: ##BENCH## {"tag":"feed1000","t_us":1790242130787337,"ev":"page_build","i":818}
Sep 24 15:13:50.794876 Runner(Flutter)[2653] <Notice>: dartnative: ##BENCH## {"tag":"feed1000","t_us":1790242130787390,"ev":"page_build","i":819}
Sep 24 15:13:50.794888 Runner(Flutter)[2653] <Notice>: dartnative: ##BENCH## {"tag":"feed1000","t_us":1790242130787426,"ev":"page_build","i":820}
Sep 24 15:13:50.794906 Runner(Flutter)[2653] <Notice>: dartnative: ##BENCH## {"tag":"feed1000","t_us":1790242130787462,"ev":"page_build","i":821}
Sep 24 15:13:50.794947 Runner(Flutter)[2653] <Notice>: dartnative: ##BENCH## {"tag":"feed1000","t_us":1790242130787516,"ev":"page_build","i":822}
Sep 24 15:13:50.794967 Runner(Flutter)[2653] <Notice>: dartnative: ##BENCH## {"tag":"feed1000","t_us":1790242130787570,"ev":"page_build","i":823}
Sep 24 15:13:50.795020 Runner(Flutter)[2653] <Notice>: dartnative: ##BENCH## {"tag":"feed1000","t_us":1790242130787666,"ev":"page_build","i":824}
Sep 24 15:13:50.795075 Runner(Flutter)[2653] <Notice>: dartnative: ##BENCH## {"tag":"feed1000","t_us":1790242130787774,"ev":"page_build","i":825}
Sep 24 15:13:50.795101 Runner(Flutter)[2653] <Notice>: dartnative: ##BENCH## {"tag":"feed1000","t_us":1790242130787832,"ev":"page_build","i":826}
Sep 24 15:13:50.795181 Runner(Flutter)[2653] <Notice>: dartnative: ##BENCH## {"tag":"feed1000","t_us":1790242130787896,"ev":"page_build","i":827}
Sep 24 15:13:50.795255 Runner(Flutter)[2653] <Notice>: dartnative: ##BENCH## {"tag":"feed1000","t_us":1790242130787915,"ev":"page_build","i":828}
Sep 24 15:13:50.795308 Runner(Flutter)[2653] <Notice>: dartnative: ##BENCH## {"tag":"feed1000","t_us":1790242130787968,"ev":"page_build","i":829}
Sep 24 15:13:50.795363 Runner(Flutter)[2653] <Notice>: dartnative: ##BENCH## {"tag":"feed1000","t_us":1790242130788039,"ev":"page_build","i":830}
Sep 24 15:13:50.795415 Runner(Flutter)[2653] <Notice>: dartnative: ##BENCH## {"tag":"feed1000","t_us":1790242130788084,"ev":"page_build","i":831}
Sep 24 15:13:50.795445 Runner(Flutter)[2653] <Notice>: dartnative: ##BENCH## {"tag":"feed1000","t_us":1790242130788224,"ev":"page_build","i":832}
Sep 24 15:13:50.795491 Runner(Flutter)[2653] <Notice>: dartnative: ##BENCH## {"tag":"feed1000","t_us":1790242130788293,"ev":"page_build","i":833}
Sep 24 15:13:50.795516 Runner(Flutter)[2653] <Notice>: dartnative: ##BENCH## {"tag":"feed1000","t_us":1790242130788368,"ev":"page_build","i":834}
Sep 24 15:13:50.795567 Runner(Flutter)[2653] <Notice>: dartnative: ##BENCH## {"tag":"feed1000","t_us":1790242130788465,"ev":"page_build","i":835}
Sep 24 15:13:50.795619 Runner(Flutter)[2653] <Notice>: dartnative: ##BENCH## {"tag":"feed1000","t_us":1790242130788556,"ev":"page_build","i":836}
Sep 24 15:13:50.795635 Runner(Flutter)[2653] <Notice>: dartnative: ##BENCH## {"tag":"feed1000","t_us":1790242130788625,"ev":"page_build","i":837}
Sep 24 15:13:50.795663 Runner(Flutter)[2653] <Notice>: dartnative: ##BENCH## {"tag":"feed1000","t_us":1790242130788716,"ev":"page_build","i":838}
Sep 24 15:13:50.795680 Runner(Flutter)[2653] <Notice>: dartnative: ##BENCH## {"tag":"feed1000","t_us":1790242130788795,"ev":"page_build","i":839}
Sep 24 15:13:50.795719 Runner(Flutter)[2653] <Notice>: dartnative: ##BENCH## {"tag":"feed1000","t_us":1790242130788857,"ev":"page_build","i":840}
Sep 24 15:13:50.795726 Runner(Flutter)[2653] <Notice>: dartnative: ##BENCH## {"tag":"feed1000","t_us":1790242130788919,"ev":"page_build","i":841}
Sep 24 15:13:50.795733 Runner(Flutter)[2653] <Notice>: dartnative: ##BENCH## {"tag":"feed1000","t_us":1790242130788999,"ev":"page_build","i":842}
Sep 24 15:13:50.795756 Runner(Flutter)[2653] <Notice>: dartnative: ##BENCH## {"tag":"feed1000","t_us":1790242130789074,"ev":"page_build","i":843}
Sep 24 15:13:50.795763 Runner(Flutter)[2653] <Notice>: dartnative: ##BENCH## {"tag":"feed1000","t_us":1790242130789197,"ev":"page_build","i":844}
Sep 24 15:13:50.795778 Runner(Flutter)[2653] <Notice>: dartnative: ##BENCH## {"tag":"feed1000","t_us":1790242130789246,"ev":"page_build","i":845}
Sep 24 15:13:50.795786 Runner(Flutter)[2653] <Notice>: dartnative: ##BENCH## {"tag":"feed1000","t_us":1790242130789323,"ev":"page_build","i":846}
Sep 24 15:13:50.795943 Runner(Flutter)[2653] <Notice>: dartnative: ##BENCH## {"tag":"feed1000","t_us":1790242130789384,"ev":"page_build","i":847}
Sep 24 15:13:50.795985 Runner(Flutter)[2653] <Notice>: dartnative: ##BENCH## {"tag":"feed1000","t_us":1790242130789523,"ev":"page_build","i":848}
Sep 24 15:13:50.796033 Runner(Flutter)[2653] <Notice>: dartnative: ##BENCH## {"tag":"feed1000","t_us":1790242130789559,"ev":"page_build","i":849}
Sep 24 15:13:50.796289 Runner(Flutter)[2653] <Notice>: dartnative: ##BENCH## {"tag":"feed1000","t_us":1790242130789617,"ev":"page_build","i":850}
Sep 24 15:13:50.796397 Runner(Flutter)[2653] <Notice>: dartnative: ##BENCH## {"tag":"feed1000","t_us":1790242130789688,"ev":"page_build","i":851}
Sep 24 15:13:50.796435 Runner(Flutter)[2653] <Notice>: dartnative: ##BENCH## {"tag":"feed1000","t_us":1790242130789806,"ev":"page_build","i":852}
Sep 24 15:13:50.796610 Runner(Flutter)[2653] <Notice>: dartnative: ##BENCH## {"tag":"feed1000","t_us":1790242130789942,"ev":"page_build","i":853}
Sep 24 15:13:50.796965 Runner(Flutter)[2653] <Notice>: dartnative: ##BENCH## {"tag":"feed1000","t_us":1790242130790083,"ev":"page_build","i":854}
Sep 24 15:13:50.796988 Runner(Flutter)[2653] <Notice>: dartnative: ##BENCH## {"tag":"feed1000","t_us":1790242130790245,"ev":"page_build","i":855}
Sep 24 15:13:50.797009 Runner(Flutter)[2653] <Notice>: dartnative: ##BENCH## {"tag":"feed1000","t_us":1790242130790320,"ev":"page_build","i":856}
Sep 24 15:13:50.797025 Runner(Flutter)[2653] <Notice>: dartnative: ##BENCH## {"tag":"feed1000","t_us":1790242130790394,"ev":"page_build","i":857}
Sep 24 15:13:50.797053 Runner(Flutter)[2653] <Notice>: dartnative: ##BENCH## {"tag":"feed1000","t_us":1790242130790498,"ev":"page_build","i":858}
Sep 24 15:13:50.797069 Runner(Flutter)[2653] <Notice>: dartnative: ##BENCH## {"tag":"feed1000","t_us":1790242130790567,"ev":"page_build","i":859}
Sep 24 15:13:50.797095 Runner(Flutter)[2653] <Notice>: dartnative: ##BENCH## {"tag":"feed1000","t_us":1790242130790628,"ev":"page_build","i":860}
Sep 24 15:13:50.797146 Runner(Flutter)[2653] <Notice>: dartnative: ##BENCH## {"tag":"feed1000","t_us":1790242130790711,"ev":"page_build","i":861}
Sep 24 15:13:50.797162 Runner(Flutter)[2653] <Notice>: dartnative: ##BENCH## {"tag":"feed1000","t_us":1790242130790781,"ev":"page_build","i":862}
Sep 24 15:13:50.797196 Runner(Flutter)[2653] <Notice>: dartnative: ##BENCH## {"tag":"feed1000","t_us":1790242130790825,"ev":"page_build","i":863}
Sep 24 15:13:50.797317 Runner(Flutter)[2653] <Notice>: dartnative: ##BENCH## {"tag":"feed1000","t_us":1790242130790870,"ev":"page_build","i":864}
Sep 24 15:13:50.797362 Runner(Flutter)[2653] <Notice>: dartnative: ##BENCH## {"tag":"feed1000","t_us":1790242130790905,"ev":"page_build","i":865}
Sep 24 15:13:50.797379 Runner(Flutter)[2653] <Notice>: dartnative: ##BENCH## {"tag":"feed1000","t_us":1790242130790976,"ev":"page_build","i":866}
Sep 24 15:13:50.797427 Runner(Flutter)[2653] <Notice>: dartnative: ##BENCH## {"tag":"feed1000","t_us":1790242130791035,"ev":"page_build","i":867}
Sep 24 15:13:50.797481 Runner(Flutter)[2653] <Notice>: dartnative: ##BENCH## {"tag":"feed1000","t_us":1790242130791099,"ev":"page_build","i":868}
Sep 24 15:13:50.797624 Runner(Flutter)[2653] <Notice>: dartnative: ##BENCH## {"tag":"feed1000","t_us":1790242130791164,"ev":"page_build","i":869}
Sep 24 15:13:50.797685 Runner(Flutter)[2653] <Notice>: dartnative: ##BENCH## {"tag":"feed1000","t_us":1790242130791211,"ev":"page_build","i":870}
Sep 24 15:13:50.797857 Runner(Flutter)[2653] <Notice>: dartnative: ##BENCH## {"tag":"feed1000","t_us":1790242130791256,"ev":"page_build","i":871}
Sep 24 15:13:50.797925 Runner(Flutter)[2653] <Notice>: dartnative: ##BENCH## {"tag":"feed1000","t_us":1790242130791323,"ev":"page_build","i":872}
Sep 24 15:13:50.798096 Runner(Flutter)[2653] <Notice>: dartnative: ##BENCH## {"tag":"feed1000","t_us":1790242130791389,"ev":"page_build","i":873}
Sep 24 15:13:50.798249 Runner(Flutter)[2653] <Notice>: dartnative: ##BENCH## {"tag":"feed1000","t_us":1790242130791464,"ev":"page_build","i":874}
Sep 24 15:13:50.798324 Runner(Flutter)[2653] <Notice>: dartnative: ##BENCH## {"tag":"feed1000","t_us":1790242130791480,"ev":"page_build","i":875}
Sep 24 15:13:50.798392 Runner(Flutter)[2653] <Notice>: dartnative: ##BENCH## {"tag":"feed1000","t_us":1790242130791559,"ev":"page_build","i":876}
Sep 24 15:13:50.798433 Runner(Flutter)[2653] <Notice>: dartnative: ##BENCH## {"tag":"feed1000","t_us":1790242130791641,"ev":"page_build","i":877}
Sep 24 15:13:50.798518 Runner(Flutter)[2653] <Notice>: dartnative: ##BENCH## {"tag":"feed1000","t_us":1790242130791680,"ev":"page_build","i":878}
Sep 24 15:13:50.798559 Runner(Flutter)[2653] <Notice>: dartnative: ##BENCH## {"tag":"feed1000","t_us":1790242130791809,"ev":"page_build","i":879}
Sep 24 15:13:50.798608 Runner(Flutter)[2653] <Notice>: dartnative: ##BENCH## {"tag":"feed1000","t_us":1790242130791859,"ev":"page_build","i":880}
Sep 24 15:13:50.798651 Runner(Flutter)[2653] <Notice>: dartnative: ##BENCH## {"tag":"feed1000","t_us":1790242130791945,"ev":"page_build","i":881}
Sep 24 15:13:50.798675 Runner(Flutter)[2653] <Notice>: dartnative: ##BENCH## {"tag":"feed1000","t_us":1790242130792037,"ev":"page_build","i":882}
Sep 24 15:13:50.798694 Runner(Flutter)[2653] <Notice>: dartnative: ##BENCH## {"tag":"feed1000","t_us":1790242130792164,"ev":"page_build","i":883}
Sep 24 15:13:50.798787 Runner(Flutter)[2653] <Notice>: dartnative: ##BENCH## {"tag":"feed1000","t_us":1790242130792268,"ev":"page_build","i":884}
Sep 24 15:13:50.798955 Runner(Flutter)[2653] <Notice>: dartnative: ##BENCH## {"tag":"feed1000","t_us":1790242130792345,"ev":"page_build","i":885}
Sep 24 15:13:50.799181 Runner(Flutter)[2653] <Notice>: dartnative: ##BENCH## {"tag":"feed1000","t_us":1790242130792448,"ev":"page_build","i":886}
Sep 24 15:13:50.799345 Runner(Flutter)[2653] <Notice>: dartnative: ##BENCH## {"tag":"feed1000","t_us":1790242130792526,"ev":"page_build","i":887}
Sep 24 15:13:50.799414 Runner(Flutter)[2653] <Notice>: dartnative: ##BENCH## {"tag":"feed1000","t_us":1790242130792606,"ev":"page_build","i":888}
Sep 24 15:13:50.799515 Runner(Flutter)[2653] <Notice>: dartnative: ##BENCH## {"tag":"feed1000","t_us":1790242130792675,"ev":"page_build","i":889}
Sep 24 15:13:50.799594 Runner(Flutter)[2653] <Notice>: dartnative: ##BENCH## {"tag":"feed1000","t_us":1790242130792717,"ev":"page_build","i":890}
Sep 24 15:13:50.799885 Runner(Flutter)[2653] <Notice>: dartnative: ##BENCH## {"tag":"feed1000","t_us":1790242130792791,"ev":"page_build","i":891}
Sep 24 15:13:50.800020 Runner(Flutter)[2653] <Notice>: dartnative: ##BENCH## {"tag":"feed1000","t_us":1790242130792900,"ev":"page_build","i":892}
Sep 24 15:13:50.800070 Runner(Flutter)[2653] <Notice>: dartnative: ##BENCH## {"tag":"feed1000","t_us":1790242130792964,"ev":"page_build","i":893}
Sep 24 15:13:50.800195 Runner(Flutter)[2653] <Notice>: dartnative: ##BENCH## {"tag":"feed1000","t_us":1790242130793030,"ev":"page_build","i":894}
Sep 24 15:13:50.800334 Runner(Flutter)[2653] <Notice>: dartnative: ##BENCH## {"tag":"feed1000","t_us":1790242130793187,"ev":"page_build","i":895}
Sep 24 15:13:50.800584 Runner(Flutter)[2653] <Notice>: dartnative: ##BENCH## {"tag":"feed1000","t_us":1790242130793245,"ev":"page_build","i":896}
Sep 24 15:13:50.801129 Runner(Flutter)[2653] <Notice>: dartnative: ##BENCH## {"tag":"feed1000","t_us":1790242130793304,"ev":"page_build","i":897}
Sep 24 15:13:50.801175 Runner(Flutter)[2653] <Notice>: dartnative: ##BENCH## {"tag":"feed1000","t_us":1790242130793389,"ev":"page_build","i":898}
Sep 24 15:13:50.801233 Runner(Flutter)[2653] <Notice>: dartnative: ##BENCH## {"tag":"feed1000","t_us":1790242130793486,"ev":"page_build","i":899}
Sep 24 15:13:50.801281 Runner(Flutter)[2653] <Notice>: dartnative: ##BENCH## {"tag":"feed1000","t_us":1790242130793541,"ev":"page_build","i":900}
Sep 24 15:13:50.801321 Runner(Flutter)[2653] <Notice>: dartnative: ##BENCH## {"tag":"feed1000","t_us":1790242130793625,"ev":"page_build","i":901}
Sep 24 15:13:50.801356 Runner(Flutter)[2653] <Notice>: dartnative: ##BENCH## {"tag":"feed1000","t_us":1790242130793715,"ev":"page_build","i":902}
Sep 24 15:13:50.801383 Runner(Flutter)[2653] <Notice>: dartnative: ##BENCH## {"tag":"feed1000","t_us":1790242130793802,"ev":"page_build","i":903}
Sep 24 15:13:50.801521 Runner(Flutter)[2653] <Notice>: dartnative: ##BENCH## {"tag":"feed1000","t_us":1790242130793896,"ev":"page_build","i":904}
Sep 24 15:13:50.801582 Runner(Flutter)[2653] <Notice>: dartnative: ##BENCH## {"tag":"feed1000","t_us":1790242130793999,"ev":"page_build","i":905}
Sep 24 15:13:50.801607 Runner(Flutter)[2653] <Notice>: dartnative: ##BENCH## {"tag":"feed1000","t_us":1790242130794118,"ev":"page_build","i":906}
Sep 24 15:13:50.801655 Runner(Flutter)[2653] <Notice>: dartnative: ##BENCH## {"tag":"feed1000","t_us":1790242130794181,"ev":"page_build","i":907}
Sep 24 15:13:50.801688 Runner(Flutter)[2653] <Notice>: dartnative: ##BENCH## {"tag":"feed1000","t_us":1790242130794250,"ev":"page_build","i":908}
Sep 24 15:13:50.801721 Runner(Flutter)[2653] <Notice>: dartnative: ##BENCH## {"tag":"feed1000","t_us":1790242130794307,"ev":"page_build","i":909}
Sep 24 15:13:50.801811 Runner(Flutter)[2653] <Notice>: dartnative: ##BENCH## {"tag":"feed1000","t_us":1790242130794357,"ev":"page_build","i":910}
Sep 24 15:13:50.802520 Runner(Flutter)[2653] <Notice>: dartnative: ##BENCH## {"tag":"feed1000","t_us":1790242130794479,"ev":"page_build","i":911}
Sep 24 15:13:50.802589 Runner(Flutter)[2653] <Notice>: dartnative: ##BENCH## {"tag":"feed1000","t_us":1790242130794554,"ev":"page_build","i":912}
Sep 24 15:13:50.802723 Runner(Flutter)[2653] <Notice>: dartnative: ##BENCH## {"tag":"feed1000","t_us":1790242130794614,"ev":"page_build","i":913}
Sep 24 15:13:50.802765 Runner(Flutter)[2653] <Notice>: dartnative: ##BENCH## {"tag":"feed1000","t_us":1790242130794678,"ev":"page_build","i":914}
Sep 24 15:13:50.802948 Runner(Flutter)[2653] <Notice>: dartnative: ##BENCH## {"tag":"feed1000","t_us":1790242130794745,"ev":"page_build","i":915}
Sep 24 15:13:50.803135 Runner(Flutter)[2653] <Notice>: dartnative: ##BENCH## {"tag":"feed1000","t_us":1790242130794824,"ev":"page_build","i":916}
Sep 24 15:13:50.803411 Runner(Flutter)[2653] <Notice>: dartnative: ##BENCH## {"tag":"feed1000","t_us":1790242130794889,"ev":"page_build","i":917}
Sep 24 15:13:50.803489 Runner(Flutter)[2653] <Notice>: dartnative: ##BENCH## {"tag":"feed1000","t_us":1790242130794957,"ev":"page_build","i":918}
Sep 24 15:13:50.803554 Runner(Flutter)[2653] <Notice>: dartnative: ##BENCH## {"tag":"feed1000","t_us":1790242130795093,"ev":"page_build","i":919}
Sep 24 15:13:50.803592 Runner(Flutter)[2653] <Notice>: dartnative: ##BENCH## {"tag":"feed1000","t_us":1790242130795139,"ev":"page_build","i":920}
Sep 24 15:13:50.803674 Runner(Flutter)[2653] <Notice>: dartnative: ##BENCH## {"tag":"feed1000","t_us":1790242130795218,"ev":"page_build","i":921}
Sep 24 15:13:50.803762 Runner(Flutter)[2653] <Notice>: dartnative: ##BENCH## {"tag":"feed1000","t_us":1790242130795269,"ev":"page_build","i":922}
Sep 24 15:13:50.803797 Runner(Flutter)[2653] <Notice>: dartnative: ##BENCH## {"tag":"feed1000","t_us":1790242130795351,"ev":"page_build","i":923}
Sep 24 15:13:50.803883 Runner(Flutter)[2653] <Notice>: dartnative: ##BENCH## {"tag":"feed1000","t_us":1790242130795417,"ev":"page_build","i":924}
Sep 24 15:13:50.803926 Runner(Flutter)[2653] <Notice>: dartnative: ##BENCH## {"tag":"feed1000","t_us":1790242130795460,"ev":"page_build","i":925}
Sep 24 15:13:50.804040 Runner(Flutter)[2653] <Notice>: dartnative: ##BENCH## {"tag":"feed1000","t_us":1790242130795525,"ev":"page_build","i":926}
Sep 24 15:13:50.804089 Runner(Flutter)[2653] <Notice>: dartnative: ##BENCH## {"tag":"feed1000","t_us":1790242130795620,"ev":"page_build","i":927}
Sep 24 15:13:50.804116 Runner(Flutter)[2653] <Notice>: dartnative: ##BENCH## {"tag":"feed1000","t_us":1790242130795690,"ev":"page_build","i":928}
Sep 24 15:13:50.804131 Runner(Flutter)[2653] <Notice>: dartnative: ##BENCH## {"tag":"feed1000","t_us":1790242130795787,"ev":"page_build","i":929}
Sep 24 15:13:50.804194 Runner(Flutter)[2653] <Notice>: dartnative: ##BENCH## {"tag":"feed1000","t_us":1790242130795851,"ev":"page_build","i":930}
Sep 24 15:13:50.804246 Runner(Flutter)[2653] <Notice>: dartnative: ##BENCH## {"tag":"feed1000","t_us":1790242130795907,"ev":"page_build","i":931}
Sep 24 15:13:50.804331 Runner(Flutter)[2653] <Notice>: dartnative: ##BENCH## {"tag":"feed1000","t_us":1790242130795966,"ev":"page_build","i":932}
Sep 24 15:13:50.804373 Runner(Flutter)[2653] <Notice>: dartnative: ##BENCH## {"tag":"feed1000","t_us":1790242130796011,"ev":"page_build","i":933}
Sep 24 15:13:50.804391 Runner(Flutter)[2653] <Notice>: dartnative: ##BENCH## {"tag":"feed1000","t_us":1790242130796101,"ev":"page_build","i":934}
Sep 24 15:13:50.804416 Runner(Flutter)[2653] <Notice>: dartnative: ##BENCH## {"tag":"feed1000","t_us":1790242130796142,"ev":"page_build","i":935}
Sep 24 15:13:50.804515 Runner(Flutter)[2653] <Notice>: dartnative: ##BENCH## {"tag":"feed1000","t_us":1790242130796202,"ev":"page_build","i":936}
Sep 24 15:13:50.804546 Runner(Flutter)[2653] <Notice>: dartnative: ##BENCH## {"tag":"feed1000","t_us":1790242130796241,"ev":"page_build","i":937}
Sep 24 15:13:50.804580 Runner(Flutter)[2653] <Notice>: dartnative: ##BENCH## {"tag":"feed1000","t_us":1790242130796354,"ev":"page_build","i":938}
Sep 24 15:13:50.804684 Runner(Flutter)[2653] <Notice>: dartnative: ##BENCH## {"tag":"feed1000","t_us":1790242130796474,"ev":"page_build","i":939}
Sep 24 15:13:50.804781 Runner(Flutter)[2653] <Notice>: dartnative: ##BENCH## {"tag":"feed1000","t_us":1790242130796539,"ev":"page_build","i":940}
Sep 24 15:13:50.805034 Runner(Flutter)[2653] <Notice>: dartnative: ##BENCH## {"tag":"feed1000","t_us":1790242130796625,"ev":"page_build","i":941}
Sep 24 15:13:50.805198 Runner(Flutter)[2653] <Notice>: dartnative: ##BENCH## {"tag":"feed1000","t_us":1790242130796701,"ev":"page_build","i":942}
Sep 24 15:13:50.805242 Runner(Flutter)[2653] <Notice>: dartnative: ##BENCH## {"tag":"feed1000","t_us":1790242130796738,"ev":"page_build","i":943}
Sep 24 15:13:50.805290 Runner(Flutter)[2653] <Notice>: dartnative: ##BENCH## {"tag":"feed1000","t_us":1790242130796786,"ev":"page_build","i":944}
Sep 24 15:13:50.805341 Runner(Flutter)[2653] <Notice>: dartnative: ##BENCH## {"tag":"feed1000","t_us":1790242130796891,"ev":"page_build","i":945}
Sep 24 15:13:50.805375 Runner(Flutter)[2653] <Notice>: dartnative: ##BENCH## {"tag":"feed1000","t_us":1790242130796949,"ev":"page_build","i":946}
Sep 24 15:13:50.805400 Runner(Flutter)[2653] <Notice>: dartnative: ##BENCH## {"tag":"feed1000","t_us":1790242130797051,"ev":"page_build","i":947}
Sep 24 15:13:50.805535 Runner(Flutter)[2653] <Notice>: dartnative: ##BENCH## {"tag":"feed1000","t_us":1790242130797124,"ev":"page_build","i":948}
Sep 24 15:13:50.805712 Runner(Flutter)[2653] <Notice>: dartnative: ##BENCH## {"tag":"feed1000","t_us":1790242130797174,"ev":"page_build","i":949}
Sep 24 15:13:50.805769 Runner(Flutter)[2653] <Notice>: dartnative: ##BENCH## {"tag":"feed1000","t_us":1790242130797242,"ev":"page_build","i":950}
Sep 24 15:13:50.805803 Runner(Flutter)[2653] <Notice>: dartnative: ##BENCH## {"tag":"feed1000","t_us":1790242130797276,"ev":"page_build","i":951}
Sep 24 15:13:50.805976 Runner(Flutter)[2653] <Notice>: dartnative: ##BENCH## {"tag":"feed1000","t_us":1790242130797348,"ev":"page_build","i":952}
Sep 24 15:13:50.806015 Runner(Flutter)[2653] <Notice>: dartnative: ##BENCH## {"tag":"feed1000","t_us":1790242130797420,"ev":"page_build","i":953}
Sep 24 15:13:50.806131 Runner(Flutter)[2653] <Notice>: dartnative: ##BENCH## {"tag":"feed1000","t_us":1790242130797520,"ev":"page_build","i":954}
Sep 24 15:13:50.806185 Runner(Flutter)[2653] <Notice>: dartnative: ##BENCH## {"tag":"feed1000","t_us":1790242130797591,"ev":"page_build","i":955}
Sep 24 15:13:50.806201 Runner(Flutter)[2653] <Notice>: dartnative: ##BENCH## {"tag":"feed1000","t_us":1790242130797660,"ev":"page_build","i":956}
Sep 24 15:13:50.806258 Runner(Flutter)[2653] <Notice>: dartnative: ##BENCH## {"tag":"feed1000","t_us":1790242130797768,"ev":"page_build","i":957}
Sep 24 15:13:50.806307 Runner(Flutter)[2653] <Notice>: dartnative: ##BENCH## {"tag":"feed1000","t_us":1790242130797855,"ev":"page_build","i":958}
Sep 24 15:13:50.806373 Runner(Flutter)[2653] <Notice>: dartnative: ##BENCH## {"tag":"feed1000","t_us":1790242130797978,"ev":"page_build","i":959}
Sep 24 15:13:50.806566 Runner(Flutter)[2653] <Notice>: dartnative: ##BENCH## {"tag":"feed1000","t_us":1790242130798034,"ev":"page_build","i":960}
Sep 24 15:13:50.806608 Runner(Flutter)[2653] <Notice>: dartnative: ##BENCH## {"tag":"feed1000","t_us":1790242130798071,"ev":"page_build","i":961}
Sep 24 15:13:50.806747 Runner(Flutter)[2653] <Notice>: dartnative: ##BENCH## {"tag":"feed1000","t_us":1790242130798144,"ev":"page_build","i":962}
Sep 24 15:13:50.806893 Runner(Flutter)[2653] <Notice>: dartnative: ##BENCH## {"tag":"feed1000","t_us":1790242130798209,"ev":"page_build","i":963}
Sep 24 15:13:50.806927 Runner(Flutter)[2653] <Notice>: dartnative: ##BENCH## {"tag":"feed1000","t_us":1790242130798243,"ev":"page_build","i":964}
Sep 24 15:13:50.807004 Runner(Flutter)[2653] <Notice>: dartnative: ##BENCH## {"tag":"feed1000","t_us":1790242130798344,"ev":"page_build","i":965}
Sep 24 15:13:50.807026 Runner(Flutter)[2653] <Notice>: dartnative: ##BENCH## {"tag":"feed1000","t_us":1790242130798379,"ev":"page_build","i":966}
Sep 24 15:13:50.807080 Runner(Flutter)[2653] <Notice>: dartnative: ##BENCH## {"tag":"feed1000","t_us":1790242130798455,"ev":"page_build","i":967}
Sep 24 15:13:50.807127 Runner(Flutter)[2653] <Notice>: dartnative: ##BENCH## {"tag":"feed1000","t_us":1790242130798532,"ev":"page_build","i":968}
Sep 24 15:13:50.807145 Runner(Flutter)[2653] <Notice>: dartnative: ##BENCH## {"tag":"feed1000","t_us":1790242130798597,"ev":"page_build","i":969}
Sep 24 15:13:50.807207 Runner(Flutter)[2653] <Notice>: dartnative: ##BENCH## {"tag":"feed1000","t_us":1790242130798648,"ev":"page_build","i":970}
Sep 24 15:13:50.807235 Runner(Flutter)[2653] <Notice>: dartnative: ##BENCH## {"tag":"feed1000","t_us":1790242130798800,"ev":"page_build","i":971}
Sep 24 15:13:50.807256 Runner(Flutter)[2653] <Notice>: dartnative: ##BENCH## {"tag":"feed1000","t_us":1790242130798872,"ev":"page_build","i":972}
Sep 24 15:13:50.807288 Runner(Flutter)[2653] <Notice>: dartnative: ##BENCH## {"tag":"feed1000","t_us":1790242130798929,"ev":"page_build","i":973}
Sep 24 15:13:50.807320 Runner(Flutter)[2653] <Notice>: dartnative: ##BENCH## {"tag":"feed1000","t_us":1790242130798985,"ev":"page_build","i":974}
Sep 24 15:13:50.807345 Runner(Flutter)[2653] <Notice>: dartnative: ##BENCH## {"tag":"feed1000","t_us":1790242130799037,"ev":"page_build","i":975}
Sep 24 15:13:50.807381 Runner(Flutter)[2653] <Notice>: dartnative: ##BENCH## {"tag":"feed1000","t_us":1790242130799070,"ev":"page_build","i":976}
Sep 24 15:13:50.807406 Runner(Flutter)[2653] <Notice>: dartnative: ##BENCH## {"tag":"feed1000","t_us":1790242130799108,"ev":"page_build","i":977}
Sep 24 15:13:50.807430 Runner(Flutter)[2653] <Notice>: dartnative: ##BENCH## {"tag":"feed1000","t_us":1790242130799174,"ev":"page_build","i":978}
Sep 24 15:13:50.807446 Runner(Flutter)[2653] <Notice>: dartnative: ##BENCH## {"tag":"feed1000","t_us":1790242130799212,"ev":"page_build","i":979}
Sep 24 15:13:50.807457 Runner(Flutter)[2653] <Notice>: dartnative: ##BENCH## {"tag":"feed1000","t_us":1790242130799253,"ev":"page_build","i":980}
Sep 24 15:13:50.807504 Runner(Flutter)[2653] <Notice>: dartnative: ##BENCH## {"tag":"feed1000","t_us":1790242130799317,"ev":"page_build","i":981}
Sep 24 15:13:50.807521 Runner(Flutter)[2653] <Notice>: dartnative: ##BENCH## {"tag":"feed1000","t_us":1790242130799369,"ev":"page_build","i":982}
Sep 24 15:13:50.807572 Runner(Flutter)[2653] <Notice>: dartnative: ##BENCH## {"tag":"feed1000","t_us":1790242130799440,"ev":"page_build","i":983}
Sep 24 15:13:50.807598 Runner(Flutter)[2653] <Notice>: dartnative: ##BENCH## {"tag":"feed1000","t_us":1790242130799512,"ev":"page_build","i":984}
Sep 24 15:13:50.807614 Runner(Flutter)[2653] <Notice>: dartnative: ##BENCH## {"tag":"feed1000","t_us":1790242130799587,"ev":"page_build","i":985}
Sep 24 15:13:50.807663 Runner(Flutter)[2653] <Notice>: dartnative: ##BENCH## {"tag":"feed1000","t_us":1790242130799644,"ev":"page_build","i":986}
Sep 24 15:13:50.807680 Runner(Flutter)[2653] <Notice>: dartnative: ##BENCH## {"tag":"feed1000","t_us":1790242130799681,"ev":"page_build","i":987}
Sep 24 15:13:50.807706 Runner(Flutter)[2653] <Notice>: dartnative: ##BENCH## {"tag":"feed1000","t_us":1790242130799746,"ev":"page_build","i":988}
Sep 24 15:13:50.807714 Runner(Flutter)[2653] <Notice>: dartnative: ##BENCH## {"tag":"feed1000","t_us":1790242130799794,"ev":"page_build","i":989}
Sep 24 15:13:50.807736 Runner(Flutter)[2653] <Notice>: dartnative: ##BENCH## {"tag":"feed1000","t_us":1790242130799842,"ev":"page_build","i":990}
Sep 24 15:13:50.807756 Runner(Flutter)[2653] <Notice>: dartnative: ##BENCH## {"tag":"feed1000","t_us":1790242130799880,"ev":"page_build","i":991}
Sep 24 15:13:50.807773 Runner(Flutter)[2653] <Notice>: dartnative: ##BENCH## {"tag":"feed1000","t_us":1790242130799952,"ev":"page_build","i":992}
Sep 24 15:13:50.807923 Runner(Flutter)[2653] <Notice>: dartnative: ##BENCH## {"tag":"feed1000","t_us":1790242130800027,"ev":"page_build","i":993}
Sep 24 15:13:50.811125 Runner(Flutter)[2653] <Notice>: dartnative: ##BENCH## {"tag":"feed1000","t_us":1790242130800114,"ev":"page_build","i":994}
Sep 24 15:13:50.811185 Runner(Flutter)[2653] <Notice>: dartnative: ##BENCH## {"tag":"feed1000","t_us":1790242130800174,"ev":"page_build","i":995}
Sep 24 15:13:50.811330 Runner(Flutter)[2653] <Notice>: dartnative: ##BENCH## {"tag":"feed1000","t_us":1790242130800245,"ev":"page_build","i":996}
Sep 24 15:13:50.812243 Runner(Flutter)[2653] <Notice>: dartnative: ##BENCH## {"tag":"feed1000","t_us":1790242130800277,"ev":"page_build","i":997}
Sep 24 15:13:50.812320 Runner(Flutter)[2653] <Notice>: dartnative: ##BENCH## {"tag":"feed1000","t_us":1790242130800404,"ev":"page_build","i":998}
Sep 24 15:13:50.812439 Runner(Flutter)[2653] <Notice>: dartnative: ##BENCH## {"tag":"feed1000","t_us":1790242130800456,"ev":"page_build","i":999}
Sep 24 15:13:52.905877 Runner(Flutter)[2653] <Notice>: dartnative: ##BENCH## {"tag":"feed1000","t_us":1790242132905826,"ev":"first_frame"}
Sep 24 15:13:53.415496 Runner(Flutter)[2653] <Notice>: dartnative: ##BENCH## {"tag":"feed1000","t_us":1790242133415174,"ev":"ctrl_ready","i":1}
Sep 24 15:13:53.415607 Runner(Flutter)[2653] <Notice>: dartnative: ##BENCH## {"tag":"feed1000","t_us":1790242133415233,"ev":"ctrl_ready","i":2}
Sep 24 15:13:53.415683 Runner(Flutter)[2653] <Notice>: dartnative: ##BENCH## {"tag":"feed1000","t_us":1790242133415389,"ev":"page_build","i":0}
Sep 24 15:13:53.415992 Runner(Flutter)[2653] <Notice>: dartnative: ##BENCH## {"tag":"feed1000","t_us":1790242133415634,"ev":"page_build","i":1}
Sep 24 15:13:53.746876 Runner(Flutter)[2653] <Notice>: dartnative: ##BENCH## {"tag":"feed1000","t_us":1790242133746805,"ev":"page_build","i":2}
Sep 24 15:13:53.748102 Runner(Flutter)[2653] <Notice>: dartnative: ##BENCH## {"tag":"feed1000","t_us":1790242133747969,"ev":"page_build","i":3}
Sep 24 15:13:53.748197 Runner(Flutter)[2653] <Notice>: dartnative: ##BENCH## {"tag":"feed1000","t_us":1790242133748094,"ev":"page_build","i":4}
Sep 24 15:13:53.748216 Runner(Flutter)[2653] <Notice>: dartnative: ##BENCH## {"tag":"feed1000","t_us":1790242133748155,"ev":"page_build","i":5}
Sep 24 15:13:53.748346 Runner(Flutter)[2653] <Notice>: dartnative: ##BENCH## {"tag":"feed1000","t_us":1790242133748259,"ev":"page_build","i":6}
Sep 24 15:13:53.748467 Runner(Flutter)[2653] <Notice>: dartnative: ##BENCH## {"tag":"feed1000","t_us":1790242133748385,"ev":"page_build","i":7}
Sep 24 15:13:53.748512 Runner(Flutter)[2653] <Notice>: dartnative: ##BENCH## {"tag":"feed1000","t_us":1790242133748470,"ev":"page_build","i":8}
Sep 24 15:13:53.748589 Runner(Flutter)[2653] <Notice>: dartnative: ##BENCH## {"tag":"feed1000","t_us":1790242133748518,"ev":"page_build","i":9}
Sep 24 15:13:53.748635 Runner(Flutter)[2653] <Notice>: dartnative: ##BENCH## {"tag":"feed1000","t_us":1790242133748591,"ev":"page_build","i":10}
Sep 24 15:13:53.748776 Runner(Flutter)[2653] <Notice>: dartnative: ##BENCH## {"tag":"feed1000","t_us":1790242133748663,"ev":"page_build","i":11}
Sep 24 15:13:53.748837 Runner(Flutter)[2653] <Notice>: dartnative: ##BENCH## {"tag":"feed1000","t_us":1790242133748706,"ev":"page_build","i":12}
Sep 24 15:13:53.748891 Runner(Flutter)[2653] <Notice>: dartnative: ##BENCH## {"tag":"feed1000","t_us":1790242133748743,"ev":"page_build","i":13}
Sep 24 15:13:53.748923 Runner(Flutter)[2653] <Notice>: dartnative: ##BENCH## {"tag":"feed1000","t_us":1790242133748803,"ev":"page_build","i":14}
Sep 24 15:13:53.749005 Runner(Flutter)[2653] <Notice>: dartnative: ##BENCH## {"tag":"feed1000","t_us":1790242133748895,"ev":"page_build","i":15}
Sep 24 15:13:53.749123 Runner(Flutter)[2653] <Notice>: dartnative: ##BENCH## {"tag":"feed1000","t_us":1790242133749057,"ev":"page_build","i":16}
Sep 24 15:13:53.749241 Runner(Flutter)[2653] <Notice>: dartnative: ##BENCH## {"tag":"feed1000","t_us":1790242133749136,"ev":"page_build","i":17}
Sep 24 15:13:53.749317 Runner(Flutter)[2653] <Notice>: dartnative: ##BENCH## {"tag":"feed1000","t_us":1790242133749185,"ev":"page_build","i":18}
Sep 24 15:13:53.749398 Runner(Flutter)[2653] <Notice>: dartnative: ##BENCH## {"tag":"feed1000","t_us":1790242133749225,"ev":"page_build","i":19}
Sep 24 15:13:53.749443 Runner(Flutter)[2653] <Notice>: dartnative: ##BENCH## {"tag":"feed1000","t_us":1790242133749329,"ev":"page_build","i":20}
Sep 24 15:13:53.749490 Runner(Flutter)[2653] <Notice>: dartnative: ##BENCH## {"tag":"feed1000","t_us":1790242133749410,"ev":"page_build","i":21}
Sep 24 15:13:53.749653 Runner(Flutter)[2653] <Notice>: dartnative: ##BENCH## {"tag":"feed1000","t_us":1790242133749465,"ev":"page_build","i":22}
Sep 24 15:13:53.749678 Runner(Flutter)[2653] <Notice>: dartnative: ##BENCH## {"tag":"feed1000","t_us":1790242133749550,"ev":"page_build","i":23}
Sep 24 15:13:53.749790 Runner(Flutter)[2653] <Notice>: dartnative: ##BENCH## {"tag":"feed1000","t_us":1790242133749619,"ev":"page_build","i":24}
Sep 24 15:13:53.749965 Runner(Flutter)[2653] <Notice>: dartnative: ##BENCH## {"tag":"feed1000","t_us":1790242133749660,"ev":"page_build","i":25}
Sep 24 15:13:53.750003 Runner(Flutter)[2653] <Notice>: dartnative: ##BENCH## {"tag":"feed1000","t_us":1790242133749697,"ev":"page_build","i":26}
Sep 24 15:13:53.750046 Runner(Flutter)[2653] <Notice>: dartnative: ##BENCH## {"tag":"feed1000","t_us":1790242133749780,"ev":"page_build","i":27}
Sep 24 15:13:53.750112 Runner(Flutter)[2653] <Notice>: dartnative: ##BENCH## {"tag":"feed1000","t_us":1790242133749944,"ev":"page_build","i":28}
Sep 24 15:13:53.750226 Runner(Flutter)[2653] <Notice>: dartnative: ##BENCH## {"tag":"feed1000","t_us":1790242133749988,"ev":"page_build","i":29}
Sep 24 15:13:53.750249 Runner(Flutter)[2653] <Notice>: dartnative: ##BENCH## {"tag":"feed1000","t_us":1790242133750028,"ev":"page_build","i":30}
Sep 24 15:13:53.750311 Runner(Flutter)[2653] <Notice>: dartnative: ##BENCH## {"tag":"feed1000","t_us":1790242133750118,"ev":"page_build","i":31}
Sep 24 15:13:53.750371 Runner(Flutter)[2653] <Notice>: dartnative: ##BENCH## {"tag":"feed1000","t_us":1790242133750155,"ev":"page_build","i":32}
Sep 24 15:13:53.750436 Runner(Flutter)[2653] <Notice>: dartnative: ##BENCH## {"tag":"feed1000","t_us":1790242133750277,"ev":"page_build","i":33}
Sep 24 15:13:53.750521 Runner(Flutter)[2653] <Notice>: dartnative: ##BENCH## {"tag":"feed1000","t_us":1790242133750467,"ev":"page_build","i":34}
Sep 24 15:13:53.750611 Runner(Flutter)[2653] <Notice>: dartnative: ##BENCH## {"tag":"feed1000","t_us":1790242133750516,"ev":"page_build","i":35}
Sep 24 15:13:53.750626 Runner(Flutter)[2653] <Notice>: dartnative: ##BENCH## {"tag":"feed1000","t_us":1790242133750576,"ev":"page_build","i":36}
Sep 24 15:13:53.750675 Runner(Flutter)[2653] <Notice>: dartnative: ##BENCH## {"tag":"feed1000","t_us":1790242133750615,"ev":"page_build","i":37}
Sep 24 15:13:53.750786 Runner(Flutter)[2653] <Notice>: dartnative: ##BENCH## {"tag":"feed1000","t_us":1790242133750741,"ev":"page_build","i":38}
Sep 24 15:13:53.750827 Runner(Flutter)[2653] <Notice>: dartnative: ##BENCH## {"tag":"feed1000","t_us":1790242133750780,"ev":"page_build","i":39}
Sep 24 15:13:53.750882 Runner(Flutter)[2653] <Notice>: dartnative: ##BENCH## {"tag":"feed1000","t_us":1790242133750827,"ev":"page_build","i":40}
Sep 24 15:13:53.750960 Runner(Flutter)[2653] <Notice>: dartnative: ##BENCH## {"tag":"feed1000","t_us":1790242133750901,"ev":"page_build","i":41}
Sep 24 15:13:53.751054 Runner(Flutter)[2653] <Notice>: dartnative: ##BENCH## {"tag":"feed1000","t_us":1790242133751006,"ev":"page_build","i":42}
Sep 24 15:13:53.751091 Runner(Flutter)[2653] <Notice>: dartnative: ##BENCH## {"tag":"feed1000","t_us":1790242133751045,"ev":"page_build","i":43}
Sep 24 15:13:53.752933 Runner(Flutter)[2653] <Notice>: dartnative: ##BENCH## {"tag":"feed1000","t_us":1790242133752864,"ev":"page_build","i":44}
Sep 24 15:13:53.753090 Runner(Flutter)[2653] <Notice>: dartnative: ##BENCH## {"tag":"feed1000","t_us":1790242133752927,"ev":"page_build","i":45}
Sep 24 15:13:53.753106 Runner(Flutter)[2653] <Notice>: dartnative: ##BENCH## {"tag":"feed1000","t_us":1790242133752976,"ev":"page_build","i":46}
Sep 24 15:13:53.753123 Runner(Flutter)[2653] <Notice>: dartnative: ##BENCH## {"tag":"feed1000","t_us":1790242133753013,"ev":"page_build","i":47}
Sep 24 15:13:53.753139 Runner(Flutter)[2653] <Notice>: dartnative: ##BENCH## {"tag":"feed1000","t_us":1790242133753043,"ev":"page_build","i":48}
Sep 24 15:13:53.753150 Runner(Flutter)[2653] <Notice>: dartnative: ##BENCH## {"tag":"feed1000","t_us":1790242133753082,"ev":"page_build","i":49}
Sep 24 15:13:53.753198 Runner(Flutter)[2653] <Notice>: dartnative: ##BENCH## {"tag":"feed1000","t_us":1790242133753146,"ev":"page_build","i":50}
Sep 24 15:13:53.753271 Runner(Flutter)[2653] <Notice>: dartnative: ##BENCH## {"tag":"feed1000","t_us":1790242133753209,"ev":"page_build","i":51}
Sep 24 15:13:53.753311 Runner(Flutter)[2653] <Notice>: dartnative: ##BENCH## {"tag":"feed1000","t_us":1790242133753267,"ev":"page_build","i":52}
Sep 24 15:13:53.753363 Runner(Flutter)[2653] <Notice>: dartnative: ##BENCH## {"tag":"feed1000","t_us":1790242133753306,"ev":"page_build","i":53}
Sep 24 15:13:53.753414 Runner(Flutter)[2653] <Notice>: dartnative: ##BENCH## {"tag":"feed1000","t_us":1790242133753362,"ev":"page_build","i":54}
Sep 24 15:13:53.753450 Runner(Flutter)[2653] <Notice>: dartnative: ##BENCH## {"tag":"feed1000","t_us":1790242133753413,"ev":"page_build","i":55}
Sep 24 15:13:53.753500 Runner(Flutter)[2653] <Notice>: dartnative: ##BENCH## {"tag":"feed1000","t_us":1790242133753454,"ev":"page_build","i":56}
Sep 24 15:13:53.753581 Runner(Flutter)[2653] <Notice>: dartnative: ##BENCH## {"tag":"feed1000","t_us":1790242133753498,"ev":"page_build","i":57}
Sep 24 15:13:53.753595 Runner(Flutter)[2653] <Notice>: dartnative: ##BENCH## {"tag":"feed1000","t_us":1790242133753546,"ev":"page_build","i":58}
Sep 24 15:13:53.753631 Runner(Flutter)[2653] <Notice>: dartnative: ##BENCH## {"tag":"feed1000","t_us":1790242133753580,"ev":"page_build","i":59}
Sep 24 15:13:53.753683 Runner(Flutter)[2653] <Notice>: dartnative: ##BENCH## {"tag":"feed1000","t_us":1790242133753642,"ev":"page_build","i":60}
Sep 24 15:13:53.753735 Runner(Flutter)[2653] <Notice>: dartnative: ##BENCH## {"tag":"feed1000","t_us":1790242133753689,"ev":"page_build","i":61}
Sep 24 15:13:53.753818 Runner(Flutter)[2653] <Notice>: dartnative: ##BENCH## {"tag":"feed1000","t_us":1790242133753734,"ev":"page_build","i":62}
Sep 24 15:13:53.753833 Runner(Flutter)[2653] <Notice>: dartnative: ##BENCH## {"tag":"feed1000","t_us":1790242133753782,"ev":"page_build","i":63}
Sep 24 15:13:53.753867 Runner(Flutter)[2653] <Notice>: dartnative: ##BENCH## {"tag":"feed1000","t_us":1790242133753815,"ev":"page_build","i":64}
Sep 24 15:13:53.753918 Runner(Flutter)[2653] <Notice>: dartnative: ##BENCH## {"tag":"feed1000","t_us":1790242133753870,"ev":"page_build","i":65}
Sep 24 15:13:53.754015 Runner(Flutter)[2653] <Notice>: dartnative: ##BENCH## {"tag":"feed1000","t_us":1790242133753983,"ev":"page_build","i":66}
Sep 24 15:13:53.754087 Runner(Flutter)[2653] <Notice>: dartnative: ##BENCH## {"tag":"feed1000","t_us":1790242133754017,"ev":"page_build","i":67}
Sep 24 15:13:53.754107 Runner(Flutter)[2653] <Notice>: dartnative: ##BENCH## {"tag":"feed1000","t_us":1790242133754057,"ev":"page_build","i":68}
Sep 24 15:13:53.754144 Runner(Flutter)[2653] <Notice>: dartnative: ##BENCH## {"tag":"feed1000","t_us":1790242133754090,"ev":"page_build","i":69}
Sep 24 15:13:53.754207 Runner(Flutter)[2653] <Notice>: dartnative: ##BENCH## {"tag":"feed1000","t_us":1790242133754145,"ev":"page_build","i":70}
Sep 24 15:13:53.754288 Runner(Flutter)[2653] <Notice>: dartnative: ##BENCH## {"tag":"feed1000","t_us":1790242133754201,"ev":"page_build","i":71}
Sep 24 15:13:53.754302 Runner(Flutter)[2653] <Notice>: dartnative: ##BENCH## {"tag":"feed1000","t_us":1790242133754255,"ev":"page_build","i":72}
Sep 24 15:13:53.754338 Runner(Flutter)[2653] <Notice>: dartnative: ##BENCH## {"tag":"feed1000","t_us":1790242133754291,"ev":"page_build","i":73}
Sep 24 15:13:53.754384 Runner(Flutter)[2653] <Notice>: dartnative: ##BENCH## {"tag":"feed1000","t_us":1790242133754343,"ev":"page_build","i":74}
Sep 24 15:13:53.754490 Runner(Flutter)[2653] <Notice>: dartnative: ##BENCH## {"tag":"feed1000","t_us":1790242133754413,"ev":"page_build","i":75}
Sep 24 15:13:53.754508 Runner(Flutter)[2653] <Notice>: dartnative: ##BENCH## {"tag":"feed1000","t_us":1790242133754450,"ev":"page_build","i":76}
Sep 24 15:13:53.754560 Runner(Flutter)[2653] <Notice>: dartnative: ##BENCH## {"tag":"feed1000","t_us":1790242133754483,"ev":"page_build","i":77}
Sep 24 15:13:53.754575 Runner(Flutter)[2653] <Notice>: dartnative: ##BENCH## {"tag":"feed1000","t_us":1790242133754537,"ev":"page_build","i":78}
Sep 24 15:13:53.754630 Runner(Flutter)[2653] <Notice>: dartnative: ##BENCH## {"tag":"feed1000","t_us":1790242133754570,"ev":"page_build","i":79}
Sep 24 15:13:53.754694 Runner(Flutter)[2653] <Notice>: dartnative: ##BENCH## {"tag":"feed1000","t_us":1790242133754623,"ev":"page_build","i":80}
Sep 24 15:13:53.754737 Runner(Flutter)[2653] <Notice>: dartnative: ##BENCH## {"tag":"feed1000","t_us":1790242133754689,"ev":"page_build","i":81}
Sep 24 15:13:53.754786 Runner(Flutter)[2653] <Notice>: dartnative: ##BENCH## {"tag":"feed1000","t_us":1790242133754735,"ev":"page_build","i":82}
Sep 24 15:13:53.754850 Runner(Flutter)[2653] <Notice>: dartnative: ##BENCH## {"tag":"feed1000","t_us":1790242133754787,"ev":"page_build","i":83}
Sep 24 15:13:53.754896 Runner(Flutter)[2653] <Notice>: dartnative: ##BENCH## {"tag":"feed1000","t_us":1790242133754855,"ev":"page_build","i":84}
Sep 24 15:13:53.754946 Runner(Flutter)[2653] <Notice>: dartnative: ##BENCH## {"tag":"feed1000","t_us":1790242133754900,"ev":"page_build","i":85}
Sep 24 15:13:53.755042 Runner(Flutter)[2653] <Notice>: dartnative: ##BENCH## {"tag":"feed1000","t_us":1790242133754957,"ev":"page_build","i":86}
Sep 24 15:13:53.755056 Runner(Flutter)[2653] <Notice>: dartnative: ##BENCH## {"tag":"feed1000","t_us":1790242133755009,"ev":"page_build","i":87}
Sep 24 15:13:53.755105 Runner(Flutter)[2653] <Notice>: dartnative: ##BENCH## {"tag":"feed1000","t_us":1790242133755041,"ev":"page_build","i":88}
Sep 24 15:13:53.755152 Runner(Flutter)[2653] <Notice>: dartnative: ##BENCH## {"tag":"feed1000","t_us":1790242133755092,"ev":"page_build","i":89}
Sep 24 15:13:53.755200 Runner(Flutter)[2653] <Notice>: dartnative: ##BENCH## {"tag":"feed1000","t_us":1790242133755158,"ev":"page_build","i":90}
Sep 24 15:13:53.755261 Runner(Flutter)[2653] <Notice>: dartnative: ##BENCH## {"tag":"feed1000","t_us":1790242133755207,"ev":"page_build","i":91}
Sep 24 15:13:53.755317 Runner(Flutter)[2653] <Notice>: dartnative: ##BENCH## {"tag":"feed1000","t_us":1790242133755263,"ev":"page_build","i":92}
Sep 24 15:13:53.755375 Runner(Flutter)[2653] <Notice>: dartnative: ##BENCH## {"tag":"feed1000","t_us":1790242133755326,"ev":"page_build","i":93}
Sep 24 15:13:53.755430 Runner(Flutter)[2653] <Notice>: dartnative: ##BENCH## {"tag":"feed1000","t_us":1790242133755379,"ev":"page_build","i":94}
Sep 24 15:13:53.755532 Runner(Flutter)[2653] <Notice>: dartnative: ##BENCH## {"tag":"feed1000","t_us":1790242133755459,"ev":"page_build","i":95}
Sep 24 15:13:53.755547 Runner(Flutter)[2653] <Notice>: dartnative: ##BENCH## {"tag":"feed1000","t_us":1790242133755492,"ev":"page_build","i":96}
Sep 24 15:13:53.755597 Runner(Flutter)[2653] <Notice>: dartnative: ##BENCH## {"tag":"feed1000","t_us":1790242133755524,"ev":"page_build","i":97}
Sep 24 15:13:53.755639 Runner(Flutter)[2653] <Notice>: dartnative: ##BENCH## {"tag":"feed1000","t_us":1790242133755589,"ev":"page_build","i":98}
Sep 24 15:13:53.755690 Runner(Flutter)[2653] <Notice>: dartnative: ##BENCH## {"tag":"feed1000","t_us":1790242133755638,"ev":"page_build","i":99}
Sep 24 15:13:53.755785 Runner(Flutter)[2653] <Notice>: dartnative: ##BENCH## {"tag":"feed1000","t_us":1790242133755709,"ev":"page_build","i":100}
Sep 24 15:13:53.755799 Runner(Flutter)[2653] <Notice>: dartnative: ##BENCH## {"tag":"feed1000","t_us":1790242133755751,"ev":"page_build","i":101}
Sep 24 15:13:53.755833 Runner(Flutter)[2653] <Notice>: dartnative: ##BENCH## {"tag":"feed1000","t_us":1790242133755781,"ev":"page_build","i":102}
Sep 24 15:13:53.755888 Runner(Flutter)[2653] <Notice>: dartnative: ##BENCH## {"tag":"feed1000","t_us":1790242133755824,"ev":"page_build","i":103}
Sep 24 15:13:53.755933 Runner(Flutter)[2653] <Notice>: dartnative: ##BENCH## {"tag":"feed1000","t_us":1790242133755894,"ev":"page_build","i":104}
Sep 24 15:13:53.756028 Runner(Flutter)[2653] <Notice>: dartnative: ##BENCH## {"tag":"feed1000","t_us":1790242133755938,"ev":"page_build","i":105}
Sep 24 15:13:53.756045 Runner(Flutter)[2653] <Notice>: dartnative: ##BENCH## {"tag":"feed1000","t_us":1790242133755995,"ev":"page_build","i":106}
Sep 24 15:13:53.756101 Runner(Flutter)[2653] <Notice>: dartnative: ##BENCH## {"tag":"feed1000","t_us":1790242133756028,"ev":"page_build","i":107}
Sep 24 15:13:53.756153 Runner(Flutter)[2653] <Notice>: dartnative: ##BENCH## {"tag":"feed1000","t_us":1790242133756102,"ev":"page_build","i":108}
Sep 24 15:13:53.756222 Runner(Flutter)[2653] <Notice>: dartnative: ##BENCH## {"tag":"feed1000","t_us":1790242133756154,"ev":"page_build","i":109}
Sep 24 15:13:53.756265 Runner(Flutter)[2653] <Notice>: dartnative: ##BENCH## {"tag":"feed1000","t_us":1790242133756216,"ev":"page_build","i":110}
Sep 24 15:13:53.756313 Runner(Flutter)[2653] <Notice>: dartnative: ##BENCH## {"tag":"feed1000","t_us":1790242133756260,"ev":"page_build","i":111}
Sep 24 15:13:53.756356 Runner(Flutter)[2653] <Notice>: dartnative: ##BENCH## {"tag":"feed1000","t_us":1790242133756309,"ev":"page_build","i":112}
Sep 24 15:13:53.756441 Runner(Flutter)[2653] <Notice>: dartnative: ##BENCH## {"tag":"feed1000","t_us":1790242133756353,"ev":"page_build","i":113}
Sep 24 15:13:53.756458 Runner(Flutter)[2653] <Notice>: dartnative: ##BENCH## {"tag":"feed1000","t_us":1790242133756409,"ev":"page_build","i":114}
Sep 24 15:13:53.756494 Runner(Flutter)[2653] <Notice>: dartnative: ##BENCH## {"tag":"feed1000","t_us":1790242133756442,"ev":"page_build","i":115}
Sep 24 15:13:53.756538 Runner(Flutter)[2653] <Notice>: dartnative: ##BENCH## {"tag":"feed1000","t_us":1790242133756496,"ev":"page_build","i":116}
Sep 24 15:13:53.756638 Runner(Flutter)[2653] <Notice>: dartnative: ##BENCH## {"tag":"feed1000","t_us":1790242133756583,"ev":"page_build","i":117}
Sep 24 15:13:53.756654 Runner(Flutter)[2653] <Notice>: dartnative: ##BENCH## {"tag":"feed1000","t_us":1790242133756618,"ev":"page_build","i":118}
Sep 24 15:13:53.756709 Runner(Flutter)[2653] <Notice>: dartnative: ##BENCH## {"tag":"feed1000","t_us":1790242133756663,"ev":"page_build","i":119}
Sep 24 15:13:53.756752 Runner(Flutter)[2653] <Notice>: dartnative: ##BENCH## {"tag":"feed1000","t_us":1790242133756706,"ev":"page_build","i":120}
Sep 24 15:13:53.756791 Runner(Flutter)[2653] <Notice>: dartnative: ##BENCH## {"tag":"feed1000","t_us":1790242133756746,"ev":"page_build","i":121}
Sep 24 15:13:53.756847 Runner(Flutter)[2653] <Notice>: dartnative: ##BENCH## {"tag":"feed1000","t_us":1790242133756789,"ev":"page_build","i":122}
Sep 24 15:13:53.756958 Runner(Flutter)[2653] <Notice>: dartnative: ##BENCH## {"tag":"feed1000","t_us":1790242133756887,"ev":"page_build","i":123}
Sep 24 15:13:53.756972 Runner(Flutter)[2653] <Notice>: dartnative: ##BENCH## {"tag":"feed1000","t_us":1790242133756926,"ev":"page_build","i":124}
Sep 24 15:13:53.757009 Runner(Flutter)[2653] <Notice>: dartnative: ##BENCH## {"tag":"feed1000","t_us":1790242133756960,"ev":"page_build","i":125}
Sep 24 15:13:53.757058 Runner(Flutter)[2653] <Notice>: dartnative: ##BENCH## {"tag":"feed1000","t_us":1790242133757007,"ev":"page_build","i":126}
Sep 24 15:13:53.757170 Runner(Flutter)[2653] <Notice>: dartnative: ##BENCH## {"tag":"feed1000","t_us":1790242133757065,"ev":"page_build","i":127}
Sep 24 15:13:53.757186 Runner(Flutter)[2653] <Notice>: dartnative: ##BENCH## {"tag":"feed1000","t_us":1790242133757118,"ev":"page_build","i":128}
Sep 24 15:13:53.757404 Runner(Flutter)[2653] <Notice>: dartnative: ##BENCH## {"tag":"feed1000","t_us":1790242133757327,"ev":"page_build","i":129}
Sep 24 15:13:53.757418 Runner(Flutter)[2653] <Notice>: dartnative: ##BENCH## {"tag":"feed1000","t_us":1790242133757363,"ev":"page_build","i":130}
Sep 24 15:13:53.757455 Runner(Flutter)[2653] <Notice>: dartnative: ##BENCH## {"tag":"feed1000","t_us":1790242133757393,"ev":"page_build","i":131}
Sep 24 15:13:53.757494 Runner(Flutter)[2653] <Notice>: dartnative: ##BENCH## {"tag":"feed1000","t_us":1790242133757449,"ev":"page_build","i":132}
Sep 24 15:13:53.757544 Runner(Flutter)[2653] <Notice>: dartnative: ##BENCH## {"tag":"feed1000","t_us":1790242133757501,"ev":"page_build","i":133}
Sep 24 15:13:53.757619 Runner(Flutter)[2653] <Notice>: dartnative: ##BENCH## {"tag":"feed1000","t_us":1790242133757578,"ev":"page_build","i":134}
Sep 24 15:13:53.757660 Runner(Flutter)[2653] <Notice>: dartnative: ##BENCH## {"tag":"feed1000","t_us":1790242133757615,"ev":"page_build","i":135}
Sep 24 15:13:53.757719 Runner(Flutter)[2653] <Notice>: dartnative: ##BENCH## {"tag":"feed1000","t_us":1790242133757659,"ev":"page_build","i":136}
Sep 24 15:13:53.757775 Runner(Flutter)[2653] <Notice>: dartnative: ##BENCH## {"tag":"feed1000","t_us":1790242133757717,"ev":"page_build","i":137}
Sep 24 15:13:53.757819 Runner(Flutter)[2653] <Notice>: dartnative: ##BENCH## {"tag":"feed1000","t_us":1790242133757769,"ev":"page_build","i":138}
Sep 24 15:13:53.757862 Runner(Flutter)[2653] <Notice>: dartnative: ##BENCH## {"tag":"feed1000","t_us":1790242133757825,"ev":"page_build","i":139}
Sep 24 15:13:53.757918 Runner(Flutter)[2653] <Notice>: dartnative: ##BENCH## {"tag":"feed1000","t_us":1790242133757869,"ev":"page_build","i":140}
Sep 24 15:13:53.758088 Runner(Flutter)[2653] <Notice>: dartnative: ##BENCH## {"tag":"feed1000","t_us":1790242133757927,"ev":"page_build","i":141}
Sep 24 15:13:53.758262 Runner(Flutter)[2653] <Notice>: dartnative: ##BENCH## {"tag":"feed1000","t_us":1790242133757982,"ev":"page_build","i":142}
Sep 24 15:13:53.758277 Runner(Flutter)[2653] <Notice>: dartnative: ##BENCH## {"tag":"feed1000","t_us":1790242133758014,"ev":"page_build","i":143}
Sep 24 15:13:53.758337 Runner(Flutter)[2653] <Notice>: dartnative: ##BENCH## {"tag":"feed1000","t_us":1790242133758120,"ev":"page_build","i":144}
Sep 24 15:13:53.758416 Runner(Flutter)[2653] <Notice>: dartnative: ##BENCH## {"tag":"feed1000","t_us":1790242133758196,"ev":"page_build","i":145}
Sep 24 15:13:53.758566 Runner(Flutter)[2653] <Notice>: dartnative: ##BENCH## {"tag":"feed1000","t_us":1790242133758298,"ev":"page_build","i":146}
Sep 24 15:13:53.758607 Runner(Flutter)[2653] <Notice>: dartnative: ##BENCH## {"tag":"feed1000","t_us":1790242133758422,"ev":"page_build","i":147}
Sep 24 15:13:53.758615 Runner(Flutter)[2653] <Notice>: dartnative: ##BENCH## {"tag":"feed1000","t_us":1790242133758514,"ev":"page_build","i":148}
Sep 24 15:13:53.758765 Runner(Flutter)[2653] <Notice>: dartnative: ##BENCH## {"tag":"feed1000","t_us":1790242133758550,"ev":"page_build","i":149}
Sep 24 15:13:53.758848 Runner(Flutter)[2653] <Notice>: dartnative: ##BENCH## {"tag":"feed1000","t_us":1790242133758591,"ev":"page_build","i":150}
Sep 24 15:13:53.758890 Runner(Flutter)[2653] <Notice>: dartnative: ##BENCH## {"tag":"feed1000","t_us":1790242133758680,"ev":"page_build","i":151}
Sep 24 15:13:53.758907 Runner(Flutter)[2653] <Notice>: dartnative: ##BENCH## {"tag":"feed1000","t_us":1790242133758717,"ev":"page_build","i":152}
Sep 24 15:13:53.758974 Runner(Flutter)[2653] <Notice>: dartnative: ##BENCH## {"tag":"feed1000","t_us":1790242133758749,"ev":"page_build","i":153}
Sep 24 15:13:53.758988 Runner(Flutter)[2653] <Notice>: dartnative: ##BENCH## {"tag":"feed1000","t_us":1790242133758846,"ev":"page_build","i":154}
Sep 24 15:13:53.758998 Runner(Flutter)[2653] <Notice>: dartnative: ##BENCH## {"tag":"feed1000","t_us":1790242133758924,"ev":"page_build","i":155}
Sep 24 15:13:53.759041 Runner(Flutter)[2653] <Notice>: dartnative: ##BENCH## {"tag":"feed1000","t_us":1790242133758994,"ev":"page_build","i":156}
Sep 24 15:13:53.759097 Runner(Flutter)[2653] <Notice>: dartnative: ##BENCH## {"tag":"feed1000","t_us":1790242133759033,"ev":"page_build","i":157}
Sep 24 15:13:53.759238 Runner(Flutter)[2653] <Notice>: dartnative: ##BENCH## {"tag":"feed1000","t_us":1790242133759106,"ev":"page_build","i":158}
Sep 24 15:13:53.759298 Runner(Flutter)[2653] <Notice>: dartnative: ##BENCH## {"tag":"feed1000","t_us":1790242133759175,"ev":"page_build","i":159}
Sep 24 15:13:53.759361 Runner(Flutter)[2653] <Notice>: dartnative: ##BENCH## {"tag":"feed1000","t_us":1790242133759210,"ev":"page_build","i":160}
Sep 24 15:13:53.759406 Runner(Flutter)[2653] <Notice>: dartnative: ##BENCH## {"tag":"feed1000","t_us":1790242133759240,"ev":"page_build","i":161}
Sep 24 15:13:53.759426 Runner(Flutter)[2653] <Notice>: dartnative: ##BENCH## {"tag":"feed1000","t_us":1790242133759338,"ev":"page_build","i":162}
Sep 24 15:13:53.759498 Runner(Flutter)[2653] <Notice>: dartnative: ##BENCH## {"tag":"feed1000","t_us":1790242133759451,"ev":"page_build","i":163}
Sep 24 15:13:53.759561 Runner(Flutter)[2653] <Notice>: dartnative: ##BENCH## {"tag":"feed1000","t_us":1790242133759490,"ev":"page_build","i":164}
Sep 24 15:13:53.759663 Runner(Flutter)[2653] <Notice>: dartnative: ##BENCH## {"tag":"feed1000","t_us":1790242133759558,"ev":"page_build","i":165}
Sep 24 15:13:53.759704 Runner(Flutter)[2653] <Notice>: dartnative: ##BENCH## {"tag":"feed1000","t_us":1790242133759656,"ev":"page_build","i":166}
Sep 24 15:13:53.759770 Runner(Flutter)[2653] <Notice>: dartnative: ##BENCH## {"tag":"feed1000","t_us":1790242133759700,"ev":"page_build","i":167}
Sep 24 15:13:53.759838 Runner(Flutter)[2653] <Notice>: dartnative: ##BENCH## {"tag":"feed1000","t_us":1790242133759764,"ev":"page_build","i":168}
Sep 24 15:13:53.759921 Runner(Flutter)[2653] <Notice>: dartnative: ##BENCH## {"tag":"feed1000","t_us":1790242133759837,"ev":"page_build","i":169}
Sep 24 15:13:53.759936 Runner(Flutter)[2653] <Notice>: dartnative: ##BENCH## {"tag":"feed1000","t_us":1790242133759880,"ev":"page_build","i":170}
Sep 24 15:13:53.759968 Runner(Flutter)[2653] <Notice>: dartnative: ##BENCH## {"tag":"feed1000","t_us":1790242133759913,"ev":"page_build","i":171}
Sep 24 15:13:53.760042 Runner(Flutter)[2653] <Notice>: dartnative: ##BENCH## {"tag":"feed1000","t_us":1790242133759958,"ev":"page_build","i":172}
Sep 24 15:13:53.760058 Runner(Flutter)[2653] <Notice>: dartnative: ##BENCH## {"tag":"feed1000","t_us":1790242133760006,"ev":"page_build","i":173}
Sep 24 15:13:53.760112 Runner(Flutter)[2653] <Notice>: dartnative: ##BENCH## {"tag":"feed1000","t_us":1790242133760040,"ev":"page_build","i":174}
Sep 24 15:13:53.760153 Runner(Flutter)[2653] <Notice>: dartnative: ##BENCH## {"tag":"feed1000","t_us":1790242133760105,"ev":"page_build","i":175}
Sep 24 15:13:53.760235 Runner(Flutter)[2653] <Notice>: dartnative: ##BENCH## {"tag":"feed1000","t_us":1790242133760157,"ev":"page_build","i":176}
Sep 24 15:13:53.760250 Runner(Flutter)[2653] <Notice>: dartnative: ##BENCH## {"tag":"feed1000","t_us":1790242133760210,"ev":"page_build","i":177}
Sep 24 15:13:53.760299 Runner(Flutter)[2653] <Notice>: dartnative: ##BENCH## {"tag":"feed1000","t_us":1790242133760244,"ev":"page_build","i":178}
Sep 24 15:13:53.760365 Runner(Flutter)[2653] <Notice>: dartnative: ##BENCH## {"tag":"feed1000","t_us":1790242133760302,"ev":"page_build","i":179}
Sep 24 15:13:53.760408 Runner(Flutter)[2653] <Notice>: dartnative: ##BENCH## {"tag":"feed1000","t_us":1790242133760365,"ev":"page_build","i":180}
Sep 24 15:13:53.760467 Runner(Flutter)[2653] <Notice>: dartnative: ##BENCH## {"tag":"feed1000","t_us":1790242133760411,"ev":"page_build","i":181}
Sep 24 15:13:53.760511 Runner(Flutter)[2653] <Notice>: dartnative: ##BENCH## {"tag":"feed1000","t_us":1790242133760472,"ev":"page_build","i":182}
Sep 24 15:13:53.760567 Runner(Flutter)[2653] <Notice>: dartnative: ##BENCH## {"tag":"feed1000","t_us":1790242133760518,"ev":"page_build","i":183}
Sep 24 15:13:53.760608 Runner(Flutter)[2653] <Notice>: dartnative: ##BENCH## {"tag":"feed1000","t_us":1790242133760559,"ev":"page_build","i":184}
Sep 24 15:13:53.760668 Runner(Flutter)[2653] <Notice>: dartnative: ##BENCH## {"tag":"feed1000","t_us":1790242133760602,"ev":"page_build","i":185}
Sep 24 15:13:53.760701 Runner(Flutter)[2653] <Notice>: dartnative: ##BENCH## {"tag":"feed1000","t_us":1790242133760661,"ev":"page_build","i":186}
Sep 24 15:13:53.760761 Runner(Flutter)[2653] <Notice>: dartnative: ##BENCH## {"tag":"feed1000","t_us":1790242133760703,"ev":"page_build","i":187}
Sep 24 15:13:53.760810 Runner(Flutter)[2653] <Notice>: dartnative: ##BENCH## {"tag":"feed1000","t_us":1790242133760765,"ev":"page_build","i":188}
Sep 24 15:13:53.760852 Runner(Flutter)[2653] <Notice>: dartnative: ##BENCH## {"tag":"feed1000","t_us":1790242133760806,"ev":"page_build","i":189}
Sep 24 15:13:53.760934 Runner(Flutter)[2653] <Notice>: dartnative: ##BENCH## {"tag":"feed1000","t_us":1790242133760848,"ev":"page_build","i":190}
Sep 24 15:13:53.761026 Runner(Flutter)[2653] <Notice>: dartnative: ##BENCH## {"tag":"feed1000","t_us":1790242133760928,"ev":"page_build","i":191}
Sep 24 15:13:53.761042 Runner(Flutter)[2653] <Notice>: dartnative: ##BENCH## {"tag":"feed1000","t_us":1790242133760996,"ev":"page_build","i":192}
Sep 24 15:13:53.761131 Runner(Flutter)[2653] <Notice>: dartnative: ##BENCH## {"tag":"feed1000","t_us":1790242133761028,"ev":"page_build","i":193}
Sep 24 15:13:53.761168 Runner(Flutter)[2653] <Notice>: dartnative: ##BENCH## {"tag":"feed1000","t_us":1790242133761092,"ev":"page_build","i":194}
Sep 24 15:13:53.761245 Runner(Flutter)[2653] <Notice>: dartnative: ##BENCH## {"tag":"feed1000","t_us":1790242133761177,"ev":"page_build","i":195}
Sep 24 15:13:53.761360 Runner(Flutter)[2653] <Notice>: dartnative: ##BENCH## {"tag":"feed1000","t_us":1790242133761294,"ev":"page_build","i":196}
Sep 24 15:13:53.761424 Runner(Flutter)[2653] <Notice>: dartnative: ##BENCH## {"tag":"feed1000","t_us":1790242133761373,"ev":"page_build","i":197}
Sep 24 15:13:53.761446 Runner(Flutter)[2653] <Notice>: dartnative: ##BENCH## {"tag":"feed1000","t_us":1790242133761403,"ev":"page_build","i":198}
Sep 24 15:13:53.761533 Runner(Flutter)[2653] <Notice>: dartnative: ##BENCH## {"tag":"feed1000","t_us":1790242133761449,"ev":"page_build","i":199}
Sep 24 15:13:53.761548 Runner(Flutter)[2653] <Notice>: dartnative: ##BENCH## {"tag":"feed1000","t_us":1790242133761499,"ev":"page_build","i":200}
Sep 24 15:13:53.761596 Runner(Flutter)[2653] <Notice>: dartnative: ##BENCH## {"tag":"feed1000","t_us":1790242133761532,"ev":"page_build","i":201}
Sep 24 15:13:53.761677 Runner(Flutter)[2653] <Notice>: dartnative: ##BENCH## {"tag":"feed1000","t_us":1790242133761588,"ev":"page_build","i":202}
Sep 24 15:13:53.761694 Runner(Flutter)[2653] <Notice>: dartnative: ##BENCH## {"tag":"feed1000","t_us":1790242133761643,"ev":"page_build","i":203}
Sep 24 15:13:53.761724 Runner(Flutter)[2653] <Notice>: dartnative: ##BENCH## {"tag":"feed1000","t_us":1790242133761679,"ev":"page_build","i":204}
Sep 24 15:13:53.761813 Runner(Flutter)[2653] <Notice>: dartnative: ##BENCH## {"tag":"feed1000","t_us":1790242133761739,"ev":"page_build","i":205}
Sep 24 15:13:53.761829 Runner(Flutter)[2653] <Notice>: dartnative: ##BENCH## {"tag":"feed1000","t_us":1790242133761789,"ev":"page_build","i":206}
Sep 24 15:13:53.761877 Runner(Flutter)[2653] <Notice>: dartnative: ##BENCH## {"tag":"feed1000","t_us":1790242133761824,"ev":"page_build","i":207}
Sep 24 15:13:53.761921 Runner(Flutter)[2653] <Notice>: dartnative: ##BENCH## {"tag":"feed1000","t_us":1790242133761876,"ev":"page_build","i":208}
Sep 24 15:13:53.761990 Runner(Flutter)[2653] <Notice>: dartnative: ##BENCH## {"tag":"feed1000","t_us":1790242133761925,"ev":"page_build","i":209}
Sep 24 15:13:53.762041 Runner(Flutter)[2653] <Notice>: dartnative: ##BENCH## {"tag":"feed1000","t_us":1790242133761985,"ev":"page_build","i":210}
Sep 24 15:13:53.762105 Runner(Flutter)[2653] <Notice>: dartnative: ##BENCH## {"tag":"feed1000","t_us":1790242133762026,"ev":"page_build","i":211}
Sep 24 15:13:53.762119 Runner(Flutter)[2653] <Notice>: dartnative: ##BENCH## {"tag":"feed1000","t_us":1790242133762069,"ev":"page_build","i":212}
Sep 24 15:13:53.762147 Runner(Flutter)[2653] <Notice>: dartnative: ##BENCH## {"tag":"feed1000","t_us":1790242133762100,"ev":"page_build","i":213}
Sep 24 15:13:53.762196 Runner(Flutter)[2653] <Notice>: dartnative: ##BENCH## {"tag":"feed1000","t_us":1790242133762151,"ev":"page_build","i":214}
Sep 24 15:13:53.762244 Runner(Flutter)[2653] <Notice>: dartnative: ##BENCH## {"tag":"feed1000","t_us":1790242133762193,"ev":"page_build","i":215}
Sep 24 15:13:53.762300 Runner(Flutter)[2653] <Notice>: dartnative: ##BENCH## {"tag":"feed1000","t_us":1790242133762237,"ev":"page_build","i":216}
Sep 24 15:13:53.762379 Runner(Flutter)[2653] <Notice>: dartnative: ##BENCH## {"tag":"feed1000","t_us":1790242133762297,"ev":"page_build","i":217}
Sep 24 15:13:53.762393 Runner(Flutter)[2653] <Notice>: dartnative: ##BENCH## {"tag":"feed1000","t_us":1790242133762347,"ev":"page_build","i":218}
Sep 24 15:13:53.762432 Runner(Flutter)[2653] <Notice>: dartnative: ##BENCH## {"tag":"feed1000","t_us":1790242133762380,"ev":"page_build","i":219}
Sep 24 15:13:53.762537 Runner(Flutter)[2653] <Notice>: dartnative: ##BENCH## {"tag":"feed1000","t_us":1790242133762437,"ev":"page_build","i":220}
Sep 24 15:13:53.762552 Runner(Flutter)[2653] <Notice>: dartnative: ##BENCH## {"tag":"feed1000","t_us":1790242133762500,"ev":"page_build","i":221}
Sep 24 15:13:53.762612 Runner(Flutter)[2653] <Notice>: dartnative: ##BENCH## {"tag":"feed1000","t_us":1790242133762529,"ev":"page_build","i":222}
Sep 24 15:13:53.762629 Runner(Flutter)[2653] <Notice>: dartnative: ##BENCH## {"tag":"feed1000","t_us":1790242133762577,"ev":"page_build","i":223}
Sep 24 15:13:53.762685 Runner(Flutter)[2653] <Notice>: dartnative: ##BENCH## {"tag":"feed1000","t_us":1790242133762608,"ev":"page_build","i":224}
Sep 24 15:13:53.762717 Runner(Flutter)[2653] <Notice>: dartnative: ##BENCH## {"tag":"feed1000","t_us":1790242133762671,"ev":"page_build","i":225}
Sep 24 15:13:53.762768 Runner(Flutter)[2653] <Notice>: dartnative: ##BENCH## {"tag":"feed1000","t_us":1790242133762723,"ev":"page_build","i":226}
Sep 24 15:13:53.762811 Runner(Flutter)[2653] <Notice>: dartnative: ##BENCH## {"tag":"feed1000","t_us":1790242133762763,"ev":"page_build","i":227}
Sep 24 15:13:53.765164 Runner(Flutter)[2653] <Notice>: dartnative: ##BENCH## {"tag":"feed1000","t_us":1790242133765095,"ev":"page_build","i":228}
Sep 24 15:13:53.765199 Runner(Flutter)[2653] <Notice>: dartnative: ##BENCH## {"tag":"feed1000","t_us":1790242133765159,"ev":"page_build","i":229}
Sep 24 15:13:53.765311 Runner(Flutter)[2653] <Notice>: dartnative: ##BENCH## {"tag":"feed1000","t_us":1790242133765228,"ev":"page_build","i":230}
Sep 24 15:13:53.765329 Runner(Flutter)[2653] <Notice>: dartnative: ##BENCH## {"tag":"feed1000","t_us":1790242133765275,"ev":"page_build","i":231}
Sep 24 15:13:53.765380 Runner(Flutter)[2653] <Notice>: dartnative: ##BENCH## {"tag":"feed1000","t_us":1790242133765307,"ev":"page_build","i":232}
Sep 24 15:13:53.765418 Runner(Flutter)[2653] <Notice>: dartnative: ##BENCH## {"tag":"feed1000","t_us":1790242133765371,"ev":"page_build","i":233}
Sep 24 15:13:53.765468 Runner(Flutter)[2653] <Notice>: dartnative: ##BENCH## {"tag":"feed1000","t_us":1790242133765420,"ev":"page_build","i":234}
Sep 24 15:13:53.765528 Runner(Flutter)[2653] <Notice>: dartnative: ##BENCH## {"tag":"feed1000","t_us":1790242133765476,"ev":"page_build","i":235}
Sep 24 15:13:53.765582 Runner(Flutter)[2653] <Notice>: dartnative: ##BENCH## {"tag":"feed1000","t_us":1790242133765528,"ev":"page_build","i":236}
Sep 24 15:13:53.765628 Runner(Flutter)[2653] <Notice>: dartnative: ##BENCH## {"tag":"feed1000","t_us":1790242133765573,"ev":"page_build","i":237}
Sep 24 15:13:53.765696 Runner(Flutter)[2653] <Notice>: dartnative: ##BENCH## {"tag":"feed1000","t_us":1790242133765623,"ev":"page_build","i":238}
Sep 24 15:13:53.765713 Runner(Flutter)[2653] <Notice>: dartnative: ##BENCH## {"tag":"feed1000","t_us":1790242133765675,"ev":"page_build","i":239}
Sep 24 15:13:53.765766 Runner(Flutter)[2653] <Notice>: dartnative: ##BENCH## {"tag":"feed1000","t_us":1790242133765706,"ev":"page_build","i":240}
Sep 24 15:13:53.765851 Runner(Flutter)[2653] <Notice>: dartnative: ##BENCH## {"tag":"feed1000","t_us":1790242133765783,"ev":"page_build","i":241}
Sep 24 15:13:53.765867 Runner(Flutter)[2653] <Notice>: dartnative: ##BENCH## {"tag":"feed1000","t_us":1790242133765832,"ev":"page_build","i":242}
Sep 24 15:13:53.765932 Runner(Flutter)[2653] <Notice>: dartnative: ##BENCH## {"tag":"feed1000","t_us":1790242133765862,"ev":"page_build","i":243}
Sep 24 15:13:53.766038 Runner(Flutter)[2653] <Notice>: dartnative: ##BENCH## {"tag":"feed1000","t_us":1790242133765926,"ev":"page_build","i":244}
Sep 24 15:13:53.766053 Runner(Flutter)[2653] <Notice>: dartnative: ##BENCH## {"tag":"feed1000","t_us":1790242133765972,"ev":"page_build","i":245}
Sep 24 15:13:53.766084 Runner(Flutter)[2653] <Notice>: dartnative: ##BENCH## {"tag":"feed1000","t_us":1790242133766002,"ev":"page_build","i":246}
Sep 24 15:13:53.766101 Runner(Flutter)[2653] <Notice>: dartnative: ##BENCH## {"tag":"feed1000","t_us":1790242133766032,"ev":"page_build","i":247}
Sep 24 15:13:53.766182 Runner(Flutter)[2653] <Notice>: dartnative: ##BENCH## {"tag":"feed1000","t_us":1790242133766114,"ev":"page_build","i":248}
Sep 24 15:13:53.766200 Runner(Flutter)[2653] <Notice>: dartnative: ##BENCH## {"tag":"feed1000","t_us":1790242133766151,"ev":"page_build","i":249}
Sep 24 15:13:53.766252 Runner(Flutter)[2653] <Notice>: dartnative: ##BENCH## {"tag":"feed1000","t_us":1790242133766186,"ev":"page_build","i":250}
Sep 24 15:13:53.766354 Runner(Flutter)[2653] <Notice>: dartnative: ##BENCH## {"tag":"feed1000","t_us":1790242133766283,"ev":"page_build","i":251}
Sep 24 15:13:53.766369 Runner(Flutter)[2653] <Notice>: dartnative: ##BENCH## {"tag":"feed1000","t_us":1790242133766321,"ev":"page_build","i":252}
Sep 24 15:13:53.766411 Runner(Flutter)[2653] <Notice>: dartnative: ##BENCH## {"tag":"feed1000","t_us":1790242133766354,"ev":"page_build","i":253}
Sep 24 15:13:53.766502 Runner(Flutter)[2653] <Notice>: dartnative: ##BENCH## {"tag":"feed1000","t_us":1790242133766443,"ev":"page_build","i":254}
Sep 24 15:13:53.766518 Runner(Flutter)[2653] <Notice>: dartnative: ##BENCH## {"tag":"feed1000","t_us":1790242133766474,"ev":"page_build","i":255}
Sep 24 15:13:53.766856 Runner(Flutter)[2653] <Notice>: dartnative: ##BENCH## {"tag":"feed1000","t_us":1790242133766824,"ev":"page_build","i":256}
Sep 24 15:13:53.766921 Runner(Flutter)[2653] <Notice>: dartnative: ##BENCH## {"tag":"feed1000","t_us":1790242133766857,"ev":"page_build","i":257}
Sep 24 15:13:53.766954 Runner(Flutter)[2653] <Notice>: dartnative: ##BENCH## {"tag":"feed1000","t_us":1790242133766910,"ev":"page_build","i":258}
Sep 24 15:13:53.767013 Runner(Flutter)[2653] <Notice>: dartnative: ##BENCH## {"tag":"feed1000","t_us":1790242133766951,"ev":"page_build","i":259}
Sep 24 15:13:53.767081 Runner(Flutter)[2653] <Notice>: dartnative: ##BENCH## {"tag":"feed1000","t_us":1790242133767018,"ev":"page_build","i":260}
Sep 24 15:13:53.767118 Runner(Flutter)[2653] <Notice>: dartnative: ##BENCH## {"tag":"feed1000","t_us":1790242133767065,"ev":"page_build","i":261}
Sep 24 15:13:53.767178 Runner(Flutter)[2653] <Notice>: dartnative: ##BENCH## {"tag":"feed1000","t_us":1790242133767119,"ev":"page_build","i":262}
Sep 24 15:13:53.767278 Runner(Flutter)[2653] <Notice>: dartnative: ##BENCH## {"tag":"feed1000","t_us":1790242133767215,"ev":"page_build","i":263}
Sep 24 15:13:53.767293 Runner(Flutter)[2653] <Notice>: dartnative: ##BENCH## {"tag":"feed1000","t_us":1790242133767255,"ev":"page_build","i":264}
Sep 24 15:13:53.767383 Runner(Flutter)[2653] <Notice>: dartnative: ##BENCH## {"tag":"feed1000","t_us":1790242133767288,"ev":"page_build","i":265}
Sep 24 15:13:53.767399 Runner(Flutter)[2653] <Notice>: dartnative: ##BENCH## {"tag":"feed1000","t_us":1790242133767344,"ev":"page_build","i":266}
Sep 24 15:13:53.767442 Runner(Flutter)[2653] <Notice>: dartnative: ##BENCH## {"tag":"feed1000","t_us":1790242133767378,"ev":"page_build","i":267}
Sep 24 15:13:53.767537 Runner(Flutter)[2653] <Notice>: dartnative: ##BENCH## {"tag":"feed1000","t_us":1790242133767437,"ev":"page_build","i":268}
Sep 24 15:13:53.767552 Runner(Flutter)[2653] <Notice>: dartnative: ##BENCH## {"tag":"feed1000","t_us":1790242133767506,"ev":"page_build","i":269}
Sep 24 15:13:53.767608 Runner(Flutter)[2653] <Notice>: dartnative: ##BENCH## {"tag":"feed1000","t_us":1790242133767534,"ev":"page_build","i":270}
Sep 24 15:13:53.767649 Runner(Flutter)[2653] <Notice>: dartnative: ##BENCH## {"tag":"feed1000","t_us":1790242133767597,"ev":"page_build","i":271}
Sep 24 15:13:53.767700 Runner(Flutter)[2653] <Notice>: dartnative: ##BENCH## {"tag":"feed1000","t_us":1790242133767643,"ev":"page_build","i":272}
Sep 24 15:13:53.767780 Runner(Flutter)[2653] <Notice>: dartnative: ##BENCH## {"tag":"feed1000","t_us":1790242133767702,"ev":"page_build","i":273}
Sep 24 15:13:53.767794 Runner(Flutter)[2653] <Notice>: dartnative: ##BENCH## {"tag":"feed1000","t_us":1790242133767758,"ev":"page_build","i":274}
Sep 24 15:13:53.767855 Runner(Flutter)[2653] <Notice>: dartnative: ##BENCH## {"tag":"feed1000","t_us":1790242133767792,"ev":"page_build","i":275}
Sep 24 15:13:53.767917 Runner(Flutter)[2653] <Notice>: dartnative: ##BENCH## {"tag":"feed1000","t_us":1790242133767857,"ev":"page_build","i":276}
Sep 24 15:13:53.768003 Runner(Flutter)[2653] <Notice>: dartnative: ##BENCH## {"tag":"feed1000","t_us":1790242133767916,"ev":"page_build","i":277}
Sep 24 15:13:53.768017 Runner(Flutter)[2653] <Notice>: dartnative: ##BENCH## {"tag":"feed1000","t_us":1790242133767962,"ev":"page_build","i":278}
Sep 24 15:13:53.768054 Runner(Flutter)[2653] <Notice>: dartnative: ##BENCH## {"tag":"feed1000","t_us":1790242133768002,"ev":"page_build","i":279}
Sep 24 15:13:53.768102 Runner(Flutter)[2653] <Notice>: dartnative: ##BENCH## {"tag":"feed1000","t_us":1790242133768063,"ev":"page_build","i":280}
Sep 24 15:13:53.768149 Runner(Flutter)[2653] <Notice>: dartnative: ##BENCH## {"tag":"feed1000","t_us":1790242133768116,"ev":"page_build","i":281}
Sep 24 15:13:53.768186 Runner(Flutter)[2653] <Notice>: dartnative: ##BENCH## {"tag":"feed1000","t_us":1790242133768153,"ev":"page_build","i":282}
Sep 24 15:13:53.768271 Runner(Flutter)[2653] <Notice>: dartnative: ##BENCH## {"tag":"feed1000","t_us":1790242133768232,"ev":"page_build","i":283}
Sep 24 15:13:53.768305 Runner(Flutter)[2653] <Notice>: dartnative: ##BENCH## {"tag":"feed1000","t_us":1790242133768264,"ev":"page_build","i":284}
Sep 24 15:13:53.768382 Runner(Flutter)[2653] <Notice>: dartnative: ##BENCH## {"tag":"feed1000","t_us":1790242133768309,"ev":"page_build","i":285}
Sep 24 15:13:53.768396 Runner(Flutter)[2653] <Notice>: dartnative: ##BENCH## {"tag":"feed1000","t_us":1790242133768358,"ev":"page_build","i":286}
Sep 24 15:13:53.768440 Runner(Flutter)[2653] <Notice>: dartnative: ##BENCH## {"tag":"feed1000","t_us":1790242133768389,"ev":"page_build","i":287}
Sep 24 15:13:53.768507 Runner(Flutter)[2653] <Notice>: dartnative: ##BENCH## {"tag":"feed1000","t_us":1790242133768448,"ev":"page_build","i":288}
Sep 24 15:13:53.768609 Runner(Flutter)[2653] <Notice>: dartnative: ##BENCH## {"tag":"feed1000","t_us":1790242133768507,"ev":"page_build","i":289}
Sep 24 15:13:53.768650 Runner(Flutter)[2653] <Notice>: dartnative: ##BENCH## {"tag":"feed1000","t_us":1790242133768548,"ev":"page_build","i":290}
Sep 24 15:13:53.768710 Runner(Flutter)[2653] <Notice>: dartnative: ##BENCH## {"tag":"feed1000","t_us":1790242133768582,"ev":"page_build","i":291}
Sep 24 15:13:53.768736 Runner(Flutter)[2653] <Notice>: dartnative: ##BENCH## {"tag":"feed1000","t_us":1790242133768630,"ev":"page_build","i":292}
Sep 24 15:13:53.768759 Runner(Flutter)[2653] <Notice>: dartnative: ##BENCH## {"tag":"feed1000","t_us":1790242133768697,"ev":"page_build","i":293}
Sep 24 15:13:53.768774 Runner(Flutter)[2653] <Notice>: dartnative: ##BENCH## {"tag":"feed1000","t_us":1790242133768730,"ev":"page_build","i":294}
Sep 24 15:13:53.768829 Runner(Flutter)[2653] <Notice>: dartnative: ##BENCH## {"tag":"feed1000","t_us":1790242133768782,"ev":"page_build","i":295}
Sep 24 15:13:53.768893 Runner(Flutter)[2653] <Notice>: dartnative: ##BENCH## {"tag":"feed1000","t_us":1790242133768868,"ev":"page_build","i":296}
Sep 24 15:13:53.768975 Runner(Flutter)[2653] <Notice>: dartnative: ##BENCH## {"tag":"feed1000","t_us":1790242133768921,"ev":"page_build","i":297}
Sep 24 15:13:53.769003 Runner(Flutter)[2653] <Notice>: dartnative: ##BENCH## {"tag":"feed1000","t_us":1790242133768972,"ev":"page_build","i":298}
Sep 24 15:13:53.769100 Runner(Flutter)[2653] <Notice>: dartnative: ##BENCH## {"tag":"feed1000","t_us":1790242133769010,"ev":"page_build","i":299}
Sep 24 15:13:53.769119 Runner(Flutter)[2653] <Notice>: dartnative: ##BENCH## {"tag":"feed1000","t_us":1790242133769063,"ev":"page_build","i":300}
Sep 24 15:13:53.769189 Runner(Flutter)[2653] <Notice>: dartnative: ##BENCH## {"tag":"feed1000","t_us":1790242133769095,"ev":"page_build","i":301}
Sep 24 15:13:53.769204 Runner(Flutter)[2653] <Notice>: dartnative: ##BENCH## {"tag":"feed1000","t_us":1790242133769156,"ev":"page_build","i":302}
Sep 24 15:13:53.769248 Runner(Flutter)[2653] <Notice>: dartnative: ##BENCH## {"tag":"feed1000","t_us":1790242133769189,"ev":"page_build","i":303}
Sep 24 15:13:53.769319 Runner(Flutter)[2653] <Notice>: dartnative: ##BENCH## {"tag":"feed1000","t_us":1790242133769250,"ev":"page_build","i":304}
Sep 24 15:13:53.769379 Runner(Flutter)[2653] <Notice>: dartnative: ##BENCH## {"tag":"feed1000","t_us":1790242133769310,"ev":"page_build","i":305}
Sep 24 15:13:53.769468 Runner(Flutter)[2653] <Notice>: dartnative: ##BENCH## {"tag":"feed1000","t_us":1790242133769380,"ev":"page_build","i":306}
Sep 24 15:13:53.769483 Runner(Flutter)[2653] <Notice>: dartnative: ##BENCH## {"tag":"feed1000","t_us":1790242133769427,"ev":"page_build","i":307}
Sep 24 15:13:53.769538 Runner(Flutter)[2653] <Notice>: dartnative: ##BENCH## {"tag":"feed1000","t_us":1790242133769465,"ev":"page_build","i":308}
Sep 24 15:13:53.769582 Runner(Flutter)[2653] <Notice>: dartnative: ##BENCH## {"tag":"feed1000","t_us":1790242133769532,"ev":"page_build","i":309}
Sep 24 15:13:53.769638 Runner(Flutter)[2653] <Notice>: dartnative: ##BENCH## {"tag":"feed1000","t_us":1790242133769589,"ev":"page_build","i":310}
Sep 24 15:13:53.769684 Runner(Flutter)[2653] <Notice>: dartnative: ##BENCH## {"tag":"feed1000","t_us":1790242133769632,"ev":"page_build","i":311}
Sep 24 15:13:53.769741 Runner(Flutter)[2653] <Notice>: dartnative: ##BENCH## {"tag":"feed1000","t_us":1790242133769681,"ev":"page_build","i":312}
Sep 24 15:13:53.769787 Runner(Flutter)[2653] <Notice>: dartnative: ##BENCH## {"tag":"feed1000","t_us":1790242133769725,"ev":"page_build","i":313}
Sep 24 15:13:53.769853 Runner(Flutter)[2653] <Notice>: dartnative: ##BENCH## {"tag":"feed1000","t_us":1790242133769785,"ev":"page_build","i":314}
Sep 24 15:13:53.769906 Runner(Flutter)[2653] <Notice>: dartnative: ##BENCH## {"tag":"feed1000","t_us":1790242133769846,"ev":"page_build","i":315}
Sep 24 15:13:53.769985 Runner(Flutter)[2653] <Notice>: dartnative: ##BENCH## {"tag":"feed1000","t_us":1790242133769891,"ev":"page_build","i":316}
Sep 24 15:13:53.769999 Runner(Flutter)[2653] <Notice>: dartnative: ##BENCH## {"tag":"feed1000","t_us":1790242133769938,"ev":"page_build","i":317}
Sep 24 15:13:53.770041 Runner(Flutter)[2653] <Notice>: dartnative: ##BENCH## {"tag":"feed1000","t_us":1790242133769971,"ev":"page_build","i":318}
Sep 24 15:13:53.770085 Runner(Flutter)[2653] <Notice>: dartnative: ##BENCH## {"tag":"feed1000","t_us":1790242133770037,"ev":"page_build","i":319}
Sep 24 15:13:53.770165 Runner(Flutter)[2653] <Notice>: dartnative: ##BENCH## {"tag":"feed1000","t_us":1790242133770114,"ev":"page_build","i":320}
Sep 24 15:13:53.770226 Runner(Flutter)[2653] <Notice>: dartnative: ##BENCH## {"tag":"feed1000","t_us":1790242133770164,"ev":"page_build","i":321}
Sep 24 15:13:53.770292 Runner(Flutter)[2653] <Notice>: dartnative: ##BENCH## {"tag":"feed1000","t_us":1790242133770223,"ev":"page_build","i":322}
Sep 24 15:13:53.770369 Runner(Flutter)[2653] <Notice>: dartnative: ##BENCH## {"tag":"feed1000","t_us":1790242133770278,"ev":"page_build","i":323}
Sep 24 15:13:53.770383 Runner(Flutter)[2653] <Notice>: dartnative: ##BENCH## {"tag":"feed1000","t_us":1790242133770329,"ev":"page_build","i":324}
Sep 24 15:13:53.770424 Runner(Flutter)[2653] <Notice>: dartnative: ##BENCH## {"tag":"feed1000","t_us":1790242133770363,"ev":"page_build","i":325}
Sep 24 15:13:53.770519 Runner(Flutter)[2653] <Notice>: dartnative: ##BENCH## {"tag":"feed1000","t_us":1790242133770434,"ev":"page_build","i":326}
Sep 24 15:13:53.770534 Runner(Flutter)[2653] <Notice>: dartnative: ##BENCH## {"tag":"feed1000","t_us":1790242133770477,"ev":"page_build","i":327}
Sep 24 15:13:53.770594 Runner(Flutter)[2653] <Notice>: dartnative: ##BENCH## {"tag":"feed1000","t_us":1790242133770511,"ev":"page_build","i":328}
Sep 24 15:13:53.770611 Runner(Flutter)[2653] <Notice>: dartnative: ##BENCH## {"tag":"feed1000","t_us":1790242133770577,"ev":"page_build","i":329}
Sep 24 15:13:53.770711 Runner(Flutter)[2653] <Notice>: dartnative: ##BENCH## {"tag":"feed1000","t_us":1790242133770610,"ev":"page_build","i":330}
Sep 24 15:13:53.770753 Runner(Flutter)[2653] <Notice>: dartnative: ##BENCH## {"tag":"feed1000","t_us":1790242133770677,"ev":"page_build","i":331}
Sep 24 15:13:53.770803 Runner(Flutter)[2653] <Notice>: dartnative: ##BENCH## {"tag":"feed1000","t_us":1790242133770752,"ev":"page_build","i":332}
Sep 24 15:13:53.770866 Runner(Flutter)[2653] <Notice>: dartnative: ##BENCH## {"tag":"feed1000","t_us":1790242133770798,"ev":"page_build","i":333}
Sep 24 15:13:53.770928 Runner(Flutter)[2653] <Notice>: dartnative: ##BENCH## {"tag":"feed1000","t_us":1790242133770845,"ev":"page_build","i":334}
Sep 24 15:13:53.770946 Runner(Flutter)[2653] <Notice>: dartnative: ##BENCH## {"tag":"feed1000","t_us":1790242133770894,"ev":"page_build","i":335}
Sep 24 15:13:53.771048 Runner(Flutter)[2653] <Notice>: dartnative: ##BENCH## {"tag":"feed1000","t_us":1790242133770924,"ev":"page_build","i":336}
Sep 24 15:13:53.771065 Runner(Flutter)[2653] <Notice>: dartnative: ##BENCH## {"tag":"feed1000","t_us":1790242133770982,"ev":"page_build","i":337}
Sep 24 15:13:53.771072 Runner(Flutter)[2653] <Notice>: dartnative: ##BENCH## {"tag":"feed1000","t_us":1790242133771014,"ev":"page_build","i":338}
Sep 24 15:13:53.771105 Runner(Flutter)[2653] <Notice>: dartnative: ##BENCH## {"tag":"feed1000","t_us":1790242133771046,"ev":"page_build","i":339}
Sep 24 15:13:53.771165 Runner(Flutter)[2653] <Notice>: dartnative: ##BENCH## {"tag":"feed1000","t_us":1790242133771103,"ev":"page_build","i":340}
Sep 24 15:13:53.771185 Runner(Flutter)[2653] <Notice>: dartnative: ##BENCH## {"tag":"feed1000","t_us":1790242133771156,"ev":"page_build","i":341}
Sep 24 15:13:53.771287 Runner(Flutter)[2653] <Notice>: dartnative: ##BENCH## {"tag":"feed1000","t_us":1790242133771220,"ev":"page_build","i":342}
Sep 24 15:13:53.771305 Runner(Flutter)[2653] <Notice>: dartnative: ##BENCH## {"tag":"feed1000","t_us":1790242133771255,"ev":"page_build","i":343}
Sep 24 15:13:53.771342 Runner(Flutter)[2653] <Notice>: dartnative: ##BENCH## {"tag":"feed1000","t_us":1790242133771285,"ev":"page_build","i":344}
Sep 24 15:13:53.771391 Runner(Flutter)[2653] <Notice>: dartnative: ##BENCH## {"tag":"feed1000","t_us":1790242133771340,"ev":"page_build","i":345}
Sep 24 15:13:53.771435 Runner(Flutter)[2653] <Notice>: dartnative: ##BENCH## {"tag":"feed1000","t_us":1790242133771390,"ev":"page_build","i":346}
Sep 24 15:13:53.771502 Runner(Flutter)[2653] <Notice>: dartnative: ##BENCH## {"tag":"feed1000","t_us":1790242133771445,"ev":"page_build","i":347}
Sep 24 15:13:53.771548 Runner(Flutter)[2653] <Notice>: dartnative: ##BENCH## {"tag":"feed1000","t_us":1790242133771494,"ev":"page_build","i":348}
Sep 24 15:13:53.771595 Runner(Flutter)[2653] <Notice>: dartnative: ##BENCH## {"tag":"feed1000","t_us":1790242133771543,"ev":"page_build","i":349}
Sep 24 15:13:53.771636 Runner(Flutter)[2653] <Notice>: dartnative: ##BENCH## {"tag":"feed1000","t_us":1790242133771590,"ev":"page_build","i":350}
Sep 24 15:13:53.771677 Runner(Flutter)[2653] <Notice>: dartnative: ##BENCH## {"tag":"feed1000","t_us":1790242133771632,"ev":"page_build","i":351}
Sep 24 15:13:53.771725 Runner(Flutter)[2653] <Notice>: dartnative: ##BENCH## {"tag":"feed1000","t_us":1790242133771677,"ev":"page_build","i":352}
Sep 24 15:13:53.771771 Runner(Flutter)[2653] <Notice>: dartnative: ##BENCH## {"tag":"feed1000","t_us":1790242133771721,"ev":"page_build","i":353}
Sep 24 15:13:53.771817 Runner(Flutter)[2653] <Notice>: dartnative: ##BENCH## {"tag":"feed1000","t_us":1790242133771776,"ev":"page_build","i":354}
Sep 24 15:13:53.771883 Runner(Flutter)[2653] <Notice>: dartnative: ##BENCH## {"tag":"feed1000","t_us":1790242133771826,"ev":"page_build","i":355}
Sep 24 15:13:53.771910 Runner(Flutter)[2653] <Notice>: dartnative: ##BENCH## {"tag":"feed1000","t_us":1790242133771874,"ev":"page_build","i":356}
Sep 24 15:13:53.771960 Runner(Flutter)[2653] <Notice>: dartnative: ##BENCH## {"tag":"feed1000","t_us":1790242133771914,"ev":"page_build","i":357}
Sep 24 15:13:53.772007 Runner(Flutter)[2653] <Notice>: dartnative: ##BENCH## {"tag":"feed1000","t_us":1790242133771959,"ev":"page_build","i":358}
Sep 24 15:13:53.772088 Runner(Flutter)[2653] <Notice>: dartnative: ##BENCH## {"tag":"feed1000","t_us":1790242133772023,"ev":"page_build","i":359}
Sep 24 15:13:53.772121 Runner(Flutter)[2653] <Notice>: dartnative: ##BENCH## {"tag":"feed1000","t_us":1790242133772056,"ev":"page_build","i":360}
Sep 24 15:13:53.772164 Runner(Flutter)[2653] <Notice>: dartnative: ##BENCH## {"tag":"feed1000","t_us":1790242133772088,"ev":"page_build","i":361}
Sep 24 15:13:53.772204 Runner(Flutter)[2653] <Notice>: dartnative: ##BENCH## {"tag":"feed1000","t_us":1790242133772161,"ev":"page_build","i":362}
Sep 24 15:13:53.772263 Runner(Flutter)[2653] <Notice>: dartnative: ##BENCH## {"tag":"feed1000","t_us":1790242133772206,"ev":"page_build","i":363}
Sep 24 15:13:53.772310 Runner(Flutter)[2653] <Notice>: dartnative: ##BENCH## {"tag":"feed1000","t_us":1790242133772262,"ev":"page_build","i":364}
Sep 24 15:13:53.772402 Runner(Flutter)[2653] <Notice>: dartnative: ##BENCH## {"tag":"feed1000","t_us":1790242133772312,"ev":"page_build","i":365}
Sep 24 15:13:53.772416 Runner(Flutter)[2653] <Notice>: dartnative: ##BENCH## {"tag":"feed1000","t_us":1790242133772367,"ev":"page_build","i":366}
Sep 24 15:13:53.772478 Runner(Flutter)[2653] <Notice>: dartnative: ##BENCH## {"tag":"feed1000","t_us":1790242133772395,"ev":"page_build","i":367}
Sep 24 15:13:53.772492 Runner(Flutter)[2653] <Notice>: dartnative: ##BENCH## {"tag":"feed1000","t_us":1790242133772442,"ev":"page_build","i":368}
Sep 24 15:13:53.772537 Runner(Flutter)[2653] <Notice>: dartnative: ##BENCH## {"tag":"feed1000","t_us":1790242133772477,"ev":"page_build","i":369}
Sep 24 15:13:53.772586 Runner(Flutter)[2653] <Notice>: dartnative: ##BENCH## {"tag":"feed1000","t_us":1790242133772530,"ev":"page_build","i":370}
Sep 24 15:13:53.772629 Runner(Flutter)[2653] <Notice>: dartnative: ##BENCH## {"tag":"feed1000","t_us":1790242133772580,"ev":"page_build","i":371}
Sep 24 15:13:53.772677 Runner(Flutter)[2653] <Notice>: dartnative: ##BENCH## {"tag":"feed1000","t_us":1790242133772632,"ev":"page_build","i":372}
Sep 24 15:13:53.772757 Runner(Flutter)[2653] <Notice>: dartnative: ##BENCH## {"tag":"feed1000","t_us":1790242133772683,"ev":"page_build","i":373}
Sep 24 15:13:53.772842 Runner(Flutter)[2653] <Notice>: dartnative: ##BENCH## {"tag":"feed1000","t_us":1790242133772748,"ev":"page_build","i":374}
Sep 24 15:13:53.772858 Runner(Flutter)[2653] <Notice>: dartnative: ##BENCH## {"tag":"feed1000","t_us":1790242133772789,"ev":"page_build","i":375}
Sep 24 15:13:53.772891 Runner(Flutter)[2653] <Notice>: dartnative: ##BENCH## {"tag":"feed1000","t_us":1790242133772837,"ev":"page_build","i":376}
Sep 24 15:13:53.772960 Runner(Flutter)[2653] <Notice>: dartnative: ##BENCH## {"tag":"feed1000","t_us":1790242133772899,"ev":"page_build","i":377}
Sep 24 15:13:53.773007 Runner(Flutter)[2653] <Notice>: dartnative: ##BENCH## {"tag":"feed1000","t_us":1790242133772961,"ev":"page_build","i":378}
Sep 24 15:13:53.773078 Runner(Flutter)[2653] <Notice>: dartnative: ##BENCH## {"tag":"feed1000","t_us":1790242133773007,"ev":"page_build","i":379}
Sep 24 15:13:53.773127 Runner(Flutter)[2653] <Notice>: dartnative: ##BENCH## {"tag":"feed1000","t_us":1790242133773069,"ev":"page_build","i":380}
Sep 24 15:13:53.773205 Runner(Flutter)[2653] <Notice>: dartnative: ##BENCH## {"tag":"feed1000","t_us":1790242133773123,"ev":"page_build","i":381}
Sep 24 15:13:53.773219 Runner(Flutter)[2653] <Notice>: dartnative: ##BENCH## {"tag":"feed1000","t_us":1790242133773170,"ev":"page_build","i":382}
Sep 24 15:13:53.773277 Runner(Flutter)[2653] <Notice>: dartnative: ##BENCH## {"tag":"feed1000","t_us":1790242133773204,"ev":"page_build","i":383}
Sep 24 15:13:53.773357 Runner(Flutter)[2653] <Notice>: dartnative: ##BENCH## {"tag":"feed1000","t_us":1790242133773268,"ev":"page_build","i":384}
Sep 24 15:13:53.773431 Runner(Flutter)[2653] <Notice>: dartnative: ##BENCH## {"tag":"feed1000","t_us":1790242133773317,"ev":"page_build","i":385}
Sep 24 15:13:53.773448 Runner(Flutter)[2653] <Notice>: dartnative: ##BENCH## {"tag":"feed1000","t_us":1790242133773348,"ev":"page_build","i":386}
Sep 24 15:13:53.773463 Runner(Flutter)[2653] <Notice>: dartnative: ##BENCH## {"tag":"feed1000","t_us":1790242133773398,"ev":"page_build","i":387}
Sep 24 15:13:53.773502 Runner(Flutter)[2653] <Notice>: dartnative: ##BENCH## {"tag":"feed1000","t_us":1790242133773431,"ev":"page_build","i":388}
Sep 24 15:13:53.773556 Runner(Flutter)[2653] <Notice>: dartnative: ##BENCH## {"tag":"feed1000","t_us":1790242133773497,"ev":"page_build","i":389}
Sep 24 15:13:53.773642 Runner(Flutter)[2653] <Notice>: dartnative: ##BENCH## {"tag":"feed1000","t_us":1790242133773556,"ev":"page_build","i":390}
Sep 24 15:13:53.773693 Runner(Flutter)[2653] <Notice>: dartnative: ##BENCH## {"tag":"feed1000","t_us":1790242133773634,"ev":"page_build","i":391}
Sep 24 15:13:53.773778 Runner(Flutter)[2653] <Notice>: dartnative: ##BENCH## {"tag":"feed1000","t_us":1790242133773682,"ev":"page_build","i":392}
Sep 24 15:13:53.773795 Runner(Flutter)[2653] <Notice>: dartnative: ##BENCH## {"tag":"feed1000","t_us":1790242133773730,"ev":"page_build","i":393}
Sep 24 15:13:53.773827 Runner(Flutter)[2653] <Notice>: dartnative: ##BENCH## {"tag":"feed1000","t_us":1790242133773767,"ev":"page_build","i":394}
Sep 24 15:13:53.773872 Runner(Flutter)[2653] <Notice>: dartnative: ##BENCH## {"tag":"feed1000","t_us":1790242133773829,"ev":"page_build","i":395}
Sep 24 15:13:53.773984 Runner(Flutter)[2653] <Notice>: dartnative: ##BENCH## {"tag":"feed1000","t_us":1790242133773883,"ev":"page_build","i":396}
Sep 24 15:13:53.773998 Runner(Flutter)[2653] <Notice>: dartnative: ##BENCH## {"tag":"feed1000","t_us":1790242133773929,"ev":"page_build","i":397}
Sep 24 15:13:53.774005 Runner(Flutter)[2653] <Notice>: dartnative: ##BENCH## {"tag":"feed1000","t_us":1790242133773964,"ev":"page_build","i":398}
Sep 24 15:13:53.774069 Runner(Flutter)[2653] <Notice>: dartnative: ##BENCH## {"tag":"feed1000","t_us":1790242133773997,"ev":"page_build","i":399}
Sep 24 15:13:53.774137 Runner(Flutter)[2653] <Notice>: dartnative: ##BENCH## {"tag":"feed1000","t_us":1790242133774096,"ev":"page_build","i":400}
Sep 24 15:13:53.774204 Runner(Flutter)[2653] <Notice>: dartnative: ##BENCH## {"tag":"feed1000","t_us":1790242133774130,"ev":"page_build","i":401}
Sep 24 15:13:53.774219 Runner(Flutter)[2653] <Notice>: dartnative: ##BENCH## {"tag":"feed1000","t_us":1790242133774172,"ev":"page_build","i":402}
Sep 24 15:13:53.774262 Runner(Flutter)[2653] <Notice>: dartnative: ##BENCH## {"tag":"feed1000","t_us":1790242133774205,"ev":"page_build","i":403}
Sep 24 15:13:53.774306 Runner(Flutter)[2653] <Notice>: dartnative: ##BENCH## {"tag":"feed1000","t_us":1790242133774257,"ev":"page_build","i":404}
Sep 24 15:13:53.774350 Runner(Flutter)[2653] <Notice>: dartnative: ##BENCH## {"tag":"feed1000","t_us":1790242133774308,"ev":"page_build","i":405}
Sep 24 15:13:53.774392 Runner(Flutter)[2653] <Notice>: dartnative: ##BENCH## {"tag":"feed1000","t_us":1790242133774352,"ev":"page_build","i":406}
Sep 24 15:13:53.774488 Runner(Flutter)[2653] <Notice>: dartnative: ##BENCH## {"tag":"feed1000","t_us":1790242133774409,"ev":"page_build","i":407}
Sep 24 15:13:53.774503 Runner(Flutter)[2653] <Notice>: dartnative: ##BENCH## {"tag":"feed1000","t_us":1790242133774460,"ev":"page_build","i":408}
Sep 24 15:13:53.774569 Runner(Flutter)[2653] <Notice>: dartnative: ##BENCH## {"tag":"feed1000","t_us":1790242133774491,"ev":"page_build","i":409}
Sep 24 15:13:53.774588 Runner(Flutter)[2653] <Notice>: dartnative: ##BENCH## {"tag":"feed1000","t_us":1790242133774537,"ev":"page_build","i":410}
Sep 24 15:13:53.774667 Runner(Flutter)[2653] <Notice>: dartnative: ##BENCH## {"tag":"feed1000","t_us":1790242133774571,"ev":"page_build","i":411}
Sep 24 15:13:53.774696 Runner(Flutter)[2653] <Notice>: dartnative: ##BENCH## {"tag":"feed1000","t_us":1790242133774640,"ev":"page_build","i":412}
Sep 24 15:13:53.774712 Runner(Flutter)[2653] <Notice>: dartnative: ##BENCH## {"tag":"feed1000","t_us":1790242133774668,"ev":"page_build","i":413}
Sep 24 15:13:53.774802 Runner(Flutter)[2653] <Notice>: dartnative: ##BENCH## {"tag":"feed1000","t_us":1790242133774710,"ev":"page_build","i":414}
Sep 24 15:13:53.774818 Runner(Flutter)[2653] <Notice>: dartnative: ##BENCH## {"tag":"feed1000","t_us":1790242133774769,"ev":"page_build","i":415}
Sep 24 15:13:53.774854 Runner(Flutter)[2653] <Notice>: dartnative: ##BENCH## {"tag":"feed1000","t_us":1790242133774801,"ev":"page_build","i":416}
Sep 24 15:13:53.774903 Runner(Flutter)[2653] <Notice>: dartnative: ##BENCH## {"tag":"feed1000","t_us":1790242133774858,"ev":"page_build","i":417}
Sep 24 15:13:53.774978 Runner(Flutter)[2653] <Notice>: dartnative: ##BENCH## {"tag":"feed1000","t_us":1790242133774909,"ev":"page_build","i":418}
Sep 24 15:13:53.775022 Runner(Flutter)[2653] <Notice>: dartnative: ##BENCH## {"tag":"feed1000","t_us":1790242133774976,"ev":"page_build","i":419}
Sep 24 15:13:53.775090 Runner(Flutter)[2653] <Notice>: dartnative: ##BENCH## {"tag":"feed1000","t_us":1790242133775025,"ev":"page_build","i":420}
Sep 24 15:13:53.775137 Runner(Flutter)[2653] <Notice>: dartnative: ##BENCH## {"tag":"feed1000","t_us":1790242133775095,"ev":"page_build","i":421}
Sep 24 15:13:53.775211 Runner(Flutter)[2653] <Notice>: dartnative: ##BENCH## {"tag":"feed1000","t_us":1790242133775147,"ev":"page_build","i":422}
Sep 24 15:13:53.775267 Runner(Flutter)[2653] <Notice>: dartnative: ##BENCH## {"tag":"feed1000","t_us":1790242133775219,"ev":"page_build","i":423}
Sep 24 15:13:53.775320 Runner(Flutter)[2653] <Notice>: dartnative: ##BENCH## {"tag":"feed1000","t_us":1790242133775267,"ev":"page_build","i":424}
Sep 24 15:13:53.775391 Runner(Flutter)[2653] <Notice>: dartnative: ##BENCH## {"tag":"feed1000","t_us":1790242133775324,"ev":"page_build","i":425}
Sep 24 15:13:53.775423 Runner(Flutter)[2653] <Notice>: dartnative: ##BENCH## {"tag":"feed1000","t_us":1790242133775382,"ev":"page_build","i":426}
Sep 24 15:13:53.775517 Runner(Flutter)[2653] <Notice>: dartnative: ##BENCH## {"tag":"feed1000","t_us":1790242133775427,"ev":"page_build","i":427}
Sep 24 15:13:53.775531 Runner(Flutter)[2653] <Notice>: dartnative: ##BENCH## {"tag":"feed1000","t_us":1790242133775481,"ev":"page_build","i":428}
Sep 24 15:13:53.775578 Runner(Flutter)[2653] <Notice>: dartnative: ##BENCH## {"tag":"feed1000","t_us":1790242133775513,"ev":"page_build","i":429}
Sep 24 15:13:53.775622 Runner(Flutter)[2653] <Notice>: dartnative: ##BENCH## {"tag":"feed1000","t_us":1790242133775572,"ev":"page_build","i":430}
Sep 24 15:13:53.775671 Runner(Flutter)[2653] <Notice>: dartnative: ##BENCH## {"tag":"feed1000","t_us":1790242133775626,"ev":"page_build","i":431}
Sep 24 15:13:53.775731 Runner(Flutter)[2653] <Notice>: dartnative: ##BENCH## {"tag":"feed1000","t_us":1790242133775688,"ev":"page_build","i":432}
Sep 24 15:13:53.775784 Runner(Flutter)[2653] <Notice>: dartnative: ##BENCH## {"tag":"feed1000","t_us":1790242133775743,"ev":"page_build","i":433}
Sep 24 15:13:53.775832 Runner(Flutter)[2653] <Notice>: dartnative: ##BENCH## {"tag":"feed1000","t_us":1790242133775808,"ev":"page_build","i":434}
Sep 24 15:13:53.775899 Runner(Flutter)[2653] <Notice>: dartnative: ##BENCH## {"tag":"feed1000","t_us":1790242133775842,"ev":"page_build","i":435}
Sep 24 15:13:53.775953 Runner(Flutter)[2653] <Notice>: dartnative: ##BENCH## {"tag":"feed1000","t_us":1790242133775906,"ev":"page_build","i":436}
Sep 24 15:13:53.776096 Runner(Flutter)[2653] <Notice>: dartnative: ##BENCH## {"tag":"feed1000","t_us":1790242133775962,"ev":"page_build","i":437}
Sep 24 15:13:53.776110 Runner(Flutter)[2653] <Notice>: dartnative: ##BENCH## {"tag":"feed1000","t_us":1790242133775999,"ev":"page_build","i":438}
Sep 24 15:13:53.776117 Runner(Flutter)[2653] <Notice>: dartnative: ##BENCH## {"tag":"feed1000","t_us":1790242133776030,"ev":"page_build","i":439}
Sep 24 15:13:53.776125 Runner(Flutter)[2653] <Notice>: dartnative: ##BENCH## {"tag":"feed1000","t_us":1790242133776060,"ev":"page_build","i":440}
Sep 24 15:13:53.776133 Runner(Flutter)[2653] <Notice>: dartnative: ##BENCH## {"tag":"feed1000","t_us":1790242133776091,"ev":"page_build","i":441}
Sep 24 15:13:53.778455 Runner(Flutter)[2653] <Notice>: dartnative: ##BENCH## {"tag":"feed1000","t_us":1790242133778367,"ev":"page_build","i":442}
Sep 24 15:13:53.778540 Runner(Flutter)[2653] <Notice>: dartnative: ##BENCH## {"tag":"feed1000","t_us":1790242133778445,"ev":"page_build","i":443}
Sep 24 15:13:53.778586 Runner(Flutter)[2653] <Notice>: dartnative: ##BENCH## {"tag":"feed1000","t_us":1790242133778541,"ev":"page_build","i":444}
Sep 24 15:13:53.778638 Runner(Flutter)[2653] <Notice>: dartnative: ##BENCH## {"tag":"feed1000","t_us":1790242133778593,"ev":"page_build","i":445}
Sep 24 15:13:53.778704 Runner(Flutter)[2653] <Notice>: dartnative: ##BENCH## {"tag":"feed1000","t_us":1790242133778657,"ev":"page_build","i":446}
Sep 24 15:13:53.778742 Runner(Flutter)[2653] <Notice>: dartnative: ##BENCH## {"tag":"feed1000","t_us":1790242133778697,"ev":"page_build","i":447}
Sep 24 15:13:53.778795 Runner(Flutter)[2653] <Notice>: dartnative: ##BENCH## {"tag":"feed1000","t_us":1790242133778750,"ev":"page_build","i":448}
Sep 24 15:13:53.778889 Runner(Flutter)[2653] <Notice>: dartnative: ##BENCH## {"tag":"feed1000","t_us":1790242133778802,"ev":"page_build","i":449}
Sep 24 15:13:53.778903 Runner(Flutter)[2653] <Notice>: dartnative: ##BENCH## {"tag":"feed1000","t_us":1790242133778856,"ev":"page_build","i":450}
Sep 24 15:13:53.778983 Runner(Flutter)[2653] <Notice>: dartnative: ##BENCH## {"tag":"feed1000","t_us":1790242133778886,"ev":"page_build","i":451}
Sep 24 15:13:53.778996 Runner(Flutter)[2653] <Notice>: dartnative: ##BENCH## {"tag":"feed1000","t_us":1790242133778945,"ev":"page_build","i":452}
Sep 24 15:13:53.779045 Runner(Flutter)[2653] <Notice>: dartnative: ##BENCH## {"tag":"feed1000","t_us":1790242133778980,"ev":"page_build","i":453}
Sep 24 15:13:53.779088 Runner(Flutter)[2653] <Notice>: dartnative: ##BENCH## {"tag":"feed1000","t_us":1790242133779047,"ev":"page_build","i":454}
Sep 24 15:13:53.779127 Runner(Flutter)[2653] <Notice>: dartnative: ##BENCH## {"tag":"feed1000","t_us":1790242133779089,"ev":"page_build","i":455}
Sep 24 15:13:53.779190 Runner(Flutter)[2653] <Notice>: dartnative: ##BENCH## {"tag":"feed1000","t_us":1790242133779135,"ev":"page_build","i":456}
Sep 24 15:13:53.779258 Runner(Flutter)[2653] <Notice>: dartnative: ##BENCH## {"tag":"feed1000","t_us":1790242133779190,"ev":"page_build","i":457}
Sep 24 15:13:53.779272 Runner(Flutter)[2653] <Notice>: dartnative: ##BENCH## {"tag":"feed1000","t_us":1790242133779240,"ev":"page_build","i":458}
Sep 24 15:13:53.779364 Runner(Flutter)[2653] <Notice>: dartnative: ##BENCH## {"tag":"feed1000","t_us":1790242133779271,"ev":"page_build","i":459}
Sep 24 15:13:53.779378 Runner(Flutter)[2653] <Notice>: dartnative: ##BENCH## {"tag":"feed1000","t_us":1790242133779324,"ev":"page_build","i":460}
Sep 24 15:13:53.779440 Runner(Flutter)[2653] <Notice>: dartnative: ##BENCH## {"tag":"feed1000","t_us":1790242133779357,"ev":"page_build","i":461}
Sep 24 15:13:53.779456 Runner(Flutter)[2653] <Notice>: dartnative: ##BENCH## {"tag":"feed1000","t_us":1790242133779404,"ev":"page_build","i":462}
Sep 24 15:13:53.779507 Runner(Flutter)[2653] <Notice>: dartnative: ##BENCH## {"tag":"feed1000","t_us":1790242133779436,"ev":"page_build","i":463}
Sep 24 15:13:53.779547 Runner(Flutter)[2653] <Notice>: dartnative: ##BENCH## {"tag":"feed1000","t_us":1790242133779501,"ev":"page_build","i":464}
Sep 24 15:13:53.779587 Runner(Flutter)[2653] <Notice>: dartnative: ##BENCH## {"tag":"feed1000","t_us":1790242133779543,"ev":"page_build","i":465}
Sep 24 15:13:53.779629 Runner(Flutter)[2653] <Notice>: dartnative: ##BENCH## {"tag":"feed1000","t_us":1790242133779588,"ev":"page_build","i":466}
Sep 24 15:13:53.779709 Runner(Flutter)[2653] <Notice>: dartnative: ##BENCH## {"tag":"feed1000","t_us":1790242133779638,"ev":"page_build","i":467}
Sep 24 15:13:53.779724 Runner(Flutter)[2653] <Notice>: dartnative: ##BENCH## {"tag":"feed1000","t_us":1790242133779686,"ev":"page_build","i":468}
Sep 24 15:13:53.779761 Runner(Flutter)[2653] <Notice>: dartnative: ##BENCH## {"tag":"feed1000","t_us":1790242133779717,"ev":"page_build","i":469}
Sep 24 15:13:53.779811 Runner(Flutter)[2653] <Notice>: dartnative: ##BENCH## {"tag":"feed1000","t_us":1790242133779765,"ev":"page_build","i":470}
Sep 24 15:13:53.779871 Runner(Flutter)[2653] <Notice>: dartnative: ##BENCH## {"tag":"feed1000","t_us":1790242133779805,"ev":"page_build","i":471}
Sep 24 15:13:53.779900 Runner(Flutter)[2653] <Notice>: dartnative: ##BENCH## {"tag":"feed1000","t_us":1790242133779861,"ev":"page_build","i":472}
Sep 24 15:13:53.779970 Runner(Flutter)[2653] <Notice>: dartnative: ##BENCH## {"tag":"feed1000","t_us":1790242133779912,"ev":"page_build","i":473}
Sep 24 15:13:53.780009 Runner(Flutter)[2653] <Notice>: dartnative: ##BENCH## {"tag":"feed1000","t_us":1790242133779966,"ev":"page_build","i":474}
Sep 24 15:13:53.780076 Runner(Flutter)[2653] <Notice>: dartnative: ##BENCH## {"tag":"feed1000","t_us":1790242133780044,"ev":"page_build","i":475}
Sep 24 15:13:53.780149 Runner(Flutter)[2653] <Notice>: dartnative: ##BENCH## {"tag":"feed1000","t_us":1790242133780079,"ev":"page_build","i":476}
Sep 24 15:13:53.780165 Runner(Flutter)[2653] <Notice>: dartnative: ##BENCH## {"tag":"feed1000","t_us":1790242133780116,"ev":"page_build","i":477}
Sep 24 15:13:53.780191 Runner(Flutter)[2653] <Notice>: dartnative: ##BENCH## {"tag":"feed1000","t_us":1790242133780149,"ev":"page_build","i":478}
Sep 24 15:13:53.780303 Runner(Flutter)[2653] <Notice>: dartnative: ##BENCH## {"tag":"feed1000","t_us":1790242133780233,"ev":"page_build","i":479}
Sep 24 15:13:53.780317 Runner(Flutter)[2653] <Notice>: dartnative: ##BENCH## {"tag":"feed1000","t_us":1790242133780270,"ev":"page_build","i":480}
Sep 24 15:13:53.780354 Runner(Flutter)[2653] <Notice>: dartnative: ##BENCH## {"tag":"feed1000","t_us":1790242133780300,"ev":"page_build","i":481}
Sep 24 15:13:53.780413 Runner(Flutter)[2653] <Notice>: dartnative: ##BENCH## {"tag":"feed1000","t_us":1790242133780353,"ev":"page_build","i":482}
Sep 24 15:13:53.780459 Runner(Flutter)[2653] <Notice>: dartnative: ##BENCH## {"tag":"feed1000","t_us":1790242133780415,"ev":"page_build","i":483}
Sep 24 15:13:53.780504 Runner(Flutter)[2653] <Notice>: dartnative: ##BENCH## {"tag":"feed1000","t_us":1790242133780461,"ev":"page_build","i":484}
Sep 24 15:13:53.780545 Runner(Flutter)[2653] <Notice>: dartnative: ##BENCH## {"tag":"feed1000","t_us":1790242133780508,"ev":"page_build","i":485}
Sep 24 15:13:53.780625 Runner(Flutter)[2653] <Notice>: dartnative: ##BENCH## {"tag":"feed1000","t_us":1790242133780571,"ev":"page_build","i":486}
Sep 24 15:13:53.780655 Runner(Flutter)[2653] <Notice>: dartnative: ##BENCH## {"tag":"feed1000","t_us":1790242133780612,"ev":"page_build","i":487}
Sep 24 15:13:53.780723 Runner(Flutter)[2653] <Notice>: dartnative: ##BENCH## {"tag":"feed1000","t_us":1790242133780670,"ev":"page_build","i":488}
Sep 24 15:13:53.780765 Runner(Flutter)[2653] <Notice>: dartnative: ##BENCH## {"tag":"feed1000","t_us":1790242133780725,"ev":"page_build","i":489}
Sep 24 15:13:53.780858 Runner(Flutter)[2653] <Notice>: dartnative: ##BENCH## {"tag":"feed1000","t_us":1790242133780788,"ev":"page_build","i":490}
Sep 24 15:13:53.780872 Runner(Flutter)[2653] <Notice>: dartnative: ##BENCH## {"tag":"feed1000","t_us":1790242133780824,"ev":"page_build","i":491}
Sep 24 15:13:53.780910 Runner(Flutter)[2653] <Notice>: dartnative: ##BENCH## {"tag":"feed1000","t_us":1790242133780857,"ev":"page_build","i":492}
Sep 24 15:13:53.780973 Runner(Flutter)[2653] <Notice>: dartnative: ##BENCH## {"tag":"feed1000","t_us":1790242133780910,"ev":"page_build","i":493}
Sep 24 15:13:53.781018 Runner(Flutter)[2653] <Notice>: dartnative: ##BENCH## {"tag":"feed1000","t_us":1790242133780972,"ev":"page_build","i":494}
Sep 24 15:13:53.781095 Runner(Flutter)[2653] <Notice>: dartnative: ##BENCH## {"tag":"feed1000","t_us":1790242133781025,"ev":"page_build","i":495}
Sep 24 15:13:53.781138 Runner(Flutter)[2653] <Notice>: dartnative: ##BENCH## {"tag":"feed1000","t_us":1790242133781088,"ev":"page_build","i":496}
Sep 24 15:13:53.781188 Runner(Flutter)[2653] <Notice>: dartnative: ##BENCH## {"tag":"feed1000","t_us":1790242133781133,"ev":"page_build","i":497}
Sep 24 15:13:53.781315 Runner(Flutter)[2653] <Notice>: dartnative: ##BENCH## {"tag":"feed1000","t_us":1790242133781200,"ev":"page_build","i":498}
Sep 24 15:13:53.781329 Runner(Flutter)[2653] <Notice>: dartnative: ##BENCH## {"tag":"feed1000","t_us":1790242133781252,"ev":"page_build","i":499}
Sep 24 15:13:53.781339 Runner(Flutter)[2653] <Notice>: dartnative: ##BENCH## {"tag":"feed1000","t_us":1790242133781285,"ev":"page_build","i":500}
Sep 24 15:13:53.781368 Runner(Flutter)[2653] <Notice>: dartnative: ##BENCH## {"tag":"feed1000","t_us":1790242133781319,"ev":"page_build","i":501}
Sep 24 15:13:53.781472 Runner(Flutter)[2653] <Notice>: dartnative: ##BENCH## {"tag":"feed1000","t_us":1790242133781379,"ev":"page_build","i":502}
Sep 24 15:13:53.781486 Runner(Flutter)[2653] <Notice>: dartnative: ##BENCH## {"tag":"feed1000","t_us":1790242133781437,"ev":"page_build","i":503}
Sep 24 15:13:53.781525 Runner(Flutter)[2653] <Notice>: dartnative: ##BENCH## {"tag":"feed1000","t_us":1790242133781471,"ev":"page_build","i":504}
Sep 24 15:13:53.781585 Runner(Flutter)[2653] <Notice>: dartnative: ##BENCH## {"tag":"feed1000","t_us":1790242133781525,"ev":"page_build","i":505}
Sep 24 15:13:53.781653 Runner(Flutter)[2653] <Notice>: dartnative: ##BENCH## {"tag":"feed1000","t_us":1790242133781593,"ev":"page_build","i":506}
Sep 24 15:13:53.781734 Runner(Flutter)[2653] <Notice>: dartnative: ##BENCH## {"tag":"feed1000","t_us":1790242133781648,"ev":"page_build","i":507}
Sep 24 15:13:53.781750 Runner(Flutter)[2653] <Notice>: dartnative: ##BENCH## {"tag":"feed1000","t_us":1790242133781690,"ev":"page_build","i":508}
Sep 24 15:13:53.781774 Runner(Flutter)[2653] <Notice>: dartnative: ##BENCH## {"tag":"feed1000","t_us":1790242133781725,"ev":"page_build","i":509}
Sep 24 15:13:53.782320 Runner(Flutter)[2653] <Notice>: dartnative: ##BENCH## {"tag":"feed1000","t_us":1790242133782284,"ev":"page_build","i":510}
Sep 24 15:13:53.782432 Runner(Flutter)[2653] <Notice>: dartnative: ##BENCH## {"tag":"feed1000","t_us":1790242133782329,"ev":"page_build","i":511}
Sep 24 15:13:53.782449 Runner(Flutter)[2653] <Notice>: dartnative: ##BENCH## {"tag":"feed1000","t_us":1790242133782392,"ev":"page_build","i":512}
Sep 24 15:13:53.782468 Runner(Flutter)[2653] <Notice>: dartnative: ##BENCH## {"tag":"feed1000","t_us":1790242133782427,"ev":"page_build","i":513}
Sep 24 15:13:53.782536 Runner(Flutter)[2653] <Notice>: dartnative: ##BENCH## {"tag":"feed1000","t_us":1790242133782460,"ev":"page_build","i":514}
Sep 24 15:13:53.782597 Runner(Flutter)[2653] <Notice>: dartnative: ##BENCH## {"tag":"feed1000","t_us":1790242133782528,"ev":"page_build","i":515}
Sep 24 15:13:53.782638 Runner(Flutter)[2653] <Notice>: dartnative: ##BENCH## {"tag":"feed1000","t_us":1790242133782591,"ev":"page_build","i":516}
Sep 24 15:13:53.782778 Runner(Flutter)[2653] <Notice>: dartnative: ##BENCH## {"tag":"feed1000","t_us":1790242133782638,"ev":"page_build","i":517}
Sep 24 15:13:53.782792 Runner(Flutter)[2653] <Notice>: dartnative: ##BENCH## {"tag":"feed1000","t_us":1790242133782692,"ev":"page_build","i":518}
Sep 24 15:13:53.782799 Runner(Flutter)[2653] <Notice>: dartnative: ##BENCH## {"tag":"feed1000","t_us":1790242133782743,"ev":"page_build","i":519}
Sep 24 15:13:53.782916 Runner(Flutter)[2653] <Notice>: dartnative: ##BENCH## {"tag":"feed1000","t_us":1790242133782775,"ev":"page_build","i":520}
Sep 24 15:13:53.782971 Runner(Flutter)[2653] <Notice>: dartnative: ##BENCH## {"tag":"feed1000","t_us":1790242133782873,"ev":"page_build","i":521}
Sep 24 15:13:53.782987 Runner(Flutter)[2653] <Notice>: dartnative: ##BENCH## {"tag":"feed1000","t_us":1790242133782909,"ev":"page_build","i":522}
Sep 24 15:13:53.783025 Runner(Flutter)[2653] <Notice>: dartnative: ##BENCH## {"tag":"feed1000","t_us":1790242133782968,"ev":"page_build","i":523}
Sep 24 15:13:53.783071 Runner(Flutter)[2653] <Notice>: dartnative: ##BENCH## {"tag":"feed1000","t_us":1790242133783021,"ev":"page_build","i":524}
Sep 24 15:13:53.783117 Runner(Flutter)[2653] <Notice>: dartnative: ##BENCH## {"tag":"feed1000","t_us":1790242133783074,"ev":"page_build","i":525}
Sep 24 15:13:53.783225 Runner(Flutter)[2653] <Notice>: dartnative: ##BENCH## {"tag":"feed1000","t_us":1790242133783138,"ev":"page_build","i":526}
Sep 24 15:13:53.783237 Runner(Flutter)[2653] <Notice>: dartnative: ##BENCH## {"tag":"feed1000","t_us":1790242133783189,"ev":"page_build","i":527}
Sep 24 15:13:53.783295 Runner(Flutter)[2653] <Notice>: dartnative: ##BENCH## {"tag":"feed1000","t_us":1790242133783226,"ev":"page_build","i":528}
Sep 24 15:13:53.783372 Runner(Flutter)[2653] <Notice>: dartnative: ##BENCH## {"tag":"feed1000","t_us":1790242133783291,"ev":"page_build","i":529}
Sep 24 15:13:53.783387 Runner(Flutter)[2653] <Notice>: dartnative: ##BENCH## {"tag":"feed1000","t_us":1790242133783340,"ev":"page_build","i":530}
Sep 24 15:13:53.783410 Runner(Flutter)[2653] <Notice>: dartnative: ##BENCH## {"tag":"feed1000","t_us":1790242133783373,"ev":"page_build","i":531}
Sep 24 15:13:53.783487 Runner(Flutter)[2653] <Notice>: dartnative: ##BENCH## {"tag":"feed1000","t_us":1790242133783435,"ev":"page_build","i":532}
Sep 24 15:13:53.783526 Runner(Flutter)[2653] <Notice>: dartnative: ##BENCH## {"tag":"feed1000","t_us":1790242133783477,"ev":"page_build","i":533}
Sep 24 15:13:53.783598 Runner(Flutter)[2653] <Notice>: dartnative: ##BENCH## {"tag":"feed1000","t_us":1790242133783538,"ev":"page_build","i":534}
Sep 24 15:13:53.783661 Runner(Flutter)[2653] <Notice>: dartnative: ##BENCH## {"tag":"feed1000","t_us":1790242133783584,"ev":"page_build","i":535}
Sep 24 15:13:53.783734 Runner(Flutter)[2653] <Notice>: dartnative: ##BENCH## {"tag":"feed1000","t_us":1790242133783657,"ev":"page_build","i":536}
Sep 24 15:13:53.783784 Runner(Flutter)[2653] <Notice>: dartnative: ##BENCH## {"tag":"feed1000","t_us":1790242133783724,"ev":"page_build","i":537}
Sep 24 15:13:53.783807 Runner(Flutter)[2653] <Notice>: dartnative: ##BENCH## {"tag":"feed1000","t_us":1790242133783760,"ev":"page_build","i":538}
Sep 24 15:13:53.783891 Runner(Flutter)[2653] <Notice>: dartnative: ##BENCH## {"tag":"feed1000","t_us":1790242133783855,"ev":"page_build","i":539}
Sep 24 15:13:53.783970 Runner(Flutter)[2653] <Notice>: dartnative: ##BENCH## {"tag":"feed1000","t_us":1790242133783913,"ev":"page_build","i":540}
Sep 24 15:13:53.784072 Runner(Flutter)[2653] <Notice>: dartnative: ##BENCH## {"tag":"feed1000","t_us":1790242133783958,"ev":"page_build","i":541}
Sep 24 15:13:53.784087 Runner(Flutter)[2653] <Notice>: dartnative: ##BENCH## {"tag":"feed1000","t_us":1790242133784002,"ev":"page_build","i":542}
Sep 24 15:13:53.784104 Runner(Flutter)[2653] <Notice>: dartnative: ##BENCH## {"tag":"feed1000","t_us":1790242133784037,"ev":"page_build","i":543}
Sep 24 15:13:53.784130 Runner(Flutter)[2653] <Notice>: dartnative: ##BENCH## {"tag":"feed1000","t_us":1790242133784070,"ev":"page_build","i":544}
Sep 24 15:13:53.784238 Runner(Flutter)[2653] <Notice>: dartnative: ##BENCH## {"tag":"feed1000","t_us":1790242133784165,"ev":"page_build","i":545}
Sep 24 15:13:53.784255 Runner(Flutter)[2653] <Notice>: dartnative: ##BENCH## {"tag":"feed1000","t_us":1790242133784203,"ev":"page_build","i":546}
Sep 24 15:13:53.784326 Runner(Flutter)[2653] <Notice>: dartnative: ##BENCH## {"tag":"feed1000","t_us":1790242133784241,"ev":"page_build","i":547}
Sep 24 15:13:53.784340 Runner(Flutter)[2653] <Notice>: dartnative: ##BENCH## {"tag":"feed1000","t_us":1790242133784292,"ev":"page_build","i":548}
Sep 24 15:13:53.784383 Runner(Flutter)[2653] <Notice>: dartnative: ##BENCH## {"tag":"feed1000","t_us":1790242133784327,"ev":"page_build","i":549}
Sep 24 15:13:53.784484 Runner(Flutter)[2653] <Notice>: dartnative: ##BENCH## {"tag":"feed1000","t_us":1790242133784425,"ev":"page_build","i":550}
Sep 24 15:13:53.784499 Runner(Flutter)[2653] <Notice>: dartnative: ##BENCH## {"tag":"feed1000","t_us":1790242133784463,"ev":"page_build","i":551}
Sep 24 15:13:53.784611 Runner(Flutter)[2653] <Notice>: dartnative: ##BENCH## {"tag":"feed1000","t_us":1790242133784495,"ev":"page_build","i":552}
Sep 24 15:13:53.784626 Runner(Flutter)[2653] <Notice>: dartnative: ##BENCH## {"tag":"feed1000","t_us":1790242133784546,"ev":"page_build","i":553}
Sep 24 15:13:53.784635 Runner(Flutter)[2653] <Notice>: dartnative: ##BENCH## {"tag":"feed1000","t_us":1790242133784579,"ev":"page_build","i":554}
Sep 24 15:13:53.784684 Runner(Flutter)[2653] <Notice>: dartnative: ##BENCH## {"tag":"feed1000","t_us":1790242133784612,"ev":"page_build","i":555}
Sep 24 15:13:53.784751 Runner(Flutter)[2653] <Notice>: dartnative: ##BENCH## {"tag":"feed1000","t_us":1790242133784669,"ev":"page_build","i":556}
Sep 24 15:13:53.784770 Runner(Flutter)[2653] <Notice>: dartnative: ##BENCH## {"tag":"feed1000","t_us":1790242133784735,"ev":"page_build","i":557}
Sep 24 15:13:53.784849 Runner(Flutter)[2653] <Notice>: dartnative: ##BENCH## {"tag":"feed1000","t_us":1790242133784795,"ev":"page_build","i":558}
Sep 24 15:13:53.784927 Runner(Flutter)[2653] <Notice>: dartnative: ##BENCH## {"tag":"feed1000","t_us":1790242133784885,"ev":"page_build","i":559}
Sep 24 15:13:53.785024 Runner(Flutter)[2653] <Notice>: dartnative: ##BENCH## {"tag":"feed1000","t_us":1790242133784926,"ev":"page_build","i":560}
Sep 24 15:13:53.785039 Runner(Flutter)[2653] <Notice>: dartnative: ##BENCH## {"tag":"feed1000","t_us":1790242133784989,"ev":"page_build","i":561}
Sep 24 15:13:53.785098 Runner(Flutter)[2653] <Notice>: dartnative: ##BENCH## {"tag":"feed1000","t_us":1790242133785024,"ev":"page_build","i":562}
Sep 24 15:13:53.785147 Runner(Flutter)[2653] <Notice>: dartnative: ##BENCH## {"tag":"feed1000","t_us":1790242133785096,"ev":"page_build","i":563}
Sep 24 15:13:53.785223 Runner(Flutter)[2653] <Notice>: dartnative: ##BENCH## {"tag":"feed1000","t_us":1790242133785157,"ev":"page_build","i":564}
Sep 24 15:13:53.785266 Runner(Flutter)[2653] <Notice>: dartnative: ##BENCH## {"tag":"feed1000","t_us":1790242133785218,"ev":"page_build","i":565}
Sep 24 15:13:53.785317 Runner(Flutter)[2653] <Notice>: dartnative: ##BENCH## {"tag":"feed1000","t_us":1790242133785262,"ev":"page_build","i":566}
Sep 24 15:13:53.785355 Runner(Flutter)[2653] <Notice>: dartnative: ##BENCH## {"tag":"feed1000","t_us":1790242133785313,"ev":"page_build","i":567}
Sep 24 15:13:53.785449 Runner(Flutter)[2653] <Notice>: dartnative: ##BENCH## {"tag":"feed1000","t_us":1790242133785354,"ev":"page_build","i":568}
Sep 24 15:13:53.785463 Runner(Flutter)[2653] <Notice>: dartnative: ##BENCH## {"tag":"feed1000","t_us":1790242133785413,"ev":"page_build","i":569}
Sep 24 15:13:53.785522 Runner(Flutter)[2653] <Notice>: dartnative: ##BENCH## {"tag":"feed1000","t_us":1790242133785449,"ev":"page_build","i":570}
Sep 24 15:13:53.785563 Runner(Flutter)[2653] <Notice>: dartnative: ##BENCH## {"tag":"feed1000","t_us":1790242133785515,"ev":"page_build","i":571}
Sep 24 15:13:53.785611 Runner(Flutter)[2653] <Notice>: dartnative: ##BENCH## {"tag":"feed1000","t_us":1790242133785565,"ev":"page_build","i":572}
Sep 24 15:13:53.785671 Runner(Flutter)[2653] <Notice>: dartnative: ##BENCH## {"tag":"feed1000","t_us":1790242133785610,"ev":"page_build","i":573}
Sep 24 15:13:53.785743 Runner(Flutter)[2653] <Notice>: dartnative: ##BENCH## {"tag":"feed1000","t_us":1790242133785681,"ev":"page_build","i":574}
Sep 24 15:13:53.785788 Runner(Flutter)[2653] <Notice>: dartnative: ##BENCH## {"tag":"feed1000","t_us":1790242133785736,"ev":"page_build","i":575}
Sep 24 15:13:53.785854 Runner(Flutter)[2653] <Notice>: dartnative: ##BENCH## {"tag":"feed1000","t_us":1790242133785787,"ev":"page_build","i":576}
Sep 24 15:13:53.785888 Runner(Flutter)[2653] <Notice>: dartnative: ##BENCH## {"tag":"feed1000","t_us":1790242133785845,"ev":"page_build","i":577}
Sep 24 15:13:53.785950 Runner(Flutter)[2653] <Notice>: dartnative: ##BENCH## {"tag":"feed1000","t_us":1790242133785889,"ev":"page_build","i":578}
Sep 24 15:13:53.785996 Runner(Flutter)[2653] <Notice>: dartnative: ##BENCH## {"tag":"feed1000","t_us":1790242133785950,"ev":"page_build","i":579}
Sep 24 15:13:53.786085 Runner(Flutter)[2653] <Notice>: dartnative: ##BENCH## {"tag":"feed1000","t_us":1790242133786008,"ev":"page_build","i":580}
Sep 24 15:13:53.786103 Runner(Flutter)[2653] <Notice>: dartnative: ##BENCH## {"tag":"feed1000","t_us":1790242133786064,"ev":"page_build","i":581}
Sep 24 15:13:53.786197 Runner(Flutter)[2653] <Notice>: dartnative: ##BENCH## {"tag":"feed1000","t_us":1790242133786113,"ev":"page_build","i":582}
Sep 24 15:13:53.786211 Runner(Flutter)[2653] <Notice>: dartnative: ##BENCH## {"tag":"feed1000","t_us":1790242133786161,"ev":"page_build","i":583}
Sep 24 15:13:53.786260 Runner(Flutter)[2653] <Notice>: dartnative: ##BENCH## {"tag":"feed1000","t_us":1790242133786194,"ev":"page_build","i":584}
Sep 24 15:13:53.786304 Runner(Flutter)[2653] <Notice>: dartnative: ##BENCH## {"tag":"feed1000","t_us":1790242133786248,"ev":"page_build","i":585}
Sep 24 15:13:53.786348 Runner(Flutter)[2653] <Notice>: dartnative: ##BENCH## {"tag":"feed1000","t_us":1790242133786298,"ev":"page_build","i":586}
Sep 24 15:13:53.786399 Runner(Flutter)[2653] <Notice>: dartnative: ##BENCH## {"tag":"feed1000","t_us":1790242133786348,"ev":"page_build","i":587}
Sep 24 15:13:53.786461 Runner(Flutter)[2653] <Notice>: dartnative: ##BENCH## {"tag":"feed1000","t_us":1790242133786401,"ev":"page_build","i":588}
Sep 24 15:13:53.786501 Runner(Flutter)[2653] <Notice>: dartnative: ##BENCH## {"tag":"feed1000","t_us":1790242133786456,"ev":"page_build","i":589}
Sep 24 15:13:53.786545 Runner(Flutter)[2653] <Notice>: dartnative: ##BENCH## {"tag":"feed1000","t_us":1790242133786507,"ev":"page_build","i":590}
Sep 24 15:13:53.786649 Runner(Flutter)[2653] <Notice>: dartnative: ##BENCH## {"tag":"feed1000","t_us":1790242133786577,"ev":"page_build","i":591}
Sep 24 15:13:53.786664 Runner(Flutter)[2653] <Notice>: dartnative: ##BENCH## {"tag":"feed1000","t_us":1790242133786611,"ev":"page_build","i":592}
Sep 24 15:13:53.786687 Runner(Flutter)[2653] <Notice>: dartnative: ##BENCH## {"tag":"feed1000","t_us":1790242133786646,"ev":"page_build","i":593}
Sep 24 15:13:53.786799 Runner(Flutter)[2653] <Notice>: dartnative: ##BENCH## {"tag":"feed1000","t_us":1790242133786731,"ev":"page_build","i":594}
Sep 24 15:13:53.786849 Runner(Flutter)[2653] <Notice>: dartnative: ##BENCH## {"tag":"feed1000","t_us":1790242133786767,"ev":"page_build","i":595}
Sep 24 15:13:53.786894 Runner(Flutter)[2653] <Notice>: dartnative: ##BENCH## {"tag":"feed1000","t_us":1790242133786797,"ev":"page_build","i":596}
Sep 24 15:13:53.786928 Runner(Flutter)[2653] <Notice>: dartnative: ##BENCH## {"tag":"feed1000","t_us":1790242133786842,"ev":"page_build","i":597}
Sep 24 15:13:53.786946 Runner(Flutter)[2653] <Notice>: dartnative: ##BENCH## {"tag":"feed1000","t_us":1790242133786894,"ev":"page_build","i":598}
Sep 24 15:13:53.786984 Runner(Flutter)[2653] <Notice>: dartnative: ##BENCH## {"tag":"feed1000","t_us":1790242133786926,"ev":"page_build","i":599}
Sep 24 15:13:53.787062 Runner(Flutter)[2653] <Notice>: dartnative: ##BENCH## {"tag":"feed1000","t_us":1790242133786994,"ev":"page_build","i":600}
Sep 24 15:13:53.787156 Runner(Flutter)[2653] <Notice>: dartnative: ##BENCH## {"tag":"feed1000","t_us":1790242133787069,"ev":"page_build","i":601}
Sep 24 15:13:53.787172 Runner(Flutter)[2653] <Notice>: dartnative: ##BENCH## {"tag":"feed1000","t_us":1790242133787114,"ev":"page_build","i":602}
Sep 24 15:13:53.787233 Runner(Flutter)[2653] <Notice>: dartnative: ##BENCH## {"tag":"feed1000","t_us":1790242133787147,"ev":"page_build","i":603}
Sep 24 15:13:53.787248 Runner(Flutter)[2653] <Notice>: dartnative: ##BENCH## {"tag":"feed1000","t_us":1790242133787204,"ev":"page_build","i":604}
Sep 24 15:13:53.787320 Runner(Flutter)[2653] <Notice>: dartnative: ##BENCH## {"tag":"feed1000","t_us":1790242133787239,"ev":"page_build","i":605}
Sep 24 15:13:53.787335 Runner(Flutter)[2653] <Notice>: dartnative: ##BENCH## {"tag":"feed1000","t_us":1790242133787293,"ev":"page_build","i":606}
Sep 24 15:13:53.787372 Runner(Flutter)[2653] <Notice>: dartnative: ##BENCH## {"tag":"feed1000","t_us":1790242133787325,"ev":"page_build","i":607}
Sep 24 15:13:53.787442 Runner(Flutter)[2653] <Notice>: dartnative: ##BENCH## {"tag":"feed1000","t_us":1790242133787383,"ev":"page_build","i":608}
Sep 24 15:13:53.787486 Runner(Flutter)[2653] <Notice>: dartnative: ##BENCH## {"tag":"feed1000","t_us":1790242133787434,"ev":"page_build","i":609}
Sep 24 15:13:53.787544 Runner(Flutter)[2653] <Notice>: dartnative: ##BENCH## {"tag":"feed1000","t_us":1790242133787480,"ev":"page_build","i":610}
Sep 24 15:13:53.787575 Runner(Flutter)[2653] <Notice>: dartnative: ##BENCH## {"tag":"feed1000","t_us":1790242133787535,"ev":"page_build","i":611}
Sep 24 15:13:53.787634 Runner(Flutter)[2653] <Notice>: dartnative: ##BENCH## {"tag":"feed1000","t_us":1790242133787584,"ev":"page_build","i":612}
Sep 24 15:13:53.787678 Runner(Flutter)[2653] <Notice>: dartnative: ##BENCH## {"tag":"feed1000","t_us":1790242133787636,"ev":"page_build","i":613}
Sep 24 15:13:53.787726 Runner(Flutter)[2653] <Notice>: dartnative: ##BENCH## {"tag":"feed1000","t_us":1790242133787680,"ev":"page_build","i":614}
Sep 24 15:13:53.787768 Runner(Flutter)[2653] <Notice>: dartnative: ##BENCH## {"tag":"feed1000","t_us":1790242133787729,"ev":"page_build","i":615}
Sep 24 15:13:53.787809 Runner(Flutter)[2653] <Notice>: dartnative: ##BENCH## {"tag":"feed1000","t_us":1790242133787770,"ev":"page_build","i":616}
Sep 24 15:13:53.787907 Runner(Flutter)[2653] <Notice>: dartnative: ##BENCH## {"tag":"feed1000","t_us":1790242133787816,"ev":"page_build","i":617}
Sep 24 15:13:53.787922 Runner(Flutter)[2653] <Notice>: dartnative: ##BENCH## {"tag":"feed1000","t_us":1790242133787870,"ev":"page_build","i":618}
Sep 24 15:13:53.787936 Runner(Flutter)[2653] <Notice>: dartnative: ##BENCH## {"tag":"feed1000","t_us":1790242133787905,"ev":"page_build","i":619}
Sep 24 15:13:53.788047 Runner(Flutter)[2653] <Notice>: dartnative: ##BENCH## {"tag":"feed1000","t_us":1790242133787962,"ev":"page_build","i":620}
Sep 24 15:13:53.788066 Runner(Flutter)[2653] <Notice>: dartnative: ##BENCH## {"tag":"feed1000","t_us":1790242133788005,"ev":"page_build","i":621}
Sep 24 15:13:53.788080 Runner(Flutter)[2653] <Notice>: dartnative: ##BENCH## {"tag":"feed1000","t_us":1790242133788036,"ev":"page_build","i":622}
Sep 24 15:13:53.788145 Runner(Flutter)[2653] <Notice>: dartnative: ##BENCH## {"tag":"feed1000","t_us":1790242133788096,"ev":"page_build","i":623}
Sep 24 15:13:53.788186 Runner(Flutter)[2653] <Notice>: dartnative: ##BENCH## {"tag":"feed1000","t_us":1790242133788140,"ev":"page_build","i":624}
Sep 24 15:13:53.788260 Runner(Flutter)[2653] <Notice>: dartnative: ##BENCH## {"tag":"feed1000","t_us":1790242133788195,"ev":"page_build","i":625}
Sep 24 15:13:53.788317 Runner(Flutter)[2653] <Notice>: dartnative: ##BENCH## {"tag":"feed1000","t_us":1790242133788252,"ev":"page_build","i":626}
Sep 24 15:13:53.788355 Runner(Flutter)[2653] <Notice>: dartnative: ##BENCH## {"tag":"feed1000","t_us":1790242133788308,"ev":"page_build","i":627}
Sep 24 15:13:53.788489 Runner(Flutter)[2653] <Notice>: dartnative: ##BENCH## {"tag":"feed1000","t_us":1790242133788383,"ev":"page_build","i":628}
Sep 24 15:13:53.788504 Runner(Flutter)[2653] <Notice>: dartnative: ##BENCH## {"tag":"feed1000","t_us":1790242133788422,"ev":"page_build","i":629}
Sep 24 15:13:53.788513 Runner(Flutter)[2653] <Notice>: dartnative: ##BENCH## {"tag":"feed1000","t_us":1790242133788454,"ev":"page_build","i":630}
Sep 24 15:13:53.788528 Runner(Flutter)[2653] <Notice>: dartnative: ##BENCH## {"tag":"feed1000","t_us":1790242133788483,"ev":"page_build","i":631}
Sep 24 15:13:53.788641 Runner(Flutter)[2653] <Notice>: dartnative: ##BENCH## {"tag":"feed1000","t_us":1790242133788547,"ev":"page_build","i":632}
Sep 24 15:13:53.788656 Runner(Flutter)[2653] <Notice>: dartnative: ##BENCH## {"tag":"feed1000","t_us":1790242133788602,"ev":"page_build","i":633}
Sep 24 15:13:53.788705 Runner(Flutter)[2653] <Notice>: dartnative: ##BENCH## {"tag":"feed1000","t_us":1790242133788637,"ev":"page_build","i":634}
Sep 24 15:13:53.788769 Runner(Flutter)[2653] <Notice>: dartnative: ##BENCH## {"tag":"feed1000","t_us":1790242133788703,"ev":"page_build","i":635}
Sep 24 15:13:53.788845 Runner(Flutter)[2653] <Notice>: dartnative: ##BENCH## {"tag":"feed1000","t_us":1790242133788760,"ev":"page_build","i":636}
Sep 24 15:13:53.788859 Runner(Flutter)[2653] <Notice>: dartnative: ##BENCH## {"tag":"feed1000","t_us":1790242133788809,"ev":"page_build","i":637}
Sep 24 15:13:53.788898 Runner(Flutter)[2653] <Notice>: dartnative: ##BENCH## {"tag":"feed1000","t_us":1790242133788843,"ev":"page_build","i":638}
Sep 24 15:13:53.788965 Runner(Flutter)[2653] <Notice>: dartnative: ##BENCH## {"tag":"feed1000","t_us":1790242133788895,"ev":"page_build","i":639}
Sep 24 15:13:53.789013 Runner(Flutter)[2653] <Notice>: dartnative: ##BENCH## {"tag":"feed1000","t_us":1790242133788961,"ev":"page_build","i":640}
Sep 24 15:13:53.789069 Runner(Flutter)[2653] <Notice>: dartnative: ##BENCH## {"tag":"feed1000","t_us":1790242133789013,"ev":"page_build","i":641}
Sep 24 15:13:53.789168 Runner(Flutter)[2653] <Notice>: dartnative: ##BENCH## {"tag":"feed1000","t_us":1790242133789083,"ev":"page_build","i":642}
Sep 24 15:13:53.789183 Runner(Flutter)[2653] <Notice>: dartnative: ##BENCH## {"tag":"feed1000","t_us":1790242133789126,"ev":"page_build","i":643}
Sep 24 15:13:53.789199 Runner(Flutter)[2653] <Notice>: dartnative: ##BENCH## {"tag":"feed1000","t_us":1790242133789156,"ev":"page_build","i":644}
Sep 24 15:13:53.789285 Runner(Flutter)[2653] <Notice>: dartnative: ##BENCH## {"tag":"feed1000","t_us":1790242133789196,"ev":"page_build","i":645}
Sep 24 15:13:53.789300 Runner(Flutter)[2653] <Notice>: dartnative: ##BENCH## {"tag":"feed1000","t_us":1790242133789250,"ev":"page_build","i":646}
Sep 24 15:13:53.789366 Runner(Flutter)[2653] <Notice>: dartnative: ##BENCH## {"tag":"feed1000","t_us":1790242133789283,"ev":"page_build","i":647}
Sep 24 15:13:53.789383 Runner(Flutter)[2653] <Notice>: dartnative: ##BENCH## {"tag":"feed1000","t_us":1790242133789344,"ev":"page_build","i":648}
Sep 24 15:13:53.791996 Runner(Flutter)[2653] <Notice>: dartnative: ##BENCH## {"tag":"feed1000","t_us":1790242133791907,"ev":"page_build","i":649}
Sep 24 15:13:53.792110 Runner(Flutter)[2653] <Notice>: dartnative: ##BENCH## {"tag":"feed1000","t_us":1790242133791988,"ev":"page_build","i":650}
Sep 24 15:13:53.792124 Runner(Flutter)[2653] <Notice>: dartnative: ##BENCH## {"tag":"feed1000","t_us":1790242133792029,"ev":"page_build","i":651}
Sep 24 15:13:53.792131 Runner(Flutter)[2653] <Notice>: dartnative: ##BENCH## {"tag":"feed1000","t_us":1790242133792079,"ev":"page_build","i":652}
Sep 24 15:13:53.792202 Runner(Flutter)[2653] <Notice>: dartnative: ##BENCH## {"tag":"feed1000","t_us":1790242133792114,"ev":"page_build","i":653}
Sep 24 15:13:53.792256 Runner(Flutter)[2653] <Notice>: dartnative: ##BENCH## {"tag":"feed1000","t_us":1790242133792189,"ev":"page_build","i":654}
Sep 24 15:13:53.792305 Runner(Flutter)[2653] <Notice>: dartnative: ##BENCH## {"tag":"feed1000","t_us":1790242133792259,"ev":"page_build","i":655}
Sep 24 15:13:53.792349 Runner(Flutter)[2653] <Notice>: dartnative: ##BENCH## {"tag":"feed1000","t_us":1790242133792307,"ev":"page_build","i":656}
Sep 24 15:13:53.792397 Runner(Flutter)[2653] <Notice>: dartnative: ##BENCH## {"tag":"feed1000","t_us":1790242133792350,"ev":"page_build","i":657}
Sep 24 15:13:53.792442 Runner(Flutter)[2653] <Notice>: dartnative: ##BENCH## {"tag":"feed1000","t_us":1790242133792397,"ev":"page_build","i":658}
Sep 24 15:13:53.792534 Runner(Flutter)[2653] <Notice>: dartnative: ##BENCH## {"tag":"feed1000","t_us":1790242133792455,"ev":"page_build","i":659}
Sep 24 15:13:53.792550 Runner(Flutter)[2653] <Notice>: dartnative: ##BENCH## {"tag":"feed1000","t_us":1790242133792501,"ev":"page_build","i":660}
Sep 24 15:13:53.792598 Runner(Flutter)[2653] <Notice>: dartnative: ##BENCH## {"tag":"feed1000","t_us":1790242133792535,"ev":"page_build","i":661}
Sep 24 15:13:53.792651 Runner(Flutter)[2653] <Notice>: dartnative: ##BENCH## {"tag":"feed1000","t_us":1790242133792594,"ev":"page_build","i":662}
Sep 24 15:13:53.792698 Runner(Flutter)[2653] <Notice>: dartnative: ##BENCH## {"tag":"feed1000","t_us":1790242133792655,"ev":"page_build","i":663}
Sep 24 15:13:53.792748 Runner(Flutter)[2653] <Notice>: dartnative: ##BENCH## {"tag":"feed1000","t_us":1790242133792703,"ev":"page_build","i":664}
Sep 24 15:13:53.792849 Runner(Flutter)[2653] <Notice>: dartnative: ##BENCH## {"tag":"feed1000","t_us":1790242133792761,"ev":"page_build","i":665}
Sep 24 15:13:53.792862 Runner(Flutter)[2653] <Notice>: dartnative: ##BENCH## {"tag":"feed1000","t_us":1790242133792815,"ev":"page_build","i":666}
Sep 24 15:13:53.792897 Runner(Flutter)[2653] <Notice>: dartnative: ##BENCH## {"tag":"feed1000","t_us":1790242133792850,"ev":"page_build","i":667}
Sep 24 15:13:53.792962 Runner(Flutter)[2653] <Notice>: dartnative: ##BENCH## {"tag":"feed1000","t_us":1790242133792902,"ev":"page_build","i":668}
Sep 24 15:13:53.793025 Runner(Flutter)[2653] <Notice>: dartnative: ##BENCH## {"tag":"feed1000","t_us":1790242133792947,"ev":"page_build","i":669}
Sep 24 15:13:53.793041 Runner(Flutter)[2653] <Notice>: dartnative: ##BENCH## {"tag":"feed1000","t_us":1790242133792991,"ev":"page_build","i":670}
Sep 24 15:13:53.793073 Runner(Flutter)[2653] <Notice>: dartnative: ##BENCH## {"tag":"feed1000","t_us":1790242133793028,"ev":"page_build","i":671}
Sep 24 15:13:53.793135 Runner(Flutter)[2653] <Notice>: dartnative: ##BENCH## {"tag":"feed1000","t_us":1790242133793085,"ev":"page_build","i":672}
Sep 24 15:13:53.793199 Runner(Flutter)[2653] <Notice>: dartnative: ##BENCH## {"tag":"feed1000","t_us":1790242133793142,"ev":"page_build","i":673}
Sep 24 15:13:53.793237 Runner(Flutter)[2653] <Notice>: dartnative: ##BENCH## {"tag":"feed1000","t_us":1790242133793187,"ev":"page_build","i":674}
Sep 24 15:13:53.793291 Runner(Flutter)[2653] <Notice>: dartnative: ##BENCH## {"tag":"feed1000","t_us":1790242133793235,"ev":"page_build","i":675}
Sep 24 15:13:53.793325 Runner(Flutter)[2653] <Notice>: dartnative: ##BENCH## {"tag":"feed1000","t_us":1790242133793280,"ev":"page_build","i":676}
Sep 24 15:13:53.793391 Runner(Flutter)[2653] <Notice>: dartnative: ##BENCH## {"tag":"feed1000","t_us":1790242133793327,"ev":"page_build","i":677}
Sep 24 15:13:53.793431 Runner(Flutter)[2653] <Notice>: dartnative: ##BENCH## {"tag":"feed1000","t_us":1790242133793384,"ev":"page_build","i":678}
Sep 24 15:13:53.793493 Runner(Flutter)[2653] <Notice>: dartnative: ##BENCH## {"tag":"feed1000","t_us":1790242133793433,"ev":"page_build","i":679}
Sep 24 15:13:53.793536 Runner(Flutter)[2653] <Notice>: dartnative: ##BENCH## {"tag":"feed1000","t_us":1790242133793496,"ev":"page_build","i":680}
Sep 24 15:13:53.793582 Runner(Flutter)[2653] <Notice>: dartnative: ##BENCH## {"tag":"feed1000","t_us":1790242133793539,"ev":"page_build","i":681}
Sep 24 15:13:53.793633 Runner(Flutter)[2653] <Notice>: dartnative: ##BENCH## {"tag":"feed1000","t_us":1790242133793592,"ev":"page_build","i":682}
Sep 24 15:13:53.793671 Runner(Flutter)[2653] <Notice>: dartnative: ##BENCH## {"tag":"feed1000","t_us":1790242133793634,"ev":"page_build","i":683}
Sep 24 15:13:53.793776 Runner(Flutter)[2653] <Notice>: dartnative: ##BENCH## {"tag":"feed1000","t_us":1790242133793679,"ev":"page_build","i":684}
Sep 24 15:13:53.793791 Runner(Flutter)[2653] <Notice>: dartnative: ##BENCH## {"tag":"feed1000","t_us":1790242133793740,"ev":"page_build","i":685}
Sep 24 15:13:53.793833 Runner(Flutter)[2653] <Notice>: dartnative: ##BENCH## {"tag":"feed1000","t_us":1790242133793773,"ev":"page_build","i":686}
Sep 24 15:13:53.793881 Runner(Flutter)[2653] <Notice>: dartnative: ##BENCH## {"tag":"feed1000","t_us":1790242133793828,"ev":"page_build","i":687}
Sep 24 15:13:53.793975 Runner(Flutter)[2653] <Notice>: dartnative: ##BENCH## {"tag":"feed1000","t_us":1790242133793887,"ev":"page_build","i":688}
Sep 24 15:13:53.793990 Runner(Flutter)[2653] <Notice>: dartnative: ##BENCH## {"tag":"feed1000","t_us":1790242133793940,"ev":"page_build","i":689}
Sep 24 15:13:53.794054 Runner(Flutter)[2653] <Notice>: dartnative: ##BENCH## {"tag":"feed1000","t_us":1790242133793971,"ev":"page_build","i":690}
Sep 24 15:13:53.794071 Runner(Flutter)[2653] <Notice>: dartnative: ##BENCH## {"tag":"feed1000","t_us":1790242133794029,"ev":"page_build","i":691}
Sep 24 15:13:53.794110 Runner(Flutter)[2653] <Notice>: dartnative: ##BENCH## {"tag":"feed1000","t_us":1790242133794063,"ev":"page_build","i":692}
Sep 24 15:13:53.794221 Runner(Flutter)[2653] <Notice>: dartnative: ##BENCH## {"tag":"feed1000","t_us":1790242133794113,"ev":"page_build","i":693}
Sep 24 15:13:53.794235 Runner(Flutter)[2653] <Notice>: dartnative: ##BENCH## {"tag":"feed1000","t_us":1790242133794159,"ev":"page_build","i":694}
Sep 24 15:13:53.794242 Runner(Flutter)[2653] <Notice>: dartnative: ##BENCH## {"tag":"feed1000","t_us":1790242133794191,"ev":"page_build","i":695}
Sep 24 15:13:53.794285 Runner(Flutter)[2653] <Notice>: dartnative: ##BENCH## {"tag":"feed1000","t_us":1790242133794226,"ev":"page_build","i":696}
Sep 24 15:13:53.794381 Runner(Flutter)[2653] <Notice>: dartnative: ##BENCH## {"tag":"feed1000","t_us":1790242133794336,"ev":"page_build","i":697}
Sep 24 15:13:53.794418 Runner(Flutter)[2653] <Notice>: dartnative: ##BENCH## {"tag":"feed1000","t_us":1790242133794372,"ev":"page_build","i":698}
Sep 24 15:13:53.794463 Runner(Flutter)[2653] <Notice>: dartnative: ##BENCH## {"tag":"feed1000","t_us":1790242133794419,"ev":"page_build","i":699}
Sep 24 15:13:53.794508 Runner(Flutter)[2653] <Notice>: dartnative: ##BENCH## {"tag":"feed1000","t_us":1790242133794464,"ev":"page_build","i":700}
Sep 24 15:13:53.794603 Runner(Flutter)[2653] <Notice>: dartnative: ##BENCH## {"tag":"feed1000","t_us":1790242133794528,"ev":"page_build","i":701}
Sep 24 15:13:53.794618 Runner(Flutter)[2653] <Notice>: dartnative: ##BENCH## {"tag":"feed1000","t_us":1790242133794581,"ev":"page_build","i":702}
Sep 24 15:13:53.794657 Runner(Flutter)[2653] <Notice>: dartnative: ##BENCH## {"tag":"feed1000","t_us":1790242133794611,"ev":"page_build","i":703}
Sep 24 15:13:53.794712 Runner(Flutter)[2653] <Notice>: dartnative: ##BENCH## {"tag":"feed1000","t_us":1790242133794663,"ev":"page_build","i":704}
Sep 24 15:13:53.794758 Runner(Flutter)[2653] <Notice>: dartnative: ##BENCH## {"tag":"feed1000","t_us":1790242133794710,"ev":"page_build","i":705}
Sep 24 15:13:53.794809 Runner(Flutter)[2653] <Notice>: dartnative: ##BENCH## {"tag":"feed1000","t_us":1790242133794757,"ev":"page_build","i":706}
Sep 24 15:13:53.794867 Runner(Flutter)[2653] <Notice>: dartnative: ##BENCH## {"tag":"feed1000","t_us":1790242133794805,"ev":"page_build","i":707}
Sep 24 15:13:53.794916 Runner(Flutter)[2653] <Notice>: dartnative: ##BENCH## {"tag":"feed1000","t_us":1790242133794860,"ev":"page_build","i":708}
Sep 24 15:13:53.794956 Runner(Flutter)[2653] <Notice>: dartnative: ##BENCH## {"tag":"feed1000","t_us":1790242133794910,"ev":"page_build","i":709}
Sep 24 15:13:53.795017 Runner(Flutter)[2653] <Notice>: dartnative: ##BENCH## {"tag":"feed1000","t_us":1790242133794966,"ev":"page_build","i":710}
Sep 24 15:13:53.795103 Runner(Flutter)[2653] <Notice>: dartnative: ##BENCH## {"tag":"feed1000","t_us":1790242133795037,"ev":"page_build","i":711}
Sep 24 15:13:53.795122 Runner(Flutter)[2653] <Notice>: dartnative: ##BENCH## {"tag":"feed1000","t_us":1790242133795080,"ev":"page_build","i":712}
Sep 24 15:13:53.795199 Runner(Flutter)[2653] <Notice>: dartnative: ##BENCH## {"tag":"feed1000","t_us":1790242133795114,"ev":"page_build","i":713}
Sep 24 15:13:53.795215 Runner(Flutter)[2653] <Notice>: dartnative: ##BENCH## {"tag":"feed1000","t_us":1790242133795167,"ev":"page_build","i":714}
Sep 24 15:13:53.795235 Runner(Flutter)[2653] <Notice>: dartnative: ##BENCH## {"tag":"feed1000","t_us":1790242133795200,"ev":"page_build","i":715}
Sep 24 15:13:53.795338 Runner(Flutter)[2653] <Notice>: dartnative: ##BENCH## {"tag":"feed1000","t_us":1790242133795272,"ev":"page_build","i":716}
Sep 24 15:13:53.795355 Runner(Flutter)[2653] <Notice>: dartnative: ##BENCH## {"tag":"feed1000","t_us":1790242133795308,"ev":"page_build","i":717}
Sep 24 15:13:53.795392 Runner(Flutter)[2653] <Notice>: dartnative: ##BENCH## {"tag":"feed1000","t_us":1790242133795344,"ev":"page_build","i":718}
Sep 24 15:13:53.795512 Runner(Flutter)[2653] <Notice>: dartnative: ##BENCH## {"tag":"feed1000","t_us":1790242133795434,"ev":"page_build","i":719}
Sep 24 15:13:53.795526 Runner(Flutter)[2653] <Notice>: dartnative: ##BENCH## {"tag":"feed1000","t_us":1790242133795473,"ev":"page_build","i":720}
Sep 24 15:13:53.795574 Runner(Flutter)[2653] <Notice>: dartnative: ##BENCH## {"tag":"feed1000","t_us":1790242133795508,"ev":"page_build","i":721}
Sep 24 15:13:53.795623 Runner(Flutter)[2653] <Notice>: dartnative: ##BENCH## {"tag":"feed1000","t_us":1790242133795573,"ev":"page_build","i":722}
Sep 24 15:13:53.795668 Runner(Flutter)[2653] <Notice>: dartnative: ##BENCH## {"tag":"feed1000","t_us":1790242133795624,"ev":"page_build","i":723}
Sep 24 15:13:53.795734 Runner(Flutter)[2653] <Notice>: dartnative: ##BENCH## {"tag":"feed1000","t_us":1790242133795670,"ev":"page_build","i":724}
Sep 24 15:13:53.795774 Runner(Flutter)[2653] <Notice>: dartnative: ##BENCH## {"tag":"feed1000","t_us":1790242133795726,"ev":"page_build","i":725}
Sep 24 15:13:53.795818 Runner(Flutter)[2653] <Notice>: dartnative: ##BENCH## {"tag":"feed1000","t_us":1790242133795769,"ev":"page_build","i":726}
Sep 24 15:13:53.795860 Runner(Flutter)[2653] <Notice>: dartnative: ##BENCH## {"tag":"feed1000","t_us":1790242133795819,"ev":"page_build","i":727}
Sep 24 15:13:53.795955 Runner(Flutter)[2653] <Notice>: dartnative: ##BENCH## {"tag":"feed1000","t_us":1790242133795886,"ev":"page_build","i":728}
Sep 24 15:13:53.795970 Runner(Flutter)[2653] <Notice>: dartnative: ##BENCH## {"tag":"feed1000","t_us":1790242133795923,"ev":"page_build","i":729}
Sep 24 15:13:53.796018 Runner(Flutter)[2653] <Notice>: dartnative: ##BENCH## {"tag":"feed1000","t_us":1790242133795953,"ev":"page_build","i":730}
Sep 24 15:13:53.796057 Runner(Flutter)[2653] <Notice>: dartnative: ##BENCH## {"tag":"feed1000","t_us":1790242133796007,"ev":"page_build","i":731}
Sep 24 15:13:53.796094 Runner(Flutter)[2653] <Notice>: dartnative: ##BENCH## {"tag":"feed1000","t_us":1790242133796051,"ev":"page_build","i":732}
Sep 24 15:13:53.796139 Runner(Flutter)[2653] <Notice>: dartnative: ##BENCH## {"tag":"feed1000","t_us":1790242133796095,"ev":"page_build","i":733}
Sep 24 15:13:53.796185 Runner(Flutter)[2653] <Notice>: dartnative: ##BENCH## {"tag":"feed1000","t_us":1790242133796139,"ev":"page_build","i":734}
Sep 24 15:13:53.796232 Runner(Flutter)[2653] <Notice>: dartnative: ##BENCH## {"tag":"feed1000","t_us":1790242133796185,"ev":"page_build","i":735}
Sep 24 15:13:53.796340 Runner(Flutter)[2653] <Notice>: dartnative: ##BENCH## {"tag":"feed1000","t_us":1790242133796238,"ev":"page_build","i":736}
Sep 24 15:13:53.796355 Runner(Flutter)[2653] <Notice>: dartnative: ##BENCH## {"tag":"feed1000","t_us":1790242133796282,"ev":"page_build","i":737}
Sep 24 15:13:53.796362 Runner(Flutter)[2653] <Notice>: dartnative: ##BENCH## {"tag":"feed1000","t_us":1790242133796313,"ev":"page_build","i":738}
Sep 24 15:13:53.796405 Runner(Flutter)[2653] <Notice>: dartnative: ##BENCH## {"tag":"feed1000","t_us":1790242133796345,"ev":"page_build","i":739}
Sep 24 15:13:53.796490 Runner(Flutter)[2653] <Notice>: dartnative: ##BENCH## {"tag":"feed1000","t_us":1790242133796411,"ev":"page_build","i":740}
Sep 24 15:13:53.796511 Runner(Flutter)[2653] <Notice>: dartnative: ##BENCH## {"tag":"feed1000","t_us":1790242133796465,"ev":"page_build","i":741}
Sep 24 15:13:53.796577 Runner(Flutter)[2653] <Notice>: dartnative: ##BENCH## {"tag":"feed1000","t_us":1790242133796498,"ev":"page_build","i":742}
Sep 24 15:13:53.796618 Runner(Flutter)[2653] <Notice>: dartnative: ##BENCH## {"tag":"feed1000","t_us":1790242133796563,"ev":"page_build","i":743}
Sep 24 15:13:53.796661 Runner(Flutter)[2653] <Notice>: dartnative: ##BENCH## {"tag":"feed1000","t_us":1790242133796618,"ev":"page_build","i":744}
Sep 24 15:13:53.796739 Runner(Flutter)[2653] <Notice>: dartnative: ##BENCH## {"tag":"feed1000","t_us":1790242133796674,"ev":"page_build","i":745}
Sep 24 15:13:53.796874 Runner(Flutter)[2653] <Notice>: dartnative: ##BENCH## {"tag":"feed1000","t_us":1790242133796761,"ev":"page_build","i":746}
Sep 24 15:13:53.796888 Runner(Flutter)[2653] <Notice>: dartnative: ##BENCH## {"tag":"feed1000","t_us":1790242133796803,"ev":"page_build","i":747}
Sep 24 15:13:53.796904 Runner(Flutter)[2653] <Notice>: dartnative: ##BENCH## {"tag":"feed1000","t_us":1790242133796836,"ev":"page_build","i":748}
Sep 24 15:13:53.796948 Runner(Flutter)[2653] <Notice>: dartnative: ##BENCH## {"tag":"feed1000","t_us":1790242133796869,"ev":"page_build","i":749}
Sep 24 15:13:53.796983 Runner(Flutter)[2653] <Notice>: dartnative: ##BENCH## {"tag":"feed1000","t_us":1790242133796935,"ev":"page_build","i":750}
Sep 24 15:13:53.797027 Runner(Flutter)[2653] <Notice>: dartnative: ##BENCH## {"tag":"feed1000","t_us":1790242133796983,"ev":"page_build","i":751}
Sep 24 15:13:53.797073 Runner(Flutter)[2653] <Notice>: dartnative: ##BENCH## {"tag":"feed1000","t_us":1790242133797030,"ev":"page_build","i":752}
Sep 24 15:13:53.797145 Runner(Flutter)[2653] <Notice>: dartnative: ##BENCH## {"tag":"feed1000","t_us":1790242133797108,"ev":"page_build","i":753}
Sep 24 15:13:53.797221 Runner(Flutter)[2653] <Notice>: dartnative: ##BENCH## {"tag":"feed1000","t_us":1790242133797146,"ev":"page_build","i":754}
Sep 24 15:13:53.797237 Runner(Flutter)[2653] <Notice>: dartnative: ##BENCH## {"tag":"feed1000","t_us":1790242133797187,"ev":"page_build","i":755}
Sep 24 15:13:53.797310 Runner(Flutter)[2653] <Notice>: dartnative: ##BENCH## {"tag":"feed1000","t_us":1790242133797217,"ev":"page_build","i":756}
Sep 24 15:13:53.797325 Runner(Flutter)[2653] <Notice>: dartnative: ##BENCH## {"tag":"feed1000","t_us":1790242133797270,"ev":"page_build","i":757}
Sep 24 15:13:53.797347 Runner(Flutter)[2653] <Notice>: dartnative: ##BENCH## {"tag":"feed1000","t_us":1790242133797303,"ev":"page_build","i":758}
Sep 24 15:13:53.797447 Runner(Flutter)[2653] <Notice>: dartnative: ##BENCH## {"tag":"feed1000","t_us":1790242133797364,"ev":"page_build","i":759}
Sep 24 15:13:53.797463 Runner(Flutter)[2653] <Notice>: dartnative: ##BENCH## {"tag":"feed1000","t_us":1790242133797405,"ev":"page_build","i":760}
Sep 24 15:13:53.797478 Runner(Flutter)[2653] <Notice>: dartnative: ##BENCH## {"tag":"feed1000","t_us":1790242133797438,"ev":"page_build","i":761}
Sep 24 15:13:53.797533 Runner(Flutter)[2653] <Notice>: dartnative: ##BENCH## {"tag":"feed1000","t_us":1790242133797475,"ev":"page_build","i":762}
Sep 24 15:13:53.797601 Runner(Flutter)[2653] <Notice>: dartnative: ##BENCH## {"tag":"feed1000","t_us":1790242133797525,"ev":"page_build","i":763}
Sep 24 15:13:53.797615 Runner(Flutter)[2653] <Notice>: dartnative: ##BENCH## {"tag":"feed1000","t_us":1790242133797581,"ev":"page_build","i":764}
Sep 24 15:13:53.797703 Runner(Flutter)[2653] <Notice>: dartnative: ##BENCH## {"tag":"feed1000","t_us":1790242133797613,"ev":"page_build","i":765}
Sep 24 15:13:53.797718 Runner(Flutter)[2653] <Notice>: dartnative: ##BENCH## {"tag":"feed1000","t_us":1790242133797667,"ev":"page_build","i":766}
Sep 24 15:13:53.797781 Runner(Flutter)[2653] <Notice>: dartnative: ##BENCH## {"tag":"feed1000","t_us":1790242133797698,"ev":"page_build","i":767}
Sep 24 15:13:53.797798 Runner(Flutter)[2653] <Notice>: dartnative: ##BENCH## {"tag":"feed1000","t_us":1790242133797748,"ev":"page_build","i":768}
Sep 24 15:13:53.797909 Runner(Flutter)[2653] <Notice>: dartnative: ##BENCH## {"tag":"feed1000","t_us":1790242133797780,"ev":"page_build","i":769}
Sep 24 15:13:53.797923 Runner(Flutter)[2653] <Notice>: dartnative: ##BENCH## {"tag":"feed1000","t_us":1790242133797845,"ev":"page_build","i":770}
Sep 24 15:13:53.797931 Runner(Flutter)[2653] <Notice>: dartnative: ##BENCH## {"tag":"feed1000","t_us":1790242133797876,"ev":"page_build","i":771}
Sep 24 15:13:53.798008 Runner(Flutter)[2653] <Notice>: dartnative: ##BENCH## {"tag":"feed1000","t_us":1790242133797910,"ev":"page_build","i":772}
Sep 24 15:13:53.798023 Runner(Flutter)[2653] <Notice>: dartnative: ##BENCH## {"tag":"feed1000","t_us":1790242133797975,"ev":"page_build","i":773}
Sep 24 15:13:53.798056 Runner(Flutter)[2653] <Notice>: dartnative: ##BENCH## {"tag":"feed1000","t_us":1790242133798004,"ev":"page_build","i":774}
Sep 24 15:13:53.798099 Runner(Flutter)[2653] <Notice>: dartnative: ##BENCH## {"tag":"feed1000","t_us":1790242133798057,"ev":"page_build","i":775}
Sep 24 15:13:53.798141 Runner(Flutter)[2653] <Notice>: dartnative: ##BENCH## {"tag":"feed1000","t_us":1790242133798096,"ev":"page_build","i":776}
Sep 24 15:13:53.798191 Runner(Flutter)[2653] <Notice>: dartnative: ##BENCH## {"tag":"feed1000","t_us":1790242133798141,"ev":"page_build","i":777}
Sep 24 15:13:53.798232 Runner(Flutter)[2653] <Notice>: dartnative: ##BENCH## {"tag":"feed1000","t_us":1790242133798196,"ev":"page_build","i":778}
Sep 24 15:13:53.798329 Runner(Flutter)[2653] <Notice>: dartnative: ##BENCH## {"tag":"feed1000","t_us":1790242133798239,"ev":"page_build","i":779}
Sep 24 15:13:53.798343 Runner(Flutter)[2653] <Notice>: dartnative: ##BENCH## {"tag":"feed1000","t_us":1790242133798292,"ev":"page_build","i":780}
Sep 24 15:13:53.798409 Runner(Flutter)[2653] <Notice>: dartnative: ##BENCH## {"tag":"feed1000","t_us":1790242133798327,"ev":"page_build","i":781}
Sep 24 15:13:53.798427 Runner(Flutter)[2653] <Notice>: dartnative: ##BENCH## {"tag":"feed1000","t_us":1790242133798387,"ev":"page_build","i":782}
Sep 24 15:13:53.798470 Runner(Flutter)[2653] <Notice>: dartnative: ##BENCH## {"tag":"feed1000","t_us":1790242133798422,"ev":"page_build","i":783}
Sep 24 15:13:53.798544 Runner(Flutter)[2653] <Notice>: dartnative: ##BENCH## {"tag":"feed1000","t_us":1790242133798480,"ev":"page_build","i":784}
Sep 24 15:13:53.798559 Runner(Flutter)[2653] <Notice>: dartnative: ##BENCH## {"tag":"feed1000","t_us":1790242133798523,"ev":"page_build","i":785}
Sep 24 15:13:53.798641 Runner(Flutter)[2653] <Notice>: dartnative: ##BENCH## {"tag":"feed1000","t_us":1790242133798553,"ev":"page_build","i":786}
Sep 24 15:13:53.798655 Runner(Flutter)[2653] <Notice>: dartnative: ##BENCH## {"tag":"feed1000","t_us":1790242133798606,"ev":"page_build","i":787}
Sep 24 15:13:53.798704 Runner(Flutter)[2653] <Notice>: dartnative: ##BENCH## {"tag":"feed1000","t_us":1790242133798639,"ev":"page_build","i":788}
Sep 24 15:13:53.798743 Runner(Flutter)[2653] <Notice>: dartnative: ##BENCH## {"tag":"feed1000","t_us":1790242133798697,"ev":"page_build","i":789}
Sep 24 15:13:53.798831 Runner(Flutter)[2653] <Notice>: dartnative: ##BENCH## {"tag":"feed1000","t_us":1790242133798745,"ev":"page_build","i":790}
Sep 24 15:13:53.798846 Runner(Flutter)[2653] <Notice>: dartnative: ##BENCH## {"tag":"feed1000","t_us":1790242133798797,"ev":"page_build","i":791}
Sep 24 15:13:53.798891 Runner(Flutter)[2653] <Notice>: dartnative: ##BENCH## {"tag":"feed1000","t_us":1790242133798828,"ev":"page_build","i":792}
Sep 24 15:13:53.798939 Runner(Flutter)[2653] <Notice>: dartnative: ##BENCH## {"tag":"feed1000","t_us":1790242133798889,"ev":"page_build","i":793}
Sep 24 15:13:53.798983 Runner(Flutter)[2653] <Notice>: dartnative: ##BENCH## {"tag":"feed1000","t_us":1790242133798937,"ev":"page_build","i":794}
Sep 24 15:13:53.799050 Runner(Flutter)[2653] <Notice>: dartnative: ##BENCH## {"tag":"feed1000","t_us":1790242133798991,"ev":"page_build","i":795}
Sep 24 15:13:53.799129 Runner(Flutter)[2653] <Notice>: dartnative: ##BENCH## {"tag":"feed1000","t_us":1790242133799044,"ev":"page_build","i":796}
Sep 24 15:13:53.799209 Runner(Flutter)[2653] <Notice>: dartnative: ##BENCH## {"tag":"feed1000","t_us":1790242133799085,"ev":"page_build","i":797}
Sep 24 15:13:53.799224 Runner(Flutter)[2653] <Notice>: dartnative: ##BENCH## {"tag":"feed1000","t_us":1790242133799118,"ev":"page_build","i":798}
Sep 24 15:13:53.799231 Runner(Flutter)[2653] <Notice>: dartnative: ##BENCH## {"tag":"feed1000","t_us":1790242133799164,"ev":"page_build","i":799}
Sep 24 15:13:53.799265 Runner(Flutter)[2653] <Notice>: dartnative: ##BENCH## {"tag":"feed1000","t_us":1790242133799199,"ev":"page_build","i":800}
Sep 24 15:13:53.799373 Runner(Flutter)[2653] <Notice>: dartnative: ##BENCH## {"tag":"feed1000","t_us":1790242133799270,"ev":"page_build","i":801}
Sep 24 15:13:53.799463 Runner(Flutter)[2653] <Notice>: dartnative: ##BENCH## {"tag":"feed1000","t_us":1790242133799346,"ev":"page_build","i":802}
Sep 24 15:13:53.799549 Runner(Flutter)[2653] <Notice>: dartnative: ##BENCH## {"tag":"feed1000","t_us":1790242133799429,"ev":"page_build","i":803}
Sep 24 15:13:53.799584 Runner(Flutter)[2653] <Notice>: dartnative: ##BENCH## {"tag":"feed1000","t_us":1790242133799503,"ev":"page_build","i":804}
Sep 24 15:13:53.799629 Runner(Flutter)[2653] <Notice>: dartnative: ##BENCH## {"tag":"feed1000","t_us":1790242133799538,"ev":"page_build","i":805}
Sep 24 15:13:53.799752 Runner(Flutter)[2653] <Notice>: dartnative: ##BENCH## {"tag":"feed1000","t_us":1790242133799648,"ev":"page_build","i":806}
Sep 24 15:13:53.799766 Runner(Flutter)[2653] <Notice>: dartnative: ##BENCH## {"tag":"feed1000","t_us":1790242133799681,"ev":"page_build","i":807}
Sep 24 15:13:53.799792 Runner(Flutter)[2653] <Notice>: dartnative: ##BENCH## {"tag":"feed1000","t_us":1790242133799740,"ev":"page_build","i":808}
Sep 24 15:13:53.799833 Runner(Flutter)[2653] <Notice>: dartnative: ##BENCH## {"tag":"feed1000","t_us":1790242133799793,"ev":"page_build","i":809}
Sep 24 15:13:53.799903 Runner(Flutter)[2653] <Notice>: dartnative: ##BENCH## {"tag":"feed1000","t_us":1790242133799851,"ev":"page_build","i":810}
Sep 24 15:13:53.799954 Runner(Flutter)[2653] <Notice>: dartnative: ##BENCH## {"tag":"feed1000","t_us":1790242133799904,"ev":"page_build","i":811}
Sep 24 15:13:53.800016 Runner(Flutter)[2653] <Notice>: dartnative: ##BENCH## {"tag":"feed1000","t_us":1790242133799951,"ev":"page_build","i":812}
Sep 24 15:13:53.800094 Runner(Flutter)[2653] <Notice>: dartnative: ##BENCH## {"tag":"feed1000","t_us":1790242133800000,"ev":"page_build","i":813}
Sep 24 15:13:53.800110 Runner(Flutter)[2653] <Notice>: dartnative: ##BENCH## {"tag":"feed1000","t_us":1790242133800050,"ev":"page_build","i":814}
Sep 24 15:13:53.800128 Runner(Flutter)[2653] <Notice>: dartnative: ##BENCH## {"tag":"feed1000","t_us":1790242133800085,"ev":"page_build","i":815}
Sep 24 15:13:53.800209 Runner(Flutter)[2653] <Notice>: dartnative: ##BENCH## {"tag":"feed1000","t_us":1790242133800158,"ev":"page_build","i":816}
Sep 24 15:13:53.800252 Runner(Flutter)[2653] <Notice>: dartnative: ##BENCH## {"tag":"feed1000","t_us":1790242133800212,"ev":"page_build","i":817}
Sep 24 15:13:53.800316 Runner(Flutter)[2653] <Notice>: dartnative: ##BENCH## {"tag":"feed1000","t_us":1790242133800254,"ev":"page_build","i":818}
Sep 24 15:13:53.800417 Runner(Flutter)[2653] <Notice>: dartnative: ##BENCH## {"tag":"feed1000","t_us":1790242133800313,"ev":"page_build","i":819}
Sep 24 15:13:53.800430 Runner(Flutter)[2653] <Notice>: dartnative: ##BENCH## {"tag":"feed1000","t_us":1790242133800356,"ev":"page_build","i":820}
Sep 24 15:13:53.800438 Runner(Flutter)[2653] <Notice>: dartnative: ##BENCH## {"tag":"feed1000","t_us":1790242133800387,"ev":"page_build","i":821}
Sep 24 15:13:53.800497 Runner(Flutter)[2653] <Notice>: dartnative: ##BENCH## {"tag":"feed1000","t_us":1790242133800417,"ev":"page_build","i":822}
Sep 24 15:13:53.800550 Runner(Flutter)[2653] <Notice>: dartnative: ##BENCH## {"tag":"feed1000","t_us":1790242133800502,"ev":"page_build","i":823}
Sep 24 15:13:53.800590 Runner(Flutter)[2653] <Notice>: dartnative: ##BENCH## {"tag":"feed1000","t_us":1790242133800544,"ev":"page_build","i":824}
Sep 24 15:13:53.800652 Runner(Flutter)[2653] <Notice>: dartnative: ##BENCH## {"tag":"feed1000","t_us":1790242133800587,"ev":"page_build","i":825}
Sep 24 15:13:53.800694 Runner(Flutter)[2653] <Notice>: dartnative: ##BENCH## {"tag":"feed1000","t_us":1790242133800647,"ev":"page_build","i":826}
Sep 24 15:13:53.800741 Runner(Flutter)[2653] <Notice>: dartnative: ##BENCH## {"tag":"feed1000","t_us":1790242133800688,"ev":"page_build","i":827}
Sep 24 15:13:53.800831 Runner(Flutter)[2653] <Notice>: dartnative: ##BENCH## {"tag":"feed1000","t_us":1790242133800741,"ev":"page_build","i":828}
Sep 24 15:13:53.800845 Runner(Flutter)[2653] <Notice>: dartnative: ##BENCH## {"tag":"feed1000","t_us":1790242133800797,"ev":"page_build","i":829}
Sep 24 15:13:53.800874 Runner(Flutter)[2653] <Notice>: dartnative: ##BENCH## {"tag":"feed1000","t_us":1790242133800834,"ev":"page_build","i":830}
Sep 24 15:13:53.800974 Runner(Flutter)[2653] <Notice>: dartnative: ##BENCH## {"tag":"feed1000","t_us":1790242133800912,"ev":"page_build","i":831}
Sep 24 15:13:53.800990 Runner(Flutter)[2653] <Notice>: dartnative: ##BENCH## {"tag":"feed1000","t_us":1790242133800949,"ev":"page_build","i":832}
Sep 24 15:13:53.801041 Runner(Flutter)[2653] <Notice>: dartnative: ##BENCH## {"tag":"feed1000","t_us":1790242133800980,"ev":"page_build","i":833}
Sep 24 15:13:53.801105 Runner(Flutter)[2653] <Notice>: dartnative: ##BENCH## {"tag":"feed1000","t_us":1790242133801039,"ev":"page_build","i":834}
Sep 24 15:13:53.801140 Runner(Flutter)[2653] <Notice>: dartnative: ##BENCH## {"tag":"feed1000","t_us":1790242133801101,"ev":"page_build","i":835}
Sep 24 15:13:53.801195 Runner(Flutter)[2653] <Notice>: dartnative: ##BENCH## {"tag":"feed1000","t_us":1790242133801136,"ev":"page_build","i":836}
Sep 24 15:13:53.801242 Runner(Flutter)[2653] <Notice>: dartnative: ##BENCH## {"tag":"feed1000","t_us":1790242133801197,"ev":"page_build","i":837}
Sep 24 15:13:53.801309 Runner(Flutter)[2653] <Notice>: dartnative: ##BENCH## {"tag":"feed1000","t_us":1790242133801247,"ev":"page_build","i":838}
Sep 24 15:13:53.801352 Runner(Flutter)[2653] <Notice>: dartnative: ##BENCH## {"tag":"feed1000","t_us":1790242133801302,"ev":"page_build","i":839}
Sep 24 15:13:53.801400 Runner(Flutter)[2653] <Notice>: dartnative: ##BENCH## {"tag":"feed1000","t_us":1790242133801345,"ev":"page_build","i":840}
Sep 24 15:13:53.801486 Runner(Flutter)[2653] <Notice>: dartnative: ##BENCH## {"tag":"feed1000","t_us":1790242133801404,"ev":"page_build","i":841}
Sep 24 15:13:53.801501 Runner(Flutter)[2653] <Notice>: dartnative: ##BENCH## {"tag":"feed1000","t_us":1790242133801463,"ev":"page_build","i":842}
Sep 24 15:13:53.801558 Runner(Flutter)[2653] <Notice>: dartnative: ##BENCH## {"tag":"feed1000","t_us":1790242133801497,"ev":"page_build","i":843}
Sep 24 15:13:53.801599 Runner(Flutter)[2653] <Notice>: dartnative: ##BENCH## {"tag":"feed1000","t_us":1790242133801549,"ev":"page_build","i":844}
Sep 24 15:13:53.801644 Runner(Flutter)[2653] <Notice>: dartnative: ##BENCH## {"tag":"feed1000","t_us":1790242133801597,"ev":"page_build","i":845}
Sep 24 15:13:53.801690 Runner(Flutter)[2653] <Notice>: dartnative: ##BENCH## {"tag":"feed1000","t_us":1790242133801644,"ev":"page_build","i":846}
Sep 24 15:13:53.801773 Runner(Flutter)[2653] <Notice>: dartnative: ##BENCH## {"tag":"feed1000","t_us":1790242133801725,"ev":"page_build","i":847}
Sep 24 15:13:53.801808 Runner(Flutter)[2653] <Notice>: dartnative: ##BENCH## {"tag":"feed1000","t_us":1790242133801763,"ev":"page_build","i":848}
Sep 24 15:13:53.801862 Runner(Flutter)[2653] <Notice>: dartnative: ##BENCH## {"tag":"feed1000","t_us":1790242133801805,"ev":"page_build","i":849}
Sep 24 15:13:53.801907 Runner(Flutter)[2653] <Notice>: dartnative: ##BENCH## {"tag":"feed1000","t_us":1790242133801864,"ev":"page_build","i":850}
Sep 24 15:13:53.801950 Runner(Flutter)[2653] <Notice>: dartnative: ##BENCH## {"tag":"feed1000","t_us":1790242133801908,"ev":"page_build","i":851}
Sep 24 15:13:53.801990 Runner(Flutter)[2653] <Notice>: dartnative: ##BENCH## {"tag":"feed1000","t_us":1790242133801950,"ev":"page_build","i":852}
Sep 24 15:13:53.802035 Runner(Flutter)[2653] <Notice>: dartnative: ##BENCH## {"tag":"feed1000","t_us":1790242133801994,"ev":"page_build","i":853}
Sep 24 15:13:53.802077 Runner(Flutter)[2653] <Notice>: dartnative: ##BENCH## {"tag":"feed1000","t_us":1790242133802033,"ev":"page_build","i":854}
Sep 24 15:13:53.802118 Runner(Flutter)[2653] <Notice>: dartnative: ##BENCH## {"tag":"feed1000","t_us":1790242133802078,"ev":"page_build","i":855}
Sep 24 15:13:53.802168 Runner(Flutter)[2653] <Notice>: dartnative: ##BENCH## {"tag":"feed1000","t_us":1790242133802125,"ev":"page_build","i":856}
Sep 24 15:13:53.802213 Runner(Flutter)[2653] <Notice>: dartnative: ##BENCH## {"tag":"feed1000","t_us":1790242133802169,"ev":"page_build","i":857}
Sep 24 15:13:53.802276 Runner(Flutter)[2653] <Notice>: dartnative: ##BENCH## {"tag":"feed1000","t_us":1790242133802211,"ev":"page_build","i":858}
Sep 24 15:13:53.802347 Runner(Flutter)[2653] <Notice>: dartnative: ##BENCH## {"tag":"feed1000","t_us":1790242133802278,"ev":"page_build","i":859}
Sep 24 15:13:53.802372 Runner(Flutter)[2653] <Notice>: dartnative: ##BENCH## {"tag":"feed1000","t_us":1790242133802334,"ev":"page_build","i":860}
Sep 24 15:13:53.802411 Runner(Flutter)[2653] <Notice>: dartnative: ##BENCH## {"tag":"feed1000","t_us":1790242133802368,"ev":"page_build","i":861}
Sep 24 15:13:53.802473 Runner(Flutter)[2653] <Notice>: dartnative: ##BENCH## {"tag":"feed1000","t_us":1790242133802428,"ev":"page_build","i":862}
Sep 24 15:13:53.802529 Runner(Flutter)[2653] <Notice>: dartnative: ##BENCH## {"tag":"feed1000","t_us":1790242133802483,"ev":"page_build","i":863}
Sep 24 15:13:53.802602 Runner(Flutter)[2653] <Notice>: dartnative: ##BENCH## {"tag":"feed1000","t_us":1790242133802556,"ev":"page_build","i":864}
Sep 24 15:13:53.802679 Runner(Flutter)[2653] <Notice>: dartnative: ##BENCH## {"tag":"feed1000","t_us":1790242133802593,"ev":"page_build","i":865}
Sep 24 15:13:53.802693 Runner(Flutter)[2653] <Notice>: dartnative: ##BENCH## {"tag":"feed1000","t_us":1790242133802640,"ev":"page_build","i":866}
Sep 24 15:13:53.802739 Runner(Flutter)[2653] <Notice>: dartnative: ##BENCH## {"tag":"feed1000","t_us":1790242133802673,"ev":"page_build","i":867}
Sep 24 15:13:53.802789 Runner(Flutter)[2653] <Notice>: dartnative: ##BENCH## {"tag":"feed1000","t_us":1790242133802740,"ev":"page_build","i":868}
Sep 24 15:13:53.802864 Runner(Flutter)[2653] <Notice>: dartnative: ##BENCH## {"tag":"feed1000","t_us":1790242133802796,"ev":"page_build","i":869}
Sep 24 15:13:53.802898 Runner(Flutter)[2653] <Notice>: dartnative: ##BENCH## {"tag":"feed1000","t_us":1790242133802852,"ev":"page_build","i":870}
Sep 24 15:13:53.802964 Runner(Flutter)[2653] <Notice>: dartnative: ##BENCH## {"tag":"feed1000","t_us":1790242133802897,"ev":"page_build","i":871}
Sep 24 15:13:53.803008 Runner(Flutter)[2653] <Notice>: dartnative: ##BENCH## {"tag":"feed1000","t_us":1790242133802960,"ev":"page_build","i":872}
Sep 24 15:13:53.803046 Runner(Flutter)[2653] <Notice>: dartnative: ##BENCH## {"tag":"feed1000","t_us":1790242133803001,"ev":"page_build","i":873}
Sep 24 15:13:53.803086 Runner(Flutter)[2653] <Notice>: dartnative: ##BENCH## {"tag":"feed1000","t_us":1790242133803041,"ev":"page_build","i":874}
Sep 24 15:13:53.803126 Runner(Flutter)[2653] <Notice>: dartnative: ##BENCH## {"tag":"feed1000","t_us":1790242133803085,"ev":"page_build","i":875}
Sep 24 15:13:53.803181 Runner(Flutter)[2653] <Notice>: dartnative: ##BENCH## {"tag":"feed1000","t_us":1790242133803127,"ev":"page_build","i":876}
Sep 24 15:13:53.803269 Runner(Flutter)[2653] <Notice>: dartnative: ##BENCH## {"tag":"feed1000","t_us":1790242133803210,"ev":"page_build","i":877}
Sep 24 15:13:53.803288 Runner(Flutter)[2653] <Notice>: dartnative: ##BENCH## {"tag":"feed1000","t_us":1790242133803245,"ev":"page_build","i":878}
Sep 24 15:13:53.803371 Runner(Flutter)[2653] <Notice>: dartnative: ##BENCH## {"tag":"feed1000","t_us":1790242133803275,"ev":"page_build","i":879}
Sep 24 15:13:53.803386 Runner(Flutter)[2653] <Notice>: dartnative: ##BENCH## {"tag":"feed1000","t_us":1790242133803328,"ev":"page_build","i":880}
Sep 24 15:13:53.803434 Runner(Flutter)[2653] <Notice>: dartnative: ##BENCH## {"tag":"feed1000","t_us":1790242133803361,"ev":"page_build","i":881}
Sep 24 15:13:53.803530 Runner(Flutter)[2653] <Notice>: dartnative: ##BENCH## {"tag":"feed1000","t_us":1790242133803463,"ev":"page_build","i":882}
Sep 24 15:13:53.803545 Runner(Flutter)[2653] <Notice>: dartnative: ##BENCH## {"tag":"feed1000","t_us":1790242133803496,"ev":"page_build","i":883}
Sep 24 15:13:53.803610 Runner(Flutter)[2653] <Notice>: dartnative: ##BENCH## {"tag":"feed1000","t_us":1790242133803529,"ev":"page_build","i":884}
Sep 24 15:13:53.803681 Runner(Flutter)[2653] <Notice>: dartnative: ##BENCH## {"tag":"feed1000","t_us":1790242133803595,"ev":"page_build","i":885}
Sep 24 15:13:53.803720 Runner(Flutter)[2653] <Notice>: dartnative: ##BENCH## {"tag":"feed1000","t_us":1790242133803673,"ev":"page_build","i":886}
Sep 24 15:13:53.803849 Runner(Flutter)[2653] <Notice>: dartnative: ##BENCH## {"tag":"feed1000","t_us":1790242133803718,"ev":"page_build","i":887}
Sep 24 15:13:53.804060 Runner(Flutter)[2653] <Notice>: dartnative: ##BENCH## {"tag":"feed1000","t_us":1790242133803771,"ev":"page_build","i":888}
Sep 24 15:13:53.804077 Runner(Flutter)[2653] <Notice>: dartnative: ##BENCH## {"tag":"feed1000","t_us":1790242133803804,"ev":"page_build","i":889}
Sep 24 15:13:53.804094 Runner(Flutter)[2653] <Notice>: dartnative: ##BENCH## {"tag":"feed1000","t_us":1790242133803852,"ev":"page_build","i":890}
Sep 24 15:13:53.804107 Runner(Flutter)[2653] <Notice>: dartnative: ##BENCH## {"tag":"feed1000","t_us":1790242133803914,"ev":"page_build","i":891}
Sep 24 15:13:53.804115 Runner(Flutter)[2653] <Notice>: dartnative: ##BENCH## {"tag":"feed1000","t_us":1790242133804016,"ev":"page_build","i":892}
Sep 24 15:13:53.804123 Runner(Flutter)[2653] <Notice>: dartnative: ##BENCH## {"tag":"feed1000","t_us":1790242133804051,"ev":"page_build","i":893}
Sep 24 15:13:53.804183 Runner(Flutter)[2653] <Notice>: dartnative: ##BENCH## {"tag":"feed1000","t_us":1790242133804136,"ev":"page_build","i":894}
Sep 24 15:13:53.804247 Runner(Flutter)[2653] <Notice>: dartnative: ##BENCH## {"tag":"feed1000","t_us":1790242133804192,"ev":"page_build","i":895}
Sep 24 15:13:53.804293 Runner(Flutter)[2653] <Notice>: dartnative: ##BENCH## {"tag":"feed1000","t_us":1790242133804250,"ev":"page_build","i":896}
Sep 24 15:13:53.804345 Runner(Flutter)[2653] <Notice>: dartnative: ##BENCH## {"tag":"feed1000","t_us":1790242133804295,"ev":"page_build","i":897}
Sep 24 15:13:53.804405 Runner(Flutter)[2653] <Notice>: dartnative: ##BENCH## {"tag":"feed1000","t_us":1790242133804377,"ev":"page_build","i":898}
Sep 24 15:13:53.804495 Runner(Flutter)[2653] <Notice>: dartnative: ##BENCH## {"tag":"feed1000","t_us":1790242133804425,"ev":"page_build","i":899}
Sep 24 15:13:53.804509 Runner(Flutter)[2653] <Notice>: dartnative: ##BENCH## {"tag":"feed1000","t_us":1790242133804461,"ev":"page_build","i":900}
Sep 24 15:13:53.804547 Runner(Flutter)[2653] <Notice>: dartnative: ##BENCH## {"tag":"feed1000","t_us":1790242133804490,"ev":"page_build","i":901}
Sep 24 15:13:53.804645 Runner(Flutter)[2653] <Notice>: dartnative: ##BENCH## {"tag":"feed1000","t_us":1790242133804585,"ev":"page_build","i":902}
Sep 24 15:13:53.806613 Runner(Flutter)[2653] <Notice>: dartnative: ##BENCH## {"tag":"feed1000","t_us":1790242133806549,"ev":"page_build","i":903}
Sep 24 15:13:53.806663 Runner(Flutter)[2653] <Notice>: dartnative: ##BENCH## {"tag":"feed1000","t_us":1790242133806617,"ev":"page_build","i":904}
Sep 24 15:13:53.806733 Runner(Flutter)[2653] <Notice>: dartnative: ##BENCH## {"tag":"feed1000","t_us":1790242133806665,"ev":"page_build","i":905}
Sep 24 15:13:53.806770 Runner(Flutter)[2653] <Notice>: dartnative: ##BENCH## {"tag":"feed1000","t_us":1790242133806718,"ev":"page_build","i":906}
Sep 24 15:13:53.806825 Runner(Flutter)[2653] <Notice>: dartnative: ##BENCH## {"tag":"feed1000","t_us":1790242133806768,"ev":"page_build","i":907}
Sep 24 15:13:53.806913 Runner(Flutter)[2653] <Notice>: dartnative: ##BENCH## {"tag":"feed1000","t_us":1790242133806836,"ev":"page_build","i":908}
Sep 24 15:13:53.806929 Runner(Flutter)[2653] <Notice>: dartnative: ##BENCH## {"tag":"feed1000","t_us":1790242133806890,"ev":"page_build","i":909}
Sep 24 15:13:53.807044 Runner(Flutter)[2653] <Notice>: dartnative: ##BENCH## {"tag":"feed1000","t_us":1790242133806929,"ev":"page_build","i":910}
Sep 24 15:13:53.807060 Runner(Flutter)[2653] <Notice>: dartnative: ##BENCH## {"tag":"feed1000","t_us":1790242133807008,"ev":"page_build","i":911}
Sep 24 15:13:53.807121 Runner(Flutter)[2653] <Notice>: dartnative: ##BENCH## {"tag":"feed1000","t_us":1790242133807041,"ev":"page_build","i":912}
Sep 24 15:13:53.807138 Runner(Flutter)[2653] <Notice>: dartnative: ##BENCH## {"tag":"feed1000","t_us":1790242133807086,"ev":"page_build","i":913}
Sep 24 15:13:53.807171 Runner(Flutter)[2653] <Notice>: dartnative: ##BENCH## {"tag":"feed1000","t_us":1790242133807119,"ev":"page_build","i":914}
Sep 24 15:13:53.807213 Runner(Flutter)[2653] <Notice>: dartnative: ##BENCH## {"tag":"feed1000","t_us":1790242133807167,"ev":"page_build","i":915}
Sep 24 15:13:53.807265 Runner(Flutter)[2653] <Notice>: dartnative: ##BENCH## {"tag":"feed1000","t_us":1790242133807215,"ev":"page_build","i":916}
Sep 24 15:13:53.807341 Runner(Flutter)[2653] <Notice>: dartnative: ##BENCH## {"tag":"feed1000","t_us":1790242133807299,"ev":"page_build","i":917}
Sep 24 15:13:53.807380 Runner(Flutter)[2653] <Notice>: dartnative: ##BENCH## {"tag":"feed1000","t_us":1790242133807336,"ev":"page_build","i":918}
Sep 24 15:13:53.807427 Runner(Flutter)[2653] <Notice>: dartnative: ##BENCH## {"tag":"feed1000","t_us":1790242133807378,"ev":"page_build","i":919}
Sep 24 15:13:53.807474 Runner(Flutter)[2653] <Notice>: dartnative: ##BENCH## {"tag":"feed1000","t_us":1790242133807431,"ev":"page_build","i":920}
Sep 24 15:13:53.807517 Runner(Flutter)[2653] <Notice>: dartnative: ##BENCH## {"tag":"feed1000","t_us":1790242133807479,"ev":"page_build","i":921}
Sep 24 15:13:53.807626 Runner(Flutter)[2653] <Notice>: dartnative: ##BENCH## {"tag":"feed1000","t_us":1790242133807549,"ev":"page_build","i":922}
Sep 24 15:13:53.807646 Runner(Flutter)[2653] <Notice>: dartnative: ##BENCH## {"tag":"feed1000","t_us":1790242133807584,"ev":"page_build","i":923}
Sep 24 15:13:53.807653 Runner(Flutter)[2653] <Notice>: dartnative: ##BENCH## {"tag":"feed1000","t_us":1790242133807612,"ev":"page_build","i":924}
Sep 24 15:13:53.807725 Runner(Flutter)[2653] <Notice>: dartnative: ##BENCH## {"tag":"feed1000","t_us":1790242133807671,"ev":"page_build","i":925}
Sep 24 15:13:53.807848 Runner(Flutter)[2653] <Notice>: dartnative: ##BENCH## {"tag":"feed1000","t_us":1790242133807772,"ev":"page_build","i":926}
Sep 24 15:13:53.807895 Runner(Flutter)[2653] <Notice>: dartnative: ##BENCH## {"tag":"feed1000","t_us":1790242133807845,"ev":"page_build","i":927}
Sep 24 15:13:53.808047 Runner(Flutter)[2653] <Notice>: dartnative: ##BENCH## {"tag":"feed1000","t_us":1790242133807892,"ev":"page_build","i":928}
Sep 24 15:13:53.808056 Runner(Flutter)[2653] <Notice>: dartnative: ##BENCH## {"tag":"feed1000","t_us":1790242133807947,"ev":"page_build","i":929}
Sep 24 15:13:53.808063 Runner(Flutter)[2653] <Notice>: dartnative: ##BENCH## {"tag":"feed1000","t_us":1790242133807979,"ev":"page_build","i":930}
Sep 24 15:13:53.808132 Runner(Flutter)[2653] <Notice>: dartnative: ##BENCH## {"tag":"feed1000","t_us":1790242133808011,"ev":"page_build","i":931}
Sep 24 15:13:53.808141 Runner(Flutter)[2653] <Notice>: dartnative: ##BENCH## {"tag":"feed1000","t_us":1790242133808063,"ev":"page_build","i":932}
Sep 24 15:13:53.808152 Runner(Flutter)[2653] <Notice>: dartnative: ##BENCH## {"tag":"feed1000","t_us":1790242133808127,"ev":"page_build","i":933}
Sep 24 15:13:53.808261 Runner(Flutter)[2653] <Notice>: dartnative: ##BENCH## {"tag":"feed1000","t_us":1790242133808159,"ev":"page_build","i":934}
Sep 24 15:13:53.808277 Runner(Flutter)[2653] <Notice>: dartnative: ##BENCH## {"tag":"feed1000","t_us":1790242133808214,"ev":"page_build","i":935}
Sep 24 15:13:53.808297 Runner(Flutter)[2653] <Notice>: dartnative: ##BENCH## {"tag":"feed1000","t_us":1790242133808252,"ev":"page_build","i":936}
Sep 24 15:13:53.808350 Runner(Flutter)[2653] <Notice>: dartnative: ##BENCH## {"tag":"feed1000","t_us":1790242133808306,"ev":"page_build","i":937}
Sep 24 15:13:53.808413 Runner(Flutter)[2653] <Notice>: dartnative: ##BENCH## {"tag":"feed1000","t_us":1790242133808352,"ev":"page_build","i":938}
Sep 24 15:13:53.808480 Runner(Flutter)[2653] <Notice>: dartnative: ##BENCH## {"tag":"feed1000","t_us":1790242133808409,"ev":"page_build","i":939}
Sep 24 15:13:53.808545 Runner(Flutter)[2653] <Notice>: dartnative: ##BENCH## {"tag":"feed1000","t_us":1790242133808457,"ev":"page_build","i":940}
Sep 24 15:13:53.808564 Runner(Flutter)[2653] <Notice>: dartnative: ##BENCH## {"tag":"feed1000","t_us":1790242133808492,"ev":"page_build","i":941}
Sep 24 15:13:53.808608 Runner(Flutter)[2653] <Notice>: dartnative: ##BENCH## {"tag":"feed1000","t_us":1790242133808539,"ev":"page_build","i":942}
Sep 24 15:13:53.808650 Runner(Flutter)[2653] <Notice>: dartnative: ##BENCH## {"tag":"feed1000","t_us":1790242133808600,"ev":"page_build","i":943}
Sep 24 15:13:53.808714 Runner(Flutter)[2653] <Notice>: dartnative: ##BENCH## {"tag":"feed1000","t_us":1790242133808649,"ev":"page_build","i":944}
Sep 24 15:13:53.808760 Runner(Flutter)[2653] <Notice>: dartnative: ##BENCH## {"tag":"feed1000","t_us":1790242133808712,"ev":"page_build","i":945}
Sep 24 15:13:53.808808 Runner(Flutter)[2653] <Notice>: dartnative: ##BENCH## {"tag":"feed1000","t_us":1790242133808759,"ev":"page_build","i":946}
Sep 24 15:13:53.808855 Runner(Flutter)[2653] <Notice>: dartnative: ##BENCH## {"tag":"feed1000","t_us":1790242133808800,"ev":"page_build","i":947}
Sep 24 15:13:53.808903 Runner(Flutter)[2653] <Notice>: dartnative: ##BENCH## {"tag":"feed1000","t_us":1790242133808854,"ev":"page_build","i":948}
Sep 24 15:13:53.808984 Runner(Flutter)[2653] <Notice>: dartnative: ##BENCH## {"tag":"feed1000","t_us":1790242133808910,"ev":"page_build","i":949}
Sep 24 15:13:53.809016 Runner(Flutter)[2653] <Notice>: dartnative: ##BENCH## {"tag":"feed1000","t_us":1790242133808957,"ev":"page_build","i":950}
Sep 24 15:13:53.809070 Runner(Flutter)[2653] <Notice>: dartnative: ##BENCH## {"tag":"feed1000","t_us":1790242133809012,"ev":"page_build","i":951}
Sep 24 15:13:53.809139 Runner(Flutter)[2653] <Notice>: dartnative: ##BENCH## {"tag":"feed1000","t_us":1790242133809067,"ev":"page_build","i":952}
Sep 24 15:13:53.809155 Runner(Flutter)[2653] <Notice>: dartnative: ##BENCH## {"tag":"feed1000","t_us":1790242133809127,"ev":"page_build","i":953}
Sep 24 15:13:53.809258 Runner(Flutter)[2653] <Notice>: dartnative: ##BENCH## {"tag":"feed1000","t_us":1790242133809187,"ev":"page_build","i":954}
Sep 24 15:13:53.809271 Runner(Flutter)[2653] <Notice>: dartnative: ##BENCH## {"tag":"feed1000","t_us":1790242133809221,"ev":"page_build","i":955}
Sep 24 15:13:53.809322 Runner(Flutter)[2653] <Notice>: dartnative: ##BENCH## {"tag":"feed1000","t_us":1790242133809252,"ev":"page_build","i":956}
Sep 24 15:13:53.809364 Runner(Flutter)[2653] <Notice>: dartnative: ##BENCH## {"tag":"feed1000","t_us":1790242133809317,"ev":"page_build","i":957}
Sep 24 15:13:53.809424 Runner(Flutter)[2653] <Notice>: dartnative: ##BENCH## {"tag":"feed1000","t_us":1790242133809360,"ev":"page_build","i":958}
Sep 24 15:13:53.809494 Runner(Flutter)[2653] <Notice>: dartnative: ##BENCH## {"tag":"feed1000","t_us":1790242133809417,"ev":"page_build","i":959}
Sep 24 15:13:53.809508 Runner(Flutter)[2653] <Notice>: dartnative: ##BENCH## {"tag":"feed1000","t_us":1790242133809462,"ev":"page_build","i":960}
Sep 24 15:13:53.809668 Runner(Flutter)[2653] <Notice>: dartnative: ##BENCH## {"tag":"feed1000","t_us":1790242133809496,"ev":"page_build","i":961}
Sep 24 15:13:53.809995 Runner(Flutter)[2653] <Notice>: dartnative: ##BENCH## {"tag":"feed1000","t_us":1790242133809578,"ev":"page_build","i":962}
Sep 24 15:13:53.810022 Runner(Flutter)[2653] <Notice>: dartnative: ##BENCH## {"tag":"feed1000","t_us":1790242133809623,"ev":"page_build","i":963}
Sep 24 15:13:53.810036 Runner(Flutter)[2653] <Notice>: dartnative: ##BENCH## {"tag":"feed1000","t_us":1790242133809734,"ev":"page_build","i":964}
Sep 24 15:13:53.810053 Runner(Flutter)[2653] <Notice>: dartnative: ##BENCH## {"tag":"feed1000","t_us":1790242133809833,"ev":"page_build","i":965}
Sep 24 15:13:53.810060 Runner(Flutter)[2653] <Notice>: dartnative: ##BENCH## {"tag":"feed1000","t_us":1790242133809900,"ev":"page_build","i":966}
Sep 24 15:13:53.810175 Runner(Flutter)[2653] <Notice>: dartnative: ##BENCH## {"tag":"feed1000","t_us":1790242133809973,"ev":"page_build","i":967}
Sep 24 15:13:53.810264 Runner(Flutter)[2653] <Notice>: dartnative: ##BENCH## {"tag":"feed1000","t_us":1790242133810055,"ev":"page_build","i":968}
Sep 24 15:13:53.810279 Runner(Flutter)[2653] <Notice>: dartnative: ##BENCH## {"tag":"feed1000","t_us":1790242133810151,"ev":"page_build","i":969}
Sep 24 15:13:53.810288 Runner(Flutter)[2653] <Notice>: dartnative: ##BENCH## {"tag":"feed1000","t_us":1790242133810215,"ev":"page_build","i":970}
Sep 24 15:13:53.810417 Runner(Flutter)[2653] <Notice>: dartnative: ##BENCH## {"tag":"feed1000","t_us":1790242133810328,"ev":"page_build","i":971}
Sep 24 15:13:53.810432 Runner(Flutter)[2653] <Notice>: dartnative: ##BENCH## {"tag":"feed1000","t_us":1790242133810386,"ev":"page_build","i":972}
Sep 24 15:13:53.810489 Runner(Flutter)[2653] <Notice>: dartnative: ##BENCH## {"tag":"feed1000","t_us":1790242133810420,"ev":"page_build","i":973}
Sep 24 15:13:53.810533 Runner(Flutter)[2653] <Notice>: dartnative: ##BENCH## {"tag":"feed1000","t_us":1790242133810487,"ev":"page_build","i":974}
Sep 24 15:13:53.810587 Runner(Flutter)[2653] <Notice>: dartnative: ##BENCH## {"tag":"feed1000","t_us":1790242133810533,"ev":"page_build","i":975}
Sep 24 15:13:53.810653 Runner(Flutter)[2653] <Notice>: dartnative: ##BENCH## {"tag":"feed1000","t_us":1790242133810598,"ev":"page_build","i":976}
Sep 24 15:13:53.810725 Runner(Flutter)[2653] <Notice>: dartnative: ##BENCH## {"tag":"feed1000","t_us":1790242133810650,"ev":"page_build","i":977}
Sep 24 15:13:53.810739 Runner(Flutter)[2653] <Notice>: dartnative: ##BENCH## {"tag":"feed1000","t_us":1790242133810690,"ev":"page_build","i":978}
Sep 24 15:13:53.810775 Runner(Flutter)[2653] <Notice>: dartnative: ##BENCH## {"tag":"feed1000","t_us":1790242133810723,"ev":"page_build","i":979}
Sep 24 15:13:53.810838 Runner(Flutter)[2653] <Notice>: dartnative: ##BENCH## {"tag":"feed1000","t_us":1790242133810774,"ev":"page_build","i":980}
Sep 24 15:13:53.810885 Runner(Flutter)[2653] <Notice>: dartnative: ##BENCH## {"tag":"feed1000","t_us":1790242133810837,"ev":"page_build","i":981}
Sep 24 15:13:53.810938 Runner(Flutter)[2653] <Notice>: dartnative: ##BENCH## {"tag":"feed1000","t_us":1790242133810882,"ev":"page_build","i":982}
Sep 24 15:13:53.810985 Runner(Flutter)[2653] <Notice>: dartnative: ##BENCH## {"tag":"feed1000","t_us":1790242133810944,"ev":"page_build","i":983}
Sep 24 15:13:53.811052 Runner(Flutter)[2653] <Notice>: dartnative: ##BENCH## {"tag":"feed1000","t_us":1790242133810988,"ev":"page_build","i":984}
Sep 24 15:13:53.811109 Runner(Flutter)[2653] <Notice>: dartnative: ##BENCH## {"tag":"feed1000","t_us":1790242133811044,"ev":"page_build","i":985}
Sep 24 15:13:53.811147 Runner(Flutter)[2653] <Notice>: dartnative: ##BENCH## {"tag":"feed1000","t_us":1790242133811101,"ev":"page_build","i":986}
Sep 24 15:13:53.811188 Runner(Flutter)[2653] <Notice>: dartnative: ##BENCH## {"tag":"feed1000","t_us":1790242133811143,"ev":"page_build","i":987}
Sep 24 15:13:53.811272 Runner(Flutter)[2653] <Notice>: dartnative: ##BENCH## {"tag":"feed1000","t_us":1790242133811192,"ev":"page_build","i":988}
Sep 24 15:13:53.811287 Runner(Flutter)[2653] <Notice>: dartnative: ##BENCH## {"tag":"feed1000","t_us":1790242133811250,"ev":"page_build","i":989}
Sep 24 15:13:53.811331 Runner(Flutter)[2653] <Notice>: dartnative: ##BENCH## {"tag":"feed1000","t_us":1790242133811281,"ev":"page_build","i":990}
Sep 24 15:13:53.811412 Runner(Flutter)[2653] <Notice>: dartnative: ##BENCH## {"tag":"feed1000","t_us":1790242133811325,"ev":"page_build","i":991}
Sep 24 15:13:53.811426 Runner(Flutter)[2653] <Notice>: dartnative: ##BENCH## {"tag":"feed1000","t_us":1790242133811379,"ev":"page_build","i":992}
Sep 24 15:13:53.811473 Runner(Flutter)[2653] <Notice>: dartnative: ##BENCH## {"tag":"feed1000","t_us":1790242133811412,"ev":"page_build","i":993}
Sep 24 15:13:53.811529 Runner(Flutter)[2653] <Notice>: dartnative: ##BENCH## {"tag":"feed1000","t_us":1790242133811474,"ev":"page_build","i":994}
Sep 24 15:13:53.811625 Runner(Flutter)[2653] <Notice>: dartnative: ##BENCH## {"tag":"feed1000","t_us":1790242133811566,"ev":"page_build","i":995}
Sep 24 15:13:53.811639 Runner(Flutter)[2653] <Notice>: dartnative: ##BENCH## {"tag":"feed1000","t_us":1790242133811601,"ev":"page_build","i":996}
Sep 24 15:13:53.811680 Runner(Flutter)[2653] <Notice>: dartnative: ##BENCH## {"tag":"feed1000","t_us":1790242133811635,"ev":"page_build","i":997}
Sep 24 15:13:53.811743 Runner(Flutter)[2653] <Notice>: dartnative: ##BENCH## {"tag":"feed1000","t_us":1790242133811683,"ev":"page_build","i":998}
Sep 24 15:13:53.811806 Runner(Flutter)[2653] <Notice>: dartnative: ##BENCH## {"tag":"feed1000","t_us":1790242133811743,"ev":"page_build","i":999}
Sep 24 15:13:53.886858 Runner(Flutter)[2653] <Notice>: dartnative: ##BENCH## {"tag":"feed1000","t_us":1790242133886706,"ev":"ctrl_ready","i":0}
Sep 24 15:13:53.886875 Runner(Flutter)[2653] <Notice>: dartnative: ##BENCH## {"tag":"feed1000","t_us":1790242133886762,"ev":"play_call","i":0}
Sep 24 15:13:53.904577 Runner(Flutter)[2653] <Notice>: dartnative: ##BENCH## {"tag":"feed1000","t_us":1790242133901315,"ev":"media_attach","i":0,"result":"attached"}
Sep 24 15:13:53.904701 Runner(Flutter)[2653] <Notice>: dartnative: ##BENCH## {"tag":"feed1000","t_us":1790242133901485,"ev":"media_event","type":"ExternalPlaybackChanged"}
Sep 24 15:13:53.904739 Runner(Flutter)[2653] <Notice>: dartnative: ##BENCH## {"tag":"feed1000","t_us":1790242133901622,"ev":"page_build","i":0}
Sep 24 15:13:54.215408 Runner(Flutter)[2653] <Notice>: dartnative: ##BENCH## {"tag":"feed1000","t_us":1790242134205797,"ev":"page_build","i":1}
Sep 24 15:13:54.217000 Runner(Flutter)[2653] <Notice>: dartnative: ##BENCH## {"tag":"feed1000","t_us":1790242134205997,"ev":"page_build","i":2}
Sep 24 15:13:54.217082 Runner(Flutter)[2653] <Notice>: dartnative: ##BENCH## {"tag":"feed1000","t_us":1790242134206158,"ev":"page_build","i":3}
Sep 24 15:13:54.217229 Runner(Flutter)[2653] <Notice>: dartnative: ##BENCH## {"tag":"feed1000","t_us":1790242134206342,"ev":"page_build","i":4}
Sep 24 15:13:54.217361 Runner(Flutter)[2653] <Notice>: dartnative: ##BENCH## {"tag":"feed1000","t_us":1790242134206529,"ev":"page_build","i":5}
Sep 24 15:13:54.217687 Runner(Flutter)[2653] <Notice>: dartnative: ##BENCH## {"tag":"feed1000","t_us":1790242134206781,"ev":"page_build","i":6}
Sep 24 15:13:54.217823 Runner(Flutter)[2653] <Notice>: dartnative: ##BENCH## {"tag":"feed1000","t_us":1790242134206876,"ev":"page_build","i":7}
Sep 24 15:13:54.217930 Runner(Flutter)[2653] <Notice>: dartnative: ##BENCH## {"tag":"feed1000","t_us":1790242134207098,"ev":"page_build","i":8}
Sep 24 15:13:54.217939 Runner(Flutter)[2653] <Notice>: dartnative: ##BENCH## {"tag":"feed1000","t_us":1790242134207268,"ev":"page_build","i":9}
Sep 24 15:13:54.218686 Runner(Flutter)[2653] <Notice>: dartnative: ##BENCH## {"tag":"feed1000","t_us":1790242134207441,"ev":"page_build","i":10}
Sep 24 15:13:54.218703 Runner(Flutter)[2653] <Notice>: dartnative: ##BENCH## {"tag":"feed1000","t_us":1790242134207610,"ev":"page_build","i":11}
Sep 24 15:13:54.218984 Runner(Flutter)[2653] <Notice>: dartnative: ##BENCH## {"tag":"feed1000","t_us":1790242134207750,"ev":"page_build","i":12}
Sep 24 15:13:54.219306 Runner(Flutter)[2653] <Notice>: dartnative: ##BENCH## {"tag":"feed1000","t_us":1790242134207920,"ev":"page_build","i":13}
Sep 24 15:13:54.219397 Runner(Flutter)[2653] <Notice>: dartnative: ##BENCH## {"tag":"feed1000","t_us":1790242134208056,"ev":"page_build","i":14}
Sep 24 15:13:54.219486 Runner(Flutter)[2653] <Notice>: dartnative: ##BENCH## {"tag":"feed1000","t_us":1790242134208181,"ev":"page_build","i":15}
Sep 24 15:13:54.219565 Runner(Flutter)[2653] <Notice>: dartnative: ##BENCH## {"tag":"feed1000","t_us":1790242134208419,"ev":"page_build","i":16}
Sep 24 15:13:54.219739 Runner(Flutter)[2653] <Notice>: dartnative: ##BENCH## {"tag":"feed1000","t_us":1790242134208520,"ev":"page_build","i":17}
Sep 24 15:13:54.219991 Runner(Flutter)[2653] <Notice>: dartnative: ##BENCH## {"tag":"feed1000","t_us":1790242134208653,"ev":"page_build","i":18}
Sep 24 15:13:54.220321 Runner(Flutter)[2653] <Notice>: dartnative: ##BENCH## {"tag":"feed1000","t_us":1790242134208777,"ev":"page_build","i":19}
Sep 24 15:13:54.220350 Runner(Flutter)[2653] <Notice>: dartnative: ##BENCH## {"tag":"feed1000","t_us":1790242134208869,"ev":"page_build","i":20}
Sep 24 15:13:54.220674 Runner(Flutter)[2653] <Notice>: dartnative: ##BENCH## {"tag":"feed1000","t_us":1790242134208918,"ev":"page_build","i":21}
Sep 24 15:13:54.221320 Runner(Flutter)[2653] <Notice>: dartnative: ##BENCH## {"tag":"feed1000","t_us":1790242134208980,"ev":"page_build","i":22}
Sep 24 15:13:54.221388 Runner(Flutter)[2653] <Notice>: dartnative: ##BENCH## {"tag":"feed1000","t_us":1790242134209091,"ev":"page_build","i":23}
Sep 24 15:13:54.221430 Runner(Flutter)[2653] <Notice>: dartnative: ##BENCH## {"tag":"feed1000","t_us":1790242134209202,"ev":"page_build","i":24}
Sep 24 15:13:54.221508 Runner(Flutter)[2653] <Notice>: dartnative: ##BENCH## {"tag":"feed1000","t_us":1790242134209304,"ev":"page_build","i":25}
Sep 24 15:13:54.221985 Runner(Flutter)[2653] <Notice>: dartnative: ##BENCH## {"tag":"feed1000","t_us":1790242134209397,"ev":"page_build","i":26}
Sep 24 15:13:54.222055 Runner(Flutter)[2653] <Notice>: dartnative: ##BENCH## {"tag":"feed1000","t_us":1790242134209497,"ev":"page_build","i":27}
Sep 24 15:13:54.222124 Runner(Flutter)[2653] <Notice>: dartnative: ##BENCH## {"tag":"feed1000","t_us":1790242134209552,"ev":"page_build","i":28}
Sep 24 15:13:54.222147 Runner(Flutter)[2653] <Notice>: dartnative: ##BENCH## {"tag":"feed1000","t_us":1790242134209782,"ev":"page_build","i":29}
Sep 24 15:13:54.222253 Runner(Flutter)[2653] <Notice>: dartnative: ##BENCH## {"tag":"feed1000","t_us":1790242134209851,"ev":"page_build","i":30}
Sep 24 15:13:54.222525 Runner(Flutter)[2653] <Notice>: dartnative: ##BENCH## {"tag":"feed1000","t_us":1790242134209911,"ev":"page_build","i":31}
Sep 24 15:13:54.222736 Runner(Flutter)[2653] <Notice>: dartnative: ##BENCH## {"tag":"feed1000","t_us":1790242134210105,"ev":"page_build","i":32}
Sep 24 15:13:54.222806 Runner(Flutter)[2653] <Notice>: dartnative: ##BENCH## {"tag":"feed1000","t_us":1790242134210240,"ev":"page_build","i":33}
Sep 24 15:13:54.223155 Runner(Flutter)[2653] <Notice>: dartnative: ##BENCH## {"tag":"feed1000","t_us":1790242134210455,"ev":"page_build","i":34}
Sep 24 15:13:54.223301 Runner(Flutter)[2653] <Notice>: dartnative: ##BENCH## {"tag":"feed1000","t_us":1790242134210616,"ev":"page_build","i":35}
Sep 24 15:13:54.223369 Runner(Flutter)[2653] <Notice>: dartnative: ##BENCH## {"tag":"feed1000","t_us":1790242134210805,"ev":"page_build","i":36}
Sep 24 15:13:54.223499 Runner(Flutter)[2653] <Notice>: dartnative: ##BENCH## {"tag":"feed1000","t_us":1790242134210857,"ev":"page_build","i":37}
Sep 24 15:13:54.223669 Runner(Flutter)[2653] <Notice>: dartnative: ##BENCH## {"tag":"feed1000","t_us":1790242134210965,"ev":"page_build","i":38}
Sep 24 15:13:54.224001 Runner(Flutter)[2653] <Notice>: dartnative: ##BENCH## {"tag":"feed1000","t_us":1790242134211033,"ev":"page_build","i":39}
Sep 24 15:13:54.224091 Runner(Flutter)[2653] <Notice>: dartnative: ##BENCH## {"tag":"feed1000","t_us":1790242134211115,"ev":"page_build","i":40}
Sep 24 15:13:54.224214 Runner(Flutter)[2653] <Notice>: dartnative: ##BENCH## {"tag":"feed1000","t_us":1790242134211291,"ev":"page_build","i":41}
Sep 24 15:13:54.224349 Runner(Flutter)[2653] <Notice>: dartnative: ##BENCH## {"tag":"feed1000","t_us":1790242134211552,"ev":"page_build","i":42}
Sep 24 15:13:54.224440 Runner(Flutter)[2653] <Notice>: dartnative: ##BENCH## {"tag":"feed1000","t_us":1790242134211735,"ev":"page_build","i":43}
Sep 24 15:13:54.224510 Runner(Flutter)[2653] <Notice>: dartnative: ##BENCH## {"tag":"feed1000","t_us":1790242134211924,"ev":"page_build","i":44}
Sep 24 15:13:54.224541 Runner(Flutter)[2653] <Notice>: dartnative: ##BENCH## {"tag":"feed1000","t_us":1790242134212093,"ev":"page_build","i":45}
Sep 24 15:13:54.224651 Runner(Flutter)[2653] <Notice>: dartnative: ##BENCH## {"tag":"feed1000","t_us":1790242134212294,"ev":"page_build","i":46}
Sep 24 15:13:54.224786 Runner(Flutter)[2653] <Notice>: dartnative: ##BENCH## {"tag":"feed1000","t_us":1790242134212467,"ev":"page_build","i":47}
Sep 24 15:13:54.224932 Runner(Flutter)[2653] <Notice>: dartnative: ##BENCH## {"tag":"feed1000","t_us":1790242134212633,"ev":"page_build","i":48}
Sep 24 15:13:54.225101 Runner(Flutter)[2653] <Notice>: dartnative: ##BENCH## {"tag":"feed1000","t_us":1790242134212718,"ev":"page_build","i":49}
Sep 24 15:13:54.225373 Runner(Flutter)[2653] <Notice>: dartnative: ##BENCH## {"tag":"feed1000","t_us":1790242134212856,"ev":"page_build","i":50}
Sep 24 15:13:54.225482 Runner(Flutter)[2653] <Notice>: dartnative: ##BENCH## {"tag":"feed1000","t_us":1790242134213073,"ev":"page_build","i":51}
Sep 24 15:13:54.225794 Runner(Flutter)[2653] <Notice>: dartnative: ##BENCH## {"tag":"feed1000","t_us":1790242134213181,"ev":"page_build","i":52}
Sep 24 15:13:54.225850 Runner(Flutter)[2653] <Notice>: dartnative: ##BENCH## {"tag":"feed1000","t_us":1790242134213289,"ev":"page_build","i":53}
Sep 24 15:13:54.225906 Runner(Flutter)[2653] <Notice>: dartnative: ##BENCH## {"tag":"feed1000","t_us":1790242134213452,"ev":"page_build","i":54}
Sep 24 15:13:54.226121 Runner(Flutter)[2653] <Notice>: dartnative: ##BENCH## {"tag":"feed1000","t_us":1790242134213573,"ev":"page_build","i":55}
Sep 24 15:13:54.226270 Runner(Flutter)[2653] <Notice>: dartnative: ##BENCH## {"tag":"feed1000","t_us":1790242134213729,"ev":"page_build","i":56}
Sep 24 15:13:54.226481 Runner(Flutter)[2653] <Notice>: dartnative: ##BENCH## {"tag":"feed1000","t_us":1790242134213899,"ev":"page_build","i":57}
Sep 24 15:13:54.226752 Runner(Flutter)[2653] <Notice>: dartnative: ##BENCH## {"tag":"feed1000","t_us":1790242134213977,"ev":"page_build","i":58}
Sep 24 15:13:54.226909 Runner(Flutter)[2653] <Notice>: dartnative: ##BENCH## {"tag":"feed1000","t_us":1790242134214101,"ev":"page_build","i":59}
Sep 24 15:13:54.227064 Runner(Flutter)[2653] <Notice>: dartnative: ##BENCH## {"tag":"feed1000","t_us":1790242134214188,"ev":"page_build","i":60}
Sep 24 15:13:54.227107 Runner(Flutter)[2653] <Notice>: dartnative: ##BENCH## {"tag":"feed1000","t_us":1790242134214256,"ev":"page_build","i":61}
Sep 24 15:13:54.227182 Runner(Flutter)[2653] <Notice>: dartnative: ##BENCH## {"tag":"feed1000","t_us":1790242134214339,"ev":"page_build","i":62}
Sep 24 15:13:54.227374 Runner(Flutter)[2653] <Notice>: dartnative: ##BENCH## {"tag":"feed1000","t_us":1790242134214487,"ev":"page_build","i":63}
Sep 24 15:13:54.227699 Runner(Flutter)[2653] <Notice>: dartnative: ##BENCH## {"tag":"feed1000","t_us":1790242134214730,"ev":"page_build","i":64}
Sep 24 15:13:54.227828 Runner(Flutter)[2653] <Notice>: dartnative: ##BENCH## {"tag":"feed1000","t_us":1790242134214845,"ev":"page_build","i":65}
Sep 24 15:13:54.227911 Runner(Flutter)[2653] <Notice>: dartnative: ##BENCH## {"tag":"feed1000","t_us":1790242134215036,"ev":"page_build","i":66}
Sep 24 15:13:54.228109 Runner(Flutter)[2653] <Notice>: dartnative: ##BENCH## {"tag":"feed1000","t_us":1790242134215247,"ev":"page_build","i":67}
Sep 24 15:13:54.228283 Runner(Flutter)[2653] <Notice>: dartnative: ##BENCH## {"tag":"feed1000","t_us":1790242134215411,"ev":"page_build","i":68}
Sep 24 15:13:54.228542 Runner(Flutter)[2653] <Notice>: dartnative: ##BENCH## {"tag":"feed1000","t_us":1790242134215473,"ev":"page_build","i":69}
Sep 24 15:13:54.228645 Runner(Flutter)[2653] <Notice>: dartnative: ##BENCH## {"tag":"feed1000","t_us":1790242134215568,"ev":"page_build","i":70}
Sep 24 15:13:54.228653 Runner(Flutter)[2653] <Notice>: dartnative: ##BENCH## {"tag":"feed1000","t_us":1790242134215698,"ev":"page_build","i":71}
Sep 24 15:13:54.228661 Runner(Flutter)[2653] <Notice>: dartnative: ##BENCH## {"tag":"feed1000","t_us":1790242134215930,"ev":"page_build","i":72}
Sep 24 15:13:54.228932 Runner(Flutter)[2653] <Notice>: dartnative: ##BENCH## {"tag":"feed1000","t_us":1790242134215962,"ev":"page_build","i":73}
Sep 24 15:13:54.229045 Runner(Flutter)[2653] <Notice>: dartnative: ##BENCH## {"tag":"feed1000","t_us":1790242134216009,"ev":"page_build","i":74}
Sep 24 15:13:54.229156 Runner(Flutter)[2653] <Notice>: dartnative: ##BENCH## {"tag":"feed1000","t_us":1790242134216198,"ev":"page_build","i":75}
Sep 24 15:13:54.229284 Runner(Flutter)[2653] <Notice>: dartnative: ##BENCH## {"tag":"feed1000","t_us":1790242134216407,"ev":"page_build","i":76}
Sep 24 15:13:54.229394 Runner(Flutter)[2653] <Notice>: dartnative: ##BENCH## {"tag":"feed1000","t_us":1790242134216543,"ev":"page_build","i":77}
Sep 24 15:13:54.229484 Runner(Flutter)[2653] <Notice>: dartnative: ##BENCH## {"tag":"feed1000","t_us":1790242134216594,"ev":"page_build","i":78}
Sep 24 15:13:54.229544 Runner(Flutter)[2653] <Notice>: dartnative: ##BENCH## {"tag":"feed1000","t_us":1790242134216725,"ev":"page_build","i":79}
Sep 24 15:13:54.229644 Runner(Flutter)[2653] <Notice>: dartnative: ##BENCH## {"tag":"feed1000","t_us":1790242134216810,"ev":"page_build","i":80}
Sep 24 15:13:54.229786 Runner(Flutter)[2653] <Notice>: dartnative: ##BENCH## {"tag":"feed1000","t_us":1790242134216911,"ev":"page_build","i":81}
Sep 24 15:13:54.229884 Runner(Flutter)[2653] <Notice>: dartnative: ##BENCH## {"tag":"feed1000","t_us":1790242134217038,"ev":"page_build","i":82}
Sep 24 15:13:54.229927 Runner(Flutter)[2653] <Notice>: dartnative: ##BENCH## {"tag":"feed1000","t_us":1790242134217158,"ev":"page_build","i":83}
Sep 24 15:13:54.230069 Runner(Flutter)[2653] <Notice>: dartnative: ##BENCH## {"tag":"feed1000","t_us":1790242134217300,"ev":"page_build","i":84}
Sep 24 15:13:54.230108 Runner(Flutter)[2653] <Notice>: dartnative: ##BENCH## {"tag":"feed1000","t_us":1790242134217457,"ev":"page_build","i":85}
Sep 24 15:13:54.230159 Runner(Flutter)[2653] <Notice>: dartnative: ##BENCH## {"tag":"feed1000","t_us":1790242134217606,"ev":"page_build","i":86}
Sep 24 15:13:54.230329 Runner(Flutter)[2653] <Notice>: dartnative: ##BENCH## {"tag":"feed1000","t_us":1790242134217742,"ev":"page_build","i":87}
Sep 24 15:13:54.230398 Runner(Flutter)[2653] <Notice>: dartnative: ##BENCH## {"tag":"feed1000","t_us":1790242134217987,"ev":"page_build","i":88}
Sep 24 15:13:54.230475 Runner(Flutter)[2653] <Notice>: dartnative: ##BENCH## {"tag":"feed1000","t_us":1790242134218134,"ev":"page_build","i":89}
Sep 24 15:13:54.230521 Runner(Flutter)[2653] <Notice>: dartnative: ##BENCH## {"tag":"feed1000","t_us":1790242134218214,"ev":"page_build","i":90}
Sep 24 15:13:54.230621 Runner(Flutter)[2653] <Notice>: dartnative: ##BENCH## {"tag":"feed1000","t_us":1790242134218305,"ev":"page_build","i":91}
Sep 24 15:13:54.230655 Runner(Flutter)[2653] <Notice>: dartnative: ##BENCH## {"tag":"feed1000","t_us":1790242134218432,"ev":"page_build","i":92}
Sep 24 15:13:54.230811 Runner(Flutter)[2653] <Notice>: dartnative: ##BENCH## {"tag":"feed1000","t_us":1790242134218583,"ev":"page_build","i":93}
Sep 24 15:13:54.230879 Runner(Flutter)[2653] <Notice>: dartnative: ##BENCH## {"tag":"feed1000","t_us":1790242134218635,"ev":"page_build","i":94}
Sep 24 15:13:54.230964 Runner(Flutter)[2653] <Notice>: dartnative: ##BENCH## {"tag":"feed1000","t_us":1790242134218781,"ev":"page_build","i":95}
Sep 24 15:13:54.231084 Runner(Flutter)[2653] <Notice>: dartnative: ##BENCH## {"tag":"feed1000","t_us":1790242134218861,"ev":"page_build","i":96}
Sep 24 15:13:54.231160 Runner(Flutter)[2653] <Notice>: dartnative: ##BENCH## {"tag":"feed1000","t_us":1790242134219012,"ev":"page_build","i":97}
Sep 24 15:13:54.231374 Runner(Flutter)[2653] <Notice>: dartnative: ##BENCH## {"tag":"feed1000","t_us":1790242134219149,"ev":"page_build","i":98}
Sep 24 15:13:54.231548 Runner(Flutter)[2653] <Notice>: dartnative: ##BENCH## {"tag":"feed1000","t_us":1790242134219305,"ev":"page_build","i":99}
Sep 24 15:13:54.231621 Runner(Flutter)[2653] <Notice>: dartnative: ##BENCH## {"tag":"feed1000","t_us":1790242134219430,"ev":"page_build","i":100}
Sep 24 15:13:54.231698 Runner(Flutter)[2653] <Notice>: dartnative: ##BENCH## {"tag":"feed1000","t_us":1790242134219571,"ev":"page_build","i":101}
Sep 24 15:13:54.231734 Runner(Flutter)[2653] <Notice>: dartnative: ##BENCH## {"tag":"feed1000","t_us":1790242134219726,"ev":"page_build","i":102}
Sep 24 15:13:54.231798 Runner(Flutter)[2653] <Notice>: dartnative: ##BENCH## {"tag":"feed1000","t_us":1790242134219945,"ev":"page_build","i":103}
Sep 24 15:13:54.231906 Runner(Flutter)[2653] <Notice>: dartnative: ##BENCH## {"tag":"feed1000","t_us":1790242134220093,"ev":"page_build","i":104}
Sep 24 15:13:54.231930 Runner(Flutter)[2653] <Notice>: dartnative: ##BENCH## {"tag":"feed1000","t_us":1790242134220196,"ev":"page_build","i":105}
Sep 24 15:13:54.231963 Runner(Flutter)[2653] <Notice>: dartnative: ##BENCH## {"tag":"feed1000","t_us":1790242134220322,"ev":"page_build","i":106}
Sep 24 15:13:54.232102 Runner(Flutter)[2653] <Notice>: dartnative: ##BENCH## {"tag":"feed1000","t_us":1790242134220451,"ev":"page_build","i":107}
Sep 24 15:13:54.232179 Runner(Flutter)[2653] <Notice>: dartnative: ##BENCH## {"tag":"feed1000","t_us":1790242134220558,"ev":"page_build","i":108}
Sep 24 15:13:54.232278 Runner(Flutter)[2653] <Notice>: dartnative: ##BENCH## {"tag":"feed1000","t_us":1790242134220774,"ev":"page_build","i":109}
Sep 24 15:13:54.232358 Runner(Flutter)[2653] <Notice>: dartnative: ##BENCH## {"tag":"feed1000","t_us":1790242134220928,"ev":"page_build","i":110}
Sep 24 15:13:54.232457 Runner(Flutter)[2653] <Notice>: dartnative: ##BENCH## {"tag":"feed1000","t_us":1790242134221119,"ev":"page_build","i":111}
Sep 24 15:13:54.232559 Runner(Flutter)[2653] <Notice>: dartnative: ##BENCH## {"tag":"feed1000","t_us":1790242134221252,"ev":"page_build","i":112}
Sep 24 15:13:54.232625 Runner(Flutter)[2653] <Notice>: dartnative: ##BENCH## {"tag":"feed1000","t_us":1790242134221492,"ev":"page_build","i":113}
Sep 24 15:13:54.232691 Runner(Flutter)[2653] <Notice>: dartnative: ##BENCH## {"tag":"feed1000","t_us":1790242134221605,"ev":"page_build","i":114}
Sep 24 15:13:54.232747 Runner(Flutter)[2653] <Notice>: dartnative: ##BENCH## {"tag":"feed1000","t_us":1790242134221870,"ev":"page_build","i":115}
Sep 24 15:13:54.232840 Runner(Flutter)[2653] <Notice>: dartnative: ##BENCH## {"tag":"feed1000","t_us":1790242134222069,"ev":"page_build","i":116}
Sep 24 15:13:54.232908 Runner(Flutter)[2653] <Notice>: dartnative: ##BENCH## {"tag":"feed1000","t_us":1790242134222307,"ev":"page_build","i":117}
Sep 24 15:13:54.232983 Runner(Flutter)[2653] <Notice>: dartnative: ##BENCH## {"tag":"feed1000","t_us":1790242134222423,"ev":"page_build","i":118}
Sep 24 15:13:54.233046 Runner(Flutter)[2653] <Notice>: dartnative: ##BENCH## {"tag":"feed1000","t_us":1790242134222484,"ev":"page_build","i":119}
Sep 24 15:13:54.233315 Runner(Flutter)[2653] <Notice>: dartnative: ##BENCH## {"tag":"feed1000","t_us":1790242134222627,"ev":"page_build","i":120}
Sep 24 15:13:54.233387 Runner(Flutter)[2653] <Notice>: dartnative: ##BENCH## {"tag":"feed1000","t_us":1790242134222740,"ev":"page_build","i":121}
Sep 24 15:13:54.233494 Runner(Flutter)[2653] <Notice>: dartnative: ##BENCH## {"tag":"feed1000","t_us":1790242134222888,"ev":"page_build","i":122}
Sep 24 15:13:54.233551 Runner(Flutter)[2653] <Notice>: dartnative: ##BENCH## {"tag":"feed1000","t_us":1790242134223054,"ev":"page_build","i":123}
Sep 24 15:13:54.233642 Runner(Flutter)[2653] <Notice>: dartnative: ##BENCH## {"tag":"feed1000","t_us":1790242134223294,"ev":"page_build","i":124}
Sep 24 15:13:54.233757 Runner(Flutter)[2653] <Notice>: dartnative: ##BENCH## {"tag":"feed1000","t_us":1790242134223480,"ev":"page_build","i":125}
Sep 24 15:13:54.233822 Runner(Flutter)[2653] <Notice>: dartnative: ##BENCH## {"tag":"feed1000","t_us":1790242134223757,"ev":"page_build","i":126}
Sep 24 15:13:54.233853 Runner(Flutter)[2653] <Notice>: dartnative: ##BENCH## {"tag":"feed1000","t_us":1790242134224619,"ev":"page_build","i":127}
Sep 24 15:13:54.233944 Runner(Flutter)[2653] <Notice>: dartnative: ##BENCH## {"tag":"feed1000","t_us":1790242134224865,"ev":"page_build","i":128}
Sep 24 15:13:54.233963 Runner(Flutter)[2653] <Notice>: dartnative: ##BENCH## {"tag":"feed1000","t_us":1790242134225089,"ev":"page_build","i":129}
Sep 24 15:13:54.234024 Runner(Flutter)[2653] <Notice>: dartnative: ##BENCH## {"tag":"feed1000","t_us":1790242134225239,"ev":"page_build","i":130}
Sep 24 15:13:54.234049 Runner(Flutter)[2653] <Notice>: dartnative: ##BENCH## {"tag":"feed1000","t_us":1790242134225395,"ev":"page_build","i":131}
Sep 24 15:13:54.234110 Runner(Flutter)[2653] <Notice>: dartnative: ##BENCH## {"tag":"feed1000","t_us":1790242134225560,"ev":"page_build","i":132}
Sep 24 15:13:54.234118 Runner(Flutter)[2653] <Notice>: dartnative: ##BENCH## {"tag":"feed1000","t_us":1790242134225808,"ev":"page_build","i":133}
Sep 24 15:13:54.234222 Runner(Flutter)[2653] <Notice>: dartnative: ##BENCH## {"tag":"feed1000","t_us":1790242134225971,"ev":"page_build","i":134}
Sep 24 15:13:54.234272 Runner(Flutter)[2653] <Notice>: dartnative: ##BENCH## {"tag":"feed1000","t_us":1790242134226106,"ev":"page_build","i":135}
Sep 24 15:13:54.234302 Runner(Flutter)[2653] <Notice>: dartnative: ##BENCH## {"tag":"feed1000","t_us":1790242134226306,"ev":"page_build","i":136}
Sep 24 15:13:54.234338 Runner(Flutter)[2653] <Notice>: dartnative: ##BENCH## {"tag":"feed1000","t_us":1790242134226459,"ev":"page_build","i":137}
Sep 24 15:13:54.234380 Runner(Flutter)[2653] <Notice>: dartnative: ##BENCH## {"tag":"feed1000","t_us":1790242134226663,"ev":"page_build","i":138}
Sep 24 15:13:54.234411 Runner(Flutter)[2653] <Notice>: dartnative: ##BENCH## {"tag":"feed1000","t_us":1790242134226751,"ev":"page_build","i":139}
Sep 24 15:13:54.234435 Runner(Flutter)[2653] <Notice>: dartnative: ##BENCH## {"tag":"feed1000","t_us":1790242134226816,"ev":"page_build","i":140}
Sep 24 15:13:54.234507 Runner(Flutter)[2653] <Notice>: dartnative: ##BENCH## {"tag":"feed1000","t_us":1790242134226999,"ev":"page_build","i":141}
Sep 24 15:13:54.234614 Runner(Flutter)[2653] <Notice>: dartnative: ##BENCH## {"tag":"feed1000","t_us":1790242134227213,"ev":"page_build","i":142}
Sep 24 15:13:54.234674 Runner(Flutter)[2653] <Notice>: dartnative: ##BENCH## {"tag":"feed1000","t_us":1790242134227324,"ev":"page_build","i":143}
Sep 24 15:13:54.234738 Runner(Flutter)[2653] <Notice>: dartnative: ##BENCH## {"tag":"feed1000","t_us":1790242134227504,"ev":"page_build","i":144}
Sep 24 15:13:54.234808 Runner(Flutter)[2653] <Notice>: dartnative: ##BENCH## {"tag":"feed1000","t_us":1790242134227647,"ev":"page_build","i":145}
Sep 24 15:13:54.234835 Runner(Flutter)[2653] <Notice>: dartnative: ##BENCH## {"tag":"feed1000","t_us":1790242134227829,"ev":"page_build","i":146}
Sep 24 15:13:54.234858 Runner(Flutter)[2653] <Notice>: dartnative: ##BENCH## {"tag":"feed1000","t_us":1790242134228011,"ev":"page_build","i":147}
Sep 24 15:13:54.234866 Runner(Flutter)[2653] <Notice>: dartnative: ##BENCH## {"tag":"feed1000","t_us":1790242134228091,"ev":"page_build","i":148}
Sep 24 15:13:54.234897 Runner(Flutter)[2653] <Notice>: dartnative: ##BENCH## {"tag":"feed1000","t_us":1790242134228196,"ev":"page_build","i":149}
Sep 24 15:13:54.234929 Runner(Flutter)[2653] <Notice>: dartnative: ##BENCH## {"tag":"feed1000","t_us":1790242134228408,"ev":"page_build","i":150}
Sep 24 15:13:54.234947 Runner(Flutter)[2653] <Notice>: dartnative: ##BENCH## {"tag":"feed1000","t_us":1790242134228494,"ev":"page_build","i":151}
Sep 24 15:13:54.234979 Runner(Flutter)[2653] <Notice>: dartnative: ##BENCH## {"tag":"feed1000","t_us":1790242134228737,"ev":"page_build","i":152}
Sep 24 15:13:54.235026 Runner(Flutter)[2653] <Notice>: dartnative: ##BENCH## {"tag":"feed1000","t_us":1790242134228897,"ev":"page_build","i":153}
Sep 24 15:13:54.235084 Runner(Flutter)[2653] <Notice>: dartnative: ##BENCH## {"tag":"feed1000","t_us":1790242134229031,"ev":"page_build","i":154}
Sep 24 15:13:54.235155 Runner(Flutter)[2653] <Notice>: dartnative: ##BENCH## {"tag":"feed1000","t_us":1790242134229187,"ev":"page_build","i":155}
Sep 24 15:13:54.235191 Runner(Flutter)[2653] <Notice>: dartnative: ##BENCH## {"tag":"feed1000","t_us":1790242134229281,"ev":"page_build","i":156}
Sep 24 15:13:54.235273 Runner(Flutter)[2653] <Notice>: dartnative: ##BENCH## {"tag":"feed1000","t_us":1790242134229364,"ev":"page_build","i":157}
Sep 24 15:13:54.235306 Runner(Flutter)[2653] <Notice>: dartnative: ##BENCH## {"tag":"feed1000","t_us":1790242134229507,"ev":"page_build","i":158}
Sep 24 15:13:54.235373 Runner(Flutter)[2653] <Notice>: dartnative: ##BENCH## {"tag":"feed1000","t_us":1790242134229625,"ev":"page_build","i":159}
Sep 24 15:13:54.235450 Runner(Flutter)[2653] <Notice>: dartnative: ##BENCH## {"tag":"feed1000","t_us":1790242134229695,"ev":"page_build","i":160}
Sep 24 15:13:54.235470 Runner(Flutter)[2653] <Notice>: dartnative: ##BENCH## {"tag":"feed1000","t_us":1790242134229792,"ev":"page_build","i":161}
Sep 24 15:13:54.235605 Runner(Flutter)[2653] <Notice>: dartnative: ##BENCH## {"tag":"feed1000","t_us":1790242134229916,"ev":"page_build","i":162}
Sep 24 15:13:54.235692 Runner(Flutter)[2653] <Notice>: dartnative: ##BENCH## {"tag":"feed1000","t_us":1790242134230051,"ev":"page_build","i":163}
Sep 24 15:13:54.235741 Runner(Flutter)[2653] <Notice>: dartnative: ##BENCH## {"tag":"feed1000","t_us":1790242134230157,"ev":"page_build","i":164}
Sep 24 15:13:54.235759 Runner(Flutter)[2653] <Notice>: dartnative: ##BENCH## {"tag":"feed1000","t_us":1790242134230284,"ev":"page_build","i":165}
Sep 24 15:13:54.235786 Runner(Flutter)[2653] <Notice>: dartnative: ##BENCH## {"tag":"feed1000","t_us":1790242134230431,"ev":"page_build","i":166}
Sep 24 15:13:54.235853 Runner(Flutter)[2653] <Notice>: dartnative: ##BENCH## {"tag":"feed1000","t_us":1790242134230546,"ev":"page_build","i":167}
Sep 24 15:13:54.235912 Runner(Flutter)[2653] <Notice>: dartnative: ##BENCH## {"tag":"feed1000","t_us":1790242134230716,"ev":"page_build","i":168}
Sep 24 15:13:54.235983 Runner(Flutter)[2653] <Notice>: dartnative: ##BENCH## {"tag":"feed1000","t_us":1790242134230990,"ev":"page_build","i":169}
Sep 24 15:13:54.236030 Runner(Flutter)[2653] <Notice>: dartnative: ##BENCH## {"tag":"feed1000","t_us":1790242134231195,"ev":"page_build","i":170}
Sep 24 15:13:54.236068 Runner(Flutter)[2653] <Notice>: dartnative: ##BENCH## {"tag":"feed1000","t_us":1790242134231313,"ev":"page_build","i":171}
Sep 24 15:13:54.236107 Runner(Flutter)[2653] <Notice>: dartnative: ##BENCH## {"tag":"feed1000","t_us":1790242134231406,"ev":"page_build","i":172}
Sep 24 15:13:54.236175 Runner(Flutter)[2653] <Notice>: dartnative: ##BENCH## {"tag":"feed1000","t_us":1790242134231535,"ev":"page_build","i":173}
Sep 24 15:13:54.236196 Runner(Flutter)[2653] <Notice>: dartnative: ##BENCH## {"tag":"feed1000","t_us":1790242134231733,"ev":"page_build","i":174}
Sep 24 15:13:54.236264 Runner(Flutter)[2653] <Notice>: dartnative: ##BENCH## {"tag":"feed1000","t_us":1790242134231873,"ev":"page_build","i":175}
Sep 24 15:13:54.236293 Runner(Flutter)[2653] <Notice>: dartnative: ##BENCH## {"tag":"feed1000","t_us":1790242134232051,"ev":"page_build","i":176}
Sep 24 15:13:54.236349 Runner(Flutter)[2653] <Notice>: dartnative: ##BENCH## {"tag":"feed1000","t_us":1790242134232189,"ev":"page_build","i":177}
Sep 24 15:13:54.236429 Runner(Flutter)[2653] <Notice>: dartnative: ##BENCH## {"tag":"feed1000","t_us":1790242134232262,"ev":"page_build","i":178}
Sep 24 15:13:54.236580 Runner(Flutter)[2653] <Notice>: dartnative: ##BENCH## {"tag":"feed1000","t_us":1790242134232439,"ev":"page_build","i":179}
Sep 24 15:13:54.236691 Runner(Flutter)[2653] <Notice>: dartnative: ##BENCH## {"tag":"feed1000","t_us":1790242134232536,"ev":"page_build","i":180}
Sep 24 15:13:54.236861 Runner(Flutter)[2653] <Notice>: dartnative: ##BENCH## {"tag":"feed1000","t_us":1790242134232694,"ev":"page_build","i":181}
Sep 24 15:13:54.236940 Runner(Flutter)[2653] <Notice>: dartnative: ##BENCH## {"tag":"feed1000","t_us":1790242134232802,"ev":"page_build","i":182}
Sep 24 15:13:54.236974 Runner(Flutter)[2653] <Notice>: dartnative: ##BENCH## {"tag":"feed1000","t_us":1790242134232897,"ev":"page_build","i":183}
Sep 24 15:13:54.237012 Runner(Flutter)[2653] <Notice>: dartnative: ##BENCH## {"tag":"feed1000","t_us":1790242134232963,"ev":"page_build","i":184}
Sep 24 15:13:54.237052 Runner(Flutter)[2653] <Notice>: dartnative: ##BENCH## {"tag":"feed1000","t_us":1790242134233058,"ev":"page_build","i":185}
Sep 24 15:13:54.237123 Runner(Flutter)[2653] <Notice>: dartnative: ##BENCH## {"tag":"feed1000","t_us":1790242134233250,"ev":"page_build","i":186}
Sep 24 15:13:54.237198 Runner(Flutter)[2653] <Notice>: dartnative: ##BENCH## {"tag":"feed1000","t_us":1790242134233480,"ev":"page_build","i":187}
Sep 24 15:13:54.237226 Runner(Flutter)[2653] <Notice>: dartnative: ##BENCH## {"tag":"feed1000","t_us":1790242134233750,"ev":"page_build","i":188}
Sep 24 15:13:54.237249 Runner(Flutter)[2653] <Notice>: dartnative: ##BENCH## {"tag":"feed1000","t_us":1790242134234010,"ev":"page_build","i":189}
Sep 24 15:13:54.237287 Runner(Flutter)[2653] <Notice>: dartnative: ##BENCH## {"tag":"feed1000","t_us":1790242134234139,"ev":"page_build","i":190}
Sep 24 15:13:54.237344 Runner(Flutter)[2653] <Notice>: dartnative: ##BENCH## {"tag":"feed1000","t_us":1790242134234209,"ev":"page_build","i":191}
Sep 24 15:13:54.237382 Runner(Flutter)[2653] <Notice>: dartnative: ##BENCH## {"tag":"feed1000","t_us":1790242134234324,"ev":"page_build","i":192}
Sep 24 15:13:54.237406 Runner(Flutter)[2653] <Notice>: dartnative: ##BENCH## {"tag":"feed1000","t_us":1790242134234409,"ev":"page_build","i":193}
Sep 24 15:13:54.237445 Runner(Flutter)[2653] <Notice>: dartnative: ##BENCH## {"tag":"feed1000","t_us":1790242134234554,"ev":"page_build","i":194}
Sep 24 15:13:54.237476 Runner(Flutter)[2653] <Notice>: dartnative: ##BENCH## {"tag":"feed1000","t_us":1790242134234665,"ev":"page_build","i":195}
Sep 24 15:13:54.237498 Runner(Flutter)[2653] <Notice>: dartnative: ##BENCH## {"tag":"feed1000","t_us":1790242134234746,"ev":"page_build","i":196}
Sep 24 15:13:54.237537 Runner(Flutter)[2653] <Notice>: dartnative: ##BENCH## {"tag":"feed1000","t_us":1790242134234810,"ev":"page_build","i":197}
Sep 24 15:13:54.237586 Runner(Flutter)[2653] <Notice>: dartnative: ##BENCH## {"tag":"feed1000","t_us":1790242134234909,"ev":"page_build","i":198}
Sep 24 15:13:54.237653 Runner(Flutter)[2653] <Notice>: dartnative: ##BENCH## {"tag":"feed1000","t_us":1790242134235018,"ev":"page_build","i":199}
Sep 24 15:13:54.237687 Runner(Flutter)[2653] <Notice>: dartnative: ##BENCH## {"tag":"feed1000","t_us":1790242134235112,"ev":"page_build","i":200}
Sep 24 15:13:54.237741 Runner(Flutter)[2653] <Notice>: dartnative: ##BENCH## {"tag":"feed1000","t_us":1790242134235156,"ev":"page_build","i":201}
Sep 24 15:13:54.237772 Runner(Flutter)[2653] <Notice>: dartnative: ##BENCH## {"tag":"feed1000","t_us":1790242134235241,"ev":"page_build","i":202}
Sep 24 15:13:54.237809 Runner(Flutter)[2653] <Notice>: dartnative: ##BENCH## {"tag":"feed1000","t_us":1790242134235338,"ev":"page_build","i":203}
Sep 24 15:13:54.237839 Runner(Flutter)[2653] <Notice>: dartnative: ##BENCH## {"tag":"feed1000","t_us":1790242134235399,"ev":"page_build","i":204}
Sep 24 15:13:54.237868 Runner(Flutter)[2653] <Notice>: dartnative: ##BENCH## {"tag":"feed1000","t_us":1790242134235495,"ev":"page_build","i":205}
Sep 24 15:13:54.237896 Runner(Flutter)[2653] <Notice>: dartnative: ##BENCH## {"tag":"feed1000","t_us":1790242134235555,"ev":"page_build","i":206}
Sep 24 15:13:54.237921 Runner(Flutter)[2653] <Notice>: dartnative: ##BENCH## {"tag":"feed1000","t_us":1790242134235681,"ev":"page_build","i":207}
Sep 24 15:13:54.237965 Runner(Flutter)[2653] <Notice>: dartnative: ##BENCH## {"tag":"feed1000","t_us":1790242134235739,"ev":"page_build","i":208}
Sep 24 15:13:54.238058 Runner(Flutter)[2653] <Notice>: dartnative: ##BENCH## {"tag":"feed1000","t_us":1790242134235831,"ev":"page_build","i":209}
Sep 24 15:13:54.238112 Runner(Flutter)[2653] <Notice>: dartnative: ##BENCH## {"tag":"feed1000","t_us":1790242134235912,"ev":"page_build","i":210}
Sep 24 15:13:54.238146 Runner(Flutter)[2653] <Notice>: dartnative: ##BENCH## {"tag":"feed1000","t_us":1790242134235999,"ev":"page_build","i":211}
Sep 24 15:13:54.238189 Runner(Flutter)[2653] <Notice>: dartnative: ##BENCH## {"tag":"feed1000","t_us":1790242134236085,"ev":"page_build","i":212}
Sep 24 15:13:54.238221 Runner(Flutter)[2653] <Notice>: dartnative: ##BENCH## {"tag":"feed1000","t_us":1790242134236180,"ev":"page_build","i":213}
Sep 24 15:13:54.238260 Runner(Flutter)[2653] <Notice>: dartnative: ##BENCH## {"tag":"feed1000","t_us":1790242134236267,"ev":"page_build","i":214}
Sep 24 15:13:54.238295 Runner(Flutter)[2653] <Notice>: dartnative: ##BENCH## {"tag":"feed1000","t_us":1790242134236393,"ev":"page_build","i":215}
Sep 24 15:13:54.238354 Runner(Flutter)[2653] <Notice>: dartnative: ##BENCH## {"tag":"feed1000","t_us":1790242134236503,"ev":"page_build","i":216}
Sep 24 15:13:54.238391 Runner(Flutter)[2653] <Notice>: dartnative: ##BENCH## {"tag":"feed1000","t_us":1790242134236627,"ev":"page_build","i":217}
Sep 24 15:13:54.238467 Runner(Flutter)[2653] <Notice>: dartnative: ##BENCH## {"tag":"feed1000","t_us":1790242134236762,"ev":"page_build","i":218}
Sep 24 15:13:54.238836 Runner(Flutter)[2653] <Notice>: dartnative: ##BENCH## {"tag":"feed1000","t_us":1790242134236876,"ev":"page_build","i":219}
Sep 24 15:13:54.238923 Runner(Flutter)[2653] <Notice>: dartnative: ##BENCH## {"tag":"feed1000","t_us":1790242134236953,"ev":"page_build","i":220}
Sep 24 15:13:54.238954 Runner(Flutter)[2653] <Notice>: dartnative: ##BENCH## {"tag":"feed1000","t_us":1790242134237034,"ev":"page_build","i":221}
Sep 24 15:13:54.239120 Runner(Flutter)[2653] <Notice>: dartnative: ##BENCH## {"tag":"feed1000","t_us":1790242134237135,"ev":"page_build","i":222}
Sep 24 15:13:54.239152 Runner(Flutter)[2653] <Notice>: dartnative: ##BENCH## {"tag":"feed1000","t_us":1790242134237249,"ev":"page_build","i":223}
Sep 24 15:13:54.239172 Runner(Flutter)[2653] <Notice>: dartnative: ##BENCH## {"tag":"feed1000","t_us":1790242134237381,"ev":"page_build","i":224}
Sep 24 15:13:54.239228 Runner(Flutter)[2653] <Notice>: dartnative: ##BENCH## {"tag":"feed1000","t_us":1790242134237462,"ev":"page_build","i":225}
Sep 24 15:13:54.241827 Runner(Flutter)[2653] <Notice>: dartnative: ##BENCH## {"tag":"feed1000","t_us":1790242134240534,"ev":"page_build","i":226}
Sep 24 15:13:54.241861 Runner(Flutter)[2653] <Notice>: dartnative: ##BENCH## {"tag":"feed1000","t_us":1790242134240736,"ev":"page_build","i":227}
Sep 24 15:13:54.241925 Runner(Flutter)[2653] <Notice>: dartnative: ##BENCH## {"tag":"feed1000","t_us":1790242134240874,"ev":"page_build","i":228}
Sep 24 15:13:54.242006 Runner(Flutter)[2653] <Notice>: dartnative: ##BENCH## {"tag":"feed1000","t_us":1790242134240990,"ev":"page_build","i":229}
Sep 24 15:13:54.242053 Runner(Flutter)[2653] <Notice>: dartnative: ##BENCH## {"tag":"feed1000","t_us":1790242134241143,"ev":"page_build","i":230}
Sep 24 15:13:54.242091 Runner(Flutter)[2653] <Notice>: dartnative: ##BENCH## {"tag":"feed1000","t_us":1790242134241254,"ev":"page_build","i":231}
Sep 24 15:13:54.242131 Runner(Flutter)[2653] <Notice>: dartnative: ##BENCH## {"tag":"feed1000","t_us":1790242134241348,"ev":"page_build","i":232}
Sep 24 15:13:54.242206 Runner(Flutter)[2653] <Notice>: dartnative: ##BENCH## {"tag":"feed1000","t_us":1790242134241407,"ev":"page_build","i":233}
Sep 24 15:13:54.242278 Runner(Flutter)[2653] <Notice>: dartnative: ##BENCH## {"tag":"feed1000","t_us":1790242134241514,"ev":"page_build","i":234}
Sep 24 15:13:54.242320 Runner(Flutter)[2653] <Notice>: dartnative: ##BENCH## {"tag":"feed1000","t_us":1790242134241672,"ev":"page_build","i":235}
Sep 24 15:13:54.242383 Runner(Flutter)[2653] <Notice>: dartnative: ##BENCH## {"tag":"feed1000","t_us":1790242134241775,"ev":"page_build","i":236}
Sep 24 15:13:54.242456 Runner(Flutter)[2653] <Notice>: dartnative: ##BENCH## {"tag":"feed1000","t_us":1790242134241850,"ev":"page_build","i":237}
Sep 24 15:13:54.242542 Runner(Flutter)[2653] <Notice>: dartnative: ##BENCH## {"tag":"feed1000","t_us":1790242134241914,"ev":"page_build","i":238}
Sep 24 15:13:54.242691 Runner(Flutter)[2653] <Notice>: dartnative: ##BENCH## {"tag":"feed1000","t_us":1790242134241999,"ev":"page_build","i":239}
Sep 24 15:13:54.242743 Runner(Flutter)[2653] <Notice>: dartnative: ##BENCH## {"tag":"feed1000","t_us":1790242134242094,"ev":"page_build","i":240}
Sep 24 15:13:54.242797 Runner(Flutter)[2653] <Notice>: dartnative: ##BENCH## {"tag":"feed1000","t_us":1790242134242196,"ev":"page_build","i":241}
Sep 24 15:13:54.242831 Runner(Flutter)[2653] <Notice>: dartnative: ##BENCH## {"tag":"feed1000","t_us":1790242134242270,"ev":"page_build","i":242}
Sep 24 15:13:54.242900 Runner(Flutter)[2653] <Notice>: dartnative: ##BENCH## {"tag":"feed1000","t_us":1790242134242378,"ev":"page_build","i":243}
Sep 24 15:13:54.243023 Runner(Flutter)[2653] <Notice>: dartnative: ##BENCH## {"tag":"feed1000","t_us":1790242134242408,"ev":"page_build","i":244}
Sep 24 15:13:54.243134 Runner(Flutter)[2653] <Notice>: dartnative: ##BENCH## {"tag":"feed1000","t_us":1790242134242467,"ev":"page_build","i":245}
Sep 24 15:13:54.243232 Runner(Flutter)[2653] <Notice>: dartnative: ##BENCH## {"tag":"feed1000","t_us":1790242134242600,"ev":"page_build","i":246}
Sep 24 15:13:54.243373 Runner(Flutter)[2653] <Notice>: dartnative: ##BENCH## {"tag":"feed1000","t_us":1790242134242668,"ev":"page_build","i":247}
Sep 24 15:13:54.243413 Runner(Flutter)[2653] <Notice>: dartnative: ##BENCH## {"tag":"feed1000","t_us":1790242134242795,"ev":"page_build","i":248}
Sep 24 15:13:54.243622 Runner(Flutter)[2653] <Notice>: dartnative: ##BENCH## {"tag":"feed1000","t_us":1790242134242895,"ev":"page_build","i":249}
Sep 24 15:13:54.244130 Runner(Flutter)[2653] <Notice>: dartnative: ##BENCH## {"tag":"feed1000","t_us":1790242134242987,"ev":"page_build","i":250}
Sep 24 15:13:54.244165 Runner(Flutter)[2653] <Notice>: dartnative: ##BENCH## {"tag":"feed1000","t_us":1790242134243035,"ev":"page_build","i":251}
Sep 24 15:13:54.244268 Runner(Flutter)[2653] <Notice>: dartnative: ##BENCH## {"tag":"feed1000","t_us":1790242134243136,"ev":"page_build","i":252}
Sep 24 15:13:54.244728 Runner(Flutter)[2653] <Notice>: dartnative: ##BENCH## {"tag":"feed1000","t_us":1790242134243196,"ev":"page_build","i":253}
Sep 24 15:13:54.246515 Runner(Flutter)[2653] <Notice>: dartnative: ##BENCH## {"tag":"feed1000","t_us":1790242134243753,"ev":"page_build","i":254}
Sep 24 15:13:54.246571 Runner(Flutter)[2653] <Notice>: dartnative: ##BENCH## {"tag":"feed1000","t_us":1790242134243788,"ev":"page_build","i":255}
Sep 24 15:13:54.246596 Runner(Flutter)[2653] <Notice>: dartnative: ##BENCH## {"tag":"feed1000","t_us":1790242134243909,"ev":"page_build","i":256}
Sep 24 15:13:54.246758 Runner(Flutter)[2653] <Notice>: dartnative: ##BENCH## {"tag":"feed1000","t_us":1790242134244026,"ev":"page_build","i":257}
Sep 24 15:13:54.246850 Runner(Flutter)[2653] <Notice>: dartnative: ##BENCH## {"tag":"feed1000","t_us":1790242134244107,"ev":"page_build","i":258}
Sep 24 15:13:54.246934 Runner(Flutter)[2653] <Notice>: dartnative: ##BENCH## {"tag":"feed1000","t_us":1790242134244242,"ev":"page_build","i":259}
Sep 24 15:13:54.246961 Runner(Flutter)[2653] <Notice>: dartnative: ##BENCH## {"tag":"feed1000","t_us":1790242134244376,"ev":"page_build","i":260}
Sep 24 15:13:54.247021 Runner(Flutter)[2653] <Notice>: dartnative: ##BENCH## {"tag":"feed1000","t_us":1790242134244544,"ev":"page_build","i":261}
Sep 24 15:13:54.247049 Runner(Flutter)[2653] <Notice>: dartnative: ##BENCH## {"tag":"feed1000","t_us":1790242134244666,"ev":"page_build","i":262}
Sep 24 15:13:54.247130 Runner(Flutter)[2653] <Notice>: dartnative: ##BENCH## {"tag":"feed1000","t_us":1790242134244728,"ev":"page_build","i":263}
Sep 24 15:13:54.247275 Runner(Flutter)[2653] <Notice>: dartnative: ##BENCH## {"tag":"feed1000","t_us":1790242134244908,"ev":"page_build","i":264}
Sep 24 15:13:54.247316 Runner(Flutter)[2653] <Notice>: dartnative: ##BENCH## {"tag":"feed1000","t_us":1790242134244973,"ev":"page_build","i":265}
Sep 24 15:13:54.247338 Runner(Flutter)[2653] <Notice>: dartnative: ##BENCH## {"tag":"feed1000","t_us":1790242134245024,"ev":"page_build","i":266}
Sep 24 15:13:54.247382 Runner(Flutter)[2653] <Notice>: dartnative: ##BENCH## {"tag":"feed1000","t_us":1790242134245084,"ev":"page_build","i":267}
Sep 24 15:13:54.247406 Runner(Flutter)[2653] <Notice>: dartnative: ##BENCH## {"tag":"feed1000","t_us":1790242134245134,"ev":"page_build","i":268}
Sep 24 15:13:54.247453 Runner(Flutter)[2653] <Notice>: dartnative: ##BENCH## {"tag":"feed1000","t_us":1790242134245253,"ev":"page_build","i":269}
Sep 24 15:13:54.247478 Runner(Flutter)[2653] <Notice>: dartnative: ##BENCH## {"tag":"feed1000","t_us":1790242134245331,"ev":"page_build","i":270}
Sep 24 15:13:54.247576 Runner(Flutter)[2653] <Notice>: dartnative: ##BENCH## {"tag":"feed1000","t_us":1790242134245444,"ev":"page_build","i":271}
Sep 24 15:13:54.247616 Runner(Flutter)[2653] <Notice>: dartnative: ##BENCH## {"tag":"feed1000","t_us":1790242134245697,"ev":"page_build","i":272}
Sep 24 15:13:54.247623 Runner(Flutter)[2653] <Notice>: dartnative: ##BENCH## {"tag":"feed1000","t_us":1790242134245789,"ev":"page_build","i":273}
Sep 24 15:13:54.247637 Runner(Flutter)[2653] <Notice>: dartnative: ##BENCH## {"tag":"feed1000","t_us":1790242134245871,"ev":"page_build","i":274}
Sep 24 15:13:54.247740 Runner(Flutter)[2653] <Notice>: dartnative: ##BENCH## {"tag":"feed1000","t_us":1790242134245923,"ev":"page_build","i":275}
Sep 24 15:13:54.247772 Runner(Flutter)[2653] <Notice>: dartnative: ##BENCH## {"tag":"feed1000","t_us":1790242134246001,"ev":"page_build","i":276}
Sep 24 15:13:54.247849 Runner(Flutter)[2653] <Notice>: dartnative: ##BENCH## {"tag":"feed1000","t_us":1790242134246124,"ev":"page_build","i":277}
Sep 24 15:13:54.248059 Runner(Flutter)[2653] <Notice>: dartnative: ##BENCH## {"tag":"feed1000","t_us":1790242134246236,"ev":"page_build","i":278}
Sep 24 15:13:54.248203 Runner(Flutter)[2653] <Notice>: dartnative: ##BENCH## {"tag":"feed1000","t_us":1790242134246311,"ev":"page_build","i":279}
Sep 24 15:13:54.248252 Runner(Flutter)[2653] <Notice>: dartnative: ##BENCH## {"tag":"feed1000","t_us":1790242134246421,"ev":"page_build","i":280}
Sep 24 15:13:54.248280 Runner(Flutter)[2653] <Notice>: dartnative: ##BENCH## {"tag":"feed1000","t_us":1790242134246602,"ev":"page_build","i":281}
Sep 24 15:13:54.248301 Runner(Flutter)[2653] <Notice>: dartnative: ##BENCH## {"tag":"feed1000","t_us":1790242134246728,"ev":"page_build","i":282}
Sep 24 15:13:54.248383 Runner(Flutter)[2653] <Notice>: dartnative: ##BENCH## {"tag":"feed1000","t_us":1790242134246909,"ev":"page_build","i":283}
Sep 24 15:13:54.248403 Runner(Flutter)[2653] <Notice>: dartnative: ##BENCH## {"tag":"feed1000","t_us":1790242134247151,"ev":"page_build","i":284}
Sep 24 15:13:54.248410 Runner(Flutter)[2653] <Notice>: dartnative: ##BENCH## {"tag":"feed1000","t_us":1790242134247235,"ev":"page_build","i":285}
Sep 24 15:13:54.248435 Runner(Flutter)[2653] <Notice>: dartnative: ##BENCH## {"tag":"feed1000","t_us":1790242134247332,"ev":"page_build","i":286}
Sep 24 15:13:54.248474 Runner(Flutter)[2653] <Notice>: dartnative: ##BENCH## {"tag":"feed1000","t_us":1790242134247467,"ev":"page_build","i":287}
Sep 24 15:13:54.248483 Runner(Flutter)[2653] <Notice>: dartnative: ##BENCH## {"tag":"feed1000","t_us":1790242134247538,"ev":"page_build","i":288}
Sep 24 15:13:54.248498 Runner(Flutter)[2653] <Notice>: dartnative: ##BENCH## {"tag":"feed1000","t_us":1790242134247597,"ev":"page_build","i":289}
Sep 24 15:13:54.248514 Runner(Flutter)[2653] <Notice>: dartnative: ##BENCH## {"tag":"feed1000","t_us":1790242134247692,"ev":"page_build","i":290}
Sep 24 15:13:54.248540 Runner(Flutter)[2653] <Notice>: dartnative: ##BENCH## {"tag":"feed1000","t_us":1790242134247753,"ev":"page_build","i":291}
Sep 24 15:13:54.248578 Runner(Flutter)[2653] <Notice>: dartnative: ##BENCH## {"tag":"feed1000","t_us":1790242134247858,"ev":"page_build","i":292}
Sep 24 15:13:54.248585 Runner(Flutter)[2653] <Notice>: dartnative: ##BENCH## {"tag":"feed1000","t_us":1790242134247911,"ev":"page_build","i":293}
Sep 24 15:13:54.248593 Runner(Flutter)[2653] <Notice>: dartnative: ##BENCH## {"tag":"feed1000","t_us":1790242134247942,"ev":"page_build","i":294}
Sep 24 15:13:54.248600 Runner(Flutter)[2653] <Notice>: dartnative: ##BENCH## {"tag":"feed1000","t_us":1790242134248060,"ev":"page_build","i":295}
Sep 24 15:13:54.248617 Runner(Flutter)[2653] <Notice>: dartnative: ##BENCH## {"tag":"feed1000","t_us":1790242134248096,"ev":"page_build","i":296}
Sep 24 15:13:54.248631 Runner(Flutter)[2653] <Notice>: dartnative: ##BENCH## {"tag":"feed1000","t_us":1790242134248128,"ev":"page_build","i":297}
Sep 24 15:13:54.248637 Runner(Flutter)[2653] <Notice>: dartnative: ##BENCH## {"tag":"feed1000","t_us":1790242134248221,"ev":"page_build","i":298}
Sep 24 15:13:54.248653 Runner(Flutter)[2653] <Notice>: dartnative: ##BENCH## {"tag":"feed1000","t_us":1790242134248255,"ev":"page_build","i":299}
Sep 24 15:13:54.248664 Runner(Flutter)[2653] <Notice>: dartnative: ##BENCH## {"tag":"feed1000","t_us":1790242134248289,"ev":"page_build","i":300}
Sep 24 15:13:54.248702 Runner(Flutter)[2653] <Notice>: dartnative: ##BENCH## {"tag":"feed1000","t_us":1790242134248358,"ev":"page_build","i":301}
Sep 24 15:13:54.248720 Runner(Flutter)[2653] <Notice>: dartnative: ##BENCH## {"tag":"feed1000","t_us":1790242134248411,"ev":"page_build","i":302}
Sep 24 15:13:54.248740 Runner(Flutter)[2653] <Notice>: dartnative: ##BENCH## {"tag":"feed1000","t_us":1790242134248445,"ev":"page_build","i":303}
Sep 24 15:13:54.248747 Runner(Flutter)[2653] <Notice>: dartnative: ##BENCH## {"tag":"feed1000","t_us":1790242134248481,"ev":"page_build","i":304}
Sep 24 15:13:54.248762 Runner(Flutter)[2653] <Notice>: dartnative: ##BENCH## {"tag":"feed1000","t_us":1790242134248529,"ev":"page_build","i":305}
Sep 24 15:13:54.248790 Runner(Flutter)[2653] <Notice>: dartnative: ##BENCH## {"tag":"feed1000","t_us":1790242134248615,"ev":"page_build","i":306}
Sep 24 15:13:54.248808 Runner(Flutter)[2653] <Notice>: dartnative: ##BENCH## {"tag":"feed1000","t_us":1790242134248649,"ev":"page_build","i":307}
Sep 24 15:13:54.248816 Runner(Flutter)[2653] <Notice>: dartnative: ##BENCH## {"tag":"feed1000","t_us":1790242134248684,"ev":"page_build","i":308}
Sep 24 15:13:54.248867 Runner(Flutter)[2653] <Notice>: dartnative: ##BENCH## {"tag":"feed1000","t_us":1790242134248786,"ev":"page_build","i":309}
Sep 24 15:13:54.248877 Runner(Flutter)[2653] <Notice>: dartnative: ##BENCH## {"tag":"feed1000","t_us":1790242134248820,"ev":"page_build","i":310}
Sep 24 15:13:54.248885 Runner(Flutter)[2653] <Notice>: dartnative: ##BENCH## {"tag":"feed1000","t_us":1790242134248854,"ev":"page_build","i":311}
Sep 24 15:13:54.248953 Runner(Flutter)[2653] <Notice>: dartnative: ##BENCH## {"tag":"feed1000","t_us":1790242134248886,"ev":"page_build","i":312}
Sep 24 15:13:54.249007 Runner(Flutter)[2653] <Notice>: dartnative: ##BENCH## {"tag":"feed1000","t_us":1790242134248921,"ev":"page_build","i":313}
Sep 24 15:13:54.249030 Runner(Flutter)[2653] <Notice>: dartnative: ##BENCH## {"tag":"feed1000","t_us":1790242134248953,"ev":"page_build","i":314}
Sep 24 15:13:54.249086 Runner(Flutter)[2653] <Notice>: dartnative: ##BENCH## {"tag":"feed1000","t_us":1790242134249053,"ev":"page_build","i":315}
Sep 24 15:13:54.249126 Runner(Flutter)[2653] <Notice>: dartnative: ##BENCH## {"tag":"feed1000","t_us":1790242134249089,"ev":"page_build","i":316}
Sep 24 15:13:54.249190 Runner(Flutter)[2653] <Notice>: dartnative: ##BENCH## {"tag":"feed1000","t_us":1790242134249139,"ev":"page_build","i":317}
Sep 24 15:13:54.249248 Runner(Flutter)[2653] <Notice>: dartnative: ##BENCH## {"tag":"feed1000","t_us":1790242134249173,"ev":"page_build","i":318}
Sep 24 15:13:54.249290 Runner(Flutter)[2653] <Notice>: dartnative: ##BENCH## {"tag":"feed1000","t_us":1790242134249247,"ev":"page_build","i":319}
Sep 24 15:13:54.249332 Runner(Flutter)[2653] <Notice>: dartnative: ##BENCH## {"tag":"feed1000","t_us":1790242134249287,"ev":"page_build","i":320}
Sep 24 15:13:54.249383 Runner(Flutter)[2653] <Notice>: dartnative: ##BENCH## {"tag":"feed1000","t_us":1790242134249338,"ev":"page_build","i":321}
Sep 24 15:13:54.249485 Runner(Flutter)[2653] <Notice>: dartnative: ##BENCH## {"tag":"feed1000","t_us":1790242134249424,"ev":"page_build","i":322}
Sep 24 15:13:54.249525 Runner(Flutter)[2653] <Notice>: dartnative: ##BENCH## {"tag":"feed1000","t_us":1790242134249459,"ev":"page_build","i":323}
Sep 24 15:13:54.249571 Runner(Flutter)[2653] <Notice>: dartnative: ##BENCH## {"tag":"feed1000","t_us":1790242134249509,"ev":"page_build","i":324}
Sep 24 15:13:54.249682 Runner(Flutter)[2653] <Notice>: dartnative: ##BENCH## {"tag":"feed1000","t_us":1790242134249642,"ev":"page_build","i":325}
Sep 24 15:13:54.249802 Runner(Flutter)[2653] <Notice>: dartnative: ##BENCH## {"tag":"feed1000","t_us":1790242134249728,"ev":"page_build","i":326}
Sep 24 15:13:54.250124 Runner(Flutter)[2653] <Notice>: dartnative: ##BENCH## {"tag":"feed1000","t_us":1790242134249861,"ev":"page_build","i":327}
Sep 24 15:13:54.251555 Runner(Flutter)[2653] <Notice>: dartnative: ##BENCH## {"tag":"feed1000","t_us":1790242134249980,"ev":"page_build","i":328}
Sep 24 15:13:54.251690 Runner(Flutter)[2653] <Notice>: dartnative: ##BENCH## {"tag":"feed1000","t_us":1790242134250195,"ev":"page_build","i":329}
Sep 24 15:13:54.251807 Runner(Flutter)[2653] <Notice>: dartnative: ##BENCH## {"tag":"feed1000","t_us":1790242134250277,"ev":"page_build","i":330}
Sep 24 15:13:54.251924 Runner(Flutter)[2653] <Notice>: dartnative: ##BENCH## {"tag":"feed1000","t_us":1790242134250318,"ev":"page_build","i":331}
Sep 24 15:13:54.252085 Runner(Flutter)[2653] <Notice>: dartnative: ##BENCH## {"tag":"feed1000","t_us":1790242134250348,"ev":"page_build","i":332}
Sep 24 15:13:54.252156 Runner(Flutter)[2653] <Notice>: dartnative: ##BENCH## {"tag":"feed1000","t_us":1790242134250414,"ev":"page_build","i":333}
Sep 24 15:13:54.252185 Runner(Flutter)[2653] <Notice>: dartnative: ##BENCH## {"tag":"feed1000","t_us":1790242134250447,"ev":"page_build","i":334}
Sep 24 15:13:54.252268 Runner(Flutter)[2653] <Notice>: dartnative: ##BENCH## {"tag":"feed1000","t_us":1790242134250480,"ev":"page_build","i":335}
Sep 24 15:13:54.252396 Runner(Flutter)[2653] <Notice>: dartnative: ##BENCH## {"tag":"feed1000","t_us":1790242134250553,"ev":"page_build","i":336}
Sep 24 15:13:54.252483 Runner(Flutter)[2653] <Notice>: dartnative: ##BENCH## {"tag":"feed1000","t_us":1790242134250698,"ev":"page_build","i":337}
Sep 24 15:13:54.252627 Runner(Flutter)[2653] <Notice>: dartnative: ##BENCH## {"tag":"feed1000","t_us":1790242134250757,"ev":"page_build","i":338}
Sep 24 15:13:54.252713 Runner(Flutter)[2653] <Notice>: dartnative: ##BENCH## {"tag":"feed1000","t_us":1790242134250828,"ev":"page_build","i":339}
Sep 24 15:13:54.252865 Runner(Flutter)[2653] <Notice>: dartnative: ##BENCH## {"tag":"feed1000","t_us":1790242134250929,"ev":"page_build","i":340}
Sep 24 15:13:54.253153 Runner(Flutter)[2653] <Notice>: dartnative: ##BENCH## {"tag":"feed1000","t_us":1790242134251017,"ev":"page_build","i":341}
Sep 24 15:13:54.253187 Runner(Flutter)[2653] <Notice>: dartnative: ##BENCH## {"tag":"feed1000","t_us":1790242134251078,"ev":"page_build","i":342}
Sep 24 15:13:54.253369 Runner(Flutter)[2653] <Notice>: dartnative: ##BENCH## {"tag":"feed1000","t_us":1790242134251179,"ev":"page_build","i":343}
Sep 24 15:13:54.253640 Runner(Flutter)[2653] <Notice>: dartnative: ##BENCH## {"tag":"feed1000","t_us":1790242134251303,"ev":"page_build","i":344}
Sep 24 15:13:54.253732 Runner(Flutter)[2653] <Notice>: dartnative: ##BENCH## {"tag":"feed1000","t_us":1790242134251338,"ev":"page_build","i":345}
Sep 24 15:13:54.253771 Runner(Flutter)[2653] <Notice>: dartnative: ##BENCH## {"tag":"feed1000","t_us":1790242134251527,"ev":"page_build","i":346}
Sep 24 15:13:54.253792 Runner(Flutter)[2653] <Notice>: dartnative: ##BENCH## {"tag":"feed1000","t_us":1790242134251615,"ev":"page_build","i":347}
Sep 24 15:13:54.253834 Runner(Flutter)[2653] <Notice>: dartnative: ##BENCH## {"tag":"feed1000","t_us":1790242134251698,"ev":"page_build","i":348}
Sep 24 15:13:54.253855 Runner(Flutter)[2653] <Notice>: dartnative: ##BENCH## {"tag":"feed1000","t_us":1790242134251750,"ev":"page_build","i":349}
Sep 24 15:13:54.253878 Runner(Flutter)[2653] <Notice>: dartnative: ##BENCH## {"tag":"feed1000","t_us":1790242134251783,"ev":"page_build","i":350}
Sep 24 15:13:54.253907 Runner(Flutter)[2653] <Notice>: dartnative: ##BENCH## {"tag":"feed1000","t_us":1790242134251864,"ev":"page_build","i":351}
Sep 24 15:13:54.253932 Runner(Flutter)[2653] <Notice>: dartnative: ##BENCH## {"tag":"feed1000","t_us":1790242134252016,"ev":"page_build","i":352}
Sep 24 15:13:54.253980 Runner(Flutter)[2653] <Notice>: dartnative: ##BENCH## {"tag":"feed1000","t_us":1790242134252058,"ev":"page_build","i":353}
Sep 24 15:13:54.254054 Runner(Flutter)[2653] <Notice>: dartnative: ##BENCH## {"tag":"feed1000","t_us":1790242134252111,"ev":"page_build","i":354}
Sep 24 15:13:54.254082 Runner(Flutter)[2653] <Notice>: dartnative: ##BENCH## {"tag":"feed1000","t_us":1790242134252144,"ev":"page_build","i":355}
Sep 24 15:13:54.254101 Runner(Flutter)[2653] <Notice>: dartnative: ##BENCH## {"tag":"feed1000","t_us":1790242134252255,"ev":"page_build","i":356}
Sep 24 15:13:54.254268 Runner(Flutter)[2653] <Notice>: dartnative: ##BENCH## {"tag":"feed1000","t_us":1790242134252357,"ev":"page_build","i":357}
Sep 24 15:13:54.254424 Runner(Flutter)[2653] <Notice>: dartnative: ##BENCH## {"tag":"feed1000","t_us":1790242134252459,"ev":"page_build","i":358}
Sep 24 15:13:54.254484 Runner(Flutter)[2653] <Notice>: dartnative: ##BENCH## {"tag":"feed1000","t_us":1790242134252539,"ev":"page_build","i":359}
Sep 24 15:13:54.255127 Runner(Flutter)[2653] <Notice>: dartnative: ##BENCH## {"tag":"feed1000","t_us":1790242134252771,"ev":"page_build","i":360}
Sep 24 15:13:54.255213 Runner(Flutter)[2653] <Notice>: dartnative: ##BENCH## {"tag":"feed1000","t_us":1790242134252854,"ev":"page_build","i":361}
Sep 24 15:13:54.255253 Runner(Flutter)[2653] <Notice>: dartnative: ##BENCH## {"tag":"feed1000","t_us":1790242134252952,"ev":"page_build","i":362}
Sep 24 15:13:54.255306 Runner(Flutter)[2653] <Notice>: dartnative: ##BENCH## {"tag":"feed1000","t_us":1790242134253018,"ev":"page_build","i":363}
Sep 24 15:13:54.255392 Runner(Flutter)[2653] <Notice>: dartnative: ##BENCH## {"tag":"feed1000","t_us":1790242134253089,"ev":"page_build","i":364}
Sep 24 15:13:54.255408 Runner(Flutter)[2653] <Notice>: dartnative: ##BENCH## {"tag":"feed1000","t_us":1790242134253240,"ev":"page_build","i":365}
Sep 24 15:13:54.255541 Runner(Flutter)[2653] <Notice>: dartnative: ##BENCH## {"tag":"feed1000","t_us":1790242134253312,"ev":"page_build","i":366}
Sep 24 15:13:54.255584 Runner(Flutter)[2653] <Notice>: dartnative: ##BENCH## {"tag":"feed1000","t_us":1790242134253344,"ev":"page_build","i":367}
Sep 24 15:13:54.255611 Runner(Flutter)[2653] <Notice>: dartnative: ##BENCH## {"tag":"feed1000","t_us":1790242134253413,"ev":"page_build","i":368}
Sep 24 15:13:54.255651 Runner(Flutter)[2653] <Notice>: dartnative: ##BENCH## {"tag":"feed1000","t_us":1790242134253448,"ev":"page_build","i":369}
Sep 24 15:13:54.255680 Runner(Flutter)[2653] <Notice>: dartnative: ##BENCH## {"tag":"feed1000","t_us":1790242134253481,"ev":"page_build","i":370}
Sep 24 15:13:54.255722 Runner(Flutter)[2653] <Notice>: dartnative: ##BENCH## {"tag":"feed1000","t_us":1790242134253511,"ev":"page_build","i":371}
Sep 24 15:13:54.255788 Runner(Flutter)[2653] <Notice>: dartnative: ##BENCH## {"tag":"feed1000","t_us":1790242134253543,"ev":"page_build","i":372}
Sep 24 15:13:54.255901 Runner(Flutter)[2653] <Notice>: dartnative: ##BENCH## {"tag":"feed1000","t_us":1790242134253591,"ev":"page_build","i":373}
Sep 24 15:13:54.256209 Runner(Flutter)[2653] <Notice>: dartnative: ##BENCH## {"tag":"feed1000","t_us":1790242134253751,"ev":"page_build","i":374}
Sep 24 15:13:54.256423 Runner(Flutter)[2653] <Notice>: dartnative: ##BENCH## {"tag":"feed1000","t_us":1790242134253847,"ev":"page_build","i":375}
Sep 24 15:13:54.256493 Runner(Flutter)[2653] <Notice>: dartnative: ##BENCH## {"tag":"feed1000","t_us":1790242134253901,"ev":"page_build","i":376}
Sep 24 15:13:54.256541 Runner(Flutter)[2653] <Notice>: dartnative: ##BENCH## {"tag":"feed1000","t_us":1790242134253985,"ev":"page_build","i":377}
Sep 24 15:13:54.256577 Runner(Flutter)[2653] <Notice>: dartnative: ##BENCH## {"tag":"feed1000","t_us":1790242134254168,"ev":"page_build","i":378}
Sep 24 15:13:54.256703 Runner(Flutter)[2653] <Notice>: dartnative: ##BENCH## {"tag":"feed1000","t_us":1790242134254250,"ev":"page_build","i":379}
Sep 24 15:13:54.256767 Runner(Flutter)[2653] <Notice>: dartnative: ##BENCH## {"tag":"feed1000","t_us":1790242134254349,"ev":"page_build","i":380}
Sep 24 15:13:54.256934 Runner(Flutter)[2653] <Notice>: dartnative: ##BENCH## {"tag":"feed1000","t_us":1790242134254401,"ev":"page_build","i":381}
Sep 24 15:13:54.256964 Runner(Flutter)[2653] <Notice>: dartnative: ##BENCH## {"tag":"feed1000","t_us":1790242134254500,"ev":"page_build","i":382}
Sep 24 15:13:54.256987 Runner(Flutter)[2653] <Notice>: dartnative: ##BENCH## {"tag":"feed1000","t_us":1790242134254594,"ev":"page_build","i":383}
Sep 24 15:13:54.257031 Runner(Flutter)[2653] <Notice>: dartnative: ##BENCH## {"tag":"feed1000","t_us":1790242134254642,"ev":"page_build","i":384}
Sep 24 15:13:54.257098 Runner(Flutter)[2653] <Notice>: dartnative: ##BENCH## {"tag":"feed1000","t_us":1790242134254704,"ev":"page_build","i":385}
Sep 24 15:13:54.257150 Runner(Flutter)[2653] <Notice>: dartnative: ##BENCH## {"tag":"feed1000","t_us":1790242134254761,"ev":"page_build","i":386}
Sep 24 15:13:54.257213 Runner(Flutter)[2653] <Notice>: dartnative: ##BENCH## {"tag":"feed1000","t_us":1790242134254819,"ev":"page_build","i":387}
Sep 24 15:13:54.257251 Runner(Flutter)[2653] <Notice>: dartnative: ##BENCH## {"tag":"feed1000","t_us":1790242134254927,"ev":"page_build","i":388}
Sep 24 15:13:54.257301 Runner(Flutter)[2653] <Notice>: dartnative: ##BENCH## {"tag":"feed1000","t_us":1790242134255033,"ev":"page_build","i":389}
Sep 24 15:13:54.257338 Runner(Flutter)[2653] <Notice>: dartnative: ##BENCH## {"tag":"feed1000","t_us":1790242134255101,"ev":"page_build","i":390}
Sep 24 15:13:54.257370 Runner(Flutter)[2653] <Notice>: dartnative: ##BENCH## {"tag":"feed1000","t_us":1790242134255214,"ev":"page_build","i":391}
Sep 24 15:13:54.257387 Runner(Flutter)[2653] <Notice>: dartnative: ##BENCH## {"tag":"feed1000","t_us":1790242134255341,"ev":"page_build","i":392}
Sep 24 15:13:54.257406 Runner(Flutter)[2653] <Notice>: dartnative: ##BENCH## {"tag":"feed1000","t_us":1790242134255446,"ev":"page_build","i":393}
Sep 24 15:13:54.257439 Runner(Flutter)[2653] <Notice>: dartnative: ##BENCH## {"tag":"feed1000","t_us":1790242134255501,"ev":"page_build","i":394}
Sep 24 15:13:54.257531 Runner(Flutter)[2653] <Notice>: dartnative: ##BENCH## {"tag":"feed1000","t_us":1790242134255606,"ev":"page_build","i":395}
Sep 24 15:13:54.257562 Runner(Flutter)[2653] <Notice>: dartnative: ##BENCH## {"tag":"feed1000","t_us":1790242134255716,"ev":"page_build","i":396}
Sep 24 15:13:54.257595 Runner(Flutter)[2653] <Notice>: dartnative: ##BENCH## {"tag":"feed1000","t_us":1790242134255785,"ev":"page_build","i":397}
Sep 24 15:13:54.257653 Runner(Flutter)[2653] <Notice>: dartnative: ##BENCH## {"tag":"feed1000","t_us":1790242134255872,"ev":"page_build","i":398}
Sep 24 15:13:54.257669 Runner(Flutter)[2653] <Notice>: dartnative: ##BENCH## {"tag":"feed1000","t_us":1790242134255906,"ev":"page_build","i":399}
Sep 24 15:13:54.257697 Runner(Flutter)[2653] <Notice>: dartnative: ##BENCH## {"tag":"feed1000","t_us":1790242134255962,"ev":"page_build","i":400}
Sep 24 15:13:54.257731 Runner(Flutter)[2653] <Notice>: dartnative: ##BENCH## {"tag":"feed1000","t_us":1790242134256054,"ev":"page_build","i":401}
Sep 24 15:13:54.257754 Runner(Flutter)[2653] <Notice>: dartnative: ##BENCH## {"tag":"feed1000","t_us":1790242134256152,"ev":"page_build","i":402}
Sep 24 15:13:54.257840 Runner(Flutter)[2653] <Notice>: dartnative: ##BENCH## {"tag":"feed1000","t_us":1790242134256185,"ev":"page_build","i":403}
Sep 24 15:13:54.257885 Runner(Flutter)[2653] <Notice>: dartnative: ##BENCH## {"tag":"feed1000","t_us":1790242134256218,"ev":"page_build","i":404}
Sep 24 15:13:54.257914 Runner(Flutter)[2653] <Notice>: dartnative: ##BENCH## {"tag":"feed1000","t_us":1790242134256256,"ev":"page_build","i":405}
Sep 24 15:13:54.257943 Runner(Flutter)[2653] <Notice>: dartnative: ##BENCH## {"tag":"feed1000","t_us":1790242134256344,"ev":"page_build","i":406}
Sep 24 15:13:54.257960 Runner(Flutter)[2653] <Notice>: dartnative: ##BENCH## {"tag":"feed1000","t_us":1790242134256395,"ev":"page_build","i":407}
Sep 24 15:13:54.257979 Runner(Flutter)[2653] <Notice>: dartnative: ##BENCH## {"tag":"feed1000","t_us":1790242134256612,"ev":"page_build","i":408}
Sep 24 15:13:54.257998 Runner(Flutter)[2653] <Notice>: dartnative: ##BENCH## {"tag":"feed1000","t_us":1790242134256708,"ev":"page_build","i":409}
Sep 24 15:13:54.258014 Runner(Flutter)[2653] <Notice>: dartnative: ##BENCH## {"tag":"feed1000","t_us":1790242134256790,"ev":"page_build","i":410}
Sep 24 15:13:54.258034 Runner(Flutter)[2653] <Notice>: dartnative: ##BENCH## {"tag":"feed1000","t_us":1790242134256909,"ev":"page_build","i":411}
Sep 24 15:13:54.258060 Runner(Flutter)[2653] <Notice>: dartnative: ##BENCH## {"tag":"feed1000","t_us":1790242134257015,"ev":"page_build","i":412}
Sep 24 15:13:54.258096 Runner(Flutter)[2653] <Notice>: dartnative: ##BENCH## {"tag":"feed1000","t_us":1790242134257149,"ev":"page_build","i":413}
Sep 24 15:13:54.258113 Runner(Flutter)[2653] <Notice>: dartnative: ##BENCH## {"tag":"feed1000","t_us":1790242134257243,"ev":"page_build","i":414}
Sep 24 15:13:54.258129 Runner(Flutter)[2653] <Notice>: dartnative: ##BENCH## {"tag":"feed1000","t_us":1790242134257276,"ev":"page_build","i":415}
Sep 24 15:13:54.258148 Runner(Flutter)[2653] <Notice>: dartnative: ##BENCH## {"tag":"feed1000","t_us":1790242134257364,"ev":"page_build","i":416}
Sep 24 15:13:54.258164 Runner(Flutter)[2653] <Notice>: dartnative: ##BENCH## {"tag":"feed1000","t_us":1790242134257396,"ev":"page_build","i":417}
Sep 24 15:13:54.258201 Runner(Flutter)[2653] <Notice>: dartnative: ##BENCH## {"tag":"feed1000","t_us":1790242134257489,"ev":"page_build","i":418}
Sep 24 15:13:54.258247 Runner(Flutter)[2653] <Notice>: dartnative: ##BENCH## {"tag":"feed1000","t_us":1790242134257522,"ev":"page_build","i":419}
Sep 24 15:13:54.258275 Runner(Flutter)[2653] <Notice>: dartnative: ##BENCH## {"tag":"feed1000","t_us":1790242134257611,"ev":"page_build","i":420}
Sep 24 15:13:54.258298 Runner(Flutter)[2653] <Notice>: dartnative: ##BENCH## {"tag":"feed1000","t_us":1790242134257661,"ev":"page_build","i":421}
Sep 24 15:13:54.258344 Runner(Flutter)[2653] <Notice>: dartnative: ##BENCH## {"tag":"feed1000","t_us":1790242134257723,"ev":"page_build","i":422}
Sep 24 15:13:54.258522 Runner(Flutter)[2653] <Notice>: dartnative: ##BENCH## {"tag":"feed1000","t_us":1790242134257802,"ev":"page_build","i":423}
Sep 24 15:13:54.258781 Runner(Flutter)[2653] <Notice>: dartnative: ##BENCH## {"tag":"feed1000","t_us":1790242134257877,"ev":"page_build","i":424}
Sep 24 15:13:54.258908 Runner(Flutter)[2653] <Notice>: dartnative: ##BENCH## {"tag":"feed1000","t_us":1790242134257941,"ev":"page_build","i":425}
Sep 24 15:13:54.259017 Runner(Flutter)[2653] <Notice>: dartnative: ##BENCH## {"tag":"feed1000","t_us":1790242134258009,"ev":"page_build","i":426}
Sep 24 15:13:54.259042 Runner(Flutter)[2653] <Notice>: dartnative: ##BENCH## {"tag":"feed1000","t_us":1790242134258083,"ev":"page_build","i":427}
Sep 24 15:13:54.259064 Runner(Flutter)[2653] <Notice>: dartnative: ##BENCH## {"tag":"feed1000","t_us":1790242134258148,"ev":"page_build","i":428}
Sep 24 15:13:54.259072 Runner(Flutter)[2653] <Notice>: dartnative: ##BENCH## {"tag":"feed1000","t_us":1790242134258182,"ev":"page_build","i":429}
Sep 24 15:13:54.267347 Runner(Flutter)[2653] <Notice>: dartnative: ##BENCH## {"tag":"feed1000","t_us":1790242134267234,"ev":"page_build","i":430}
Sep 24 15:13:54.267471 Runner(Flutter)[2653] <Notice>: dartnative: ##BENCH## {"tag":"feed1000","t_us":1790242134267416,"ev":"page_build","i":431}
Sep 24 15:13:54.267548 Runner(Flutter)[2653] <Notice>: dartnative: ##BENCH## {"tag":"feed1000","t_us":1790242134267496,"ev":"page_build","i":432}
Sep 24 15:13:54.267572 Runner(Flutter)[2653] <Notice>: dartnative: ##BENCH## {"tag":"feed1000","t_us":1790242134267534,"ev":"page_build","i":433}
Sep 24 15:13:54.267654 Runner(Flutter)[2653] <Notice>: dartnative: ##BENCH## {"tag":"feed1000","t_us":1790242134267614,"ev":"page_build","i":434}
Sep 24 15:13:54.267750 Runner(Flutter)[2653] <Notice>: dartnative: ##BENCH## {"tag":"feed1000","t_us":1790242134267711,"ev":"page_build","i":435}
Sep 24 15:13:54.267804 Runner(Flutter)[2653] <Notice>: dartnative: ##BENCH## {"tag":"feed1000","t_us":1790242134267746,"ev":"page_build","i":436}
Sep 24 15:13:54.267917 Runner(Flutter)[2653] <Notice>: dartnative: ##BENCH## {"tag":"feed1000","t_us":1790242134267800,"ev":"page_build","i":437}
Sep 24 15:13:54.267935 Runner(Flutter)[2653] <Notice>: dartnative: ##BENCH## {"tag":"feed1000","t_us":1790242134267881,"ev":"page_build","i":438}
Sep 24 15:13:54.267996 Runner(Flutter)[2653] <Notice>: dartnative: ##BENCH## {"tag":"feed1000","t_us":1790242134267929,"ev":"page_build","i":439}
Sep 24 15:13:54.268088 Runner(Flutter)[2653] <Notice>: dartnative: ##BENCH## {"tag":"feed1000","t_us":1790242134268007,"ev":"page_build","i":440}
Sep 24 15:13:54.268125 Runner(Flutter)[2653] <Notice>: dartnative: ##BENCH## {"tag":"feed1000","t_us":1790242134268060,"ev":"page_build","i":441}
Sep 24 15:13:54.268236 Runner(Flutter)[2653] <Notice>: dartnative: ##BENCH## {"tag":"feed1000","t_us":1790242134268178,"ev":"page_build","i":442}
Sep 24 15:13:54.268320 Runner(Flutter)[2653] <Notice>: dartnative: ##BENCH## {"tag":"feed1000","t_us":1790242134268248,"ev":"page_build","i":443}
Sep 24 15:13:54.268347 Runner(Flutter)[2653] <Notice>: dartnative: ##BENCH## {"tag":"feed1000","t_us":1790242134268299,"ev":"page_build","i":444}
Sep 24 15:13:54.268479 Runner(Flutter)[2653] <Notice>: dartnative: ##BENCH## {"tag":"feed1000","t_us":1790242134268406,"ev":"page_build","i":445}
Sep 24 15:13:54.268589 Runner(Flutter)[2653] <Notice>: dartnative: ##BENCH## {"tag":"feed1000","t_us":1790242134268509,"ev":"page_build","i":446}
Sep 24 15:13:54.268744 Runner(Flutter)[2653] <Notice>: dartnative: ##BENCH## {"tag":"feed1000","t_us":1790242134268630,"ev":"page_build","i":447}
Sep 24 15:13:54.268773 Runner(Flutter)[2653] <Notice>: dartnative: ##BENCH## {"tag":"feed1000","t_us":1790242134268665,"ev":"page_build","i":448}
Sep 24 15:13:54.268870 Runner(Flutter)[2653] <Notice>: dartnative: ##BENCH## {"tag":"feed1000","t_us":1790242134268785,"ev":"page_build","i":449}
Sep 24 15:13:54.268950 Runner(Flutter)[2653] <Notice>: dartnative: ##BENCH## {"tag":"feed1000","t_us":1790242134268876,"ev":"page_build","i":450}
Sep 24 15:13:54.268996 Runner(Flutter)[2653] <Notice>: dartnative: ##BENCH## {"tag":"feed1000","t_us":1790242134268928,"ev":"page_build","i":451}
Sep 24 15:13:54.269048 Runner(Flutter)[2653] <Notice>: dartnative: ##BENCH## {"tag":"feed1000","t_us":1790242134268960,"ev":"page_build","i":452}
Sep 24 15:13:54.269087 Runner(Flutter)[2653] <Notice>: dartnative: ##BENCH## {"tag":"feed1000","t_us":1790242134269038,"ev":"page_build","i":453}
Sep 24 15:13:54.269140 Runner(Flutter)[2653] <Notice>: dartnative: ##BENCH## {"tag":"feed1000","t_us":1790242134269098,"ev":"page_build","i":454}
Sep 24 15:13:54.269212 Runner(Flutter)[2653] <Notice>: dartnative: ##BENCH## {"tag":"feed1000","t_us":1790242134269148,"ev":"page_build","i":455}
Sep 24 15:13:54.269285 Runner(Flutter)[2653] <Notice>: dartnative: ##BENCH## {"tag":"feed1000","t_us":1790242134269199,"ev":"page_build","i":456}
Sep 24 15:13:54.269342 Runner(Flutter)[2653] <Notice>: dartnative: ##BENCH## {"tag":"feed1000","t_us":1790242134269267,"ev":"page_build","i":457}
Sep 24 15:13:54.269430 Runner(Flutter)[2653] <Notice>: dartnative: ##BENCH## {"tag":"feed1000","t_us":1790242134269372,"ev":"page_build","i":458}
Sep 24 15:13:54.269518 Runner(Flutter)[2653] <Notice>: dartnative: ##BENCH## {"tag":"feed1000","t_us":1790242134269404,"ev":"page_build","i":459}
Sep 24 15:13:54.269568 Runner(Flutter)[2653] <Notice>: dartnative: ##BENCH## {"tag":"feed1000","t_us":1790242134269497,"ev":"page_build","i":460}
Sep 24 15:13:54.269678 Runner(Flutter)[2653] <Notice>: dartnative: ##BENCH## {"tag":"feed1000","t_us":1790242134269529,"ev":"page_build","i":461}
Sep 24 15:13:54.269809 Runner(Flutter)[2653] <Notice>: dartnative: ##BENCH## {"tag":"feed1000","t_us":1790242134269706,"ev":"page_build","i":462}
Sep 24 15:13:54.269836 Runner(Flutter)[2653] <Notice>: dartnative: ##BENCH## {"tag":"feed1000","t_us":1790242134269798,"ev":"page_build","i":463}
Sep 24 15:13:54.269914 Runner(Flutter)[2653] <Notice>: dartnative: ##BENCH## {"tag":"feed1000","t_us":1790242134269863,"ev":"page_build","i":464}
Sep 24 15:13:54.269934 Runner(Flutter)[2653] <Notice>: dartnative: ##BENCH## {"tag":"feed1000","t_us":1790242134269898,"ev":"page_build","i":465}
Sep 24 15:13:54.270003 Runner(Flutter)[2653] <Notice>: dartnative: ##BENCH## {"tag":"feed1000","t_us":1790242134269930,"ev":"page_build","i":466}
Sep 24 15:13:54.270175 Runner(Flutter)[2653] <Notice>: dartnative: ##BENCH## {"tag":"feed1000","t_us":1790242134270093,"ev":"page_build","i":467}
Sep 24 15:13:54.270247 Runner(Flutter)[2653] <Notice>: dartnative: ##BENCH## {"tag":"feed1000","t_us":1790242134270169,"ev":"page_build","i":468}
Sep 24 15:13:54.270379 Runner(Flutter)[2653] <Notice>: dartnative: ##BENCH## {"tag":"feed1000","t_us":1790242134270277,"ev":"page_build","i":469}
Sep 24 15:13:54.270413 Runner(Flutter)[2653] <Notice>: dartnative: ##BENCH## {"tag":"feed1000","t_us":1790242134270310,"ev":"page_build","i":470}
Sep 24 15:13:54.270432 Runner(Flutter)[2653] <Notice>: dartnative: ##BENCH## {"tag":"feed1000","t_us":1790242134270363,"ev":"page_build","i":471}
Sep 24 15:13:54.270529 Runner(Flutter)[2653] <Notice>: dartnative: ##BENCH## {"tag":"feed1000","t_us":1790242134270445,"ev":"page_build","i":472}
Sep 24 15:13:54.270653 Runner(Flutter)[2653] <Notice>: dartnative: ##BENCH## {"tag":"feed1000","t_us":1790242134270571,"ev":"page_build","i":473}
Sep 24 15:13:54.270722 Runner(Flutter)[2653] <Notice>: dartnative: ##BENCH## {"tag":"feed1000","t_us":1790242134270678,"ev":"page_build","i":474}
Sep 24 15:13:54.270822 Runner(Flutter)[2653] <Notice>: dartnative: ##BENCH## {"tag":"feed1000","t_us":1790242134270758,"ev":"page_build","i":475}
Sep 24 15:13:54.270863 Runner(Flutter)[2653] <Notice>: dartnative: ##BENCH## {"tag":"feed1000","t_us":1790242134270813,"ev":"page_build","i":476}
Sep 24 15:13:54.270982 Runner(Flutter)[2653] <Notice>: dartnative: ##BENCH## {"tag":"feed1000","t_us":1790242134270899,"ev":"page_build","i":477}
Sep 24 15:13:54.271016 Runner(Flutter)[2653] <Notice>: dartnative: ##BENCH## {"tag":"feed1000","t_us":1790242134270976,"ev":"page_build","i":478}
Sep 24 15:13:54.271124 Runner(Flutter)[2653] <Notice>: dartnative: ##BENCH## {"tag":"feed1000","t_us":1790242134271031,"ev":"page_build","i":479}
Sep 24 15:13:54.271156 Runner(Flutter)[2653] <Notice>: dartnative: ##BENCH## {"tag":"feed1000","t_us":1790242134271109,"ev":"page_build","i":480}
Sep 24 15:13:54.271182 Runner(Flutter)[2653] <Notice>: dartnative: ##BENCH## {"tag":"feed1000","t_us":1790242134271144,"ev":"page_build","i":481}
Sep 24 15:13:54.271327 Runner(Flutter)[2653] <Notice>: dartnative: ##BENCH## {"tag":"feed1000","t_us":1790242134271177,"ev":"page_build","i":482}
Sep 24 15:13:54.271483 Runner(Flutter)[2653] <Notice>: dartnative: ##BENCH## {"tag":"feed1000","t_us":1790242134271271,"ev":"page_build","i":483}
Sep 24 15:13:54.271581 Runner(Flutter)[2653] <Notice>: dartnative: ##BENCH## {"tag":"feed1000","t_us":1790242134271307,"ev":"page_build","i":484}
Sep 24 15:13:54.271623 Runner(Flutter)[2653] <Notice>: dartnative: ##BENCH## {"tag":"feed1000","t_us":1790242134271338,"ev":"page_build","i":485}
Sep 24 15:13:54.271687 Runner(Flutter)[2653] <Notice>: dartnative: ##BENCH## {"tag":"feed1000","t_us":1790242134271414,"ev":"page_build","i":486}
Sep 24 15:13:54.271741 Runner(Flutter)[2653] <Notice>: dartnative: ##BENCH## {"tag":"feed1000","t_us":1790242134271447,"ev":"page_build","i":487}
Sep 24 15:13:54.271780 Runner(Flutter)[2653] <Notice>: dartnative: ##BENCH## {"tag":"feed1000","t_us":1790242134271566,"ev":"page_build","i":488}
Sep 24 15:13:54.271890 Runner(Flutter)[2653] <Notice>: dartnative: ##BENCH## {"tag":"feed1000","t_us":1790242134271667,"ev":"page_build","i":489}
Sep 24 15:13:54.271909 Runner(Flutter)[2653] <Notice>: dartnative: ##BENCH## {"tag":"feed1000","t_us":1790242134271750,"ev":"page_build","i":490}
Sep 24 15:13:54.271987 Runner(Flutter)[2653] <Notice>: dartnative: ##BENCH## {"tag":"feed1000","t_us":1790242134271834,"ev":"page_build","i":491}
Sep 24 15:13:54.272025 Runner(Flutter)[2653] <Notice>: dartnative: ##BENCH## {"tag":"feed1000","t_us":1790242134271928,"ev":"page_build","i":492}
Sep 24 15:13:54.272139 Runner(Flutter)[2653] <Notice>: dartnative: ##BENCH## {"tag":"feed1000","t_us":1790242134271980,"ev":"page_build","i":493}
Sep 24 15:13:54.272268 Runner(Flutter)[2653] <Notice>: dartnative: ##BENCH## {"tag":"feed1000","t_us":1790242134272074,"ev":"page_build","i":494}
Sep 24 15:13:54.272323 Runner(Flutter)[2653] <Notice>: dartnative: ##BENCH## {"tag":"feed1000","t_us":1790242134272108,"ev":"page_build","i":495}
Sep 24 15:13:54.272358 Runner(Flutter)[2653] <Notice>: dartnative: ##BENCH## {"tag":"feed1000","t_us":1790242134272194,"ev":"page_build","i":496}
Sep 24 15:13:54.272405 Runner(Flutter)[2653] <Notice>: dartnative: ##BENCH## {"tag":"feed1000","t_us":1790242134272252,"ev":"page_build","i":497}
Sep 24 15:13:54.272456 Runner(Flutter)[2653] <Notice>: dartnative: ##BENCH## {"tag":"feed1000","t_us":1790242134272309,"ev":"page_build","i":498}
Sep 24 15:13:54.272477 Runner(Flutter)[2653] <Notice>: dartnative: ##BENCH## {"tag":"feed1000","t_us":1790242134272409,"ev":"page_build","i":499}
Sep 24 15:13:54.272628 Runner(Flutter)[2653] <Notice>: dartnative: ##BENCH## {"tag":"feed1000","t_us":1790242134272527,"ev":"page_build","i":500}
Sep 24 15:13:54.272723 Runner(Flutter)[2653] <Notice>: dartnative: ##BENCH## {"tag":"feed1000","t_us":1790242134272642,"ev":"page_build","i":501}
Sep 24 15:13:54.272807 Runner(Flutter)[2653] <Notice>: dartnative: ##BENCH## {"tag":"feed1000","t_us":1790242134272693,"ev":"page_build","i":502}
Sep 24 15:13:54.272881 Runner(Flutter)[2653] <Notice>: dartnative: ##BENCH## {"tag":"feed1000","t_us":1790242134272811,"ev":"page_build","i":503}
Sep 24 15:13:54.273050 Runner(Flutter)[2653] <Notice>: dartnative: ##BENCH## {"tag":"feed1000","t_us":1790242134272954,"ev":"page_build","i":504}
Sep 24 15:13:54.273124 Runner(Flutter)[2653] <Notice>: dartnative: ##BENCH## {"tag":"feed1000","t_us":1790242134273057,"ev":"page_build","i":505}
Sep 24 15:13:54.273226 Runner(Flutter)[2653] <Notice>: dartnative: ##BENCH## {"tag":"feed1000","t_us":1790242134273165,"ev":"page_build","i":506}
Sep 24 15:13:54.273267 Runner(Flutter)[2653] <Notice>: dartnative: ##BENCH## {"tag":"feed1000","t_us":1790242134273199,"ev":"page_build","i":507}
Sep 24 15:13:54.274640 Runner(Flutter)[2653] <Notice>: dartnative: ##BENCH## {"tag":"feed1000","t_us":1790242134274532,"ev":"page_build","i":508}
Sep 24 15:13:54.274715 Runner(Flutter)[2653] <Notice>: dartnative: ##BENCH## {"tag":"feed1000","t_us":1790242134274620,"ev":"page_build","i":509}
Sep 24 15:13:54.274773 Runner(Flutter)[2653] <Notice>: dartnative: ##BENCH## {"tag":"feed1000","t_us":1790242134274691,"ev":"page_build","i":510}
Sep 24 15:13:54.274900 Runner(Flutter)[2653] <Notice>: dartnative: ##BENCH## {"tag":"feed1000","t_us":1790242134274766,"ev":"page_build","i":511}
Sep 24 15:13:54.274992 Runner(Flutter)[2653] <Notice>: dartnative: ##BENCH## {"tag":"feed1000","t_us":1790242134274878,"ev":"page_build","i":512}
Sep 24 15:13:54.275107 Runner(Flutter)[2653] <Notice>: dartnative: ##BENCH## {"tag":"feed1000","t_us":1790242134274978,"ev":"page_build","i":513}
Sep 24 15:13:54.275226 Runner(Flutter)[2653] <Notice>: dartnative: ##BENCH## {"tag":"feed1000","t_us":1790242134275103,"ev":"page_build","i":514}
Sep 24 15:13:54.275251 Runner(Flutter)[2653] <Notice>: dartnative: ##BENCH## {"tag":"feed1000","t_us":1790242134275175,"ev":"page_build","i":515}
Sep 24 15:13:54.275323 Runner(Flutter)[2653] <Notice>: dartnative: ##BENCH## {"tag":"feed1000","t_us":1790242134275239,"ev":"page_build","i":516}
Sep 24 15:13:54.275378 Runner(Flutter)[2653] <Notice>: dartnative: ##BENCH## {"tag":"feed1000","t_us":1790242134275295,"ev":"page_build","i":517}
Sep 24 15:13:54.275420 Runner(Flutter)[2653] <Notice>: dartnative: ##BENCH## {"tag":"feed1000","t_us":1790242134275359,"ev":"page_build","i":518}
Sep 24 15:13:54.275603 Runner(Flutter)[2653] <Notice>: dartnative: ##BENCH## {"tag":"feed1000","t_us":1790242134275465,"ev":"page_build","i":519}
Sep 24 15:13:54.275665 Runner(Flutter)[2653] <Notice>: dartnative: ##BENCH## {"tag":"feed1000","t_us":1790242134275517,"ev":"page_build","i":520}
Sep 24 15:13:54.275695 Runner(Flutter)[2653] <Notice>: dartnative: ##BENCH## {"tag":"feed1000","t_us":1790242134275596,"ev":"page_build","i":521}
Sep 24 15:13:54.275792 Runner(Flutter)[2653] <Notice>: dartnative: ##BENCH## {"tag":"feed1000","t_us":1790242134275672,"ev":"page_build","i":522}
Sep 24 15:13:54.275824 Runner(Flutter)[2653] <Notice>: dartnative: ##BENCH## {"tag":"feed1000","t_us":1790242134275772,"ev":"page_build","i":523}
Sep 24 15:13:54.275907 Runner(Flutter)[2653] <Notice>: dartnative: ##BENCH## {"tag":"feed1000","t_us":1790242134275846,"ev":"page_build","i":524}
Sep 24 15:13:54.276150 Runner(Flutter)[2653] <Notice>: dartnative: ##BENCH## {"tag":"feed1000","t_us":1790242134275968,"ev":"page_build","i":525}
Sep 24 15:13:54.276224 Runner(Flutter)[2653] <Notice>: dartnative: ##BENCH## {"tag":"feed1000","t_us":1790242134276095,"ev":"page_build","i":526}
Sep 24 15:13:54.276347 Runner(Flutter)[2653] <Notice>: dartnative: ##BENCH## {"tag":"feed1000","t_us":1790242134276147,"ev":"page_build","i":527}
Sep 24 15:13:54.276397 Runner(Flutter)[2653] <Notice>: dartnative: ##BENCH## {"tag":"feed1000","t_us":1790242134276224,"ev":"page_build","i":528}
Sep 24 15:13:54.276450 Runner(Flutter)[2653] <Notice>: dartnative: ##BENCH## {"tag":"feed1000","t_us":1790242134276341,"ev":"page_build","i":529}
Sep 24 15:13:54.276490 Runner(Flutter)[2653] <Notice>: dartnative: ##BENCH## {"tag":"feed1000","t_us":1790242134276411,"ev":"page_build","i":530}
Sep 24 15:13:54.276536 Runner(Flutter)[2653] <Notice>: dartnative: ##BENCH## {"tag":"feed1000","t_us":1790242134276460,"ev":"page_build","i":531}
Sep 24 15:13:54.276588 Runner(Flutter)[2653] <Notice>: dartnative: ##BENCH## {"tag":"feed1000","t_us":1790242134276527,"ev":"page_build","i":532}
Sep 24 15:13:54.276643 Runner(Flutter)[2653] <Notice>: dartnative: ##BENCH## {"tag":"feed1000","t_us":1790242134276560,"ev":"page_build","i":533}
Sep 24 15:13:54.276712 Runner(Flutter)[2653] <Notice>: dartnative: ##BENCH## {"tag":"feed1000","t_us":1790242134276607,"ev":"page_build","i":534}
Sep 24 15:13:54.276800 Runner(Flutter)[2653] <Notice>: dartnative: ##BENCH## {"tag":"feed1000","t_us":1790242134276656,"ev":"page_build","i":535}
Sep 24 15:13:54.276865 Runner(Flutter)[2653] <Notice>: dartnative: ##BENCH## {"tag":"feed1000","t_us":1790242134276765,"ev":"page_build","i":536}
Sep 24 15:13:54.276946 Runner(Flutter)[2653] <Notice>: dartnative: ##BENCH## {"tag":"feed1000","t_us":1790242134276829,"ev":"page_build","i":537}
Sep 24 15:13:54.277097 Runner(Flutter)[2653] <Notice>: dartnative: ##BENCH## {"tag":"feed1000","t_us":1790242134276957,"ev":"page_build","i":538}
Sep 24 15:13:54.277176 Runner(Flutter)[2653] <Notice>: dartnative: ##BENCH## {"tag":"feed1000","t_us":1790242134277027,"ev":"page_build","i":539}
Sep 24 15:13:54.277247 Runner(Flutter)[2653] <Notice>: dartnative: ##BENCH## {"tag":"feed1000","t_us":1790242134277074,"ev":"page_build","i":540}
Sep 24 15:13:54.277322 Runner(Flutter)[2653] <Notice>: dartnative: ##BENCH## {"tag":"feed1000","t_us":1790242134277140,"ev":"page_build","i":541}
Sep 24 15:13:54.277355 Runner(Flutter)[2653] <Notice>: dartnative: ##BENCH## {"tag":"feed1000","t_us":1790242134277213,"ev":"page_build","i":542}
Sep 24 15:13:54.277396 Runner(Flutter)[2653] <Notice>: dartnative: ##BENCH## {"tag":"feed1000","t_us":1790242134277282,"ev":"page_build","i":543}
Sep 24 15:13:54.277473 Runner(Flutter)[2653] <Notice>: dartnative: ##BENCH## {"tag":"feed1000","t_us":1790242134277390,"ev":"page_build","i":544}
Sep 24 15:13:54.277583 Runner(Flutter)[2653] <Notice>: dartnative: ##BENCH## {"tag":"feed1000","t_us":1790242134277467,"ev":"page_build","i":545}
Sep 24 15:13:54.277621 Runner(Flutter)[2653] <Notice>: dartnative: ##BENCH## {"tag":"feed1000","t_us":1790242134277533,"ev":"page_build","i":546}
Sep 24 15:13:54.277707 Runner(Flutter)[2653] <Notice>: dartnative: ##BENCH## {"tag":"feed1000","t_us":1790242134277642,"ev":"page_build","i":547}
Sep 24 15:13:54.277897 Runner(Flutter)[2653] <Notice>: dartnative: ##BENCH## {"tag":"feed1000","t_us":1790242134277749,"ev":"page_build","i":548}
Sep 24 15:13:54.277965 Runner(Flutter)[2653] <Notice>: dartnative: ##BENCH## {"tag":"feed1000","t_us":1790242134277808,"ev":"page_build","i":549}
Sep 24 15:13:54.278045 Runner(Flutter)[2653] <Notice>: dartnative: ##BENCH## {"tag":"feed1000","t_us":1790242134277943,"ev":"page_build","i":550}
Sep 24 15:13:54.278122 Runner(Flutter)[2653] <Notice>: dartnative: ##BENCH## {"tag":"feed1000","t_us":1790242134278049,"ev":"page_build","i":551}
Sep 24 15:13:54.278220 Runner(Flutter)[2653] <Notice>: dartnative: ##BENCH## {"tag":"feed1000","t_us":1790242134278156,"ev":"page_build","i":552}
Sep 24 15:13:54.278378 Runner(Flutter)[2653] <Notice>: dartnative: ##BENCH## {"tag":"feed1000","t_us":1790242134278247,"ev":"page_build","i":553}
Sep 24 15:13:54.278403 Runner(Flutter)[2653] <Notice>: dartnative: ##BENCH## {"tag":"feed1000","t_us":1790242134278320,"ev":"page_build","i":554}
Sep 24 15:13:54.278468 Runner(Flutter)[2653] <Notice>: dartnative: ##BENCH## {"tag":"feed1000","t_us":1790242134278400,"ev":"page_build","i":555}
Sep 24 15:13:54.278517 Runner(Flutter)[2653] <Notice>: dartnative: ##BENCH## {"tag":"feed1000","t_us":1790242134278473,"ev":"page_build","i":556}
Sep 24 15:13:54.278608 Runner(Flutter)[2653] <Notice>: dartnative: ##BENCH## {"tag":"feed1000","t_us":1790242134278523,"ev":"page_build","i":557}
Sep 24 15:13:54.278658 Runner(Flutter)[2653] <Notice>: dartnative: ##BENCH## {"tag":"feed1000","t_us":1790242134278556,"ev":"page_build","i":558}
Sep 24 15:13:54.278706 Runner(Flutter)[2653] <Notice>: dartnative: ##BENCH## {"tag":"feed1000","t_us":1790242134278629,"ev":"page_build","i":559}
Sep 24 15:13:54.278738 Runner(Flutter)[2653] <Notice>: dartnative: ##BENCH## {"tag":"feed1000","t_us":1790242134278671,"ev":"page_build","i":560}
Sep 24 15:13:54.278783 Runner(Flutter)[2653] <Notice>: dartnative: ##BENCH## {"tag":"feed1000","t_us":1790242134278703,"ev":"page_build","i":561}
Sep 24 15:13:54.278863 Runner(Flutter)[2653] <Notice>: dartnative: ##BENCH## {"tag":"feed1000","t_us":1790242134278733,"ev":"page_build","i":562}
Sep 24 15:13:54.278900 Runner(Flutter)[2653] <Notice>: dartnative: ##BENCH## {"tag":"feed1000","t_us":1790242134278765,"ev":"page_build","i":563}
Sep 24 15:13:54.278941 Runner(Flutter)[2653] <Notice>: dartnative: ##BENCH## {"tag":"feed1000","t_us":1790242134278795,"ev":"page_build","i":564}
Sep 24 15:13:54.278977 Runner(Flutter)[2653] <Notice>: dartnative: ##BENCH## {"tag":"feed1000","t_us":1790242134278876,"ev":"page_build","i":565}
Sep 24 15:13:54.279050 Runner(Flutter)[2653] <Notice>: dartnative: ##BENCH## {"tag":"feed1000","t_us":1790242134278912,"ev":"page_build","i":566}
Sep 24 15:13:54.279105 Runner(Flutter)[2653] <Notice>: dartnative: ##BENCH## {"tag":"feed1000","t_us":1790242134278943,"ev":"page_build","i":567}
Sep 24 15:13:54.279148 Runner(Flutter)[2653] <Notice>: dartnative: ##BENCH## {"tag":"feed1000","t_us":1790242134279021,"ev":"page_build","i":568}
Sep 24 15:13:54.279178 Runner(Flutter)[2653] <Notice>: dartnative: ##BENCH## {"tag":"feed1000","t_us":1790242134279092,"ev":"page_build","i":569}
Sep 24 15:13:54.279368 Runner(Flutter)[2653] <Notice>: dartnative: ##BENCH## {"tag":"feed1000","t_us":1790242134279292,"ev":"page_build","i":570}
Sep 24 15:13:54.279417 Runner(Flutter)[2653] <Notice>: dartnative: ##BENCH## {"tag":"feed1000","t_us":1790242134279358,"ev":"page_build","i":571}
Sep 24 15:13:54.279487 Runner(Flutter)[2653] <Notice>: dartnative: ##BENCH## {"tag":"feed1000","t_us":1790242134279406,"ev":"page_build","i":572}
Sep 24 15:13:54.279532 Runner(Flutter)[2653] <Notice>: dartnative: ##BENCH## {"tag":"feed1000","t_us":1790242134279438,"ev":"page_build","i":573}
Sep 24 15:13:54.279575 Runner(Flutter)[2653] <Notice>: dartnative: ##BENCH## {"tag":"feed1000","t_us":1790242134279486,"ev":"page_build","i":574}
Sep 24 15:13:54.279638 Runner(Flutter)[2653] <Notice>: dartnative: ##BENCH## {"tag":"feed1000","t_us":1790242134279538,"ev":"page_build","i":575}
Sep 24 15:13:54.279729 Runner(Flutter)[2653] <Notice>: dartnative: ##BENCH## {"tag":"feed1000","t_us":1790242134279587,"ev":"page_build","i":576}
Sep 24 15:13:54.279765 Runner(Flutter)[2653] <Notice>: dartnative: ##BENCH## {"tag":"feed1000","t_us":1790242134279634,"ev":"page_build","i":577}
Sep 24 15:13:54.279809 Runner(Flutter)[2653] <Notice>: dartnative: ##BENCH## {"tag":"feed1000","t_us":1790242134279697,"ev":"page_build","i":578}
Sep 24 15:13:54.279868 Runner(Flutter)[2653] <Notice>: dartnative: ##BENCH## {"tag":"feed1000","t_us":1790242134279755,"ev":"page_build","i":579}
Sep 24 15:13:54.279915 Runner(Flutter)[2653] <Notice>: dartnative: ##BENCH## {"tag":"feed1000","t_us":1790242134279788,"ev":"page_build","i":580}
Sep 24 15:13:54.279990 Runner(Flutter)[2653] <Notice>: dartnative: ##BENCH## {"tag":"feed1000","t_us":1790242134279865,"ev":"page_build","i":581}
Sep 24 15:13:54.280069 Runner(Flutter)[2653] <Notice>: dartnative: ##BENCH## {"tag":"feed1000","t_us":1790242134279898,"ev":"page_build","i":582}
Sep 24 15:13:54.280099 Runner(Flutter)[2653] <Notice>: dartnative: ##BENCH## {"tag":"feed1000","t_us":1790242134279945,"ev":"page_build","i":583}
Sep 24 15:13:54.280129 Runner(Flutter)[2653] <Notice>: dartnative: ##BENCH## {"tag":"feed1000","t_us":1790242134280012,"ev":"page_build","i":584}
Sep 24 15:13:54.280164 Runner(Flutter)[2653] <Notice>: dartnative: ##BENCH## {"tag":"feed1000","t_us":1790242134280076,"ev":"page_build","i":585}
Sep 24 15:13:54.280251 Runner(Flutter)[2653] <Notice>: dartnative: ##BENCH## {"tag":"feed1000","t_us":1790242134280168,"ev":"page_build","i":586}
Sep 24 15:13:54.280286 Runner(Flutter)[2653] <Notice>: dartnative: ##BENCH## {"tag":"feed1000","t_us":1790242134280215,"ev":"page_build","i":587}
Sep 24 15:13:54.280319 Runner(Flutter)[2653] <Notice>: dartnative: ##BENCH## {"tag":"feed1000","t_us":1790242134280280,"ev":"page_build","i":588}
Sep 24 15:13:54.280430 Runner(Flutter)[2653] <Notice>: dartnative: ##BENCH## {"tag":"feed1000","t_us":1790242134280358,"ev":"page_build","i":589}
Sep 24 15:13:54.280485 Runner(Flutter)[2653] <Notice>: dartnative: ##BENCH## {"tag":"feed1000","t_us":1790242134280439,"ev":"page_build","i":590}
Sep 24 15:13:54.280560 Runner(Flutter)[2653] <Notice>: dartnative: ##BENCH## {"tag":"feed1000","t_us":1790242134280489,"ev":"page_build","i":591}
Sep 24 15:13:54.280610 Runner(Flutter)[2653] <Notice>: dartnative: ##BENCH## {"tag":"feed1000","t_us":1790242134280538,"ev":"page_build","i":592}
Sep 24 15:13:54.280658 Runner(Flutter)[2653] <Notice>: dartnative: ##BENCH## {"tag":"feed1000","t_us":1790242134280586,"ev":"page_build","i":593}
Sep 24 15:13:54.280753 Runner(Flutter)[2653] <Notice>: dartnative: ##BENCH## {"tag":"feed1000","t_us":1790242134280652,"ev":"page_build","i":594}
Sep 24 15:13:54.280834 Runner(Flutter)[2653] <Notice>: dartnative: ##BENCH## {"tag":"feed1000","t_us":1790242134280734,"ev":"page_build","i":595}
Sep 24 15:13:54.280955 Runner(Flutter)[2653] <Notice>: dartnative: ##BENCH## {"tag":"feed1000","t_us":1790242134280833,"ev":"page_build","i":596}
Sep 24 15:13:54.281022 Runner(Flutter)[2653] <Notice>: dartnative: ##BENCH## {"tag":"feed1000","t_us":1790242134280937,"ev":"page_build","i":597}
Sep 24 15:13:54.281081 Runner(Flutter)[2653] <Notice>: dartnative: ##BENCH## {"tag":"feed1000","t_us":1790242134281015,"ev":"page_build","i":598}
Sep 24 15:13:54.281246 Runner(Flutter)[2653] <Notice>: dartnative: ##BENCH## {"tag":"feed1000","t_us":1790242134281108,"ev":"page_build","i":599}
Sep 24 15:13:54.281268 Runner(Flutter)[2653] <Notice>: dartnative: ##BENCH## {"tag":"feed1000","t_us":1790242134281159,"ev":"page_build","i":600}
Sep 24 15:13:54.281405 Runner(Flutter)[2653] <Notice>: dartnative: ##BENCH## {"tag":"feed1000","t_us":1790242134281235,"ev":"page_build","i":601}
Sep 24 15:13:54.281538 Runner(Flutter)[2653] <Notice>: dartnative: ##BENCH## {"tag":"feed1000","t_us":1790242134281293,"ev":"page_build","i":602}
Sep 24 15:13:54.281555 Runner(Flutter)[2653] <Notice>: dartnative: ##BENCH## {"tag":"feed1000","t_us":1790242134281330,"ev":"page_build","i":603}
Sep 24 15:13:54.281591 Runner(Flutter)[2653] <Notice>: dartnative: ##BENCH## {"tag":"feed1000","t_us":1790242134281365,"ev":"page_build","i":604}
Sep 24 15:13:54.281607 Runner(Flutter)[2653] <Notice>: dartnative: ##BENCH## {"tag":"feed1000","t_us":1790242134281396,"ev":"page_build","i":605}
Sep 24 15:13:54.281646 Runner(Flutter)[2653] <Notice>: dartnative: ##BENCH## {"tag":"feed1000","t_us":1790242134281503,"ev":"page_build","i":606}
Sep 24 15:13:54.281665 Runner(Flutter)[2653] <Notice>: dartnative: ##BENCH## {"tag":"feed1000","t_us":1790242134281573,"ev":"page_build","i":607}
Sep 24 15:13:54.281797 Runner(Flutter)[2653] <Notice>: dartnative: ##BENCH## {"tag":"feed1000","t_us":1790242134281682,"ev":"page_build","i":608}
Sep 24 15:13:54.281870 Runner(Flutter)[2653] <Notice>: dartnative: ##BENCH## {"tag":"feed1000","t_us":1790242134281748,"ev":"page_build","i":609}
Sep 24 15:13:54.281905 Runner(Flutter)[2653] <Notice>: dartnative: ##BENCH## {"tag":"feed1000","t_us":1790242134281780,"ev":"page_build","i":610}
Sep 24 15:13:54.281959 Runner(Flutter)[2653] <Notice>: dartnative: ##BENCH## {"tag":"feed1000","t_us":1790242134281859,"ev":"page_build","i":611}
Sep 24 15:13:54.282078 Runner(Flutter)[2653] <Notice>: dartnative: ##BENCH## {"tag":"feed1000","t_us":1790242134281993,"ev":"page_build","i":612}
Sep 24 15:13:54.282164 Runner(Flutter)[2653] <Notice>: dartnative: ##BENCH## {"tag":"feed1000","t_us":1790242134282067,"ev":"page_build","i":613}
Sep 24 15:13:54.282337 Runner(Flutter)[2653] <Notice>: dartnative: ##BENCH## {"tag":"feed1000","t_us":1790242134282214,"ev":"page_build","i":614}
Sep 24 15:13:54.282360 Runner(Flutter)[2653] <Notice>: dartnative: ##BENCH## {"tag":"feed1000","t_us":1790242134282282,"ev":"page_build","i":615}
Sep 24 15:13:54.282408 Runner(Flutter)[2653] <Notice>: dartnative: ##BENCH## {"tag":"feed1000","t_us":1790242134282319,"ev":"page_build","i":616}
Sep 24 15:13:54.282444 Runner(Flutter)[2653] <Notice>: dartnative: ##BENCH## {"tag":"feed1000","t_us":1790242134282353,"ev":"page_build","i":617}
Sep 24 15:13:54.282624 Runner(Flutter)[2653] <Notice>: dartnative: ##BENCH## {"tag":"feed1000","t_us":1790242134282538,"ev":"page_build","i":618}
Sep 24 15:13:54.282721 Runner(Flutter)[2653] <Notice>: dartnative: ##BENCH## {"tag":"feed1000","t_us":1790242134282623,"ev":"page_build","i":619}
Sep 24 15:13:54.282789 Runner(Flutter)[2653] <Notice>: dartnative: ##BENCH## {"tag":"feed1000","t_us":1790242134282709,"ev":"page_build","i":620}
Sep 24 15:13:54.282862 Runner(Flutter)[2653] <Notice>: dartnative: ##BENCH## {"tag":"feed1000","t_us":1790242134282789,"ev":"page_build","i":621}
Sep 24 15:13:54.282936 Runner(Flutter)[2653] <Notice>: dartnative: ##BENCH## {"tag":"feed1000","t_us":1790242134282870,"ev":"page_build","i":622}
Sep 24 15:13:54.282945 Runner(Flutter)[2653] <Notice>: dartnative: ##BENCH## {"tag":"feed1000","t_us":1790242134282905,"ev":"page_build","i":623}
Sep 24 15:13:54.283080 Runner(Flutter)[2653] <Notice>: dartnative: ##BENCH## {"tag":"feed1000","t_us":1790242134283004,"ev":"page_build","i":624}
Sep 24 15:13:54.283166 Runner(Flutter)[2653] <Notice>: dartnative: ##BENCH## {"tag":"feed1000","t_us":1790242134283056,"ev":"page_build","i":625}
Sep 24 15:13:54.283221 Runner(Flutter)[2653] <Notice>: dartnative: ##BENCH## {"tag":"feed1000","t_us":1790242134283122,"ev":"page_build","i":626}
Sep 24 15:13:54.283435 Runner(Flutter)[2653] <Notice>: dartnative: ##BENCH## {"tag":"feed1000","t_us":1790242134283187,"ev":"page_build","i":627}
Sep 24 15:13:54.283486 Runner(Flutter)[2653] <Notice>: dartnative: ##BENCH## {"tag":"feed1000","t_us":1790242134283289,"ev":"page_build","i":628}
Sep 24 15:13:54.283530 Runner(Flutter)[2653] <Notice>: dartnative: ##BENCH## {"tag":"feed1000","t_us":1790242134283335,"ev":"page_build","i":629}
Sep 24 15:13:54.283666 Runner(Flutter)[2653] <Notice>: dartnative: ##BENCH## {"tag":"feed1000","t_us":1790242134283401,"ev":"page_build","i":630}
Sep 24 15:13:54.283688 Runner(Flutter)[2653] <Notice>: dartnative: ##BENCH## {"tag":"feed1000","t_us":1790242134283469,"ev":"page_build","i":631}
Sep 24 15:13:54.283839 Runner(Flutter)[2653] <Notice>: dartnative: ##BENCH## {"tag":"feed1000","t_us":1790242134283536,"ev":"page_build","i":632}
Sep 24 15:13:54.283972 Runner(Flutter)[2653] <Notice>: dartnative: ##BENCH## {"tag":"feed1000","t_us":1790242134283603,"ev":"page_build","i":633}
Sep 24 15:13:54.284033 Runner(Flutter)[2653] <Notice>: dartnative: ##BENCH## {"tag":"feed1000","t_us":1790242134283652,"ev":"page_build","i":634}
Sep 24 15:13:54.284083 Runner(Flutter)[2653] <Notice>: dartnative: ##BENCH## {"tag":"feed1000","t_us":1790242134283779,"ev":"page_build","i":635}
Sep 24 15:13:54.284167 Runner(Flutter)[2653] <Notice>: dartnative: ##BENCH## {"tag":"feed1000","t_us":1790242134283814,"ev":"page_build","i":636}
Sep 24 15:13:54.284227 Runner(Flutter)[2653] <Notice>: dartnative: ##BENCH## {"tag":"feed1000","t_us":1790242134283847,"ev":"page_build","i":637}
Sep 24 15:13:54.284262 Runner(Flutter)[2653] <Notice>: dartnative: ##BENCH## {"tag":"feed1000","t_us":1790242134283936,"ev":"page_build","i":638}
Sep 24 15:13:54.284352 Runner(Flutter)[2653] <Notice>: dartnative: ##BENCH## {"tag":"feed1000","t_us":1790242134284018,"ev":"page_build","i":639}
Sep 24 15:13:54.290624 Runner(Flutter)[2653] <Notice>: dartnative: ##BENCH## {"tag":"feed1000","t_us":1790242134290503,"ev":"page_build","i":640}
Sep 24 15:13:54.290678 Runner(Flutter)[2653] <Notice>: dartnative: ##BENCH## {"tag":"feed1000","t_us":1790242134290579,"ev":"page_build","i":641}
Sep 24 15:13:54.290820 Runner(Flutter)[2653] <Notice>: dartnative: ##BENCH## {"tag":"feed1000","t_us":1790242134290689,"ev":"page_build","i":642}
Sep 24 15:13:54.290938 Runner(Flutter)[2653] <Notice>: dartnative: ##BENCH## {"tag":"feed1000","t_us":1790242134290790,"ev":"page_build","i":643}
Sep 24 15:13:54.291005 Runner(Flutter)[2653] <Notice>: dartnative: ##BENCH## {"tag":"feed1000","t_us":1790242134290864,"ev":"page_build","i":644}
Sep 24 15:13:54.291066 Runner(Flutter)[2653] <Notice>: dartnative: ##BENCH## {"tag":"feed1000","t_us":1790242134290983,"ev":"page_build","i":645}
Sep 24 15:13:54.291145 Runner(Flutter)[2653] <Notice>: dartnative: ##BENCH## {"tag":"feed1000","t_us":1790242134291097,"ev":"page_build","i":646}
Sep 24 15:13:54.291187 Runner(Flutter)[2653] <Notice>: dartnative: ##BENCH## {"tag":"feed1000","t_us":1790242134291138,"ev":"page_build","i":647}
Sep 24 15:13:54.291269 Runner(Flutter)[2653] <Notice>: dartnative: ##BENCH## {"tag":"feed1000","t_us":1790242134291197,"ev":"page_build","i":648}
Sep 24 15:13:54.291318 Runner(Flutter)[2653] <Notice>: dartnative: ##BENCH## {"tag":"feed1000","t_us":1790242134291252,"ev":"page_build","i":649}
Sep 24 15:13:54.291436 Runner(Flutter)[2653] <Notice>: dartnative: ##BENCH## {"tag":"feed1000","t_us":1790242134291321,"ev":"page_build","i":650}
Sep 24 15:13:54.291558 Runner(Flutter)[2653] <Notice>: dartnative: ##BENCH## {"tag":"feed1000","t_us":1790242134291475,"ev":"page_build","i":651}
Sep 24 15:13:54.291697 Runner(Flutter)[2653] <Notice>: dartnative: ##BENCH## {"tag":"feed1000","t_us":1790242134291559,"ev":"page_build","i":652}
Sep 24 15:13:54.291725 Runner(Flutter)[2653] <Notice>: dartnative: ##BENCH## {"tag":"feed1000","t_us":1790242134291651,"ev":"page_build","i":653}
Sep 24 15:13:54.291786 Runner(Flutter)[2653] <Notice>: dartnative: ##BENCH## {"tag":"feed1000","t_us":1790242134291716,"ev":"page_build","i":654}
Sep 24 15:13:54.291872 Runner(Flutter)[2653] <Notice>: dartnative: ##BENCH## {"tag":"feed1000","t_us":1790242134291818,"ev":"page_build","i":655}
Sep 24 15:13:54.291972 Runner(Flutter)[2653] <Notice>: dartnative: ##BENCH## {"tag":"feed1000","t_us":1790242134291907,"ev":"page_build","i":656}
Sep 24 15:13:54.292089 Runner(Flutter)[2653] <Notice>: dartnative: ##BENCH## {"tag":"feed1000","t_us":1790242134292003,"ev":"page_build","i":657}
Sep 24 15:13:54.292177 Runner(Flutter)[2653] <Notice>: dartnative: ##BENCH## {"tag":"feed1000","t_us":1790242134292096,"ev":"page_build","i":658}
Sep 24 15:13:54.292232 Runner(Flutter)[2653] <Notice>: dartnative: ##BENCH## {"tag":"feed1000","t_us":1790242134292158,"ev":"page_build","i":659}
Sep 24 15:13:54.292393 Runner(Flutter)[2653] <Notice>: dartnative: ##BENCH## {"tag":"feed1000","t_us":1790242134292259,"ev":"page_build","i":660}
Sep 24 15:13:54.292431 Runner(Flutter)[2653] <Notice>: dartnative: ##BENCH## {"tag":"feed1000","t_us":1790242134292302,"ev":"page_build","i":661}
Sep 24 15:13:54.292497 Runner(Flutter)[2653] <Notice>: dartnative: ##BENCH## {"tag":"feed1000","t_us":1790242134292376,"ev":"page_build","i":662}
Sep 24 15:13:54.292526 Runner(Flutter)[2653] <Notice>: dartnative: ##BENCH## {"tag":"feed1000","t_us":1790242134292471,"ev":"page_build","i":663}
Sep 24 15:13:54.292620 Runner(Flutter)[2653] <Notice>: dartnative: ##BENCH## {"tag":"feed1000","t_us":1790242134292573,"ev":"page_build","i":664}
Sep 24 15:13:54.292700 Runner(Flutter)[2653] <Notice>: dartnative: ##BENCH## {"tag":"feed1000","t_us":1790242134292625,"ev":"page_build","i":665}
Sep 24 15:13:54.292725 Runner(Flutter)[2653] <Notice>: dartnative: ##BENCH## {"tag":"feed1000","t_us":1790242134292681,"ev":"page_build","i":666}
Sep 24 15:13:54.292806 Runner(Flutter)[2653] <Notice>: dartnative: ##BENCH## {"tag":"feed1000","t_us":1790242134292716,"ev":"page_build","i":667}
Sep 24 15:13:54.292911 Runner(Flutter)[2653] <Notice>: dartnative: ##BENCH## {"tag":"feed1000","t_us":1790242134292792,"ev":"page_build","i":668}
Sep 24 15:13:54.292948 Runner(Flutter)[2653] <Notice>: dartnative: ##BENCH## {"tag":"feed1000","t_us":1790242134292853,"ev":"page_build","i":669}
Sep 24 15:13:54.292974 Runner(Flutter)[2653] <Notice>: dartnative: ##BENCH## {"tag":"feed1000","t_us":1790242134292888,"ev":"page_build","i":670}
Sep 24 15:13:54.293146 Runner(Flutter)[2653] <Notice>: dartnative: ##BENCH## {"tag":"feed1000","t_us":1790242134293029,"ev":"page_build","i":671}
Sep 24 15:13:54.293195 Runner(Flutter)[2653] <Notice>: dartnative: ##BENCH## {"tag":"feed1000","t_us":1790242134293065,"ev":"page_build","i":672}
Sep 24 15:13:54.293261 Runner(Flutter)[2653] <Notice>: dartnative: ##BENCH## {"tag":"feed1000","t_us":1790242134293098,"ev":"page_build","i":673}
Sep 24 15:13:54.293298 Runner(Flutter)[2653] <Notice>: dartnative: ##BENCH## {"tag":"feed1000","t_us":1790242134293130,"ev":"page_build","i":674}
Sep 24 15:13:54.293386 Runner(Flutter)[2653] <Notice>: dartnative: ##BENCH## {"tag":"feed1000","t_us":1790242134293191,"ev":"page_build","i":675}
Sep 24 15:13:54.293408 Runner(Flutter)[2653] <Notice>: dartnative: ##BENCH## {"tag":"feed1000","t_us":1790242134293267,"ev":"page_build","i":676}
Sep 24 15:13:54.293463 Runner(Flutter)[2653] <Notice>: dartnative: ##BENCH## {"tag":"feed1000","t_us":1790242134293390,"ev":"page_build","i":677}
Sep 24 15:13:54.293577 Runner(Flutter)[2653] <Notice>: dartnative: ##BENCH## {"tag":"feed1000","t_us":1790242134293501,"ev":"page_build","i":678}
Sep 24 15:13:54.293654 Runner(Flutter)[2653] <Notice>: dartnative: ##BENCH## {"tag":"feed1000","t_us":1790242134293534,"ev":"page_build","i":679}
Sep 24 15:13:54.293698 Runner(Flutter)[2653] <Notice>: dartnative: ##BENCH## {"tag":"feed1000","t_us":1790242134293592,"ev":"page_build","i":680}
Sep 24 15:13:54.293758 Runner(Flutter)[2653] <Notice>: dartnative: ##BENCH## {"tag":"feed1000","t_us":1790242134293650,"ev":"page_build","i":681}
Sep 24 15:13:54.293838 Runner(Flutter)[2653] <Notice>: dartnative: ##BENCH## {"tag":"feed1000","t_us":1790242134293751,"ev":"page_build","i":682}
Sep 24 15:13:54.293925 Runner(Flutter)[2653] <Notice>: dartnative: ##BENCH## {"tag":"feed1000","t_us":1790242134293850,"ev":"page_build","i":683}
Sep 24 15:13:54.294004 Runner(Flutter)[2653] <Notice>: dartnative: ##BENCH## {"tag":"feed1000","t_us":1790242134293932,"ev":"page_build","i":684}
Sep 24 15:13:54.294065 Runner(Flutter)[2653] <Notice>: dartnative: ##BENCH## {"tag":"feed1000","t_us":1790242134293994,"ev":"page_build","i":685}
Sep 24 15:13:54.294184 Runner(Flutter)[2653] <Notice>: dartnative: ##BENCH## {"tag":"feed1000","t_us":1790242134294090,"ev":"page_build","i":686}
Sep 24 15:13:54.294220 Runner(Flutter)[2653] <Notice>: dartnative: ##BENCH## {"tag":"feed1000","t_us":1790242134294145,"ev":"page_build","i":687}
Sep 24 15:13:54.294404 Runner(Flutter)[2653] <Notice>: dartnative: ##BENCH## {"tag":"feed1000","t_us":1790242134294297,"ev":"page_build","i":688}
Sep 24 15:13:54.294446 Runner(Flutter)[2653] <Notice>: dartnative: ##BENCH## {"tag":"feed1000","t_us":1790242134294370,"ev":"page_build","i":689}
Sep 24 15:13:54.294545 Runner(Flutter)[2653] <Notice>: dartnative: ##BENCH## {"tag":"feed1000","t_us":1790242134294465,"ev":"page_build","i":690}
Sep 24 15:13:54.294668 Runner(Flutter)[2653] <Notice>: dartnative: ##BENCH## {"tag":"feed1000","t_us":1790242134294574,"ev":"page_build","i":691}
Sep 24 15:13:54.294794 Runner(Flutter)[2653] <Notice>: dartnative: ##BENCH## {"tag":"feed1000","t_us":1790242134294685,"ev":"page_build","i":692}
Sep 24 15:13:54.294852 Runner(Flutter)[2653] <Notice>: dartnative: ##BENCH## {"tag":"feed1000","t_us":1790242134294724,"ev":"page_build","i":693}
Sep 24 15:13:54.294897 Runner(Flutter)[2653] <Notice>: dartnative: ##BENCH## {"tag":"feed1000","t_us":1790242134294778,"ev":"page_build","i":694}
Sep 24 15:13:54.294989 Runner(Flutter)[2653] <Notice>: dartnative: ##BENCH## {"tag":"feed1000","t_us":1790242134294886,"ev":"page_build","i":695}
Sep 24 15:13:54.295040 Runner(Flutter)[2653] <Notice>: dartnative: ##BENCH## {"tag":"feed1000","t_us":1790242134294944,"ev":"page_build","i":696}
Sep 24 15:13:54.295154 Runner(Flutter)[2653] <Notice>: dartnative: ##BENCH## {"tag":"feed1000","t_us":1790242134295076,"ev":"page_build","i":697}
Sep 24 15:13:54.295250 Runner(Flutter)[2653] <Notice>: dartnative: ##BENCH## {"tag":"feed1000","t_us":1790242134295180,"ev":"page_build","i":698}
Sep 24 15:13:54.295362 Runner(Flutter)[2653] <Notice>: dartnative: ##BENCH## {"tag":"feed1000","t_us":1790242134295277,"ev":"page_build","i":699}
Sep 24 15:13:54.295419 Runner(Flutter)[2653] <Notice>: dartnative: ##BENCH## {"tag":"feed1000","t_us":1790242134295312,"ev":"page_build","i":700}
Sep 24 15:13:54.295448 Runner(Flutter)[2653] <Notice>: dartnative: ##BENCH## {"tag":"feed1000","t_us":1790242134295368,"ev":"page_build","i":701}
Sep 24 15:13:54.295544 Runner(Flutter)[2653] <Notice>: dartnative: ##BENCH## {"tag":"feed1000","t_us":1790242134295499,"ev":"page_build","i":702}
Sep 24 15:13:54.295640 Runner(Flutter)[2653] <Notice>: dartnative: ##BENCH## {"tag":"feed1000","t_us":1790242134295556,"ev":"page_build","i":703}
Sep 24 15:13:54.295654 Runner(Flutter)[2653] <Notice>: dartnative: ##BENCH## {"tag":"feed1000","t_us":1790242134295608,"ev":"page_build","i":704}
Sep 24 15:13:54.295703 Runner(Flutter)[2653] <Notice>: dartnative: ##BENCH## {"tag":"feed1000","t_us":1790242134295642,"ev":"page_build","i":705}
Sep 24 15:13:54.295790 Runner(Flutter)[2653] <Notice>: dartnative: ##BENCH## {"tag":"feed1000","t_us":1790242134295702,"ev":"page_build","i":706}
Sep 24 15:13:54.295806 Runner(Flutter)[2653] <Notice>: dartnative: ##BENCH## {"tag":"feed1000","t_us":1790242134295746,"ev":"page_build","i":707}
Sep 24 15:13:54.295828 Runner(Flutter)[2653] <Notice>: dartnative: ##BENCH## {"tag":"feed1000","t_us":1790242134295779,"ev":"page_build","i":708}
Sep 24 15:13:54.295937 Runner(Flutter)[2653] <Notice>: dartnative: ##BENCH## {"tag":"feed1000","t_us":1790242134295842,"ev":"page_build","i":709}
Sep 24 15:13:54.295953 Runner(Flutter)[2653] <Notice>: dartnative: ##BENCH## {"tag":"feed1000","t_us":1790242134295890,"ev":"page_build","i":710}
Sep 24 15:13:54.295971 Runner(Flutter)[2653] <Notice>: dartnative: ##BENCH## {"tag":"feed1000","t_us":1790242134295923,"ev":"page_build","i":711}
Sep 24 15:13:54.296082 Runner(Flutter)[2653] <Notice>: dartnative: ##BENCH## {"tag":"feed1000","t_us":1790242134295998,"ev":"page_build","i":712}
Sep 24 15:13:54.296097 Runner(Flutter)[2653] <Notice>: dartnative: ##BENCH## {"tag":"feed1000","t_us":1790242134296043,"ev":"page_build","i":713}
Sep 24 15:13:54.296117 Runner(Flutter)[2653] <Notice>: dartnative: ##BENCH## {"tag":"feed1000","t_us":1790242134296074,"ev":"page_build","i":714}
Sep 24 15:13:54.296196 Runner(Flutter)[2653] <Notice>: dartnative: ##BENCH## {"tag":"feed1000","t_us":1790242134296132,"ev":"page_build","i":715}
Sep 24 15:13:54.296233 Runner(Flutter)[2653] <Notice>: dartnative: ##BENCH## {"tag":"feed1000","t_us":1790242134296188,"ev":"page_build","i":716}
Sep 24 15:13:54.296281 Runner(Flutter)[2653] <Notice>: dartnative: ##BENCH## {"tag":"feed1000","t_us":1790242134296238,"ev":"page_build","i":717}
Sep 24 15:13:54.296326 Runner(Flutter)[2653] <Notice>: dartnative: ##BENCH## {"tag":"feed1000","t_us":1790242134296281,"ev":"page_build","i":718}
Sep 24 15:13:54.296401 Runner(Flutter)[2653] <Notice>: dartnative: ##BENCH## {"tag":"feed1000","t_us":1790242134296363,"ev":"page_build","i":719}
Sep 24 15:13:54.296473 Runner(Flutter)[2653] <Notice>: dartnative: ##BENCH## {"tag":"feed1000","t_us":1790242134296398,"ev":"page_build","i":720}
Sep 24 15:13:54.296488 Runner(Flutter)[2653] <Notice>: dartnative: ##BENCH## {"tag":"feed1000","t_us":1790242134296446,"ev":"page_build","i":721}
Sep 24 15:13:54.296529 Runner(Flutter)[2653] <Notice>: dartnative: ##BENCH## {"tag":"feed1000","t_us":1790242134296478,"ev":"page_build","i":722}
Sep 24 15:13:54.296578 Runner(Flutter)[2653] <Notice>: dartnative: ##BENCH## {"tag":"feed1000","t_us":1790242134296528,"ev":"page_build","i":723}
Sep 24 15:13:54.296643 Runner(Flutter)[2653] <Notice>: dartnative: ##BENCH## {"tag":"feed1000","t_us":1790242134296583,"ev":"page_build","i":724}
Sep 24 15:13:54.296677 Runner(Flutter)[2653] <Notice>: dartnative: ##BENCH## {"tag":"feed1000","t_us":1790242134296631,"ev":"page_build","i":725}
Sep 24 15:13:54.296780 Runner(Flutter)[2653] <Notice>: dartnative: ##BENCH## {"tag":"feed1000","t_us":1790242134296684,"ev":"page_build","i":726}
Sep 24 15:13:54.296795 Runner(Flutter)[2653] <Notice>: dartnative: ##BENCH## {"tag":"feed1000","t_us":1790242134296743,"ev":"page_build","i":727}
Sep 24 15:13:54.296836 Runner(Flutter)[2653] <Notice>: dartnative: ##BENCH## {"tag":"feed1000","t_us":1790242134296774,"ev":"page_build","i":728}
Sep 24 15:13:54.296882 Runner(Flutter)[2653] <Notice>: dartnative: ##BENCH## {"tag":"feed1000","t_us":1790242134296836,"ev":"page_build","i":729}
Sep 24 15:13:54.297012 Runner(Flutter)[2653] <Notice>: dartnative: ##BENCH## {"tag":"feed1000","t_us":1790242134296893,"ev":"page_build","i":730}
Sep 24 15:13:54.297028 Runner(Flutter)[2653] <Notice>: dartnative: ##BENCH## {"tag":"feed1000","t_us":1790242134296948,"ev":"page_build","i":731}
Sep 24 15:13:54.297037 Runner(Flutter)[2653] <Notice>: dartnative: ##BENCH## {"tag":"feed1000","t_us":1790242134296977,"ev":"page_build","i":732}
Sep 24 15:13:54.297081 Runner(Flutter)[2653] <Notice>: dartnative: ##BENCH## {"tag":"feed1000","t_us":1790242134297009,"ev":"page_build","i":733}
Sep 24 15:13:54.297221 Runner(Flutter)[2653] <Notice>: dartnative: ##BENCH## {"tag":"feed1000","t_us":1790242134297066,"ev":"page_build","i":734}
Sep 24 15:13:54.297271 Runner(Flutter)[2653] <Notice>: dartnative: ##BENCH## {"tag":"feed1000","t_us":1790242134297146,"ev":"page_build","i":735}
Sep 24 15:13:54.297296 Runner(Flutter)[2653] <Notice>: dartnative: ##BENCH## {"tag":"feed1000","t_us":1790242134297179,"ev":"page_build","i":736}
Sep 24 15:13:54.297307 Runner(Flutter)[2653] <Notice>: dartnative: ##BENCH## {"tag":"feed1000","t_us":1790242134297211,"ev":"page_build","i":737}
Sep 24 15:13:54.297315 Runner(Flutter)[2653] <Notice>: dartnative: ##BENCH## {"tag":"feed1000","t_us":1790242134297265,"ev":"page_build","i":738}
Sep 24 15:13:54.297403 Runner(Flutter)[2653] <Notice>: dartnative: ##BENCH## {"tag":"feed1000","t_us":1790242134297338,"ev":"page_build","i":739}
Sep 24 15:13:54.297440 Runner(Flutter)[2653] <Notice>: dartnative: ##BENCH## {"tag":"feed1000","t_us":1790242134297378,"ev":"page_build","i":740}
Sep 24 15:13:54.297488 Runner(Flutter)[2653] <Notice>: dartnative: ##BENCH## {"tag":"feed1000","t_us":1790242134297409,"ev":"page_build","i":741}
Sep 24 15:13:54.297561 Runner(Flutter)[2653] <Notice>: dartnative: ##BENCH## {"tag":"feed1000","t_us":1790242134297514,"ev":"page_build","i":742}
Sep 24 15:13:54.297668 Runner(Flutter)[2653] <Notice>: dartnative: ##BENCH## {"tag":"feed1000","t_us":1790242134297584,"ev":"page_build","i":743}
Sep 24 15:13:54.297710 Runner(Flutter)[2653] <Notice>: dartnative: ##BENCH## {"tag":"feed1000","t_us":1790242134297635,"ev":"page_build","i":744}
Sep 24 15:13:54.297752 Runner(Flutter)[2653] <Notice>: dartnative: ##BENCH## {"tag":"feed1000","t_us":1790242134297707,"ev":"page_build","i":745}
Sep 24 15:13:54.297825 Runner(Flutter)[2653] <Notice>: dartnative: ##BENCH## {"tag":"feed1000","t_us":1790242134297765,"ev":"page_build","i":746}
Sep 24 15:13:54.297871 Runner(Flutter)[2653] <Notice>: dartnative: ##BENCH## {"tag":"feed1000","t_us":1790242134297813,"ev":"page_build","i":747}
Sep 24 15:13:54.297989 Runner(Flutter)[2653] <Notice>: dartnative: ##BENCH## {"tag":"feed1000","t_us":1790242134297894,"ev":"page_build","i":748}
Sep 24 15:13:54.298015 Runner(Flutter)[2653] <Notice>: dartnative: ##BENCH## {"tag":"feed1000","t_us":1790242134297933,"ev":"page_build","i":749}
Sep 24 15:13:54.298047 Runner(Flutter)[2653] <Notice>: dartnative: ##BENCH## {"tag":"feed1000","t_us":1790242134297966,"ev":"page_build","i":750}
Sep 24 15:13:54.298185 Runner(Flutter)[2653] <Notice>: dartnative: ##BENCH## {"tag":"feed1000","t_us":1790242134298083,"ev":"page_build","i":751}
Sep 24 15:13:54.298304 Runner(Flutter)[2653] <Notice>: dartnative: ##BENCH## {"tag":"feed1000","t_us":1790242134298157,"ev":"page_build","i":752}
Sep 24 15:13:54.298333 Runner(Flutter)[2653] <Notice>: dartnative: ##BENCH## {"tag":"feed1000","t_us":1790242134298213,"ev":"page_build","i":753}
Sep 24 15:13:54.298436 Runner(Flutter)[2653] <Notice>: dartnative: ##BENCH## {"tag":"feed1000","t_us":1790242134298247,"ev":"page_build","i":754}
Sep 24 15:13:54.298458 Runner(Flutter)[2653] <Notice>: dartnative: ##BENCH## {"tag":"feed1000","t_us":1790242134298280,"ev":"page_build","i":755}
Sep 24 15:13:54.298475 Runner(Flutter)[2653] <Notice>: dartnative: ##BENCH## {"tag":"feed1000","t_us":1790242134298338,"ev":"page_build","i":756}
Sep 24 15:13:54.298510 Runner(Flutter)[2653] <Notice>: dartnative: ##BENCH## {"tag":"feed1000","t_us":1790242134298403,"ev":"page_build","i":757}
Sep 24 15:13:54.298528 Runner(Flutter)[2653] <Notice>: dartnative: ##BENCH## {"tag":"feed1000","t_us":1790242134298436,"ev":"page_build","i":758}
Sep 24 15:13:54.298568 Runner(Flutter)[2653] <Notice>: dartnative: ##BENCH## {"tag":"feed1000","t_us":1790242134298518,"ev":"page_build","i":759}
Sep 24 15:13:54.298625 Runner(Flutter)[2653] <Notice>: dartnative: ##BENCH## {"tag":"feed1000","t_us":1790242134298562,"ev":"page_build","i":760}
Sep 24 15:13:54.298694 Runner(Flutter)[2653] <Notice>: dartnative: ##BENCH## {"tag":"feed1000","t_us":1790242134298617,"ev":"page_build","i":761}
Sep 24 15:13:54.298710 Runner(Flutter)[2653] <Notice>: dartnative: ##BENCH## {"tag":"feed1000","t_us":1790242134298673,"ev":"page_build","i":762}
Sep 24 15:13:54.298871 Runner(Flutter)[2653] <Notice>: dartnative: ##BENCH## {"tag":"feed1000","t_us":1790242134298715,"ev":"page_build","i":763}
Sep 24 15:13:54.298894 Runner(Flutter)[2653] <Notice>: dartnative: ##BENCH## {"tag":"feed1000","t_us":1790242134298775,"ev":"page_build","i":764}
Sep 24 15:13:54.298910 Runner(Flutter)[2653] <Notice>: dartnative: ##BENCH## {"tag":"feed1000","t_us":1790242134298827,"ev":"page_build","i":765}
Sep 24 15:13:54.298917 Runner(Flutter)[2653] <Notice>: dartnative: ##BENCH## {"tag":"feed1000","t_us":1790242134298861,"ev":"page_build","i":766}
Sep 24 15:13:54.298988 Runner(Flutter)[2653] <Notice>: dartnative: ##BENCH## {"tag":"feed1000","t_us":1790242134298922,"ev":"page_build","i":767}
Sep 24 15:13:54.299061 Runner(Flutter)[2653] <Notice>: dartnative: ##BENCH## {"tag":"feed1000","t_us":1790242134298993,"ev":"page_build","i":768}
Sep 24 15:13:54.299121 Runner(Flutter)[2653] <Notice>: dartnative: ##BENCH## {"tag":"feed1000","t_us":1790242134299041,"ev":"page_build","i":769}
Sep 24 15:13:54.299137 Runner(Flutter)[2653] <Notice>: dartnative: ##BENCH## {"tag":"feed1000","t_us":1790242134299074,"ev":"page_build","i":770}
Sep 24 15:13:54.299212 Runner(Flutter)[2653] <Notice>: dartnative: ##BENCH## {"tag":"feed1000","t_us":1790242134299118,"ev":"page_build","i":771}
Sep 24 15:13:54.299288 Runner(Flutter)[2653] <Notice>: dartnative: ##BENCH## {"tag":"feed1000","t_us":1790242134299178,"ev":"page_build","i":772}
Sep 24 15:13:54.299337 Runner(Flutter)[2653] <Notice>: dartnative: ##BENCH## {"tag":"feed1000","t_us":1790242134299209,"ev":"page_build","i":773}
Sep 24 15:13:54.299392 Runner(Flutter)[2653] <Notice>: dartnative: ##BENCH## {"tag":"feed1000","t_us":1790242134299240,"ev":"page_build","i":774}
Sep 24 15:13:54.299443 Runner(Flutter)[2653] <Notice>: dartnative: ##BENCH## {"tag":"feed1000","t_us":1790242134299295,"ev":"page_build","i":775}
Sep 24 15:13:54.299510 Runner(Flutter)[2653] <Notice>: dartnative: ##BENCH## {"tag":"feed1000","t_us":1790242134299384,"ev":"page_build","i":776}
Sep 24 15:13:54.299573 Runner(Flutter)[2653] <Notice>: dartnative: ##BENCH## {"tag":"feed1000","t_us":1790242134299451,"ev":"page_build","i":777}
Sep 24 15:13:54.299644 Runner(Flutter)[2653] <Notice>: dartnative: ##BENCH## {"tag":"feed1000","t_us":1790242134299508,"ev":"page_build","i":778}
Sep 24 15:13:54.299690 Runner(Flutter)[2653] <Notice>: dartnative: ##BENCH## {"tag":"feed1000","t_us":1790242134299583,"ev":"page_build","i":779}
Sep 24 15:13:54.299765 Runner(Flutter)[2653] <Notice>: dartnative: ##BENCH## {"tag":"feed1000","t_us":1790242134299631,"ev":"page_build","i":780}
Sep 24 15:13:54.299782 Runner(Flutter)[2653] <Notice>: dartnative: ##BENCH## {"tag":"feed1000","t_us":1790242134299704,"ev":"page_build","i":781}
Sep 24 15:13:54.299850 Runner(Flutter)[2653] <Notice>: dartnative: ##BENCH## {"tag":"feed1000","t_us":1790242134299746,"ev":"page_build","i":782}
Sep 24 15:13:54.299973 Runner(Flutter)[2653] <Notice>: dartnative: ##BENCH## {"tag":"feed1000","t_us":1790242134299852,"ev":"page_build","i":783}
Sep 24 15:13:54.300035 Runner(Flutter)[2653] <Notice>: dartnative: ##BENCH## {"tag":"feed1000","t_us":1790242134299950,"ev":"page_build","i":784}
Sep 24 15:13:54.300174 Runner(Flutter)[2653] <Notice>: dartnative: ##BENCH## {"tag":"feed1000","t_us":1790242134300041,"ev":"page_build","i":785}
Sep 24 15:13:54.300275 Runner(Flutter)[2653] <Notice>: dartnative: ##BENCH## {"tag":"feed1000","t_us":1790242134300093,"ev":"page_build","i":786}
Sep 24 15:13:54.300294 Runner(Flutter)[2653] <Notice>: dartnative: ##BENCH## {"tag":"feed1000","t_us":1790242134300146,"ev":"page_build","i":787}
Sep 24 15:13:54.300313 Runner(Flutter)[2653] <Notice>: dartnative: ##BENCH## {"tag":"feed1000","t_us":1790242134300227,"ev":"page_build","i":788}
Sep 24 15:13:54.300349 Runner(Flutter)[2653] <Notice>: dartnative: ##BENCH## {"tag":"feed1000","t_us":1790242134300260,"ev":"page_build","i":789}
Sep 24 15:13:54.300454 Runner(Flutter)[2653] <Notice>: dartnative: ##BENCH## {"tag":"feed1000","t_us":1790242134300395,"ev":"page_build","i":790}
Sep 24 15:13:54.300565 Runner(Flutter)[2653] <Notice>: dartnative: ##BENCH## {"tag":"feed1000","t_us":1790242134300506,"ev":"page_build","i":791}
Sep 24 15:13:54.300671 Runner(Flutter)[2653] <Notice>: dartnative: ##BENCH## {"tag":"feed1000","t_us":1790242134300605,"ev":"page_build","i":792}
Sep 24 15:13:54.300765 Runner(Flutter)[2653] <Notice>: dartnative: ##BENCH## {"tag":"feed1000","t_us":1790242134300703,"ev":"page_build","i":793}
Sep 24 15:13:54.300908 Runner(Flutter)[2653] <Notice>: dartnative: ##BENCH## {"tag":"feed1000","t_us":1790242134300795,"ev":"page_build","i":794}
Sep 24 15:13:54.300918 Runner(Flutter)[2653] <Notice>: dartnative: ##BENCH## {"tag":"feed1000","t_us":1790242134300840,"ev":"page_build","i":795}
Sep 24 15:13:54.300929 Runner(Flutter)[2653] <Notice>: dartnative: ##BENCH## {"tag":"feed1000","t_us":1790242134300871,"ev":"page_build","i":796}
Sep 24 15:13:54.301007 Runner(Flutter)[2653] <Notice>: dartnative: ##BENCH## {"tag":"feed1000","t_us":1790242134300930,"ev":"page_build","i":797}
Sep 24 15:13:54.301128 Runner(Flutter)[2653] <Notice>: dartnative: ##BENCH## {"tag":"feed1000","t_us":1790242134301059,"ev":"page_build","i":798}
Sep 24 15:13:54.301220 Runner(Flutter)[2653] <Notice>: dartnative: ##BENCH## {"tag":"feed1000","t_us":1790242134301134,"ev":"page_build","i":799}
Sep 24 15:13:54.301249 Runner(Flutter)[2653] <Notice>: dartnative: ##BENCH## {"tag":"feed1000","t_us":1790242134301190,"ev":"page_build","i":800}
Sep 24 15:13:54.301285 Runner(Flutter)[2653] <Notice>: dartnative: ##BENCH## {"tag":"feed1000","t_us":1790242134301220,"ev":"page_build","i":801}
Sep 24 15:13:54.301335 Runner(Flutter)[2653] <Notice>: dartnative: ##BENCH## {"tag":"feed1000","t_us":1790242134301284,"ev":"page_build","i":802}
Sep 24 15:13:54.301426 Runner(Flutter)[2653] <Notice>: dartnative: ##BENCH## {"tag":"feed1000","t_us":1790242134301328,"ev":"page_build","i":803}
Sep 24 15:13:54.301441 Runner(Flutter)[2653] <Notice>: dartnative: ##BENCH## {"tag":"feed1000","t_us":1790242134301375,"ev":"page_build","i":804}
Sep 24 15:13:54.301450 Runner(Flutter)[2653] <Notice>: dartnative: ##BENCH## {"tag":"feed1000","t_us":1790242134301408,"ev":"page_build","i":805}
Sep 24 15:13:54.301520 Runner(Flutter)[2653] <Notice>: dartnative: ##BENCH## {"tag":"feed1000","t_us":1790242134301482,"ev":"page_build","i":806}
Sep 24 15:13:54.301577 Runner(Flutter)[2653] <Notice>: dartnative: ##BENCH## {"tag":"feed1000","t_us":1790242134301522,"ev":"page_build","i":807}
Sep 24 15:13:54.301619 Runner(Flutter)[2653] <Notice>: dartnative: ##BENCH## {"tag":"feed1000","t_us":1790242134301574,"ev":"page_build","i":808}
Sep 24 15:13:54.301691 Runner(Flutter)[2653] <Notice>: dartnative: ##BENCH## {"tag":"feed1000","t_us":1790242134301663,"ev":"page_build","i":809}
Sep 24 15:13:54.301790 Runner(Flutter)[2653] <Notice>: dartnative: ##BENCH## {"tag":"feed1000","t_us":1790242134301697,"ev":"page_build","i":810}
Sep 24 15:13:54.301820 Runner(Flutter)[2653] <Notice>: dartnative: ##BENCH## {"tag":"feed1000","t_us":1790242134301745,"ev":"page_build","i":811}
Sep 24 15:13:54.301836 Runner(Flutter)[2653] <Notice>: dartnative: ##BENCH## {"tag":"feed1000","t_us":1790242134301794,"ev":"page_build","i":812}
Sep 24 15:13:54.301898 Runner(Flutter)[2653] <Notice>: dartnative: ##BENCH## {"tag":"feed1000","t_us":1790242134301846,"ev":"page_build","i":813}
Sep 24 15:13:54.301947 Runner(Flutter)[2653] <Notice>: dartnative: ##BENCH## {"tag":"feed1000","t_us":1790242134301903,"ev":"page_build","i":814}
Sep 24 15:13:54.302026 Runner(Flutter)[2653] <Notice>: dartnative: ##BENCH## {"tag":"feed1000","t_us":1790242134301978,"ev":"page_build","i":815}
Sep 24 15:13:54.302112 Runner(Flutter)[2653] <Notice>: dartnative: ##BENCH## {"tag":"feed1000","t_us":1790242134302033,"ev":"page_build","i":816}
Sep 24 15:13:54.302129 Runner(Flutter)[2653] <Notice>: dartnative: ##BENCH## {"tag":"feed1000","t_us":1790242134302086,"ev":"page_build","i":817}
Sep 24 15:13:54.302229 Runner(Flutter)[2653] <Notice>: dartnative: ##BENCH## {"tag":"feed1000","t_us":1790242134302117,"ev":"page_build","i":818}
Sep 24 15:13:54.302267 Runner(Flutter)[2653] <Notice>: dartnative: ##BENCH## {"tag":"feed1000","t_us":1790242134302178,"ev":"page_build","i":819}
Sep 24 15:13:54.302282 Runner(Flutter)[2653] <Notice>: dartnative: ##BENCH## {"tag":"feed1000","t_us":1790242134302208,"ev":"page_build","i":820}
Sep 24 15:13:54.302385 Runner(Flutter)[2653] <Notice>: dartnative: ##BENCH## {"tag":"feed1000","t_us":1790242134302276,"ev":"page_build","i":821}
Sep 24 15:13:54.302459 Runner(Flutter)[2653] <Notice>: dartnative: ##BENCH## {"tag":"feed1000","t_us":1790242134302330,"ev":"page_build","i":822}
Sep 24 15:13:54.302475 Runner(Flutter)[2653] <Notice>: dartnative: ##BENCH## {"tag":"feed1000","t_us":1790242134302365,"ev":"page_build","i":823}
Sep 24 15:13:54.302521 Runner(Flutter)[2653] <Notice>: dartnative: ##BENCH## {"tag":"feed1000","t_us":1790242134302451,"ev":"page_build","i":824}
Sep 24 15:13:54.302558 Runner(Flutter)[2653] <Notice>: dartnative: ##BENCH## {"tag":"feed1000","t_us":1790242134302512,"ev":"page_build","i":825}
Sep 24 15:13:54.302621 Runner(Flutter)[2653] <Notice>: dartnative: ##BENCH## {"tag":"feed1000","t_us":1790242134302558,"ev":"page_build","i":826}
Sep 24 15:13:54.302675 Runner(Flutter)[2653] <Notice>: dartnative: ##BENCH## {"tag":"feed1000","t_us":1790242134302617,"ev":"page_build","i":827}
Sep 24 15:13:54.302706 Runner(Flutter)[2653] <Notice>: dartnative: ##BENCH## {"tag":"feed1000","t_us":1790242134302662,"ev":"page_build","i":828}
Sep 24 15:13:54.302771 Runner(Flutter)[2653] <Notice>: dartnative: ##BENCH## {"tag":"feed1000","t_us":1790242134302706,"ev":"page_build","i":829}
Sep 24 15:13:54.302823 Runner(Flutter)[2653] <Notice>: dartnative: ##BENCH## {"tag":"feed1000","t_us":1790242134302764,"ev":"page_build","i":830}
Sep 24 15:13:54.302865 Runner(Flutter)[2653] <Notice>: dartnative: ##BENCH## {"tag":"feed1000","t_us":1790242134302817,"ev":"page_build","i":831}
Sep 24 15:13:54.302913 Runner(Flutter)[2653] <Notice>: dartnative: ##BENCH## {"tag":"feed1000","t_us":1790242134302863,"ev":"page_build","i":832}
Sep 24 15:13:54.302967 Runner(Flutter)[2653] <Notice>: dartnative: ##BENCH## {"tag":"feed1000","t_us":1790242134302921,"ev":"page_build","i":833}
Sep 24 15:13:54.303038 Runner(Flutter)[2653] <Notice>: dartnative: ##BENCH## {"tag":"feed1000","t_us":1790242134302981,"ev":"page_build","i":834}
Sep 24 15:13:54.303082 Runner(Flutter)[2653] <Notice>: dartnative: ##BENCH## {"tag":"feed1000","t_us":1790242134303031,"ev":"page_build","i":835}
Sep 24 15:13:54.303124 Runner(Flutter)[2653] <Notice>: dartnative: ##BENCH## {"tag":"feed1000","t_us":1790242134303082,"ev":"page_build","i":836}
Sep 24 15:13:54.303171 Runner(Flutter)[2653] <Notice>: dartnative: ##BENCH## {"tag":"feed1000","t_us":1790242134303128,"ev":"page_build","i":837}
Sep 24 15:13:54.303217 Runner(Flutter)[2653] <Notice>: dartnative: ##BENCH## {"tag":"feed1000","t_us":1790242134303168,"ev":"page_build","i":838}
Sep 24 15:13:54.303262 Runner(Flutter)[2653] <Notice>: dartnative: ##BENCH## {"tag":"feed1000","t_us":1790242134303223,"ev":"page_build","i":839}
Sep 24 15:13:54.303313 Runner(Flutter)[2653] <Notice>: dartnative: ##BENCH## {"tag":"feed1000","t_us":1790242134303264,"ev":"page_build","i":840}
Sep 24 15:13:54.303356 Runner(Flutter)[2653] <Notice>: dartnative: ##BENCH## {"tag":"feed1000","t_us":1790242134303305,"ev":"page_build","i":841}
Sep 24 15:13:54.303471 Runner(Flutter)[2653] <Notice>: dartnative: ##BENCH## {"tag":"feed1000","t_us":1790242134303351,"ev":"page_build","i":842}
Sep 24 15:13:54.303485 Runner(Flutter)[2653] <Notice>: dartnative: ##BENCH## {"tag":"feed1000","t_us":1790242134303401,"ev":"page_build","i":843}
Sep 24 15:13:54.303493 Runner(Flutter)[2653] <Notice>: dartnative: ##BENCH## {"tag":"feed1000","t_us":1790242134303436,"ev":"page_build","i":844}
Sep 24 15:13:54.303531 Runner(Flutter)[2653] <Notice>: dartnative: ##BENCH## {"tag":"feed1000","t_us":1790242134303466,"ev":"page_build","i":845}
Sep 24 15:13:54.303584 Runner(Flutter)[2653] <Notice>: dartnative: ##BENCH## {"tag":"feed1000","t_us":1790242134303527,"ev":"page_build","i":846}
Sep 24 15:13:54.303671 Runner(Flutter)[2653] <Notice>: dartnative: ##BENCH## {"tag":"feed1000","t_us":1790242134303574,"ev":"page_build","i":847}
Sep 24 15:13:54.303688 Runner(Flutter)[2653] <Notice>: dartnative: ##BENCH## {"tag":"feed1000","t_us":1790242134303625,"ev":"page_build","i":848}
Sep 24 15:13:54.303744 Runner(Flutter)[2653] <Notice>: dartnative: ##BENCH## {"tag":"feed1000","t_us":1790242134303658,"ev":"page_build","i":849}
Sep 24 15:13:54.303764 Runner(Flutter)[2653] <Notice>: dartnative: ##BENCH## {"tag":"feed1000","t_us":1790242134303724,"ev":"page_build","i":850}
Sep 24 15:13:54.303861 Runner(Flutter)[2653] <Notice>: dartnative: ##BENCH## {"tag":"feed1000","t_us":1790242134303756,"ev":"page_build","i":851}
Sep 24 15:13:54.303875 Runner(Flutter)[2653] <Notice>: dartnative: ##BENCH## {"tag":"feed1000","t_us":1790242134303825,"ev":"page_build","i":852}
Sep 24 15:13:54.303940 Runner(Flutter)[2653] <Notice>: dartnative: ##BENCH## {"tag":"feed1000","t_us":1790242134303857,"ev":"page_build","i":853}
Sep 24 15:13:54.303972 Runner(Flutter)[2653] <Notice>: dartnative: ##BENCH## {"tag":"feed1000","t_us":1790242134303917,"ev":"page_build","i":854}
Sep 24 15:13:54.304031 Runner(Flutter)[2653] <Notice>: dartnative: ##BENCH## {"tag":"feed1000","t_us":1790242134303950,"ev":"page_build","i":855}
Sep 24 15:13:54.304086 Runner(Flutter)[2653] <Notice>: dartnative: ##BENCH## {"tag":"feed1000","t_us":1790242134304021,"ev":"page_build","i":856}
Sep 24 15:13:54.304103 Runner(Flutter)[2653] <Notice>: dartnative: ##BENCH## {"tag":"feed1000","t_us":1790242134304067,"ev":"page_build","i":857}
Sep 24 15:13:54.304202 Runner(Flutter)[2653] <Notice>: dartnative: ##BENCH## {"tag":"feed1000","t_us":1790242134304102,"ev":"page_build","i":858}
Sep 24 15:13:54.304217 Runner(Flutter)[2653] <Notice>: dartnative: ##BENCH## {"tag":"feed1000","t_us":1790242134304163,"ev":"page_build","i":859}
Sep 24 15:13:54.304241 Runner(Flutter)[2653] <Notice>: dartnative: ##BENCH## {"tag":"feed1000","t_us":1790242134304193,"ev":"page_build","i":860}
Sep 24 15:13:54.304302 Runner(Flutter)[2653] <Notice>: dartnative: ##BENCH## {"tag":"feed1000","t_us":1790242134304234,"ev":"page_build","i":861}
Sep 24 15:13:54.304350 Runner(Flutter)[2653] <Notice>: dartnative: ##BENCH## {"tag":"feed1000","t_us":1790242134304307,"ev":"page_build","i":862}
Sep 24 15:13:54.304411 Runner(Flutter)[2653] <Notice>: dartnative: ##BENCH## {"tag":"feed1000","t_us":1790242134304350,"ev":"page_build","i":863}
Sep 24 15:13:54.304472 Runner(Flutter)[2653] <Notice>: dartnative: ##BENCH## {"tag":"feed1000","t_us":1790242134304403,"ev":"page_build","i":864}
Sep 24 15:13:54.304510 Runner(Flutter)[2653] <Notice>: dartnative: ##BENCH## {"tag":"feed1000","t_us":1790242134304463,"ev":"page_build","i":865}
Sep 24 15:13:54.304606 Runner(Flutter)[2653] <Notice>: dartnative: ##BENCH## {"tag":"feed1000","t_us":1790242134304504,"ev":"page_build","i":866}
Sep 24 15:13:54.304621 Runner(Flutter)[2653] <Notice>: dartnative: ##BENCH## {"tag":"feed1000","t_us":1790242134304562,"ev":"page_build","i":867}
Sep 24 15:13:54.304642 Runner(Flutter)[2653] <Notice>: dartnative: ##BENCH## {"tag":"feed1000","t_us":1790242134304594,"ev":"page_build","i":868}
Sep 24 15:13:54.304700 Runner(Flutter)[2653] <Notice>: dartnative: ##BENCH## {"tag":"feed1000","t_us":1790242134304650,"ev":"page_build","i":869}
Sep 24 15:13:54.304798 Runner(Flutter)[2653] <Notice>: dartnative: ##BENCH## {"tag":"feed1000","t_us":1790242134304703,"ev":"page_build","i":870}
Sep 24 15:13:54.304812 Runner(Flutter)[2653] <Notice>: dartnative: ##BENCH## {"tag":"feed1000","t_us":1790242134304762,"ev":"page_build","i":871}
Sep 24 15:13:54.304860 Runner(Flutter)[2653] <Notice>: dartnative: ##BENCH## {"tag":"feed1000","t_us":1790242134304794,"ev":"page_build","i":872}
Sep 24 15:13:54.304902 Runner(Flutter)[2653] <Notice>: dartnative: ##BENCH## {"tag":"feed1000","t_us":1790242134304852,"ev":"page_build","i":873}
Sep 24 15:13:54.304936 Runner(Flutter)[2653] <Notice>: dartnative: ##BENCH## {"tag":"feed1000","t_us":1790242134304896,"ev":"page_build","i":874}
Sep 24 15:13:54.305005 Runner(Flutter)[2653] <Notice>: dartnative: ##BENCH## {"tag":"feed1000","t_us":1790242134304978,"ev":"page_build","i":875}
Sep 24 15:13:54.305116 Runner(Flutter)[2653] <Notice>: dartnative: ##BENCH## {"tag":"feed1000","t_us":1790242134305010,"ev":"page_build","i":876}
Sep 24 15:13:54.305133 Runner(Flutter)[2653] <Notice>: dartnative: ##BENCH## {"tag":"feed1000","t_us":1790242134305051,"ev":"page_build","i":877}
Sep 24 15:13:54.305148 Runner(Flutter)[2653] <Notice>: dartnative: ##BENCH## {"tag":"feed1000","t_us":1790242134305085,"ev":"page_build","i":878}
Sep 24 15:13:54.305199 Runner(Flutter)[2653] <Notice>: dartnative: ##BENCH## {"tag":"feed1000","t_us":1790242134305114,"ev":"page_build","i":879}
Sep 24 15:13:54.305227 Runner(Flutter)[2653] <Notice>: dartnative: ##BENCH## {"tag":"feed1000","t_us":1790242134305184,"ev":"page_build","i":880}
Sep 24 15:13:54.305278 Runner(Flutter)[2653] <Notice>: dartnative: ##BENCH## {"tag":"feed1000","t_us":1790242134305226,"ev":"page_build","i":881}
Sep 24 15:13:54.305325 Runner(Flutter)[2653] <Notice>: dartnative: ##BENCH## {"tag":"feed1000","t_us":1790242134305271,"ev":"page_build","i":882}
Sep 24 15:13:54.305394 Runner(Flutter)[2653] <Notice>: dartnative: ##BENCH## {"tag":"feed1000","t_us":1790242134305323,"ev":"page_build","i":883}
Sep 24 15:13:54.305415 Runner(Flutter)[2653] <Notice>: dartnative: ##BENCH## {"tag":"feed1000","t_us":1790242134305378,"ev":"page_build","i":884}
Sep 24 15:13:54.305467 Runner(Flutter)[2653] <Notice>: dartnative: ##BENCH## {"tag":"feed1000","t_us":1790242134305418,"ev":"page_build","i":885}
Sep 24 15:13:54.305533 Runner(Flutter)[2653] <Notice>: dartnative: ##BENCH## {"tag":"feed1000","t_us":1790242134305458,"ev":"page_build","i":886}
Sep 24 15:13:54.305549 Runner(Flutter)[2653] <Notice>: dartnative: ##BENCH## {"tag":"feed1000","t_us":1790242134305502,"ev":"page_build","i":887}
Sep 24 15:13:54.305577 Runner(Flutter)[2653] <Notice>: dartnative: ##BENCH## {"tag":"feed1000","t_us":1790242134305538,"ev":"page_build","i":888}
Sep 24 15:13:54.305690 Runner(Flutter)[2653] <Notice>: dartnative: ##BENCH## {"tag":"feed1000","t_us":1790242134305610,"ev":"page_build","i":889}
Sep 24 15:13:54.305706 Runner(Flutter)[2653] <Notice>: dartnative: ##BENCH## {"tag":"feed1000","t_us":1790242134305646,"ev":"page_build","i":890}
Sep 24 15:13:54.305749 Runner(Flutter)[2653] <Notice>: dartnative: ##BENCH## {"tag":"feed1000","t_us":1790242134305678,"ev":"page_build","i":891}
Sep 24 15:13:54.305809 Runner(Flutter)[2653] <Notice>: dartnative: ##BENCH## {"tag":"feed1000","t_us":1790242134305712,"ev":"page_build","i":892}
Sep 24 15:13:54.305865 Runner(Flutter)[2653] <Notice>: dartnative: ##BENCH## {"tag":"feed1000","t_us":1790242134305747,"ev":"page_build","i":893}
Sep 24 15:13:54.307850 Runner(Flutter)[2653] <Notice>: dartnative: ##BENCH## {"tag":"feed1000","t_us":1790242134307778,"ev":"page_build","i":894}
Sep 24 15:13:54.307919 Runner(Flutter)[2653] <Notice>: dartnative: ##BENCH## {"tag":"feed1000","t_us":1790242134307842,"ev":"page_build","i":895}
Sep 24 15:13:54.308002 Runner(Flutter)[2653] <Notice>: dartnative: ##BENCH## {"tag":"feed1000","t_us":1790242134307951,"ev":"page_build","i":896}
Sep 24 15:13:54.308041 Runner(Flutter)[2653] <Notice>: dartnative: ##BENCH## {"tag":"feed1000","t_us":1790242134307995,"ev":"page_build","i":897}
Sep 24 15:13:54.308088 Runner(Flutter)[2653] <Notice>: dartnative: ##BENCH## {"tag":"feed1000","t_us":1790242134308040,"ev":"page_build","i":898}
Sep 24 15:13:54.308135 Runner(Flutter)[2653] <Notice>: dartnative: ##BENCH## {"tag":"feed1000","t_us":1790242134308092,"ev":"page_build","i":899}
Sep 24 15:13:54.308182 Runner(Flutter)[2653] <Notice>: dartnative: ##BENCH## {"tag":"feed1000","t_us":1790242134308142,"ev":"page_build","i":900}
Sep 24 15:13:54.308271 Runner(Flutter)[2653] <Notice>: dartnative: ##BENCH## {"tag":"feed1000","t_us":1790242134308187,"ev":"page_build","i":901}
Sep 24 15:13:54.308286 Runner(Flutter)[2653] <Notice>: dartnative: ##BENCH## {"tag":"feed1000","t_us":1790242134308235,"ev":"page_build","i":902}
Sep 24 15:13:54.308343 Runner(Flutter)[2653] <Notice>: dartnative: ##BENCH## {"tag":"feed1000","t_us":1790242134308268,"ev":"page_build","i":903}
Sep 24 15:13:54.308383 Runner(Flutter)[2653] <Notice>: dartnative: ##BENCH## {"tag":"feed1000","t_us":1790242134308334,"ev":"page_build","i":904}
Sep 24 15:13:54.308431 Runner(Flutter)[2653] <Notice>: dartnative: ##BENCH## {"tag":"feed1000","t_us":1790242134308387,"ev":"page_build","i":905}
Sep 24 15:13:54.308516 Runner(Flutter)[2653] <Notice>: dartnative: ##BENCH## {"tag":"feed1000","t_us":1790242134308439,"ev":"page_build","i":906}
Sep 24 15:13:54.308531 Runner(Flutter)[2653] <Notice>: dartnative: ##BENCH## {"tag":"feed1000","t_us":1790242134308491,"ev":"page_build","i":907}
Sep 24 15:13:54.308614 Runner(Flutter)[2653] <Notice>: dartnative: ##BENCH## {"tag":"feed1000","t_us":1790242134308523,"ev":"page_build","i":908}
Sep 24 15:13:54.308630 Runner(Flutter)[2653] <Notice>: dartnative: ##BENCH## {"tag":"feed1000","t_us":1790242134308571,"ev":"page_build","i":909}
Sep 24 15:13:54.308666 Runner(Flutter)[2653] <Notice>: dartnative: ##BENCH## {"tag":"feed1000","t_us":1790242134308606,"ev":"page_build","i":910}
Sep 24 15:13:54.308710 Runner(Flutter)[2653] <Notice>: dartnative: ##BENCH## {"tag":"feed1000","t_us":1790242134308667,"ev":"page_build","i":911}
Sep 24 15:13:54.308788 Runner(Flutter)[2653] <Notice>: dartnative: ##BENCH## {"tag":"feed1000","t_us":1790242134308729,"ev":"page_build","i":912}
Sep 24 15:13:54.308837 Runner(Flutter)[2653] <Notice>: dartnative: ##BENCH## {"tag":"feed1000","t_us":1790242134308784,"ev":"page_build","i":913}
Sep 24 15:13:54.308928 Runner(Flutter)[2653] <Notice>: dartnative: ##BENCH## {"tag":"feed1000","t_us":1790242134308830,"ev":"page_build","i":914}
Sep 24 15:13:54.308942 Runner(Flutter)[2653] <Notice>: dartnative: ##BENCH## {"tag":"feed1000","t_us":1790242134308889,"ev":"page_build","i":915}
Sep 24 15:13:54.308967 Runner(Flutter)[2653] <Notice>: dartnative: ##BENCH## {"tag":"feed1000","t_us":1790242134308922,"ev":"page_build","i":916}
Sep 24 15:13:54.309069 Runner(Flutter)[2653] <Notice>: dartnative: ##BENCH## {"tag":"feed1000","t_us":1790242134308979,"ev":"page_build","i":917}
Sep 24 15:13:54.309086 Runner(Flutter)[2653] <Notice>: dartnative: ##BENCH## {"tag":"feed1000","t_us":1790242134309025,"ev":"page_build","i":918}
Sep 24 15:13:54.309113 Runner(Flutter)[2653] <Notice>: dartnative: ##BENCH## {"tag":"feed1000","t_us":1790242134309057,"ev":"page_build","i":919}
Sep 24 15:13:54.309163 Runner(Flutter)[2653] <Notice>: dartnative: ##BENCH## {"tag":"feed1000","t_us":1790242134309110,"ev":"page_build","i":920}
Sep 24 15:13:54.309209 Runner(Flutter)[2653] <Notice>: dartnative: ##BENCH## {"tag":"feed1000","t_us":1790242134309159,"ev":"page_build","i":921}
Sep 24 15:13:54.309255 Runner(Flutter)[2653] <Notice>: dartnative: ##BENCH## {"tag":"feed1000","t_us":1790242134309210,"ev":"page_build","i":922}
Sep 24 15:13:54.309295 Runner(Flutter)[2653] <Notice>: dartnative: ##BENCH## {"tag":"feed1000","t_us":1790242134309256,"ev":"page_build","i":923}
Sep 24 15:13:54.309385 Runner(Flutter)[2653] <Notice>: dartnative: ##BENCH## {"tag":"feed1000","t_us":1790242134309302,"ev":"page_build","i":924}
Sep 24 15:13:54.309399 Runner(Flutter)[2653] <Notice>: dartnative: ##BENCH## {"tag":"feed1000","t_us":1790242134309350,"ev":"page_build","i":925}
Sep 24 15:13:54.309444 Runner(Flutter)[2653] <Notice>: dartnative: ##BENCH## {"tag":"feed1000","t_us":1790242134309383,"ev":"page_build","i":926}
Sep 24 15:13:54.309487 Runner(Flutter)[2653] <Notice>: dartnative: ##BENCH## {"tag":"feed1000","t_us":1790242134309438,"ev":"page_build","i":927}
Sep 24 15:13:54.309623 Runner(Flutter)[2653] <Notice>: dartnative: ##BENCH## {"tag":"feed1000","t_us":1790242134309519,"ev":"page_build","i":928}
Sep 24 15:13:54.309638 Runner(Flutter)[2653] <Notice>: dartnative: ##BENCH## {"tag":"feed1000","t_us":1790242134309556,"ev":"page_build","i":929}
Sep 24 15:13:54.309646 Runner(Flutter)[2653] <Notice>: dartnative: ##BENCH## {"tag":"feed1000","t_us":1790242134309590,"ev":"page_build","i":930}
Sep 24 15:13:54.309706 Runner(Flutter)[2653] <Notice>: dartnative: ##BENCH## {"tag":"feed1000","t_us":1790242134309622,"ev":"page_build","i":931}
Sep 24 15:13:54.309733 Runner(Flutter)[2653] <Notice>: dartnative: ##BENCH## {"tag":"feed1000","t_us":1790242134309692,"ev":"page_build","i":932}
Sep 24 15:13:54.309779 Runner(Flutter)[2653] <Notice>: dartnative: ##BENCH## {"tag":"feed1000","t_us":1790242134309740,"ev":"page_build","i":933}
Sep 24 15:13:54.309868 Runner(Flutter)[2653] <Notice>: dartnative: ##BENCH## {"tag":"feed1000","t_us":1790242134309781,"ev":"page_build","i":934}
Sep 24 15:13:54.309882 Runner(Flutter)[2653] <Notice>: dartnative: ##BENCH## {"tag":"feed1000","t_us":1790242134309830,"ev":"page_build","i":935}
Sep 24 15:13:54.309920 Runner(Flutter)[2653] <Notice>: dartnative: ##BENCH## {"tag":"feed1000","t_us":1790242134309864,"ev":"page_build","i":936}
Sep 24 15:13:54.310016 Runner(Flutter)[2653] <Notice>: dartnative: ##BENCH## {"tag":"feed1000","t_us":1790242134309958,"ev":"page_build","i":937}
Sep 24 15:13:54.310045 Runner(Flutter)[2653] <Notice>: dartnative: ##BENCH## {"tag":"feed1000","t_us":1790242134309995,"ev":"page_build","i":938}
Sep 24 15:13:54.310072 Runner(Flutter)[2653] <Notice>: dartnative: ##BENCH## {"tag":"feed1000","t_us":1790242134310033,"ev":"page_build","i":939}
Sep 24 15:13:54.310164 Runner(Flutter)[2653] <Notice>: dartnative: ##BENCH## {"tag":"feed1000","t_us":1790242134310100,"ev":"page_build","i":940}
Sep 24 15:13:54.310179 Runner(Flutter)[2653] <Notice>: dartnative: ##BENCH## {"tag":"feed1000","t_us":1790242134310137,"ev":"page_build","i":941}
Sep 24 15:13:54.310238 Runner(Flutter)[2653] <Notice>: dartnative: ##BENCH## {"tag":"feed1000","t_us":1790242134310170,"ev":"page_build","i":942}
Sep 24 15:13:54.310274 Runner(Flutter)[2653] <Notice>: dartnative: ##BENCH## {"tag":"feed1000","t_us":1790242134310217,"ev":"page_build","i":943}
Sep 24 15:13:54.310322 Runner(Flutter)[2653] <Notice>: dartnative: ##BENCH## {"tag":"feed1000","t_us":1790242134310275,"ev":"page_build","i":944}
Sep 24 15:13:54.310382 Runner(Flutter)[2653] <Notice>: dartnative: ##BENCH## {"tag":"feed1000","t_us":1790242134310320,"ev":"page_build","i":945}
Sep 24 15:13:54.310465 Runner(Flutter)[2653] <Notice>: dartnative: ##BENCH## {"tag":"feed1000","t_us":1790242134310380,"ev":"page_build","i":946}
Sep 24 15:13:54.310480 Runner(Flutter)[2653] <Notice>: dartnative: ##BENCH## {"tag":"feed1000","t_us":1790242134310427,"ev":"page_build","i":947}
Sep 24 15:13:54.310516 Runner(Flutter)[2653] <Notice>: dartnative: ##BENCH## {"tag":"feed1000","t_us":1790242134310464,"ev":"page_build","i":948}
Sep 24 15:13:54.310586 Runner(Flutter)[2653] <Notice>: dartnative: ##BENCH## {"tag":"feed1000","t_us":1790242134310518,"ev":"page_build","i":949}
Sep 24 15:13:54.310631 Runner(Flutter)[2653] <Notice>: dartnative: ##BENCH## {"tag":"feed1000","t_us":1790242134310578,"ev":"page_build","i":950}
Sep 24 15:13:54.310685 Runner(Flutter)[2653] <Notice>: dartnative: ##BENCH## {"tag":"feed1000","t_us":1790242134310623,"ev":"page_build","i":951}
Sep 24 15:13:54.310732 Runner(Flutter)[2653] <Notice>: dartnative: ##BENCH## {"tag":"feed1000","t_us":1790242134310686,"ev":"page_build","i":952}
Sep 24 15:13:54.310788 Runner(Flutter)[2653] <Notice>: dartnative: ##BENCH## {"tag":"feed1000","t_us":1790242134310735,"ev":"page_build","i":953}
Sep 24 15:13:54.310835 Runner(Flutter)[2653] <Notice>: dartnative: ##BENCH## {"tag":"feed1000","t_us":1790242134310789,"ev":"page_build","i":954}
Sep 24 15:13:54.310902 Runner(Flutter)[2653] <Notice>: dartnative: ##BENCH## {"tag":"feed1000","t_us":1790242134310832,"ev":"page_build","i":955}
Sep 24 15:13:54.310951 Runner(Flutter)[2653] <Notice>: dartnative: ##BENCH## {"tag":"feed1000","t_us":1790242134310886,"ev":"page_build","i":956}
Sep 24 15:13:54.310992 Runner(Flutter)[2653] <Notice>: dartnative: ##BENCH## {"tag":"feed1000","t_us":1790242134310936,"ev":"page_build","i":957}
Sep 24 15:13:54.311043 Runner(Flutter)[2653] <Notice>: dartnative: ##BENCH## {"tag":"feed1000","t_us":1790242134310985,"ev":"page_build","i":958}
Sep 24 15:13:54.311083 Runner(Flutter)[2653] <Notice>: dartnative: ##BENCH## {"tag":"feed1000","t_us":1790242134311042,"ev":"page_build","i":959}
Sep 24 15:13:54.311133 Runner(Flutter)[2653] <Notice>: dartnative: ##BENCH## {"tag":"feed1000","t_us":1790242134311086,"ev":"page_build","i":960}
Sep 24 15:13:54.311217 Runner(Flutter)[2653] <Notice>: dartnative: ##BENCH## {"tag":"feed1000","t_us":1790242134311137,"ev":"page_build","i":961}
Sep 24 15:13:54.311232 Runner(Flutter)[2653] <Notice>: dartnative: ##BENCH## {"tag":"feed1000","t_us":1790242134311179,"ev":"page_build","i":962}
Sep 24 15:13:54.311260 Runner(Flutter)[2653] <Notice>: dartnative: ##BENCH## {"tag":"feed1000","t_us":1790242134311210,"ev":"page_build","i":963}
Sep 24 15:13:54.311320 Runner(Flutter)[2653] <Notice>: dartnative: ##BENCH## {"tag":"feed1000","t_us":1790242134311268,"ev":"page_build","i":964}
Sep 24 15:13:54.311362 Runner(Flutter)[2653] <Notice>: dartnative: ##BENCH## {"tag":"feed1000","t_us":1790242134311321,"ev":"page_build","i":965}
Sep 24 15:13:54.311452 Runner(Flutter)[2653] <Notice>: dartnative: ##BENCH## {"tag":"feed1000","t_us":1790242134311368,"ev":"page_build","i":966}
Sep 24 15:13:54.311467 Runner(Flutter)[2653] <Notice>: dartnative: ##BENCH## {"tag":"feed1000","t_us":1790242134311421,"ev":"page_build","i":967}
Sep 24 15:13:54.311507 Runner(Flutter)[2653] <Notice>: dartnative: ##BENCH## {"tag":"feed1000","t_us":1790242134311452,"ev":"page_build","i":968}
Sep 24 15:13:54.311561 Runner(Flutter)[2653] <Notice>: dartnative: ##BENCH## {"tag":"feed1000","t_us":1790242134311504,"ev":"page_build","i":969}
Sep 24 15:13:54.311604 Runner(Flutter)[2653] <Notice>: dartnative: ##BENCH## {"tag":"feed1000","t_us":1790242134311553,"ev":"page_build","i":970}
Sep 24 15:13:54.311654 Runner(Flutter)[2653] <Notice>: dartnative: ##BENCH## {"tag":"feed1000","t_us":1790242134311595,"ev":"page_build","i":971}
Sep 24 15:13:54.311730 Runner(Flutter)[2653] <Notice>: dartnative: ##BENCH## {"tag":"feed1000","t_us":1790242134311653,"ev":"page_build","i":972}
Sep 24 15:13:54.311746 Runner(Flutter)[2653] <Notice>: dartnative: ##BENCH## {"tag":"feed1000","t_us":1790242134311699,"ev":"page_build","i":973}
Sep 24 15:13:54.311775 Runner(Flutter)[2653] <Notice>: dartnative: ##BENCH## {"tag":"feed1000","t_us":1790242134311730,"ev":"page_build","i":974}
Sep 24 15:13:54.311867 Runner(Flutter)[2653] <Notice>: dartnative: ##BENCH## {"tag":"feed1000","t_us":1790242134311788,"ev":"page_build","i":975}
Sep 24 15:13:54.311884 Runner(Flutter)[2653] <Notice>: dartnative: ##BENCH## {"tag":"feed1000","t_us":1790242134311844,"ev":"page_build","i":976}
Sep 24 15:13:54.311934 Runner(Flutter)[2653] <Notice>: dartnative: ##BENCH## {"tag":"feed1000","t_us":1790242134311875,"ev":"page_build","i":977}
Sep 24 15:13:54.311998 Runner(Flutter)[2653] <Notice>: dartnative: ##BENCH## {"tag":"feed1000","t_us":1790242134311933,"ev":"page_build","i":978}
Sep 24 15:13:54.312045 Runner(Flutter)[2653] <Notice>: dartnative: ##BENCH## {"tag":"feed1000","t_us":1790242134311993,"ev":"page_build","i":979}
Sep 24 15:13:54.312105 Runner(Flutter)[2653] <Notice>: dartnative: ##BENCH## {"tag":"feed1000","t_us":1790242134312046,"ev":"page_build","i":980}
Sep 24 15:13:54.312148 Runner(Flutter)[2653] <Notice>: dartnative: ##BENCH## {"tag":"feed1000","t_us":1790242134312105,"ev":"page_build","i":981}
Sep 24 15:13:54.312201 Runner(Flutter)[2653] <Notice>: dartnative: ##BENCH## {"tag":"feed1000","t_us":1790242134312152,"ev":"page_build","i":982}
Sep 24 15:13:54.312248 Runner(Flutter)[2653] <Notice>: dartnative: ##BENCH## {"tag":"feed1000","t_us":1790242134312194,"ev":"page_build","i":983}
Sep 24 15:13:54.312284 Runner(Flutter)[2653] <Notice>: dartnative: ##BENCH## {"tag":"feed1000","t_us":1790242134312238,"ev":"page_build","i":984}
Sep 24 15:13:54.312334 Runner(Flutter)[2653] <Notice>: dartnative: ##BENCH## {"tag":"feed1000","t_us":1790242134312279,"ev":"page_build","i":985}
Sep 24 15:13:54.312372 Runner(Flutter)[2653] <Notice>: dartnative: ##BENCH## {"tag":"feed1000","t_us":1790242134312325,"ev":"page_build","i":986}
Sep 24 15:13:54.312424 Runner(Flutter)[2653] <Notice>: dartnative: ##BENCH## {"tag":"feed1000","t_us":1790242134312377,"ev":"page_build","i":987}
Sep 24 15:13:54.312524 Runner(Flutter)[2653] <Notice>: dartnative: ##BENCH## {"tag":"feed1000","t_us":1790242134312431,"ev":"page_build","i":988}
Sep 24 15:13:54.312538 Runner(Flutter)[2653] <Notice>: dartnative: ##BENCH## {"tag":"feed1000","t_us":1790242134312490,"ev":"page_build","i":989}
Sep 24 15:13:54.312579 Runner(Flutter)[2653] <Notice>: dartnative: ##BENCH## {"tag":"feed1000","t_us":1790242134312522,"ev":"page_build","i":990}
Sep 24 15:13:54.312632 Runner(Flutter)[2653] <Notice>: dartnative: ##BENCH## {"tag":"feed1000","t_us":1790242134312573,"ev":"page_build","i":991}
Sep 24 15:13:54.312675 Runner(Flutter)[2653] <Notice>: dartnative: ##BENCH## {"tag":"feed1000","t_us":1790242134312632,"ev":"page_build","i":992}
Sep 24 15:13:54.312768 Runner(Flutter)[2653] <Notice>: dartnative: ##BENCH## {"tag":"feed1000","t_us":1790242134312681,"ev":"page_build","i":993}
Sep 24 15:13:54.312782 Runner(Flutter)[2653] <Notice>: dartnative: ##BENCH## {"tag":"feed1000","t_us":1790242134312731,"ev":"page_build","i":994}
Sep 24 15:13:54.312818 Runner(Flutter)[2653] <Notice>: dartnative: ##BENCH## {"tag":"feed1000","t_us":1790242134312768,"ev":"page_build","i":995}
Sep 24 15:13:54.312867 Runner(Flutter)[2653] <Notice>: dartnative: ##BENCH## {"tag":"feed1000","t_us":1790242134312820,"ev":"page_build","i":996}
Sep 24 15:13:54.312910 Runner(Flutter)[2653] <Notice>: dartnative: ##BENCH## {"tag":"feed1000","t_us":1790242134312869,"ev":"page_build","i":997}
Sep 24 15:13:54.313000 Runner(Flutter)[2653] <Notice>: dartnative: ##BENCH## {"tag":"feed1000","t_us":1790242134312918,"ev":"page_build","i":998}
Sep 24 15:13:54.313018 Runner(Flutter)[2653] <Notice>: dartnative: ##BENCH## {"tag":"feed1000","t_us":1790242134312972,"ev":"page_build","i":999}

Exiting...
[disconnected:00008140-001A2D4136BB001C]
