[connected:00008140-001A2D4136BB001C]
Sep 24 15:14:20.688085 Runner(Flutter)[2657] <Notice>: dartnative: ##BENCH## {"tag":"feed1000","t_us":1790242160685354,"ev":"main_enter"}
Sep 24 15:14:20.690958 Runner(Flutter)[2657] <Notice>: dartnative: ##BENCH## {"tag":"feed1000","t_us":1790242160690892,"ev":"media_configure_start"}
Sep 24 15:14:20.781647 Runner(Flutter)[2657] <Notice>: dartnative: ##BENCH## {"tag":"feed1000","t_us":1790242160772873,"ev":"media_configure_end"}
Sep 24 15:14:20.781765 Runner(Flutter)[2657] <Notice>: dartnative: ##BENCH## {"tag":"feed1000","t_us":1790242160772963,"ev":"run_app"}
Sep 24 15:14:20.786565 Runner(Flutter)[2657] <Notice>: dartnative: ##BENCH## {"tag":"feed1000","t_us":1790242160776812,"ev":"ctrl_create","i":0,"src":"network"}
Sep 24 15:14:20.843217 Runner(Flutter)[2657] <Notice>: dartnative: ##BENCH## {"tag":"feed1000","t_us":1790242160826555,"ev":"ctrl_create","i":1,"src":"network"}
Sep 24 15:14:20.847152 Runner(Flutter)[2657] <Notice>: dartnative: ##BENCH## {"tag":"feed1000","t_us":1790242160838109,"ev":"ctrl_create","i":2,"src":"network"}
Sep 24 15:14:20.863301 Runner(Flutter)[2657] <Notice>: dartnative: ##BENCH## {"tag":"feed1000","t_us":1790242160862165,"ev":"page_build","i":0}
Sep 24 15:14:20.863319 Runner(Flutter)[2657] <Notice>: dartnative: ##BENCH## {"tag":"feed1000","t_us":1790242160862351,"ev":"page_build","i":1}
Sep 24 15:14:20.863387 Runner(Flutter)[2657] <Notice>: dartnative: ##BENCH## {"tag":"feed1000","t_us":1790242160862479,"ev":"page_build","i":2}
Sep 24 15:14:20.863419 Runner(Flutter)[2657] <Notice>: dartnative: ##BENCH## {"tag":"feed1000","t_us":1790242160862646,"ev":"page_build","i":3}
Sep 24 15:14:20.863441 Runner(Flutter)[2657] <Notice>: dartnative: ##BENCH## {"tag":"feed1000","t_us":1790242160862772,"ev":"page_build","i":4}
Sep 24 15:14:20.863462 Runner(Flutter)[2657] <Notice>: dartnative: ##BENCH## {"tag":"feed1000","t_us":1790242160862858,"ev":"page_build","i":5}
Sep 24 15:14:20.863494 Runner(Flutter)[2657] <Notice>: dartnative: ##BENCH## {"tag":"feed1000","t_us":1790242160862898,"ev":"page_build","i":6}
Sep 24 15:14:20.863514 Runner(Flutter)[2657] <Notice>: dartnative: ##BENCH## {"tag":"feed1000","t_us":1790242160862989,"ev":"page_build","i":7}
Sep 24 15:14:20.863521 Runner(Flutter)[2657] <Notice>: dartnative: ##BENCH## {"tag":"feed1000","t_us":1790242160863046,"ev":"page_build","i":8}
Sep 24 15:14:20.863528 Runner(Flutter)[2657] <Notice>: dartnative: ##BENCH## {"tag":"feed1000","t_us":1790242160863085,"ev":"page_build","i":9}
Sep 24 15:14:20.863544 Runner(Flutter)[2657] <Notice>: dartnative: ##BENCH## {"tag":"feed1000","t_us":1790242160863147,"ev":"page_build","i":10}
Sep 24 15:14:20.863603 Runner(Flutter)[2657] <Notice>: dartnative: ##BENCH## {"tag":"feed1000","t_us":1790242160863204,"ev":"page_build","i":11}
Sep 24 15:14:20.863623 Runner(Flutter)[2657] <Notice>: dartnative: ##BENCH## {"tag":"feed1000","t_us":1790242160863260,"ev":"page_build","i":12}
Sep 24 15:14:20.863729 Runner(Flutter)[2657] <Notice>: dartnative: ##BENCH## {"tag":"feed1000","t_us":1790242160863348,"ev":"page_build","i":13}
Sep 24 15:14:20.863833 Runner(Flutter)[2657] <Notice>: dartnative: ##BENCH## {"tag":"feed1000","t_us":1790242160863416,"ev":"page_build","i":14}
Sep 24 15:14:20.863931 Runner(Flutter)[2657] <Notice>: dartnative: ##BENCH## {"tag":"feed1000","t_us":1790242160863460,"ev":"page_build","i":15}
Sep 24 15:14:20.863961 Runner(Flutter)[2657] <Notice>: dartnative: ##BENCH## {"tag":"feed1000","t_us":1790242160863480,"ev":"page_build","i":16}
Sep 24 15:14:20.863999 Runner(Flutter)[2657] <Notice>: dartnative: ##BENCH## {"tag":"feed1000","t_us":1790242160863502,"ev":"page_build","i":17}
Sep 24 15:14:20.864006 Runner(Flutter)[2657] <Notice>: dartnative: ##BENCH## {"tag":"feed1000","t_us":1790242160863535,"ev":"page_build","i":18}
Sep 24 15:14:20.864107 Runner(Flutter)[2657] <Notice>: dartnative: ##BENCH## {"tag":"feed1000","t_us":1790242160863579,"ev":"page_build","i":19}
Sep 24 15:14:20.864148 Runner(Flutter)[2657] <Notice>: dartnative: ##BENCH## {"tag":"feed1000","t_us":1790242160863627,"ev":"page_build","i":20}
Sep 24 15:14:20.864280 Runner(Flutter)[2657] <Notice>: dartnative: ##BENCH## {"tag":"feed1000","t_us":1790242160863699,"ev":"page_build","i":21}
Sep 24 15:14:20.864502 Runner(Flutter)[2657] <Notice>: dartnative: ##BENCH## {"tag":"feed1000","t_us":1790242160863753,"ev":"page_build","i":22}
Sep 24 15:14:20.864594 Runner(Flutter)[2657] <Notice>: dartnative: ##BENCH## {"tag":"feed1000","t_us":1790242160863833,"ev":"page_build","i":23}
Sep 24 15:14:20.864618 Runner(Flutter)[2657] <Notice>: dartnative: ##BENCH## {"tag":"feed1000","t_us":1790242160863877,"ev":"page_build","i":24}
Sep 24 15:14:20.864636 Runner(Flutter)[2657] <Notice>: dartnative: ##BENCH## {"tag":"feed1000","t_us":1790242160863901,"ev":"page_build","i":25}
Sep 24 15:14:20.864667 Runner(Flutter)[2657] <Notice>: dartnative: ##BENCH## {"tag":"feed1000","t_us":1790242160863930,"ev":"page_build","i":26}
Sep 24 15:14:20.864835 Runner(Flutter)[2657] <Notice>: dartnative: ##BENCH## {"tag":"feed1000","t_us":1790242160863982,"ev":"page_build","i":27}
Sep 24 15:14:20.864857 Runner(Flutter)[2657] <Notice>: dartnative: ##BENCH## {"tag":"feed1000","t_us":1790242160864100,"ev":"page_build","i":28}
Sep 24 15:14:20.864889 Runner(Flutter)[2657] <Notice>: dartnative: ##BENCH## {"tag":"feed1000","t_us":1790242160864124,"ev":"page_build","i":29}
Sep 24 15:14:20.864991 Runner(Flutter)[2657] <Notice>: dartnative: ##BENCH## {"tag":"feed1000","t_us":1790242160864179,"ev":"page_build","i":30}
Sep 24 15:14:20.865009 Runner(Flutter)[2657] <Notice>: dartnative: ##BENCH## {"tag":"feed1000","t_us":1790242160864368,"ev":"page_build","i":31}
Sep 24 15:14:20.865017 Runner(Flutter)[2657] <Notice>: dartnative: ##BENCH## {"tag":"feed1000","t_us":1790242160864376,"ev":"page_build","i":32}
Sep 24 15:14:20.865046 Runner(Flutter)[2657] <Notice>: dartnative: ##BENCH## {"tag":"feed1000","t_us":1790242160864382,"ev":"page_build","i":33}
Sep 24 15:14:20.865079 Runner(Flutter)[2657] <Notice>: dartnative: ##BENCH## {"tag":"feed1000","t_us":1790242160864390,"ev":"page_build","i":34}
Sep 24 15:14:20.865105 Runner(Flutter)[2657] <Notice>: dartnative: ##BENCH## {"tag":"feed1000","t_us":1790242160864408,"ev":"page_build","i":35}
Sep 24 15:14:20.865137 Runner(Flutter)[2657] <Notice>: dartnative: ##BENCH## {"tag":"feed1000","t_us":1790242160864430,"ev":"page_build","i":36}
Sep 24 15:14:20.865158 Runner(Flutter)[2657] <Notice>: dartnative: ##BENCH## {"tag":"feed1000","t_us":1790242160864462,"ev":"page_build","i":37}
Sep 24 15:14:20.865166 Runner(Flutter)[2657] <Notice>: dartnative: ##BENCH## {"tag":"feed1000","t_us":1790242160864496,"ev":"page_build","i":38}
Sep 24 15:14:20.865199 Runner(Flutter)[2657] <Notice>: dartnative: ##BENCH## {"tag":"feed1000","t_us":1790242160864515,"ev":"page_build","i":39}
Sep 24 15:14:20.865304 Runner(Flutter)[2657] <Notice>: dartnative: ##BENCH## {"tag":"feed1000","t_us":1790242160864587,"ev":"page_build","i":40}
Sep 24 15:14:20.865442 Runner(Flutter)[2657] <Notice>: dartnative: ##BENCH## {"tag":"feed1000","t_us":1790242160864630,"ev":"page_build","i":41}
Sep 24 15:14:20.865464 Runner(Flutter)[2657] <Notice>: dartnative: ##BENCH## {"tag":"feed1000","t_us":1790242160864693,"ev":"page_build","i":42}
Sep 24 15:14:20.865487 Runner(Flutter)[2657] <Notice>: dartnative: ##BENCH## {"tag":"feed1000","t_us":1790242160864764,"ev":"page_build","i":43}
Sep 24 15:14:20.865496 Runner(Flutter)[2657] <Notice>: dartnative: ##BENCH## {"tag":"feed1000","t_us":1790242160864824,"ev":"page_build","i":44}
Sep 24 15:14:20.865505 Runner(Flutter)[2657] <Notice>: dartnative: ##BENCH## {"tag":"feed1000","t_us":1790242160864881,"ev":"page_build","i":45}
Sep 24 15:14:20.865547 Runner(Flutter)[2657] <Notice>: dartnative: ##BENCH## {"tag":"feed1000","t_us":1790242160864919,"ev":"page_build","i":46}
Sep 24 15:14:20.865591 Runner(Flutter)[2657] <Notice>: dartnative: ##BENCH## {"tag":"feed1000","t_us":1790242160864954,"ev":"page_build","i":47}
Sep 24 15:14:20.865607 Runner(Flutter)[2657] <Notice>: dartnative: ##BENCH## {"tag":"feed1000","t_us":1790242160865030,"ev":"page_build","i":48}
Sep 24 15:14:20.865678 Runner(Flutter)[2657] <Notice>: dartnative: ##BENCH## {"tag":"feed1000","t_us":1790242160865128,"ev":"page_build","i":49}
Sep 24 15:14:20.865729 Runner(Flutter)[2657] <Notice>: dartnative: ##BENCH## {"tag":"feed1000","t_us":1790242160865199,"ev":"page_build","i":50}
Sep 24 15:14:20.865772 Runner(Flutter)[2657] <Notice>: dartnative: ##BENCH## {"tag":"feed1000","t_us":1790242160865277,"ev":"page_build","i":51}
Sep 24 15:14:20.865913 Runner(Flutter)[2657] <Notice>: dartnative: ##BENCH## {"tag":"feed1000","t_us":1790242160865329,"ev":"page_build","i":52}
Sep 24 15:14:20.865998 Runner(Flutter)[2657] <Notice>: dartnative: ##BENCH## {"tag":"feed1000","t_us":1790242160865377,"ev":"page_build","i":53}
Sep 24 15:14:20.866058 Runner(Flutter)[2657] <Notice>: dartnative: ##BENCH## {"tag":"feed1000","t_us":1790242160865449,"ev":"page_build","i":54}
Sep 24 15:14:20.866163 Runner(Flutter)[2657] <Notice>: dartnative: ##BENCH## {"tag":"feed1000","t_us":1790242160865558,"ev":"page_build","i":55}
Sep 24 15:14:20.866295 Runner(Flutter)[2657] <Notice>: dartnative: ##BENCH## {"tag":"feed1000","t_us":1790242160865640,"ev":"page_build","i":56}
Sep 24 15:14:20.866354 Runner(Flutter)[2657] <Notice>: dartnative: ##BENCH## {"tag":"feed1000","t_us":1790242160865707,"ev":"page_build","i":57}
Sep 24 15:14:20.866418 Runner(Flutter)[2657] <Notice>: dartnative: ##BENCH## {"tag":"feed1000","t_us":1790242160865791,"ev":"page_build","i":58}
Sep 24 15:14:20.866479 Runner(Flutter)[2657] <Notice>: dartnative: ##BENCH## {"tag":"feed1000","t_us":1790242160865903,"ev":"page_build","i":59}
Sep 24 15:14:20.866574 Runner(Flutter)[2657] <Notice>: dartnative: ##BENCH## {"tag":"feed1000","t_us":1790242160865991,"ev":"page_build","i":60}
Sep 24 15:14:20.866681 Runner(Flutter)[2657] <Notice>: dartnative: ##BENCH## {"tag":"feed1000","t_us":1790242160866068,"ev":"page_build","i":61}
Sep 24 15:14:20.866735 Runner(Flutter)[2657] <Notice>: dartnative: ##BENCH## {"tag":"feed1000","t_us":1790242160866119,"ev":"page_build","i":62}
Sep 24 15:14:20.866777 Runner(Flutter)[2657] <Notice>: dartnative: ##BENCH## {"tag":"feed1000","t_us":1790242160866220,"ev":"page_build","i":63}
Sep 24 15:14:20.866843 Runner(Flutter)[2657] <Notice>: dartnative: ##BENCH## {"tag":"feed1000","t_us":1790242160866280,"ev":"page_build","i":64}
Sep 24 15:14:20.866912 Runner(Flutter)[2657] <Notice>: dartnative: ##BENCH## {"tag":"feed1000","t_us":1790242160866353,"ev":"page_build","i":65}
Sep 24 15:14:20.866969 Runner(Flutter)[2657] <Notice>: dartnative: ##BENCH## {"tag":"feed1000","t_us":1790242160866439,"ev":"page_build","i":66}
Sep 24 15:14:20.867040 Runner(Flutter)[2657] <Notice>: dartnative: ##BENCH## {"tag":"feed1000","t_us":1790242160866503,"ev":"page_build","i":67}
Sep 24 15:14:20.867088 Runner(Flutter)[2657] <Notice>: dartnative: ##BENCH## {"tag":"feed1000","t_us":1790242160866578,"ev":"page_build","i":68}
Sep 24 15:14:20.867189 Runner(Flutter)[2657] <Notice>: dartnative: ##BENCH## {"tag":"feed1000","t_us":1790242160866637,"ev":"page_build","i":69}
Sep 24 15:14:20.867228 Runner(Flutter)[2657] <Notice>: dartnative: ##BENCH## {"tag":"feed1000","t_us":1790242160866695,"ev":"page_build","i":70}
Sep 24 15:14:20.867240 Runner(Flutter)[2657] <Notice>: dartnative: ##BENCH## {"tag":"feed1000","t_us":1790242160866789,"ev":"page_build","i":71}
Sep 24 15:14:20.867311 Runner(Flutter)[2657] <Notice>: dartnative: ##BENCH## {"tag":"feed1000","t_us":1790242160866872,"ev":"page_build","i":72}
Sep 24 15:14:20.867341 Runner(Flutter)[2657] <Notice>: dartnative: ##BENCH## {"tag":"feed1000","t_us":1790242160866915,"ev":"page_build","i":73}
Sep 24 15:14:20.867378 Runner(Flutter)[2657] <Notice>: dartnative: ##BENCH## {"tag":"feed1000","t_us":1790242160866993,"ev":"page_build","i":74}
Sep 24 15:14:20.867421 Runner(Flutter)[2657] <Notice>: dartnative: ##BENCH## {"tag":"feed1000","t_us":1790242160867056,"ev":"page_build","i":75}
Sep 24 15:14:20.867444 Runner(Flutter)[2657] <Notice>: dartnative: ##BENCH## {"tag":"feed1000","t_us":1790242160867095,"ev":"page_build","i":76}
Sep 24 15:14:20.867495 Runner(Flutter)[2657] <Notice>: dartnative: ##BENCH## {"tag":"feed1000","t_us":1790242160867156,"ev":"page_build","i":77}
Sep 24 15:14:20.867556 Runner(Flutter)[2657] <Notice>: dartnative: ##BENCH## {"tag":"feed1000","t_us":1790242160867205,"ev":"page_build","i":78}
Sep 24 15:14:20.867614 Runner(Flutter)[2657] <Notice>: dartnative: ##BENCH## {"tag":"feed1000","t_us":1790242160867241,"ev":"page_build","i":79}
Sep 24 15:14:20.867629 Runner(Flutter)[2657] <Notice>: dartnative: ##BENCH## {"tag":"feed1000","t_us":1790242160867306,"ev":"page_build","i":80}
Sep 24 15:14:20.867636 Runner(Flutter)[2657] <Notice>: dartnative: ##BENCH## {"tag":"feed1000","t_us":1790242160867343,"ev":"page_build","i":81}
Sep 24 15:14:20.867661 Runner(Flutter)[2657] <Notice>: dartnative: ##BENCH## {"tag":"feed1000","t_us":1790242160867377,"ev":"page_build","i":82}
Sep 24 15:14:20.867724 Runner(Flutter)[2657] <Notice>: dartnative: ##BENCH## {"tag":"feed1000","t_us":1790242160867440,"ev":"page_build","i":83}
Sep 24 15:14:20.867760 Runner(Flutter)[2657] <Notice>: dartnative: ##BENCH## {"tag":"feed1000","t_us":1790242160867484,"ev":"page_build","i":84}
Sep 24 15:14:20.867791 Runner(Flutter)[2657] <Notice>: dartnative: ##BENCH## {"tag":"feed1000","t_us":1790242160867507,"ev":"page_build","i":85}
Sep 24 15:14:20.867815 Runner(Flutter)[2657] <Notice>: dartnative: ##BENCH## {"tag":"feed1000","t_us":1790242160867588,"ev":"page_build","i":86}
Sep 24 15:14:20.867864 Runner(Flutter)[2657] <Notice>: dartnative: ##BENCH## {"tag":"feed1000","t_us":1790242160867598,"ev":"page_build","i":87}
Sep 24 15:14:20.867900 Runner(Flutter)[2657] <Notice>: dartnative: ##BENCH## {"tag":"feed1000","t_us":1790242160867615,"ev":"page_build","i":88}
Sep 24 15:14:20.867939 Runner(Flutter)[2657] <Notice>: dartnative: ##BENCH## {"tag":"feed1000","t_us":1790242160867659,"ev":"page_build","i":89}
Sep 24 15:14:20.867996 Runner(Flutter)[2657] <Notice>: dartnative: ##BENCH## {"tag":"feed1000","t_us":1790242160867668,"ev":"page_build","i":90}
Sep 24 15:14:20.868011 Runner(Flutter)[2657] <Notice>: dartnative: ##BENCH## {"tag":"feed1000","t_us":1790242160867741,"ev":"page_build","i":91}
Sep 24 15:14:20.868019 Runner(Flutter)[2657] <Notice>: dartnative: ##BENCH## {"tag":"feed1000","t_us":1790242160867764,"ev":"page_build","i":92}
Sep 24 15:14:20.868039 Runner(Flutter)[2657] <Notice>: dartnative: ##BENCH## {"tag":"feed1000","t_us":1790242160867790,"ev":"page_build","i":93}
Sep 24 15:14:20.868064 Runner(Flutter)[2657] <Notice>: dartnative: ##BENCH## {"tag":"feed1000","t_us":1790242160867842,"ev":"page_build","i":94}
Sep 24 15:14:20.868084 Runner(Flutter)[2657] <Notice>: dartnative: ##BENCH## {"tag":"feed1000","t_us":1790242160867866,"ev":"page_build","i":95}
Sep 24 15:14:20.868102 Runner(Flutter)[2657] <Notice>: dartnative: ##BENCH## {"tag":"feed1000","t_us":1790242160867903,"ev":"page_build","i":96}
Sep 24 15:14:20.868123 Runner(Flutter)[2657] <Notice>: dartnative: ##BENCH## {"tag":"feed1000","t_us":1790242160867942,"ev":"page_build","i":97}
Sep 24 15:14:20.868156 Runner(Flutter)[2657] <Notice>: dartnative: ##BENCH## {"tag":"feed1000","t_us":1790242160867989,"ev":"page_build","i":98}
Sep 24 15:14:20.868181 Runner(Flutter)[2657] <Notice>: dartnative: ##BENCH## {"tag":"feed1000","t_us":1790242160868022,"ev":"page_build","i":99}
Sep 24 15:14:20.868204 Runner(Flutter)[2657] <Notice>: dartnative: ##BENCH## {"tag":"feed1000","t_us":1790242160868076,"ev":"page_build","i":100}
Sep 24 15:14:20.868252 Runner(Flutter)[2657] <Notice>: dartnative: ##BENCH## {"tag":"feed1000","t_us":1790242160868084,"ev":"page_build","i":101}
Sep 24 15:14:20.868271 Runner(Flutter)[2657] <Notice>: dartnative: ##BENCH## {"tag":"feed1000","t_us":1790242160868090,"ev":"page_build","i":102}
Sep 24 15:14:20.868296 Runner(Flutter)[2657] <Notice>: dartnative: ##BENCH## {"tag":"feed1000","t_us":1790242160868098,"ev":"page_build","i":103}
Sep 24 15:14:20.868306 Runner(Flutter)[2657] <Notice>: dartnative: ##BENCH## {"tag":"feed1000","t_us":1790242160868104,"ev":"page_build","i":104}
Sep 24 15:14:20.868354 Runner(Flutter)[2657] <Notice>: dartnative: ##BENCH## {"tag":"feed1000","t_us":1790242160868123,"ev":"page_build","i":105}
Sep 24 15:14:20.868403 Runner(Flutter)[2657] <Notice>: dartnative: ##BENCH## {"tag":"feed1000","t_us":1790242160868162,"ev":"page_build","i":106}
Sep 24 15:14:20.868423 Runner(Flutter)[2657] <Notice>: dartnative: ##BENCH## {"tag":"feed1000","t_us":1790242160868204,"ev":"page_build","i":107}
Sep 24 15:14:20.868457 Runner(Flutter)[2657] <Notice>: dartnative: ##BENCH## {"tag":"feed1000","t_us":1790242160868230,"ev":"page_build","i":108}
Sep 24 15:14:20.868474 Runner(Flutter)[2657] <Notice>: dartnative: ##BENCH## {"tag":"feed1000","t_us":1790242160868254,"ev":"page_build","i":109}
Sep 24 15:14:20.868493 Runner(Flutter)[2657] <Notice>: dartnative: ##BENCH## {"tag":"feed1000","t_us":1790242160868281,"ev":"page_build","i":110}
Sep 24 15:14:20.868563 Runner(Flutter)[2657] <Notice>: dartnative: ##BENCH## {"tag":"feed1000","t_us":1790242160868290,"ev":"page_build","i":111}
Sep 24 15:14:20.868627 Runner(Flutter)[2657] <Notice>: dartnative: ##BENCH## {"tag":"feed1000","t_us":1790242160868324,"ev":"page_build","i":112}
Sep 24 15:14:20.868645 Runner(Flutter)[2657] <Notice>: dartnative: ##BENCH## {"tag":"feed1000","t_us":1790242160868358,"ev":"page_build","i":113}
Sep 24 15:14:20.868871 Runner(Flutter)[2657] <Notice>: dartnative: ##BENCH## {"tag":"feed1000","t_us":1790242160868375,"ev":"page_build","i":114}
Sep 24 15:14:20.868899 Runner(Flutter)[2657] <Notice>: dartnative: ##BENCH## {"tag":"feed1000","t_us":1790242160868381,"ev":"page_build","i":115}
Sep 24 15:14:20.868907 Runner(Flutter)[2657] <Notice>: dartnative: ##BENCH## {"tag":"feed1000","t_us":1790242160868389,"ev":"page_build","i":116}
Sep 24 15:14:20.868946 Runner(Flutter)[2657] <Notice>: dartnative: ##BENCH## {"tag":"feed1000","t_us":1790242160868443,"ev":"page_build","i":117}
Sep 24 15:14:20.869028 Runner(Flutter)[2657] <Notice>: dartnative: ##BENCH## {"tag":"feed1000","t_us":1790242160868492,"ev":"page_build","i":118}
Sep 24 15:14:20.869115 Runner(Flutter)[2657] <Notice>: dartnative: ##BENCH## {"tag":"feed1000","t_us":1790242160868569,"ev":"page_build","i":119}
Sep 24 15:14:20.869127 Runner(Flutter)[2657] <Notice>: dartnative: ##BENCH## {"tag":"feed1000","t_us":1790242160868595,"ev":"page_build","i":120}
Sep 24 15:14:20.869134 Runner(Flutter)[2657] <Notice>: dartnative: ##BENCH## {"tag":"feed1000","t_us":1790242160868635,"ev":"page_build","i":121}
Sep 24 15:14:20.869236 Runner(Flutter)[2657] <Notice>: dartnative: ##BENCH## {"tag":"feed1000","t_us":1790242160868734,"ev":"page_build","i":122}
Sep 24 15:14:20.869252 Runner(Flutter)[2657] <Notice>: dartnative: ##BENCH## {"tag":"feed1000","t_us":1790242160868778,"ev":"page_build","i":123}
Sep 24 15:14:20.869260 Runner(Flutter)[2657] <Notice>: dartnative: ##BENCH## {"tag":"feed1000","t_us":1790242160868805,"ev":"page_build","i":124}
Sep 24 15:14:20.869379 Runner(Flutter)[2657] <Notice>: dartnative: ##BENCH## {"tag":"feed1000","t_us":1790242160868847,"ev":"page_build","i":125}
Sep 24 15:14:20.869400 Runner(Flutter)[2657] <Notice>: dartnative: ##BENCH## {"tag":"feed1000","t_us":1790242160868893,"ev":"page_build","i":126}
Sep 24 15:14:20.869486 Runner(Flutter)[2657] <Notice>: dartnative: ##BENCH## {"tag":"feed1000","t_us":1790242160868996,"ev":"page_build","i":127}
Sep 24 15:14:20.869668 Runner(Flutter)[2657] <Notice>: dartnative: ##BENCH## {"tag":"feed1000","t_us":1790242160869066,"ev":"page_build","i":128}
Sep 24 15:14:20.869735 Runner(Flutter)[2657] <Notice>: dartnative: ##BENCH## {"tag":"feed1000","t_us":1790242160869094,"ev":"page_build","i":129}
Sep 24 15:14:20.869875 Runner(Flutter)[2657] <Notice>: dartnative: ##BENCH## {"tag":"feed1000","t_us":1790242160869113,"ev":"page_build","i":130}
Sep 24 15:14:20.869891 Runner(Flutter)[2657] <Notice>: dartnative: ##BENCH## {"tag":"feed1000","t_us":1790242160869162,"ev":"page_build","i":131}
Sep 24 15:14:20.869901 Runner(Flutter)[2657] <Notice>: dartnative: ##BENCH## {"tag":"feed1000","t_us":1790242160869204,"ev":"page_build","i":132}
Sep 24 15:14:20.869911 Runner(Flutter)[2657] <Notice>: dartnative: ##BENCH## {"tag":"feed1000","t_us":1790242160869298,"ev":"page_build","i":133}
Sep 24 15:14:20.869919 Runner(Flutter)[2657] <Notice>: dartnative: ##BENCH## {"tag":"feed1000","t_us":1790242160869379,"ev":"page_build","i":134}
Sep 24 15:14:20.869949 Runner(Flutter)[2657] <Notice>: dartnative: ##BENCH## {"tag":"feed1000","t_us":1790242160869451,"ev":"page_build","i":135}
Sep 24 15:14:20.869957 Runner(Flutter)[2657] <Notice>: dartnative: ##BENCH## {"tag":"feed1000","t_us":1790242160869514,"ev":"page_build","i":136}
Sep 24 15:14:20.869993 Runner(Flutter)[2657] <Notice>: dartnative: ##BENCH## {"tag":"feed1000","t_us":1790242160869588,"ev":"page_build","i":137}
Sep 24 15:14:20.870005 Runner(Flutter)[2657] <Notice>: dartnative: ##BENCH## {"tag":"feed1000","t_us":1790242160869634,"ev":"page_build","i":138}
Sep 24 15:14:20.870045 Runner(Flutter)[2657] <Notice>: dartnative: ##BENCH## {"tag":"feed1000","t_us":1790242160869673,"ev":"page_build","i":139}
Sep 24 15:14:20.870109 Runner(Flutter)[2657] <Notice>: dartnative: ##BENCH## {"tag":"feed1000","t_us":1790242160869715,"ev":"page_build","i":140}
Sep 24 15:14:20.870127 Runner(Flutter)[2657] <Notice>: dartnative: ##BENCH## {"tag":"feed1000","t_us":1790242160869782,"ev":"page_build","i":141}
Sep 24 15:14:20.870301 Runner(Flutter)[2657] <Notice>: dartnative: ##BENCH## {"tag":"feed1000","t_us":1790242160869848,"ev":"page_build","i":142}
Sep 24 15:14:20.870343 Runner(Flutter)[2657] <Notice>: dartnative: ##BENCH## {"tag":"feed1000","t_us":1790242160869907,"ev":"page_build","i":143}
Sep 24 15:14:20.870362 Runner(Flutter)[2657] <Notice>: dartnative: ##BENCH## {"tag":"feed1000","t_us":1790242160869964,"ev":"page_build","i":144}
Sep 24 15:14:20.870370 Runner(Flutter)[2657] <Notice>: dartnative: ##BENCH## {"tag":"feed1000","t_us":1790242160869989,"ev":"page_build","i":145}
Sep 24 15:14:20.870379 Runner(Flutter)[2657] <Notice>: dartnative: ##BENCH## {"tag":"feed1000","t_us":1790242160870019,"ev":"page_build","i":146}
Sep 24 15:14:20.870620 Runner(Flutter)[2657] <Notice>: dartnative: ##BENCH## {"tag":"feed1000","t_us":1790242160870120,"ev":"page_build","i":147}
Sep 24 15:14:20.871773 Runner(Flutter)[2657] <Notice>: dartnative: ##BENCH## {"tag":"feed1000","t_us":1790242160870169,"ev":"page_build","i":148}
Sep 24 15:14:20.871956 Runner(Flutter)[2657] <Notice>: dartnative: ##BENCH## {"tag":"feed1000","t_us":1790242160870200,"ev":"page_build","i":149}
Sep 24 15:14:20.871985 Runner(Flutter)[2657] <Notice>: dartnative: ##BENCH## {"tag":"feed1000","t_us":1790242160870226,"ev":"page_build","i":150}
Sep 24 15:14:20.872032 Runner(Flutter)[2657] <Notice>: dartnative: ##BENCH## {"tag":"feed1000","t_us":1790242160870256,"ev":"page_build","i":151}
Sep 24 15:14:20.872065 Runner(Flutter)[2657] <Notice>: dartnative: ##BENCH## {"tag":"feed1000","t_us":1790242160870281,"ev":"page_build","i":152}
Sep 24 15:14:20.872082 Runner(Flutter)[2657] <Notice>: dartnative: ##BENCH## {"tag":"feed1000","t_us":1790242160870328,"ev":"page_build","i":153}
Sep 24 15:14:20.872113 Runner(Flutter)[2657] <Notice>: dartnative: ##BENCH## {"tag":"feed1000","t_us":1790242160870393,"ev":"page_build","i":154}
Sep 24 15:14:20.872130 Runner(Flutter)[2657] <Notice>: dartnative: ##BENCH## {"tag":"feed1000","t_us":1790242160870453,"ev":"page_build","i":155}
Sep 24 15:14:20.872145 Runner(Flutter)[2657] <Notice>: dartnative: ##BENCH## {"tag":"feed1000","t_us":1790242160870540,"ev":"page_build","i":156}
Sep 24 15:14:20.872199 Runner(Flutter)[2657] <Notice>: dartnative: ##BENCH## {"tag":"feed1000","t_us":1790242160870629,"ev":"page_build","i":157}
Sep 24 15:14:20.872225 Runner(Flutter)[2657] <Notice>: dartnative: ##BENCH## {"tag":"feed1000","t_us":1790242160870695,"ev":"page_build","i":158}
Sep 24 15:14:20.872266 Runner(Flutter)[2657] <Notice>: dartnative: ##BENCH## {"tag":"feed1000","t_us":1790242160870759,"ev":"page_build","i":159}
Sep 24 15:14:20.872312 Runner(Flutter)[2657] <Notice>: dartnative: ##BENCH## {"tag":"feed1000","t_us":1790242160870816,"ev":"page_build","i":160}
Sep 24 15:14:20.872336 Runner(Flutter)[2657] <Notice>: dartnative: ##BENCH## {"tag":"feed1000","t_us":1790242160870853,"ev":"page_build","i":161}
Sep 24 15:14:20.872352 Runner(Flutter)[2657] <Notice>: dartnative: ##BENCH## {"tag":"feed1000","t_us":1790242160870910,"ev":"page_build","i":162}
Sep 24 15:14:20.872372 Runner(Flutter)[2657] <Notice>: dartnative: ##BENCH## {"tag":"feed1000","t_us":1790242160870956,"ev":"page_build","i":163}
Sep 24 15:14:20.872396 Runner(Flutter)[2657] <Notice>: dartnative: ##BENCH## {"tag":"feed1000","t_us":1790242160871017,"ev":"page_build","i":164}
Sep 24 15:14:20.872413 Runner(Flutter)[2657] <Notice>: dartnative: ##BENCH## {"tag":"feed1000","t_us":1790242160871119,"ev":"page_build","i":165}
Sep 24 15:14:20.872439 Runner(Flutter)[2657] <Notice>: dartnative: ##BENCH## {"tag":"feed1000","t_us":1790242160871172,"ev":"page_build","i":166}
Sep 24 15:14:20.872519 Runner(Flutter)[2657] <Notice>: dartnative: ##BENCH## {"tag":"feed1000","t_us":1790242160871255,"ev":"page_build","i":167}
Sep 24 15:14:20.872734 Runner(Flutter)[2657] <Notice>: dartnative: ##BENCH## {"tag":"feed1000","t_us":1790242160871340,"ev":"page_build","i":168}
Sep 24 15:14:20.872798 Runner(Flutter)[2657] <Notice>: dartnative: ##BENCH## {"tag":"feed1000","t_us":1790242160871383,"ev":"page_build","i":169}
Sep 24 15:14:20.872829 Runner(Flutter)[2657] <Notice>: dartnative: ##BENCH## {"tag":"feed1000","t_us":1790242160871416,"ev":"page_build","i":170}
Sep 24 15:14:20.872876 Runner(Flutter)[2657] <Notice>: dartnative: ##BENCH## {"tag":"feed1000","t_us":1790242160871474,"ev":"page_build","i":171}
Sep 24 15:14:20.872929 Runner(Flutter)[2657] <Notice>: dartnative: ##BENCH## {"tag":"feed1000","t_us":1790242160871524,"ev":"page_build","i":172}
Sep 24 15:14:20.873011 Runner(Flutter)[2657] <Notice>: dartnative: ##BENCH## {"tag":"feed1000","t_us":1790242160871559,"ev":"page_build","i":173}
Sep 24 15:14:20.873063 Runner(Flutter)[2657] <Notice>: dartnative: ##BENCH## {"tag":"feed1000","t_us":1790242160871610,"ev":"page_build","i":174}
Sep 24 15:14:20.873084 Runner(Flutter)[2657] <Notice>: dartnative: ##BENCH## {"tag":"feed1000","t_us":1790242160871769,"ev":"page_build","i":175}
Sep 24 15:14:20.873113 Runner(Flutter)[2657] <Notice>: dartnative: ##BENCH## {"tag":"feed1000","t_us":1790242160872007,"ev":"page_build","i":176}
Sep 24 15:14:20.873134 Runner(Flutter)[2657] <Notice>: dartnative: ##BENCH## {"tag":"feed1000","t_us":1790242160872117,"ev":"page_build","i":177}
Sep 24 15:14:20.873157 Runner(Flutter)[2657] <Notice>: dartnative: ##BENCH## {"tag":"feed1000","t_us":1790242160872172,"ev":"page_build","i":178}
Sep 24 15:14:20.873184 Runner(Flutter)[2657] <Notice>: dartnative: ##BENCH## {"tag":"feed1000","t_us":1790242160872287,"ev":"page_build","i":179}
Sep 24 15:14:20.873220 Runner(Flutter)[2657] <Notice>: dartnative: ##BENCH## {"tag":"feed1000","t_us":1790242160872412,"ev":"page_build","i":180}
Sep 24 15:14:20.873247 Runner(Flutter)[2657] <Notice>: dartnative: ##BENCH## {"tag":"feed1000","t_us":1790242160872596,"ev":"page_build","i":181}
Sep 24 15:14:20.873270 Runner(Flutter)[2657] <Notice>: dartnative: ##BENCH## {"tag":"feed1000","t_us":1790242160872682,"ev":"page_build","i":182}
Sep 24 15:14:20.873295 Runner(Flutter)[2657] <Notice>: dartnative: ##BENCH## {"tag":"feed1000","t_us":1790242160872735,"ev":"page_build","i":183}
Sep 24 15:14:20.873309 Runner(Flutter)[2657] <Notice>: dartnative: ##BENCH## {"tag":"feed1000","t_us":1790242160872822,"ev":"page_build","i":184}
Sep 24 15:14:20.873322 Runner(Flutter)[2657] <Notice>: dartnative: ##BENCH## {"tag":"feed1000","t_us":1790242160872880,"ev":"page_build","i":185}
Sep 24 15:14:20.873338 Runner(Flutter)[2657] <Notice>: dartnative: ##BENCH## {"tag":"feed1000","t_us":1790242160872938,"ev":"page_build","i":186}
Sep 24 15:14:20.873384 Runner(Flutter)[2657] <Notice>: dartnative: ##BENCH## {"tag":"feed1000","t_us":1790242160872991,"ev":"page_build","i":187}
Sep 24 15:14:20.873400 Runner(Flutter)[2657] <Notice>: dartnative: ##BENCH## {"tag":"feed1000","t_us":1790242160873086,"ev":"page_build","i":188}
Sep 24 15:14:20.873448 Runner(Flutter)[2657] <Notice>: dartnative: ##BENCH## {"tag":"feed1000","t_us":1790242160873146,"ev":"page_build","i":189}
Sep 24 15:14:20.873475 Runner(Flutter)[2657] <Notice>: dartnative: ##BENCH## {"tag":"feed1000","t_us":1790242160873176,"ev":"page_build","i":190}
Sep 24 15:14:20.873560 Runner(Flutter)[2657] <Notice>: dartnative: ##BENCH## {"tag":"feed1000","t_us":1790242160873220,"ev":"page_build","i":191}
Sep 24 15:14:20.873578 Runner(Flutter)[2657] <Notice>: dartnative: ##BENCH## {"tag":"feed1000","t_us":1790242160873259,"ev":"page_build","i":192}
Sep 24 15:14:20.873609 Runner(Flutter)[2657] <Notice>: dartnative: ##BENCH## {"tag":"feed1000","t_us":1790242160873293,"ev":"page_build","i":193}
Sep 24 15:14:20.873698 Runner(Flutter)[2657] <Notice>: dartnative: ##BENCH## {"tag":"feed1000","t_us":1790242160873343,"ev":"page_build","i":194}
Sep 24 15:14:20.873731 Runner(Flutter)[2657] <Notice>: dartnative: ##BENCH## {"tag":"feed1000","t_us":1790242160873377,"ev":"page_build","i":195}
Sep 24 15:14:20.873807 Runner(Flutter)[2657] <Notice>: dartnative: ##BENCH## {"tag":"feed1000","t_us":1790242160873410,"ev":"page_build","i":196}
Sep 24 15:14:20.873852 Runner(Flutter)[2657] <Notice>: dartnative: ##BENCH## {"tag":"feed1000","t_us":1790242160873436,"ev":"page_build","i":197}
Sep 24 15:14:20.873919 Runner(Flutter)[2657] <Notice>: dartnative: ##BENCH## {"tag":"feed1000","t_us":1790242160873482,"ev":"page_build","i":198}
Sep 24 15:14:20.874006 Runner(Flutter)[2657] <Notice>: dartnative: ##BENCH## {"tag":"feed1000","t_us":1790242160873536,"ev":"page_build","i":199}
Sep 24 15:14:20.874039 Runner(Flutter)[2657] <Notice>: dartnative: ##BENCH## {"tag":"feed1000","t_us":1790242160873573,"ev":"page_build","i":200}
Sep 24 15:14:20.874107 Runner(Flutter)[2657] <Notice>: dartnative: ##BENCH## {"tag":"feed1000","t_us":1790242160873613,"ev":"page_build","i":201}
Sep 24 15:14:20.874155 Runner(Flutter)[2657] <Notice>: dartnative: ##BENCH## {"tag":"feed1000","t_us":1790242160873679,"ev":"page_build","i":202}
Sep 24 15:14:20.874170 Runner(Flutter)[2657] <Notice>: dartnative: ##BENCH## {"tag":"feed1000","t_us":1790242160873732,"ev":"page_build","i":203}
Sep 24 15:14:20.874247 Runner(Flutter)[2657] <Notice>: dartnative: ##BENCH## {"tag":"feed1000","t_us":1790242160873788,"ev":"page_build","i":204}
Sep 24 15:14:20.874346 Runner(Flutter)[2657] <Notice>: dartnative: ##BENCH## {"tag":"feed1000","t_us":1790242160873861,"ev":"page_build","i":205}
Sep 24 15:14:20.874370 Runner(Flutter)[2657] <Notice>: dartnative: ##BENCH## {"tag":"feed1000","t_us":1790242160874009,"ev":"page_build","i":206}
Sep 24 15:14:20.874420 Runner(Flutter)[2657] <Notice>: dartnative: ##BENCH## {"tag":"feed1000","t_us":1790242160874069,"ev":"page_build","i":207}
Sep 24 15:14:20.874478 Runner(Flutter)[2657] <Notice>: dartnative: ##BENCH## {"tag":"feed1000","t_us":1790242160874103,"ev":"page_build","i":208}
Sep 24 15:14:20.874558 Runner(Flutter)[2657] <Notice>: dartnative: ##BENCH## {"tag":"feed1000","t_us":1790242160874151,"ev":"page_build","i":209}
Sep 24 15:14:20.874627 Runner(Flutter)[2657] <Notice>: dartnative: ##BENCH## {"tag":"feed1000","t_us":1790242160874200,"ev":"page_build","i":210}
Sep 24 15:14:20.874674 Runner(Flutter)[2657] <Notice>: dartnative: ##BENCH## {"tag":"feed1000","t_us":1790242160874251,"ev":"page_build","i":211}
Sep 24 15:14:20.874738 Runner(Flutter)[2657] <Notice>: dartnative: ##BENCH## {"tag":"feed1000","t_us":1790242160874292,"ev":"page_build","i":212}
Sep 24 15:14:20.874766 Runner(Flutter)[2657] <Notice>: dartnative: ##BENCH## {"tag":"feed1000","t_us":1790242160874372,"ev":"page_build","i":213}
Sep 24 15:14:20.874868 Runner(Flutter)[2657] <Notice>: dartnative: ##BENCH## {"tag":"feed1000","t_us":1790242160874454,"ev":"page_build","i":214}
Sep 24 15:14:20.874907 Runner(Flutter)[2657] <Notice>: dartnative: ##BENCH## {"tag":"feed1000","t_us":1790242160874543,"ev":"page_build","i":215}
Sep 24 15:14:20.874941 Runner(Flutter)[2657] <Notice>: dartnative: ##BENCH## {"tag":"feed1000","t_us":1790242160874591,"ev":"page_build","i":216}
Sep 24 15:14:20.874990 Runner(Flutter)[2657] <Notice>: dartnative: ##BENCH## {"tag":"feed1000","t_us":1790242160874623,"ev":"page_build","i":217}
Sep 24 15:14:20.875044 Runner(Flutter)[2657] <Notice>: dartnative: ##BENCH## {"tag":"feed1000","t_us":1790242160874663,"ev":"page_build","i":218}
Sep 24 15:14:20.875079 Runner(Flutter)[2657] <Notice>: dartnative: ##BENCH## {"tag":"feed1000","t_us":1790242160874732,"ev":"page_build","i":219}
Sep 24 15:14:20.875129 Runner(Flutter)[2657] <Notice>: dartnative: ##BENCH## {"tag":"feed1000","t_us":1790242160874768,"ev":"page_build","i":220}
Sep 24 15:14:20.875188 Runner(Flutter)[2657] <Notice>: dartnative: ##BENCH## {"tag":"feed1000","t_us":1790242160874800,"ev":"page_build","i":221}
Sep 24 15:14:20.875301 Runner(Flutter)[2657] <Notice>: dartnative: ##BENCH## {"tag":"feed1000","t_us":1790242160874859,"ev":"page_build","i":222}
Sep 24 15:14:20.875376 Runner(Flutter)[2657] <Notice>: dartnative: ##BENCH## {"tag":"feed1000","t_us":1790242160874903,"ev":"page_build","i":223}
Sep 24 15:14:20.875399 Runner(Flutter)[2657] <Notice>: dartnative: ##BENCH## {"tag":"feed1000","t_us":1790242160874937,"ev":"page_build","i":224}
Sep 24 15:14:20.875479 Runner(Flutter)[2657] <Notice>: dartnative: ##BENCH## {"tag":"feed1000","t_us":1790242160874987,"ev":"page_build","i":225}
Sep 24 15:14:20.875502 Runner(Flutter)[2657] <Notice>: dartnative: ##BENCH## {"tag":"feed1000","t_us":1790242160875051,"ev":"page_build","i":226}
Sep 24 15:14:20.875559 Runner(Flutter)[2657] <Notice>: dartnative: ##BENCH## {"tag":"feed1000","t_us":1790242160875085,"ev":"page_build","i":227}
Sep 24 15:14:20.875636 Runner(Flutter)[2657] <Notice>: dartnative: ##BENCH## {"tag":"feed1000","t_us":1790242160875128,"ev":"page_build","i":228}
Sep 24 15:14:20.875660 Runner(Flutter)[2657] <Notice>: dartnative: ##BENCH## {"tag":"feed1000","t_us":1790242160875201,"ev":"page_build","i":229}
Sep 24 15:14:20.875734 Runner(Flutter)[2657] <Notice>: dartnative: ##BENCH## {"tag":"feed1000","t_us":1790242160875268,"ev":"page_build","i":230}
Sep 24 15:14:20.875792 Runner(Flutter)[2657] <Notice>: dartnative: ##BENCH## {"tag":"feed1000","t_us":1790242160875320,"ev":"page_build","i":231}
Sep 24 15:14:20.875828 Runner(Flutter)[2657] <Notice>: dartnative: ##BENCH## {"tag":"feed1000","t_us":1790242160875378,"ev":"page_build","i":232}
Sep 24 15:14:20.875835 Runner(Flutter)[2657] <Notice>: dartnative: ##BENCH## {"tag":"feed1000","t_us":1790242160875459,"ev":"page_build","i":233}
Sep 24 15:14:20.875850 Runner(Flutter)[2657] <Notice>: dartnative: ##BENCH## {"tag":"feed1000","t_us":1790242160875505,"ev":"page_build","i":234}
Sep 24 15:14:20.875857 Runner(Flutter)[2657] <Notice>: dartnative: ##BENCH## {"tag":"feed1000","t_us":1790242160875554,"ev":"page_build","i":235}
Sep 24 15:14:20.875943 Runner(Flutter)[2657] <Notice>: dartnative: ##BENCH## {"tag":"feed1000","t_us":1790242160875620,"ev":"page_build","i":236}
Sep 24 15:14:20.875976 Runner(Flutter)[2657] <Notice>: dartnative: ##BENCH## {"tag":"feed1000","t_us":1790242160875653,"ev":"page_build","i":237}
Sep 24 15:14:20.876024 Runner(Flutter)[2657] <Notice>: dartnative: ##BENCH## {"tag":"feed1000","t_us":1790242160875718,"ev":"page_build","i":238}
Sep 24 15:14:20.876043 Runner(Flutter)[2657] <Notice>: dartnative: ##BENCH## {"tag":"feed1000","t_us":1790242160875767,"ev":"page_build","i":239}
Sep 24 15:14:20.876074 Runner(Flutter)[2657] <Notice>: dartnative: ##BENCH## {"tag":"feed1000","t_us":1790242160875787,"ev":"page_build","i":240}
Sep 24 15:14:20.876148 Runner(Flutter)[2657] <Notice>: dartnative: ##BENCH## {"tag":"feed1000","t_us":1790242160875844,"ev":"page_build","i":241}
Sep 24 15:14:20.876419 Runner(Flutter)[2657] <Notice>: dartnative: ##BENCH## {"tag":"feed1000","t_us":1790242160875876,"ev":"page_build","i":242}
Sep 24 15:14:20.876614 Runner(Flutter)[2657] <Notice>: dartnative: ##BENCH## {"tag":"feed1000","t_us":1790242160875920,"ev":"page_build","i":243}
Sep 24 15:14:20.876643 Runner(Flutter)[2657] <Notice>: dartnative: ##BENCH## {"tag":"feed1000","t_us":1790242160875996,"ev":"page_build","i":244}
Sep 24 15:14:20.876684 Runner(Flutter)[2657] <Notice>: dartnative: ##BENCH## {"tag":"feed1000","t_us":1790242160876044,"ev":"page_build","i":245}
Sep 24 15:14:20.876713 Runner(Flutter)[2657] <Notice>: dartnative: ##BENCH## {"tag":"feed1000","t_us":1790242160876086,"ev":"page_build","i":246}
Sep 24 15:14:20.876779 Runner(Flutter)[2657] <Notice>: dartnative: ##BENCH## {"tag":"feed1000","t_us":1790242160876136,"ev":"page_build","i":247}
Sep 24 15:14:20.876834 Runner(Flutter)[2657] <Notice>: dartnative: ##BENCH## {"tag":"feed1000","t_us":1790242160876266,"ev":"page_build","i":248}
Sep 24 15:14:20.876922 Runner(Flutter)[2657] <Notice>: dartnative: ##BENCH## {"tag":"feed1000","t_us":1790242160876332,"ev":"page_build","i":249}
Sep 24 15:14:20.877005 Runner(Flutter)[2657] <Notice>: dartnative: ##BENCH## {"tag":"feed1000","t_us":1790242160876394,"ev":"page_build","i":250}
Sep 24 15:14:20.877046 Runner(Flutter)[2657] <Notice>: dartnative: ##BENCH## {"tag":"feed1000","t_us":1790242160876454,"ev":"page_build","i":251}
Sep 24 15:14:20.877164 Runner(Flutter)[2657] <Notice>: dartnative: ##BENCH## {"tag":"feed1000","t_us":1790242160876504,"ev":"page_build","i":252}
Sep 24 15:14:20.877191 Runner(Flutter)[2657] <Notice>: dartnative: ##BENCH## {"tag":"feed1000","t_us":1790242160876585,"ev":"page_build","i":253}
Sep 24 15:14:20.877297 Runner(Flutter)[2657] <Notice>: dartnative: ##BENCH## {"tag":"feed1000","t_us":1790242160876675,"ev":"page_build","i":254}
Sep 24 15:14:20.877341 Runner(Flutter)[2657] <Notice>: dartnative: ##BENCH## {"tag":"feed1000","t_us":1790242160876770,"ev":"page_build","i":255}
Sep 24 15:14:20.877393 Runner(Flutter)[2657] <Notice>: dartnative: ##BENCH## {"tag":"feed1000","t_us":1790242160876835,"ev":"page_build","i":256}
Sep 24 15:14:20.877483 Runner(Flutter)[2657] <Notice>: dartnative: ##BENCH## {"tag":"feed1000","t_us":1790242160876901,"ev":"page_build","i":257}
Sep 24 15:14:20.877530 Runner(Flutter)[2657] <Notice>: dartnative: ##BENCH## {"tag":"feed1000","t_us":1790242160876942,"ev":"page_build","i":258}
Sep 24 15:14:20.877591 Runner(Flutter)[2657] <Notice>: dartnative: ##BENCH## {"tag":"feed1000","t_us":1790242160877020,"ev":"page_build","i":259}
Sep 24 15:14:20.877619 Runner(Flutter)[2657] <Notice>: dartnative: ##BENCH## {"tag":"feed1000","t_us":1790242160877176,"ev":"page_build","i":260}
Sep 24 15:14:20.877634 Runner(Flutter)[2657] <Notice>: dartnative: ##BENCH## {"tag":"feed1000","t_us":1790242160877235,"ev":"page_build","i":261}
Sep 24 15:14:20.877662 Runner(Flutter)[2657] <Notice>: dartnative: ##BENCH## {"tag":"feed1000","t_us":1790242160877290,"ev":"page_build","i":262}
Sep 24 15:14:20.877694 Runner(Flutter)[2657] <Notice>: dartnative: ##BENCH## {"tag":"feed1000","t_us":1790242160877360,"ev":"page_build","i":263}
Sep 24 15:14:20.877724 Runner(Flutter)[2657] <Notice>: dartnative: ##BENCH## {"tag":"feed1000","t_us":1790242160877426,"ev":"page_build","i":264}
Sep 24 15:14:20.877769 Runner(Flutter)[2657] <Notice>: dartnative: ##BENCH## {"tag":"feed1000","t_us":1790242160877471,"ev":"page_build","i":265}
Sep 24 15:14:20.877838 Runner(Flutter)[2657] <Notice>: dartnative: ##BENCH## {"tag":"feed1000","t_us":1790242160877515,"ev":"page_build","i":266}
Sep 24 15:14:20.877953 Runner(Flutter)[2657] <Notice>: dartnative: ##BENCH## {"tag":"feed1000","t_us":1790242160877595,"ev":"page_build","i":267}
Sep 24 15:14:20.878003 Runner(Flutter)[2657] <Notice>: dartnative: ##BENCH## {"tag":"feed1000","t_us":1790242160877645,"ev":"page_build","i":268}
Sep 24 15:14:20.878034 Runner(Flutter)[2657] <Notice>: dartnative: ##BENCH## {"tag":"feed1000","t_us":1790242160877678,"ev":"page_build","i":269}
Sep 24 15:14:20.878074 Runner(Flutter)[2657] <Notice>: dartnative: ##BENCH## {"tag":"feed1000","t_us":1790242160877735,"ev":"page_build","i":270}
Sep 24 15:14:20.878120 Runner(Flutter)[2657] <Notice>: dartnative: ##BENCH## {"tag":"feed1000","t_us":1790242160877775,"ev":"page_build","i":271}
Sep 24 15:14:20.878223 Runner(Flutter)[2657] <Notice>: dartnative: ##BENCH## {"tag":"feed1000","t_us":1790242160877814,"ev":"page_build","i":272}
Sep 24 15:14:20.878253 Runner(Flutter)[2657] <Notice>: dartnative: ##BENCH## {"tag":"feed1000","t_us":1790242160877855,"ev":"page_build","i":273}
Sep 24 15:14:20.878283 Runner(Flutter)[2657] <Notice>: dartnative: ##BENCH## {"tag":"feed1000","t_us":1790242160877890,"ev":"page_build","i":274}
Sep 24 15:14:20.878315 Runner(Flutter)[2657] <Notice>: dartnative: ##BENCH## {"tag":"feed1000","t_us":1790242160877929,"ev":"page_build","i":275}
Sep 24 15:14:20.878386 Runner(Flutter)[2657] <Notice>: dartnative: ##BENCH## {"tag":"feed1000","t_us":1790242160877973,"ev":"page_build","i":276}
Sep 24 15:14:20.878479 Runner(Flutter)[2657] <Notice>: dartnative: ##BENCH## {"tag":"feed1000","t_us":1790242160878023,"ev":"page_build","i":277}
Sep 24 15:14:20.878576 Runner(Flutter)[2657] <Notice>: dartnative: ##BENCH## {"tag":"feed1000","t_us":1790242160878100,"ev":"page_build","i":278}
Sep 24 15:14:20.878627 Runner(Flutter)[2657] <Notice>: dartnative: ##BENCH## {"tag":"feed1000","t_us":1790242160878198,"ev":"page_build","i":279}
Sep 24 15:14:20.878655 Runner(Flutter)[2657] <Notice>: dartnative: ##BENCH## {"tag":"feed1000","t_us":1790242160878232,"ev":"page_build","i":280}
Sep 24 15:14:20.878729 Runner(Flutter)[2657] <Notice>: dartnative: ##BENCH## {"tag":"feed1000","t_us":1790242160878274,"ev":"page_build","i":281}
Sep 24 15:14:20.878766 Runner(Flutter)[2657] <Notice>: dartnative: ##BENCH## {"tag":"feed1000","t_us":1790242160878310,"ev":"page_build","i":282}
Sep 24 15:14:20.878801 Runner(Flutter)[2657] <Notice>: dartnative: ##BENCH## {"tag":"feed1000","t_us":1790242160878358,"ev":"page_build","i":283}
Sep 24 15:14:20.878868 Runner(Flutter)[2657] <Notice>: dartnative: ##BENCH## {"tag":"feed1000","t_us":1790242160878404,"ev":"page_build","i":284}
Sep 24 15:14:20.878884 Runner(Flutter)[2657] <Notice>: dartnative: ##BENCH## {"tag":"feed1000","t_us":1790242160878453,"ev":"page_build","i":285}
Sep 24 15:14:20.878914 Runner(Flutter)[2657] <Notice>: dartnative: ##BENCH## {"tag":"feed1000","t_us":1790242160878509,"ev":"page_build","i":286}
Sep 24 15:14:20.878971 Runner(Flutter)[2657] <Notice>: dartnative: ##BENCH## {"tag":"feed1000","t_us":1790242160878591,"ev":"page_build","i":287}
Sep 24 15:14:20.879005 Runner(Flutter)[2657] <Notice>: dartnative: ##BENCH## {"tag":"feed1000","t_us":1790242160878648,"ev":"page_build","i":288}
Sep 24 15:14:20.879080 Runner(Flutter)[2657] <Notice>: dartnative: ##BENCH## {"tag":"feed1000","t_us":1790242160878736,"ev":"page_build","i":289}
Sep 24 15:14:20.879129 Runner(Flutter)[2657] <Notice>: dartnative: ##BENCH## {"tag":"feed1000","t_us":1790242160878773,"ev":"page_build","i":290}
Sep 24 15:14:20.879172 Runner(Flutter)[2657] <Notice>: dartnative: ##BENCH## {"tag":"feed1000","t_us":1790242160878813,"ev":"page_build","i":291}
Sep 24 15:14:20.879229 Runner(Flutter)[2657] <Notice>: dartnative: ##BENCH## {"tag":"feed1000","t_us":1790242160878860,"ev":"page_build","i":292}
Sep 24 15:14:20.879248 Runner(Flutter)[2657] <Notice>: dartnative: ##BENCH## {"tag":"feed1000","t_us":1790242160878883,"ev":"page_build","i":293}
Sep 24 15:14:20.879340 Runner(Flutter)[2657] <Notice>: dartnative: ##BENCH## {"tag":"feed1000","t_us":1790242160878929,"ev":"page_build","i":294}
Sep 24 15:14:20.879415 Runner(Flutter)[2657] <Notice>: dartnative: ##BENCH## {"tag":"feed1000","t_us":1790242160879022,"ev":"page_build","i":295}
Sep 24 15:14:20.879446 Runner(Flutter)[2657] <Notice>: dartnative: ##BENCH## {"tag":"feed1000","t_us":1790242160879062,"ev":"page_build","i":296}
Sep 24 15:14:20.879515 Runner(Flutter)[2657] <Notice>: dartnative: ##BENCH## {"tag":"feed1000","t_us":1790242160879129,"ev":"page_build","i":297}
Sep 24 15:14:20.879573 Runner(Flutter)[2657] <Notice>: dartnative: ##BENCH## {"tag":"feed1000","t_us":1790242160879229,"ev":"page_build","i":298}
Sep 24 15:14:20.879665 Runner(Flutter)[2657] <Notice>: dartnative: ##BENCH## {"tag":"feed1000","t_us":1790242160879257,"ev":"page_build","i":299}
Sep 24 15:14:20.879732 Runner(Flutter)[2657] <Notice>: dartnative: ##BENCH## {"tag":"feed1000","t_us":1790242160879335,"ev":"page_build","i":300}
Sep 24 15:14:20.879777 Runner(Flutter)[2657] <Notice>: dartnative: ##BENCH## {"tag":"feed1000","t_us":1790242160879381,"ev":"page_build","i":301}
Sep 24 15:14:20.879853 Runner(Flutter)[2657] <Notice>: dartnative: ##BENCH## {"tag":"feed1000","t_us":1790242160879452,"ev":"page_build","i":302}
Sep 24 15:14:20.879890 Runner(Flutter)[2657] <Notice>: dartnative: ##BENCH## {"tag":"feed1000","t_us":1790242160879467,"ev":"page_build","i":303}
Sep 24 15:14:20.879925 Runner(Flutter)[2657] <Notice>: dartnative: ##BENCH## {"tag":"feed1000","t_us":1790242160879526,"ev":"page_build","i":304}
Sep 24 15:14:20.879983 Runner(Flutter)[2657] <Notice>: dartnative: ##BENCH## {"tag":"feed1000","t_us":1790242160879583,"ev":"page_build","i":305}
Sep 24 15:14:20.880030 Runner(Flutter)[2657] <Notice>: dartnative: ##BENCH## {"tag":"feed1000","t_us":1790242160879629,"ev":"page_build","i":306}
Sep 24 15:14:20.880051 Runner(Flutter)[2657] <Notice>: dartnative: ##BENCH## {"tag":"feed1000","t_us":1790242160879676,"ev":"page_build","i":307}
Sep 24 15:14:20.880086 Runner(Flutter)[2657] <Notice>: dartnative: ##BENCH## {"tag":"feed1000","t_us":1790242160879740,"ev":"page_build","i":308}
Sep 24 15:14:20.880122 Runner(Flutter)[2657] <Notice>: dartnative: ##BENCH## {"tag":"feed1000","t_us":1790242160879781,"ev":"page_build","i":309}
Sep 24 15:14:20.880181 Runner(Flutter)[2657] <Notice>: dartnative: ##BENCH## {"tag":"feed1000","t_us":1790242160879860,"ev":"page_build","i":310}
Sep 24 15:14:20.880226 Runner(Flutter)[2657] <Notice>: dartnative: ##BENCH## {"tag":"feed1000","t_us":1790242160879891,"ev":"page_build","i":311}
Sep 24 15:14:20.880280 Runner(Flutter)[2657] <Notice>: dartnative: ##BENCH## {"tag":"feed1000","t_us":1790242160879929,"ev":"page_build","i":312}
Sep 24 15:14:20.880327 Runner(Flutter)[2657] <Notice>: dartnative: ##BENCH## {"tag":"feed1000","t_us":1790242160879987,"ev":"page_build","i":313}
Sep 24 15:14:20.880450 Runner(Flutter)[2657] <Notice>: dartnative: ##BENCH## {"tag":"feed1000","t_us":1790242160880037,"ev":"page_build","i":314}
Sep 24 15:14:20.880506 Runner(Flutter)[2657] <Notice>: dartnative: ##BENCH## {"tag":"feed1000","t_us":1790242160880096,"ev":"page_build","i":315}
Sep 24 15:14:20.880614 Runner(Flutter)[2657] <Notice>: dartnative: ##BENCH## {"tag":"feed1000","t_us":1790242160880126,"ev":"page_build","i":316}
Sep 24 15:14:20.880645 Runner(Flutter)[2657] <Notice>: dartnative: ##BENCH## {"tag":"feed1000","t_us":1790242160880181,"ev":"page_build","i":317}
Sep 24 15:14:20.880660 Runner(Flutter)[2657] <Notice>: dartnative: ##BENCH## {"tag":"feed1000","t_us":1790242160880230,"ev":"page_build","i":318}
Sep 24 15:14:20.880771 Runner(Flutter)[2657] <Notice>: dartnative: ##BENCH## {"tag":"feed1000","t_us":1790242160880280,"ev":"page_build","i":319}
Sep 24 15:14:20.880796 Runner(Flutter)[2657] <Notice>: dartnative: ##BENCH## {"tag":"feed1000","t_us":1790242160880352,"ev":"page_build","i":320}
Sep 24 15:14:20.880817 Runner(Flutter)[2657] <Notice>: dartnative: ##BENCH## {"tag":"feed1000","t_us":1790242160880395,"ev":"page_build","i":321}
Sep 24 15:14:20.880906 Runner(Flutter)[2657] <Notice>: dartnative: ##BENCH## {"tag":"feed1000","t_us":1790242160880468,"ev":"page_build","i":322}
Sep 24 15:14:20.880987 Runner(Flutter)[2657] <Notice>: dartnative: ##BENCH## {"tag":"feed1000","t_us":1790242160880557,"ev":"page_build","i":323}
Sep 24 15:14:20.881119 Runner(Flutter)[2657] <Notice>: dartnative: ##BENCH## {"tag":"feed1000","t_us":1790242160880609,"ev":"page_build","i":324}
Sep 24 15:14:20.881277 Runner(Flutter)[2657] <Notice>: dartnative: ##BENCH## {"tag":"feed1000","t_us":1790242160880744,"ev":"page_build","i":325}
Sep 24 15:14:20.881304 Runner(Flutter)[2657] <Notice>: dartnative: ##BENCH## {"tag":"feed1000","t_us":1790242160880816,"ev":"page_build","i":326}
Sep 24 15:14:20.881403 Runner(Flutter)[2657] <Notice>: dartnative: ##BENCH## {"tag":"feed1000","t_us":1790242160880861,"ev":"page_build","i":327}
Sep 24 15:14:20.881451 Runner(Flutter)[2657] <Notice>: dartnative: ##BENCH## {"tag":"feed1000","t_us":1790242160880910,"ev":"page_build","i":328}
Sep 24 15:14:20.881516 Runner(Flutter)[2657] <Notice>: dartnative: ##BENCH## {"tag":"feed1000","t_us":1790242160880988,"ev":"page_build","i":329}
Sep 24 15:14:20.881576 Runner(Flutter)[2657] <Notice>: dartnative: ##BENCH## {"tag":"feed1000","t_us":1790242160881073,"ev":"page_build","i":330}
Sep 24 15:14:20.881623 Runner(Flutter)[2657] <Notice>: dartnative: ##BENCH## {"tag":"feed1000","t_us":1790242160881152,"ev":"page_build","i":331}
Sep 24 15:14:20.881661 Runner(Flutter)[2657] <Notice>: dartnative: ##BENCH## {"tag":"feed1000","t_us":1790242160881193,"ev":"page_build","i":332}
Sep 24 15:14:20.881718 Runner(Flutter)[2657] <Notice>: dartnative: ##BENCH## {"tag":"feed1000","t_us":1790242160881267,"ev":"page_build","i":333}
Sep 24 15:14:20.881745 Runner(Flutter)[2657] <Notice>: dartnative: ##BENCH## {"tag":"feed1000","t_us":1790242160881329,"ev":"page_build","i":334}
Sep 24 15:14:20.881847 Runner(Flutter)[2657] <Notice>: dartnative: ##BENCH## {"tag":"feed1000","t_us":1790242160881427,"ev":"page_build","i":335}
Sep 24 15:14:20.881921 Runner(Flutter)[2657] <Notice>: dartnative: ##BENCH## {"tag":"feed1000","t_us":1790242160881522,"ev":"page_build","i":336}
Sep 24 15:14:20.881959 Runner(Flutter)[2657] <Notice>: dartnative: ##BENCH## {"tag":"feed1000","t_us":1790242160881573,"ev":"page_build","i":337}
Sep 24 15:14:20.881994 Runner(Flutter)[2657] <Notice>: dartnative: ##BENCH## {"tag":"feed1000","t_us":1790242160881617,"ev":"page_build","i":338}
Sep 24 15:14:20.882193 Runner(Flutter)[2657] <Notice>: dartnative: ##BENCH## {"tag":"feed1000","t_us":1790242160881675,"ev":"page_build","i":339}
Sep 24 15:14:20.882230 Runner(Flutter)[2657] <Notice>: dartnative: ##BENCH## {"tag":"feed1000","t_us":1790242160881784,"ev":"page_build","i":340}
Sep 24 15:14:20.882263 Runner(Flutter)[2657] <Notice>: dartnative: ##BENCH## {"tag":"feed1000","t_us":1790242160881895,"ev":"page_build","i":341}
Sep 24 15:14:20.882282 Runner(Flutter)[2657] <Notice>: dartnative: ##BENCH## {"tag":"feed1000","t_us":1790242160881952,"ev":"page_build","i":342}
Sep 24 15:14:20.882342 Runner(Flutter)[2657] <Notice>: dartnative: ##BENCH## {"tag":"feed1000","t_us":1790242160881998,"ev":"page_build","i":343}
Sep 24 15:14:20.882380 Runner(Flutter)[2657] <Notice>: dartnative: ##BENCH## {"tag":"feed1000","t_us":1790242160882039,"ev":"page_build","i":344}
Sep 24 15:14:20.882422 Runner(Flutter)[2657] <Notice>: dartnative: ##BENCH## {"tag":"feed1000","t_us":1790242160882097,"ev":"page_build","i":345}
Sep 24 15:14:20.882479 Runner(Flutter)[2657] <Notice>: dartnative: ##BENCH## {"tag":"feed1000","t_us":1790242160882122,"ev":"page_build","i":346}
Sep 24 15:14:20.882529 Runner(Flutter)[2657] <Notice>: dartnative: ##BENCH## {"tag":"feed1000","t_us":1790242160882148,"ev":"page_build","i":347}
Sep 24 15:14:20.882664 Runner(Flutter)[2657] <Notice>: dartnative: ##BENCH## {"tag":"feed1000","t_us":1790242160882199,"ev":"page_build","i":348}
Sep 24 15:14:20.882712 Runner(Flutter)[2657] <Notice>: dartnative: ##BENCH## {"tag":"feed1000","t_us":1790242160882277,"ev":"page_build","i":349}
Sep 24 15:14:20.882749 Runner(Flutter)[2657] <Notice>: dartnative: ##BENCH## {"tag":"feed1000","t_us":1790242160882346,"ev":"page_build","i":350}
Sep 24 15:14:20.882796 Runner(Flutter)[2657] <Notice>: dartnative: ##BENCH## {"tag":"feed1000","t_us":1790242160882382,"ev":"page_build","i":351}
Sep 24 15:14:20.882826 Runner(Flutter)[2657] <Notice>: dartnative: ##BENCH## {"tag":"feed1000","t_us":1790242160882433,"ev":"page_build","i":352}
Sep 24 15:14:20.882874 Runner(Flutter)[2657] <Notice>: dartnative: ##BENCH## {"tag":"feed1000","t_us":1790242160882481,"ev":"page_build","i":353}
Sep 24 15:14:20.882898 Runner(Flutter)[2657] <Notice>: dartnative: ##BENCH## {"tag":"feed1000","t_us":1790242160882538,"ev":"page_build","i":354}
Sep 24 15:14:20.882935 Runner(Flutter)[2657] <Notice>: dartnative: ##BENCH## {"tag":"feed1000","t_us":1790242160882606,"ev":"page_build","i":355}
Sep 24 15:14:20.882994 Runner(Flutter)[2657] <Notice>: dartnative: ##BENCH## {"tag":"feed1000","t_us":1790242160882666,"ev":"page_build","i":356}
Sep 24 15:14:20.883076 Runner(Flutter)[2657] <Notice>: dartnative: ##BENCH## {"tag":"feed1000","t_us":1790242160882738,"ev":"page_build","i":357}
Sep 24 15:14:20.883124 Runner(Flutter)[2657] <Notice>: dartnative: ##BENCH## {"tag":"feed1000","t_us":1790242160882797,"ev":"page_build","i":358}
Sep 24 15:14:20.883179 Runner(Flutter)[2657] <Notice>: dartnative: ##BENCH## {"tag":"feed1000","t_us":1790242160882840,"ev":"page_build","i":359}
Sep 24 15:14:20.883211 Runner(Flutter)[2657] <Notice>: dartnative: ##BENCH## {"tag":"feed1000","t_us":1790242160882881,"ev":"page_build","i":360}
Sep 24 15:14:20.883243 Runner(Flutter)[2657] <Notice>: dartnative: ##BENCH## {"tag":"feed1000","t_us":1790242160882906,"ev":"page_build","i":361}
Sep 24 15:14:20.883276 Runner(Flutter)[2657] <Notice>: dartnative: ##BENCH## {"tag":"feed1000","t_us":1790242160882957,"ev":"page_build","i":362}
Sep 24 15:14:20.883284 Runner(Flutter)[2657] <Notice>: dartnative: ##BENCH## {"tag":"feed1000","t_us":1790242160883002,"ev":"page_build","i":363}
Sep 24 15:14:20.883330 Runner(Flutter)[2657] <Notice>: dartnative: ##BENCH## {"tag":"feed1000","t_us":1790242160883049,"ev":"page_build","i":364}
Sep 24 15:14:20.883363 Runner(Flutter)[2657] <Notice>: dartnative: ##BENCH## {"tag":"feed1000","t_us":1790242160883095,"ev":"page_build","i":365}
Sep 24 15:14:20.883567 Runner(Flutter)[2657] <Notice>: dartnative: ##BENCH## {"tag":"feed1000","t_us":1790242160883136,"ev":"page_build","i":366}
Sep 24 15:14:20.883615 Runner(Flutter)[2657] <Notice>: dartnative: ##BENCH## {"tag":"feed1000","t_us":1790242160883234,"ev":"page_build","i":367}
Sep 24 15:14:20.883651 Runner(Flutter)[2657] <Notice>: dartnative: ##BENCH## {"tag":"feed1000","t_us":1790242160883264,"ev":"page_build","i":368}
Sep 24 15:14:20.883723 Runner(Flutter)[2657] <Notice>: dartnative: ##BENCH## {"tag":"feed1000","t_us":1790242160883291,"ev":"page_build","i":369}
Sep 24 15:14:20.883754 Runner(Flutter)[2657] <Notice>: dartnative: ##BENCH## {"tag":"feed1000","t_us":1790242160883334,"ev":"page_build","i":370}
Sep 24 15:14:20.883839 Runner(Flutter)[2657] <Notice>: dartnative: ##BENCH## {"tag":"feed1000","t_us":1790242160883371,"ev":"page_build","i":371}
Sep 24 15:14:20.883886 Runner(Flutter)[2657] <Notice>: dartnative: ##BENCH## {"tag":"feed1000","t_us":1790242160883467,"ev":"page_build","i":372}
Sep 24 15:14:20.883953 Runner(Flutter)[2657] <Notice>: dartnative: ##BENCH## {"tag":"feed1000","t_us":1790242160883533,"ev":"page_build","i":373}
Sep 24 15:14:20.883977 Runner(Flutter)[2657] <Notice>: dartnative: ##BENCH## {"tag":"feed1000","t_us":1790242160883573,"ev":"page_build","i":374}
Sep 24 15:14:20.884027 Runner(Flutter)[2657] <Notice>: dartnative: ##BENCH## {"tag":"feed1000","t_us":1790242160883608,"ev":"page_build","i":375}
Sep 24 15:14:20.884067 Runner(Flutter)[2657] <Notice>: dartnative: ##BENCH## {"tag":"feed1000","t_us":1790242160883641,"ev":"page_build","i":376}
Sep 24 15:14:20.884131 Runner(Flutter)[2657] <Notice>: dartnative: ##BENCH## {"tag":"feed1000","t_us":1790242160883749,"ev":"page_build","i":377}
Sep 24 15:14:20.884196 Runner(Flutter)[2657] <Notice>: dartnative: ##BENCH## {"tag":"feed1000","t_us":1790242160883831,"ev":"page_build","i":378}
Sep 24 15:14:20.884246 Runner(Flutter)[2657] <Notice>: dartnative: ##BENCH## {"tag":"feed1000","t_us":1790242160883888,"ev":"page_build","i":379}
Sep 24 15:14:20.884299 Runner(Flutter)[2657] <Notice>: dartnative: ##BENCH## {"tag":"feed1000","t_us":1790242160883940,"ev":"page_build","i":380}
Sep 24 15:14:20.884386 Runner(Flutter)[2657] <Notice>: dartnative: ##BENCH## {"tag":"feed1000","t_us":1790242160884006,"ev":"page_build","i":381}
Sep 24 15:14:20.884505 Runner(Flutter)[2657] <Notice>: dartnative: ##BENCH## {"tag":"feed1000","t_us":1790242160884068,"ev":"page_build","i":382}
Sep 24 15:14:20.884569 Runner(Flutter)[2657] <Notice>: dartnative: ##BENCH## {"tag":"feed1000","t_us":1790242160884138,"ev":"page_build","i":383}
Sep 24 15:14:20.884629 Runner(Flutter)[2657] <Notice>: dartnative: ##BENCH## {"tag":"feed1000","t_us":1790242160884192,"ev":"page_build","i":384}
Sep 24 15:14:20.884721 Runner(Flutter)[2657] <Notice>: dartnative: ##BENCH## {"tag":"feed1000","t_us":1790242160884221,"ev":"page_build","i":385}
Sep 24 15:14:20.884737 Runner(Flutter)[2657] <Notice>: dartnative: ##BENCH## {"tag":"feed1000","t_us":1790242160884338,"ev":"page_build","i":386}
Sep 24 15:14:20.884789 Runner(Flutter)[2657] <Notice>: dartnative: ##BENCH## {"tag":"feed1000","t_us":1790242160884358,"ev":"page_build","i":387}
Sep 24 15:14:20.884807 Runner(Flutter)[2657] <Notice>: dartnative: ##BENCH## {"tag":"feed1000","t_us":1790242160884410,"ev":"page_build","i":388}
Sep 24 15:14:20.884858 Runner(Flutter)[2657] <Notice>: dartnative: ##BENCH## {"tag":"feed1000","t_us":1790242160884463,"ev":"page_build","i":389}
Sep 24 15:14:20.884872 Runner(Flutter)[2657] <Notice>: dartnative: ##BENCH## {"tag":"feed1000","t_us":1790242160884525,"ev":"page_build","i":390}
Sep 24 15:14:20.885061 Runner(Flutter)[2657] <Notice>: dartnative: ##BENCH## {"tag":"feed1000","t_us":1790242160884578,"ev":"page_build","i":391}
Sep 24 15:14:20.885100 Runner(Flutter)[2657] <Notice>: dartnative: ##BENCH## {"tag":"feed1000","t_us":1790242160884632,"ev":"page_build","i":392}
Sep 24 15:14:20.885129 Runner(Flutter)[2657] <Notice>: dartnative: ##BENCH## {"tag":"feed1000","t_us":1790242160884686,"ev":"page_build","i":393}
Sep 24 15:14:20.885159 Runner(Flutter)[2657] <Notice>: dartnative: ##BENCH## {"tag":"feed1000","t_us":1790242160884755,"ev":"page_build","i":394}
Sep 24 15:14:20.885691 Runner(Flutter)[2657] <Notice>: dartnative: ##BENCH## {"tag":"feed1000","t_us":1790242160884820,"ev":"page_build","i":395}
Sep 24 15:14:20.885888 Runner(Flutter)[2657] <Notice>: dartnative: ##BENCH## {"tag":"feed1000","t_us":1790242160884948,"ev":"page_build","i":396}
Sep 24 15:14:20.885900 Runner(Flutter)[2657] <Notice>: dartnative: ##BENCH## {"tag":"feed1000","t_us":1790242160884996,"ev":"page_build","i":397}
Sep 24 15:14:20.886262 Runner(Flutter)[2657] <Notice>: dartnative: ##BENCH## {"tag":"feed1000","t_us":1790242160885055,"ev":"page_build","i":398}
Sep 24 15:14:20.886637 Runner(Flutter)[2657] <Notice>: dartnative: ##BENCH## {"tag":"feed1000","t_us":1790242160885099,"ev":"page_build","i":399}
Sep 24 15:14:20.886963 Runner(Flutter)[2657] <Notice>: dartnative: ##BENCH## {"tag":"feed1000","t_us":1790242160885148,"ev":"page_build","i":400}
Sep 24 15:14:20.887078 Runner(Flutter)[2657] <Notice>: dartnative: ##BENCH## {"tag":"feed1000","t_us":1790242160885185,"ev":"page_build","i":401}
Sep 24 15:14:20.887149 Runner(Flutter)[2657] <Notice>: dartnative: ##BENCH## {"tag":"feed1000","t_us":1790242160885381,"ev":"page_build","i":402}
Sep 24 15:14:20.887192 Runner(Flutter)[2657] <Notice>: dartnative: ##BENCH## {"tag":"feed1000","t_us":1790242160885435,"ev":"page_build","i":403}
Sep 24 15:14:20.887241 Runner(Flutter)[2657] <Notice>: dartnative: ##BENCH## {"tag":"feed1000","t_us":1790242160885484,"ev":"page_build","i":404}
Sep 24 15:14:20.887271 Runner(Flutter)[2657] <Notice>: dartnative: ##BENCH## {"tag":"feed1000","t_us":1790242160885524,"ev":"page_build","i":405}
Sep 24 15:14:20.887282 Runner(Flutter)[2657] <Notice>: dartnative: ##BENCH## {"tag":"feed1000","t_us":1790242160885586,"ev":"page_build","i":406}
Sep 24 15:14:20.887328 Runner(Flutter)[2657] <Notice>: dartnative: ##BENCH## {"tag":"feed1000","t_us":1790242160885667,"ev":"page_build","i":407}
Sep 24 15:14:20.887358 Runner(Flutter)[2657] <Notice>: dartnative: ##BENCH## {"tag":"feed1000","t_us":1790242160885781,"ev":"page_build","i":408}
Sep 24 15:14:20.887366 Runner(Flutter)[2657] <Notice>: dartnative: ##BENCH## {"tag":"feed1000","t_us":1790242160885870,"ev":"page_build","i":409}
Sep 24 15:14:20.887375 Runner(Flutter)[2657] <Notice>: dartnative: ##BENCH## {"tag":"feed1000","t_us":1790242160885878,"ev":"page_build","i":410}
Sep 24 15:14:20.887391 Runner(Flutter)[2657] <Notice>: dartnative: ##BENCH## {"tag":"feed1000","t_us":1790242160885885,"ev":"page_build","i":411}
Sep 24 15:14:20.887432 Runner(Flutter)[2657] <Notice>: dartnative: ##BENCH## {"tag":"feed1000","t_us":1790242160885968,"ev":"page_build","i":412}
Sep 24 15:14:20.887449 Runner(Flutter)[2657] <Notice>: dartnative: ##BENCH## {"tag":"feed1000","t_us":1790242160885975,"ev":"page_build","i":413}
Sep 24 15:14:20.887470 Runner(Flutter)[2657] <Notice>: dartnative: ##BENCH## {"tag":"feed1000","t_us":1790242160885982,"ev":"page_build","i":414}
Sep 24 15:14:20.887477 Runner(Flutter)[2657] <Notice>: dartnative: ##BENCH## {"tag":"feed1000","t_us":1790242160886032,"ev":"page_build","i":415}
Sep 24 15:14:20.887494 Runner(Flutter)[2657] <Notice>: dartnative: ##BENCH## {"tag":"feed1000","t_us":1790242160886127,"ev":"page_build","i":416}
Sep 24 15:14:20.887510 Runner(Flutter)[2657] <Notice>: dartnative: ##BENCH## {"tag":"feed1000","t_us":1790242160886164,"ev":"page_build","i":417}
Sep 24 15:14:20.887534 Runner(Flutter)[2657] <Notice>: dartnative: ##BENCH## {"tag":"feed1000","t_us":1790242160886207,"ev":"page_build","i":418}
Sep 24 15:14:20.887572 Runner(Flutter)[2657] <Notice>: dartnative: ##BENCH## {"tag":"feed1000","t_us":1790242160886271,"ev":"page_build","i":419}
Sep 24 15:14:20.887653 Runner(Flutter)[2657] <Notice>: dartnative: ##BENCH## {"tag":"feed1000","t_us":1790242160886304,"ev":"page_build","i":420}
Sep 24 15:14:20.887688 Runner(Flutter)[2657] <Notice>: dartnative: ##BENCH## {"tag":"feed1000","t_us":1790242160886354,"ev":"page_build","i":421}
Sep 24 15:14:20.887752 Runner(Flutter)[2657] <Notice>: dartnative: ##BENCH## {"tag":"feed1000","t_us":1790242160886402,"ev":"page_build","i":422}
Sep 24 15:14:20.887793 Runner(Flutter)[2657] <Notice>: dartnative: ##BENCH## {"tag":"feed1000","t_us":1790242160886442,"ev":"page_build","i":423}
Sep 24 15:14:20.887825 Runner(Flutter)[2657] <Notice>: dartnative: ##BENCH## {"tag":"feed1000","t_us":1790242160886505,"ev":"page_build","i":424}
Sep 24 15:14:20.887881 Runner(Flutter)[2657] <Notice>: dartnative: ##BENCH## {"tag":"feed1000","t_us":1790242160886531,"ev":"page_build","i":425}
Sep 24 15:14:20.887958 Runner(Flutter)[2657] <Notice>: dartnative: ##BENCH## {"tag":"feed1000","t_us":1790242160886600,"ev":"page_build","i":426}
Sep 24 15:14:20.887990 Runner(Flutter)[2657] <Notice>: dartnative: ##BENCH## {"tag":"feed1000","t_us":1790242160886731,"ev":"page_build","i":427}
Sep 24 15:14:20.888023 Runner(Flutter)[2657] <Notice>: dartnative: ##BENCH## {"tag":"feed1000","t_us":1790242160886775,"ev":"page_build","i":428}
Sep 24 15:14:20.888057 Runner(Flutter)[2657] <Notice>: dartnative: ##BENCH## {"tag":"feed1000","t_us":1790242160886880,"ev":"page_build","i":429}
Sep 24 15:14:20.888107 Runner(Flutter)[2657] <Notice>: dartnative: ##BENCH## {"tag":"feed1000","t_us":1790242160887009,"ev":"page_build","i":430}
Sep 24 15:14:20.888132 Runner(Flutter)[2657] <Notice>: dartnative: ##BENCH## {"tag":"feed1000","t_us":1790242160887112,"ev":"page_build","i":431}
Sep 24 15:14:20.888155 Runner(Flutter)[2657] <Notice>: dartnative: ##BENCH## {"tag":"feed1000","t_us":1790242160887204,"ev":"page_build","i":432}
Sep 24 15:14:20.888195 Runner(Flutter)[2657] <Notice>: dartnative: ##BENCH## {"tag":"feed1000","t_us":1790242160887287,"ev":"page_build","i":433}
Sep 24 15:14:20.888212 Runner(Flutter)[2657] <Notice>: dartnative: ##BENCH## {"tag":"feed1000","t_us":1790242160887347,"ev":"page_build","i":434}
Sep 24 15:14:20.888241 Runner(Flutter)[2657] <Notice>: dartnative: ##BENCH## {"tag":"feed1000","t_us":1790242160887447,"ev":"page_build","i":435}
Sep 24 15:14:20.888256 Runner(Flutter)[2657] <Notice>: dartnative: ##BENCH## {"tag":"feed1000","t_us":1790242160887543,"ev":"page_build","i":436}
Sep 24 15:14:20.888289 Runner(Flutter)[2657] <Notice>: dartnative: ##BENCH## {"tag":"feed1000","t_us":1790242160887586,"ev":"page_build","i":437}
Sep 24 15:14:20.888308 Runner(Flutter)[2657] <Notice>: dartnative: ##BENCH## {"tag":"feed1000","t_us":1790242160887672,"ev":"page_build","i":438}
Sep 24 15:14:20.888331 Runner(Flutter)[2657] <Notice>: dartnative: ##BENCH## {"tag":"feed1000","t_us":1790242160887751,"ev":"page_build","i":439}
Sep 24 15:14:20.888347 Runner(Flutter)[2657] <Notice>: dartnative: ##BENCH## {"tag":"feed1000","t_us":1790242160887779,"ev":"page_build","i":440}
Sep 24 15:14:20.888367 Runner(Flutter)[2657] <Notice>: dartnative: ##BENCH## {"tag":"feed1000","t_us":1790242160887852,"ev":"page_build","i":441}
Sep 24 15:14:20.888434 Runner(Flutter)[2657] <Notice>: dartnative: ##BENCH## {"tag":"feed1000","t_us":1790242160887885,"ev":"page_build","i":442}
Sep 24 15:14:20.888493 Runner(Flutter)[2657] <Notice>: dartnative: ##BENCH## {"tag":"feed1000","t_us":1790242160887926,"ev":"page_build","i":443}
Sep 24 15:14:20.888511 Runner(Flutter)[2657] <Notice>: dartnative: ##BENCH## {"tag":"feed1000","t_us":1790242160887963,"ev":"page_build","i":444}
Sep 24 15:14:20.888526 Runner(Flutter)[2657] <Notice>: dartnative: ##BENCH## {"tag":"feed1000","t_us":1790242160888012,"ev":"page_build","i":445}
Sep 24 15:14:20.888540 Runner(Flutter)[2657] <Notice>: dartnative: ##BENCH## {"tag":"feed1000","t_us":1790242160888048,"ev":"page_build","i":446}
Sep 24 15:14:20.888555 Runner(Flutter)[2657] <Notice>: dartnative: ##BENCH## {"tag":"feed1000","t_us":1790242160888106,"ev":"page_build","i":447}
Sep 24 15:14:20.888574 Runner(Flutter)[2657] <Notice>: dartnative: ##BENCH## {"tag":"feed1000","t_us":1790242160888147,"ev":"page_build","i":448}
Sep 24 15:14:20.888588 Runner(Flutter)[2657] <Notice>: dartnative: ##BENCH## {"tag":"feed1000","t_us":1790242160888182,"ev":"page_build","i":449}
Sep 24 15:14:20.888602 Runner(Flutter)[2657] <Notice>: dartnative: ##BENCH## {"tag":"feed1000","t_us":1790242160888240,"ev":"page_build","i":450}
Sep 24 15:14:20.888620 Runner(Flutter)[2657] <Notice>: dartnative: ##BENCH## {"tag":"feed1000","t_us":1790242160888303,"ev":"page_build","i":451}
Sep 24 15:14:20.888634 Runner(Flutter)[2657] <Notice>: dartnative: ##BENCH## {"tag":"feed1000","t_us":1790242160888336,"ev":"page_build","i":452}
Sep 24 15:14:20.888682 Runner(Flutter)[2657] <Notice>: dartnative: ##BENCH## {"tag":"feed1000","t_us":1790242160888368,"ev":"page_build","i":453}
Sep 24 15:14:20.888720 Runner(Flutter)[2657] <Notice>: dartnative: ##BENCH## {"tag":"feed1000","t_us":1790242160888417,"ev":"page_build","i":454}
Sep 24 15:14:20.888758 Runner(Flutter)[2657] <Notice>: dartnative: ##BENCH## {"tag":"feed1000","t_us":1790242160888451,"ev":"page_build","i":455}
Sep 24 15:14:20.888796 Runner(Flutter)[2657] <Notice>: dartnative: ##BENCH## {"tag":"feed1000","t_us":1790242160888507,"ev":"page_build","i":456}
Sep 24 15:14:20.888835 Runner(Flutter)[2657] <Notice>: dartnative: ##BENCH## {"tag":"feed1000","t_us":1790242160888527,"ev":"page_build","i":457}
Sep 24 15:14:20.888869 Runner(Flutter)[2657] <Notice>: dartnative: ##BENCH## {"tag":"feed1000","t_us":1790242160888562,"ev":"page_build","i":458}
Sep 24 15:14:20.888935 Runner(Flutter)[2657] <Notice>: dartnative: ##BENCH## {"tag":"feed1000","t_us":1790242160888593,"ev":"page_build","i":459}
Sep 24 15:14:20.888962 Runner(Flutter)[2657] <Notice>: dartnative: ##BENCH## {"tag":"feed1000","t_us":1790242160888635,"ev":"page_build","i":460}
Sep 24 15:14:20.889000 Runner(Flutter)[2657] <Notice>: dartnative: ##BENCH## {"tag":"feed1000","t_us":1790242160888684,"ev":"page_build","i":461}
Sep 24 15:14:20.889033 Runner(Flutter)[2657] <Notice>: dartnative: ##BENCH## {"tag":"feed1000","t_us":1790242160888727,"ev":"page_build","i":462}
Sep 24 15:14:20.889087 Runner(Flutter)[2657] <Notice>: dartnative: ##BENCH## {"tag":"feed1000","t_us":1790242160888761,"ev":"page_build","i":463}
Sep 24 15:14:20.889120 Runner(Flutter)[2657] <Notice>: dartnative: ##BENCH## {"tag":"feed1000","t_us":1790242160888800,"ev":"page_build","i":464}
Sep 24 15:14:20.889155 Runner(Flutter)[2657] <Notice>: dartnative: ##BENCH## {"tag":"feed1000","t_us":1790242160888850,"ev":"page_build","i":465}
Sep 24 15:14:20.889189 Runner(Flutter)[2657] <Notice>: dartnative: ##BENCH## {"tag":"feed1000","t_us":1790242160888876,"ev":"page_build","i":466}
Sep 24 15:14:20.889234 Runner(Flutter)[2657] <Notice>: dartnative: ##BENCH## {"tag":"feed1000","t_us":1790242160888928,"ev":"page_build","i":467}
Sep 24 15:14:20.889290 Runner(Flutter)[2657] <Notice>: dartnative: ##BENCH## {"tag":"feed1000","t_us":1790242160888968,"ev":"page_build","i":468}
Sep 24 15:14:20.889406 Runner(Flutter)[2657] <Notice>: dartnative: ##BENCH## {"tag":"feed1000","t_us":1790242160889014,"ev":"page_build","i":469}
Sep 24 15:14:20.889509 Runner(Flutter)[2657] <Notice>: dartnative: ##BENCH## {"tag":"feed1000","t_us":1790242160889046,"ev":"page_build","i":470}
Sep 24 15:14:20.889546 Runner(Flutter)[2657] <Notice>: dartnative: ##BENCH## {"tag":"feed1000","t_us":1790242160889129,"ev":"page_build","i":471}
Sep 24 15:14:20.889598 Runner(Flutter)[2657] <Notice>: dartnative: ##BENCH## {"tag":"feed1000","t_us":1790242160889183,"ev":"page_build","i":472}
Sep 24 15:14:20.889655 Runner(Flutter)[2657] <Notice>: dartnative: ##BENCH## {"tag":"feed1000","t_us":1790242160889238,"ev":"page_build","i":473}
Sep 24 15:14:20.889726 Runner(Flutter)[2657] <Notice>: dartnative: ##BENCH## {"tag":"feed1000","t_us":1790242160889293,"ev":"page_build","i":474}
Sep 24 15:14:20.889760 Runner(Flutter)[2657] <Notice>: dartnative: ##BENCH## {"tag":"feed1000","t_us":1790242160889400,"ev":"page_build","i":475}
Sep 24 15:14:20.889830 Runner(Flutter)[2657] <Notice>: dartnative: ##BENCH## {"tag":"feed1000","t_us":1790242160889457,"ev":"page_build","i":476}
Sep 24 15:14:20.889854 Runner(Flutter)[2657] <Notice>: dartnative: ##BENCH## {"tag":"feed1000","t_us":1790242160889503,"ev":"page_build","i":477}
Sep 24 15:14:20.889994 Runner(Flutter)[2657] <Notice>: dartnative: ##BENCH## {"tag":"feed1000","t_us":1790242160889555,"ev":"page_build","i":478}
Sep 24 15:14:20.890035 Runner(Flutter)[2657] <Notice>: dartnative: ##BENCH## {"tag":"feed1000","t_us":1790242160889624,"ev":"page_build","i":479}
Sep 24 15:14:20.890281 Runner(Flutter)[2657] <Notice>: dartnative: ##BENCH## {"tag":"feed1000","t_us":1790242160889661,"ev":"page_build","i":480}
Sep 24 15:14:20.890322 Runner(Flutter)[2657] <Notice>: dartnative: ##BENCH## {"tag":"feed1000","t_us":1790242160889702,"ev":"page_build","i":481}
Sep 24 15:14:20.890429 Runner(Flutter)[2657] <Notice>: dartnative: ##BENCH## {"tag":"feed1000","t_us":1790242160889766,"ev":"page_build","i":482}
Sep 24 15:14:20.890518 Runner(Flutter)[2657] <Notice>: dartnative: ##BENCH## {"tag":"feed1000","t_us":1790242160889849,"ev":"page_build","i":483}
Sep 24 15:14:20.890572 Runner(Flutter)[2657] <Notice>: dartnative: ##BENCH## {"tag":"feed1000","t_us":1790242160889926,"ev":"page_build","i":484}
Sep 24 15:14:20.890604 Runner(Flutter)[2657] <Notice>: dartnative: ##BENCH## {"tag":"feed1000","t_us":1790242160890003,"ev":"page_build","i":485}
Sep 24 15:14:20.890631 Runner(Flutter)[2657] <Notice>: dartnative: ##BENCH## {"tag":"feed1000","t_us":1790242160890083,"ev":"page_build","i":486}
Sep 24 15:14:20.890649 Runner(Flutter)[2657] <Notice>: dartnative: ##BENCH## {"tag":"feed1000","t_us":1790242160890155,"ev":"page_build","i":487}
Sep 24 15:14:20.890723 Runner(Flutter)[2657] <Notice>: dartnative: ##BENCH## {"tag":"feed1000","t_us":1790242160890216,"ev":"page_build","i":488}
Sep 24 15:14:20.890784 Runner(Flutter)[2657] <Notice>: dartnative: ##BENCH## {"tag":"feed1000","t_us":1790242160890284,"ev":"page_build","i":489}
Sep 24 15:14:20.890943 Runner(Flutter)[2657] <Notice>: dartnative: ##BENCH## {"tag":"feed1000","t_us":1790242160890333,"ev":"page_build","i":490}
Sep 24 15:14:20.890998 Runner(Flutter)[2657] <Notice>: dartnative: ##BENCH## {"tag":"feed1000","t_us":1790242160890432,"ev":"page_build","i":491}
Sep 24 15:14:20.891039 Runner(Flutter)[2657] <Notice>: dartnative: ##BENCH## {"tag":"feed1000","t_us":1790242160890508,"ev":"page_build","i":492}
Sep 24 15:14:20.891109 Runner(Flutter)[2657] <Notice>: dartnative: ##BENCH## {"tag":"feed1000","t_us":1790242160890562,"ev":"page_build","i":493}
Sep 24 15:14:20.891140 Runner(Flutter)[2657] <Notice>: dartnative: ##BENCH## {"tag":"feed1000","t_us":1790242160890616,"ev":"page_build","i":494}
Sep 24 15:14:20.891203 Runner(Flutter)[2657] <Notice>: dartnative: ##BENCH## {"tag":"feed1000","t_us":1790242160890712,"ev":"page_build","i":495}
Sep 24 15:14:20.891307 Runner(Flutter)[2657] <Notice>: dartnative: ##BENCH## {"tag":"feed1000","t_us":1790242160890798,"ev":"page_build","i":496}
Sep 24 15:14:20.891413 Runner(Flutter)[2657] <Notice>: dartnative: ##BENCH## {"tag":"feed1000","t_us":1790242160890938,"ev":"page_build","i":497}
Sep 24 15:14:20.891484 Runner(Flutter)[2657] <Notice>: dartnative: ##BENCH## {"tag":"feed1000","t_us":1790242160891044,"ev":"page_build","i":498}
Sep 24 15:14:20.891552 Runner(Flutter)[2657] <Notice>: dartnative: ##BENCH## {"tag":"feed1000","t_us":1790242160891089,"ev":"page_build","i":499}
Sep 24 15:14:20.891584 Runner(Flutter)[2657] <Notice>: dartnative: ##BENCH## {"tag":"feed1000","t_us":1790242160891153,"ev":"page_build","i":500}
Sep 24 15:14:20.891638 Runner(Flutter)[2657] <Notice>: dartnative: ##BENCH## {"tag":"feed1000","t_us":1790242160891209,"ev":"page_build","i":501}
Sep 24 15:14:20.891776 Runner(Flutter)[2657] <Notice>: dartnative: ##BENCH## {"tag":"feed1000","t_us":1790242160891256,"ev":"page_build","i":502}
Sep 24 15:14:20.891858 Runner(Flutter)[2657] <Notice>: dartnative: ##BENCH## {"tag":"feed1000","t_us":1790242160891317,"ev":"page_build","i":503}
Sep 24 15:14:20.891988 Runner(Flutter)[2657] <Notice>: dartnative: ##BENCH## {"tag":"feed1000","t_us":1790242160891366,"ev":"page_build","i":504}
Sep 24 15:14:20.892138 Runner(Flutter)[2657] <Notice>: dartnative: ##BENCH## {"tag":"feed1000","t_us":1790242160891442,"ev":"page_build","i":505}
Sep 24 15:14:20.892161 Runner(Flutter)[2657] <Notice>: dartnative: ##BENCH## {"tag":"feed1000","t_us":1790242160891504,"ev":"page_build","i":506}
Sep 24 15:14:20.892232 Runner(Flutter)[2657] <Notice>: dartnative: ##BENCH## {"tag":"feed1000","t_us":1790242160891555,"ev":"page_build","i":507}
Sep 24 15:14:20.892344 Runner(Flutter)[2657] <Notice>: dartnative: ##BENCH## {"tag":"feed1000","t_us":1790242160891599,"ev":"page_build","i":508}
Sep 24 15:14:20.892434 Runner(Flutter)[2657] <Notice>: dartnative: ##BENCH## {"tag":"feed1000","t_us":1790242160891653,"ev":"page_build","i":509}
Sep 24 15:14:20.892475 Runner(Flutter)[2657] <Notice>: dartnative: ##BENCH## {"tag":"feed1000","t_us":1790242160891682,"ev":"page_build","i":510}
Sep 24 15:14:20.892497 Runner(Flutter)[2657] <Notice>: dartnative: ##BENCH## {"tag":"feed1000","t_us":1790242160891713,"ev":"page_build","i":511}
Sep 24 15:14:20.892561 Runner(Flutter)[2657] <Notice>: dartnative: ##BENCH## {"tag":"feed1000","t_us":1790242160891797,"ev":"page_build","i":512}
Sep 24 15:14:20.892618 Runner(Flutter)[2657] <Notice>: dartnative: ##BENCH## {"tag":"feed1000","t_us":1790242160891885,"ev":"page_build","i":513}
Sep 24 15:14:20.892772 Runner(Flutter)[2657] <Notice>: dartnative: ##BENCH## {"tag":"feed1000","t_us":1790242160891947,"ev":"page_build","i":514}
Sep 24 15:14:20.893015 Runner(Flutter)[2657] <Notice>: dartnative: ##BENCH## {"tag":"feed1000","t_us":1790242160892028,"ev":"page_build","i":515}
Sep 24 15:14:20.893113 Runner(Flutter)[2657] <Notice>: dartnative: ##BENCH## {"tag":"feed1000","t_us":1790242160892097,"ev":"page_build","i":516}
Sep 24 15:14:20.893135 Runner(Flutter)[2657] <Notice>: dartnative: ##BENCH## {"tag":"feed1000","t_us":1790242160892134,"ev":"page_build","i":517}
Sep 24 15:14:20.893160 Runner(Flutter)[2657] <Notice>: dartnative: ##BENCH## {"tag":"feed1000","t_us":1790242160892160,"ev":"page_build","i":518}
Sep 24 15:14:20.893213 Runner(Flutter)[2657] <Notice>: dartnative: ##BENCH## {"tag":"feed1000","t_us":1790242160892227,"ev":"page_build","i":519}
Sep 24 15:14:20.893262 Runner(Flutter)[2657] <Notice>: dartnative: ##BENCH## {"tag":"feed1000","t_us":1790242160892286,"ev":"page_build","i":520}
Sep 24 15:14:20.893308 Runner(Flutter)[2657] <Notice>: dartnative: ##BENCH## {"tag":"feed1000","t_us":1790242160892364,"ev":"page_build","i":521}
Sep 24 15:14:20.893349 Runner(Flutter)[2657] <Notice>: dartnative: ##BENCH## {"tag":"feed1000","t_us":1790242160892410,"ev":"page_build","i":522}
Sep 24 15:14:20.893380 Runner(Flutter)[2657] <Notice>: dartnative: ##BENCH## {"tag":"feed1000","t_us":1790242160892462,"ev":"page_build","i":523}
Sep 24 15:14:20.893397 Runner(Flutter)[2657] <Notice>: dartnative: ##BENCH## {"tag":"feed1000","t_us":1790242160892516,"ev":"page_build","i":524}
Sep 24 15:14:20.893442 Runner(Flutter)[2657] <Notice>: dartnative: ##BENCH## {"tag":"feed1000","t_us":1790242160892565,"ev":"page_build","i":525}
Sep 24 15:14:20.893487 Runner(Flutter)[2657] <Notice>: dartnative: ##BENCH## {"tag":"feed1000","t_us":1790242160892607,"ev":"page_build","i":526}
Sep 24 15:14:20.893510 Runner(Flutter)[2657] <Notice>: dartnative: ##BENCH## {"tag":"feed1000","t_us":1790242160892654,"ev":"page_build","i":527}
Sep 24 15:14:20.893546 Runner(Flutter)[2657] <Notice>: dartnative: ##BENCH## {"tag":"feed1000","t_us":1790242160892726,"ev":"page_build","i":528}
Sep 24 15:14:20.893583 Runner(Flutter)[2657] <Notice>: dartnative: ##BENCH## {"tag":"feed1000","t_us":1790242160892780,"ev":"page_build","i":529}
Sep 24 15:14:20.893643 Runner(Flutter)[2657] <Notice>: dartnative: ##BENCH## {"tag":"feed1000","t_us":1790242160892835,"ev":"page_build","i":530}
Sep 24 15:14:20.893677 Runner(Flutter)[2657] <Notice>: dartnative: ##BENCH## {"tag":"feed1000","t_us":1790242160892878,"ev":"page_build","i":531}
Sep 24 15:14:20.893693 Runner(Flutter)[2657] <Notice>: dartnative: ##BENCH## {"tag":"feed1000","t_us":1790242160892941,"ev":"page_build","i":532}
Sep 24 15:14:20.893708 Runner(Flutter)[2657] <Notice>: dartnative: ##BENCH## {"tag":"feed1000","t_us":1790242160892977,"ev":"page_build","i":533}
Sep 24 15:14:20.893723 Runner(Flutter)[2657] <Notice>: dartnative: ##BENCH## {"tag":"feed1000","t_us":1790242160893034,"ev":"page_build","i":534}
Sep 24 15:14:20.893741 Runner(Flutter)[2657] <Notice>: dartnative: ##BENCH## {"tag":"feed1000","t_us":1790242160893079,"ev":"page_build","i":535}
Sep 24 15:14:20.893769 Runner(Flutter)[2657] <Notice>: dartnative: ##BENCH## {"tag":"feed1000","t_us":1790242160893147,"ev":"page_build","i":536}
Sep 24 15:14:20.893798 Runner(Flutter)[2657] <Notice>: dartnative: ##BENCH## {"tag":"feed1000","t_us":1790242160893201,"ev":"page_build","i":537}
Sep 24 15:14:20.893817 Runner(Flutter)[2657] <Notice>: dartnative: ##BENCH## {"tag":"feed1000","t_us":1790242160893241,"ev":"page_build","i":538}
Sep 24 15:14:20.893868 Runner(Flutter)[2657] <Notice>: dartnative: ##BENCH## {"tag":"feed1000","t_us":1790242160893279,"ev":"page_build","i":539}
Sep 24 15:14:20.893887 Runner(Flutter)[2657] <Notice>: dartnative: ##BENCH## {"tag":"feed1000","t_us":1790242160893321,"ev":"page_build","i":540}
Sep 24 15:14:20.893913 Runner(Flutter)[2657] <Notice>: dartnative: ##BENCH## {"tag":"feed1000","t_us":1790242160893353,"ev":"page_build","i":541}
Sep 24 15:14:20.893928 Runner(Flutter)[2657] <Notice>: dartnative: ##BENCH## {"tag":"feed1000","t_us":1790242160893389,"ev":"page_build","i":542}
Sep 24 15:14:20.893969 Runner(Flutter)[2657] <Notice>: dartnative: ##BENCH## {"tag":"feed1000","t_us":1790242160893435,"ev":"page_build","i":543}
Sep 24 15:14:20.893984 Runner(Flutter)[2657] <Notice>: dartnative: ##BENCH## {"tag":"feed1000","t_us":1790242160893512,"ev":"page_build","i":544}
Sep 24 15:14:20.894011 Runner(Flutter)[2657] <Notice>: dartnative: ##BENCH## {"tag":"feed1000","t_us":1790242160893585,"ev":"page_build","i":545}
Sep 24 15:14:20.894033 Runner(Flutter)[2657] <Notice>: dartnative: ##BENCH## {"tag":"feed1000","t_us":1790242160893620,"ev":"page_build","i":546}
Sep 24 15:14:20.894046 Runner(Flutter)[2657] <Notice>: dartnative: ##BENCH## {"tag":"feed1000","t_us":1790242160893674,"ev":"page_build","i":547}
Sep 24 15:14:20.894091 Runner(Flutter)[2657] <Notice>: dartnative: ##BENCH## {"tag":"feed1000","t_us":1790242160893717,"ev":"page_build","i":548}
Sep 24 15:14:20.894126 Runner(Flutter)[2657] <Notice>: dartnative: ##BENCH## {"tag":"feed1000","t_us":1790242160893749,"ev":"page_build","i":549}
Sep 24 15:14:20.894202 Runner(Flutter)[2657] <Notice>: dartnative: ##BENCH## {"tag":"feed1000","t_us":1790242160893805,"ev":"page_build","i":550}
Sep 24 15:14:20.894233 Runner(Flutter)[2657] <Notice>: dartnative: ##BENCH## {"tag":"feed1000","t_us":1790242160893914,"ev":"page_build","i":551}
Sep 24 15:14:20.894306 Runner(Flutter)[2657] <Notice>: dartnative: ##BENCH## {"tag":"feed1000","t_us":1790242160893972,"ev":"page_build","i":552}
Sep 24 15:14:20.894364 Runner(Flutter)[2657] <Notice>: dartnative: ##BENCH## {"tag":"feed1000","t_us":1790242160894008,"ev":"page_build","i":553}
Sep 24 15:14:20.894415 Runner(Flutter)[2657] <Notice>: dartnative: ##BENCH## {"tag":"feed1000","t_us":1790242160894051,"ev":"page_build","i":554}
Sep 24 15:14:20.894474 Runner(Flutter)[2657] <Notice>: dartnative: ##BENCH## {"tag":"feed1000","t_us":1790242160894100,"ev":"page_build","i":555}
Sep 24 15:14:20.894540 Runner(Flutter)[2657] <Notice>: dartnative: ##BENCH## {"tag":"feed1000","t_us":1790242160894131,"ev":"page_build","i":556}
Sep 24 15:14:20.894580 Runner(Flutter)[2657] <Notice>: dartnative: ##BENCH## {"tag":"feed1000","t_us":1790242160894158,"ev":"page_build","i":557}
Sep 24 15:14:20.894670 Runner(Flutter)[2657] <Notice>: dartnative: ##BENCH## {"tag":"feed1000","t_us":1790242160894204,"ev":"page_build","i":558}
Sep 24 15:14:20.894829 Runner(Flutter)[2657] <Notice>: dartnative: ##BENCH## {"tag":"feed1000","t_us":1790242160894242,"ev":"page_build","i":559}
Sep 24 15:14:20.894852 Runner(Flutter)[2657] <Notice>: dartnative: ##BENCH## {"tag":"feed1000","t_us":1790242160894312,"ev":"page_build","i":560}
Sep 24 15:14:20.894868 Runner(Flutter)[2657] <Notice>: dartnative: ##BENCH## {"tag":"feed1000","t_us":1790242160894371,"ev":"page_build","i":561}
Sep 24 15:14:20.894894 Runner(Flutter)[2657] <Notice>: dartnative: ##BENCH## {"tag":"feed1000","t_us":1790242160894423,"ev":"page_build","i":562}
Sep 24 15:14:20.894922 Runner(Flutter)[2657] <Notice>: dartnative: ##BENCH## {"tag":"feed1000","t_us":1790242160894470,"ev":"page_build","i":563}
Sep 24 15:14:20.895060 Runner(Flutter)[2657] <Notice>: dartnative: ##BENCH## {"tag":"feed1000","t_us":1790242160894539,"ev":"page_build","i":564}
Sep 24 15:14:20.895120 Runner(Flutter)[2657] <Notice>: dartnative: ##BENCH## {"tag":"feed1000","t_us":1790242160894590,"ev":"page_build","i":565}
Sep 24 15:14:20.895156 Runner(Flutter)[2657] <Notice>: dartnative: ##BENCH## {"tag":"feed1000","t_us":1790242160894671,"ev":"page_build","i":566}
Sep 24 15:14:20.895213 Runner(Flutter)[2657] <Notice>: dartnative: ##BENCH## {"tag":"feed1000","t_us":1790242160894721,"ev":"page_build","i":567}
Sep 24 15:14:20.895249 Runner(Flutter)[2657] <Notice>: dartnative: ##BENCH## {"tag":"feed1000","t_us":1790242160894759,"ev":"page_build","i":568}
Sep 24 15:14:20.895305 Runner(Flutter)[2657] <Notice>: dartnative: ##BENCH## {"tag":"feed1000","t_us":1790242160894810,"ev":"page_build","i":569}
Sep 24 15:14:20.895325 Runner(Flutter)[2657] <Notice>: dartnative: ##BENCH## {"tag":"feed1000","t_us":1790242160894871,"ev":"page_build","i":570}
Sep 24 15:14:20.895369 Runner(Flutter)[2657] <Notice>: dartnative: ##BENCH## {"tag":"feed1000","t_us":1790242160894932,"ev":"page_build","i":571}
Sep 24 15:14:20.895460 Runner(Flutter)[2657] <Notice>: dartnative: ##BENCH## {"tag":"feed1000","t_us":1790242160895044,"ev":"page_build","i":572}
Sep 24 15:14:20.895551 Runner(Flutter)[2657] <Notice>: dartnative: ##BENCH## {"tag":"feed1000","t_us":1790242160895128,"ev":"page_build","i":573}
Sep 24 15:14:20.895609 Runner(Flutter)[2657] <Notice>: dartnative: ##BENCH## {"tag":"feed1000","t_us":1790242160895215,"ev":"page_build","i":574}
Sep 24 15:14:20.895649 Runner(Flutter)[2657] <Notice>: dartnative: ##BENCH## {"tag":"feed1000","t_us":1790242160895253,"ev":"page_build","i":575}
Sep 24 15:14:20.895731 Runner(Flutter)[2657] <Notice>: dartnative: ##BENCH## {"tag":"feed1000","t_us":1790242160895309,"ev":"page_build","i":576}
Sep 24 15:14:20.895830 Runner(Flutter)[2657] <Notice>: dartnative: ##BENCH## {"tag":"feed1000","t_us":1790242160895387,"ev":"page_build","i":577}
Sep 24 15:14:20.895863 Runner(Flutter)[2657] <Notice>: dartnative: ##BENCH## {"tag":"feed1000","t_us":1790242160895472,"ev":"page_build","i":578}
Sep 24 15:14:20.895936 Runner(Flutter)[2657] <Notice>: dartnative: ##BENCH## {"tag":"feed1000","t_us":1790242160895546,"ev":"page_build","i":579}
Sep 24 15:14:20.895970 Runner(Flutter)[2657] <Notice>: dartnative: ##BENCH## {"tag":"feed1000","t_us":1790242160895662,"ev":"page_build","i":580}
Sep 24 15:14:20.896013 Runner(Flutter)[2657] <Notice>: dartnative: ##BENCH## {"tag":"feed1000","t_us":1790242160895698,"ev":"page_build","i":581}
Sep 24 15:14:20.896055 Runner(Flutter)[2657] <Notice>: dartnative: ##BENCH## {"tag":"feed1000","t_us":1790242160895743,"ev":"page_build","i":582}
Sep 24 15:14:20.896157 Runner(Flutter)[2657] <Notice>: dartnative: ##BENCH## {"tag":"feed1000","t_us":1790242160895778,"ev":"page_build","i":583}
Sep 24 15:14:20.896252 Runner(Flutter)[2657] <Notice>: dartnative: ##BENCH## {"tag":"feed1000","t_us":1790242160895867,"ev":"page_build","i":584}
Sep 24 15:14:20.896342 Runner(Flutter)[2657] <Notice>: dartnative: ##BENCH## {"tag":"feed1000","t_us":1790242160895944,"ev":"page_build","i":585}
Sep 24 15:14:20.896401 Runner(Flutter)[2657] <Notice>: dartnative: ##BENCH## {"tag":"feed1000","t_us":1790242160896016,"ev":"page_build","i":586}
Sep 24 15:14:20.896447 Runner(Flutter)[2657] <Notice>: dartnative: ##BENCH## {"tag":"feed1000","t_us":1790242160896073,"ev":"page_build","i":587}
Sep 24 15:14:20.896493 Runner(Flutter)[2657] <Notice>: dartnative: ##BENCH## {"tag":"feed1000","t_us":1790242160896111,"ev":"page_build","i":588}
Sep 24 15:14:20.896546 Runner(Flutter)[2657] <Notice>: dartnative: ##BENCH## {"tag":"feed1000","t_us":1790242160896155,"ev":"page_build","i":589}
Sep 24 15:14:20.896600 Runner(Flutter)[2657] <Notice>: dartnative: ##BENCH## {"tag":"feed1000","t_us":1790242160896199,"ev":"page_build","i":590}
Sep 24 15:14:20.896626 Runner(Flutter)[2657] <Notice>: dartnative: ##BENCH## {"tag":"feed1000","t_us":1790242160896254,"ev":"page_build","i":591}
Sep 24 15:14:20.896664 Runner(Flutter)[2657] <Notice>: dartnative: ##BENCH## {"tag":"feed1000","t_us":1790242160896276,"ev":"page_build","i":592}
Sep 24 15:14:20.896709 Runner(Flutter)[2657] <Notice>: dartnative: ##BENCH## {"tag":"feed1000","t_us":1790242160896345,"ev":"page_build","i":593}
Sep 24 15:14:20.896761 Runner(Flutter)[2657] <Notice>: dartnative: ##BENCH## {"tag":"feed1000","t_us":1790242160896394,"ev":"page_build","i":594}
Sep 24 15:14:20.896800 Runner(Flutter)[2657] <Notice>: dartnative: ##BENCH## {"tag":"feed1000","t_us":1790242160896458,"ev":"page_build","i":595}
Sep 24 15:14:20.896824 Runner(Flutter)[2657] <Notice>: dartnative: ##BENCH## {"tag":"feed1000","t_us":1790242160896504,"ev":"page_build","i":596}
Sep 24 15:14:20.896875 Runner(Flutter)[2657] <Notice>: dartnative: ##BENCH## {"tag":"feed1000","t_us":1790242160896549,"ev":"page_build","i":597}
Sep 24 15:14:20.896910 Runner(Flutter)[2657] <Notice>: dartnative: ##BENCH## {"tag":"feed1000","t_us":1790242160896605,"ev":"page_build","i":598}
Sep 24 15:14:20.896971 Runner(Flutter)[2657] <Notice>: dartnative: ##BENCH## {"tag":"feed1000","t_us":1790242160896632,"ev":"page_build","i":599}
Sep 24 15:14:20.897037 Runner(Flutter)[2657] <Notice>: dartnative: ##BENCH## {"tag":"feed1000","t_us":1790242160896670,"ev":"page_build","i":600}
Sep 24 15:14:20.897087 Runner(Flutter)[2657] <Notice>: dartnative: ##BENCH## {"tag":"feed1000","t_us":1790242160896756,"ev":"page_build","i":601}
Sep 24 15:14:20.897121 Runner(Flutter)[2657] <Notice>: dartnative: ##BENCH## {"tag":"feed1000","t_us":1790242160896803,"ev":"page_build","i":602}
Sep 24 15:14:20.897149 Runner(Flutter)[2657] <Notice>: dartnative: ##BENCH## {"tag":"feed1000","t_us":1790242160896835,"ev":"page_build","i":603}
Sep 24 15:14:20.897208 Runner(Flutter)[2657] <Notice>: dartnative: ##BENCH## {"tag":"feed1000","t_us":1790242160896885,"ev":"page_build","i":604}
Sep 24 15:14:20.897257 Runner(Flutter)[2657] <Notice>: dartnative: ##BENCH## {"tag":"feed1000","t_us":1790242160896930,"ev":"page_build","i":605}
Sep 24 15:14:20.897306 Runner(Flutter)[2657] <Notice>: dartnative: ##BENCH## {"tag":"feed1000","t_us":1790242160896981,"ev":"page_build","i":606}
Sep 24 15:14:20.897370 Runner(Flutter)[2657] <Notice>: dartnative: ##BENCH## {"tag":"feed1000","t_us":1790242160897011,"ev":"page_build","i":607}
Sep 24 15:14:20.897480 Runner(Flutter)[2657] <Notice>: dartnative: ##BENCH## {"tag":"feed1000","t_us":1790242160897074,"ev":"page_build","i":608}
Sep 24 15:14:20.897498 Runner(Flutter)[2657] <Notice>: dartnative: ##BENCH## {"tag":"feed1000","t_us":1790242160897121,"ev":"page_build","i":609}
Sep 24 15:14:20.897521 Runner(Flutter)[2657] <Notice>: dartnative: ##BENCH## {"tag":"feed1000","t_us":1790242160897156,"ev":"page_build","i":610}
Sep 24 15:14:20.897585 Runner(Flutter)[2657] <Notice>: dartnative: ##BENCH## {"tag":"feed1000","t_us":1790242160897231,"ev":"page_build","i":611}
Sep 24 15:14:20.897603 Runner(Flutter)[2657] <Notice>: dartnative: ##BENCH## {"tag":"feed1000","t_us":1790242160897257,"ev":"page_build","i":612}
Sep 24 15:14:20.897627 Runner(Flutter)[2657] <Notice>: dartnative: ##BENCH## {"tag":"feed1000","t_us":1790242160897307,"ev":"page_build","i":613}
Sep 24 15:14:20.897713 Runner(Flutter)[2657] <Notice>: dartnative: ##BENCH## {"tag":"feed1000","t_us":1790242160897372,"ev":"page_build","i":614}
Sep 24 15:14:20.897773 Runner(Flutter)[2657] <Notice>: dartnative: ##BENCH## {"tag":"feed1000","t_us":1790242160897434,"ev":"page_build","i":615}
Sep 24 15:14:20.897812 Runner(Flutter)[2657] <Notice>: dartnative: ##BENCH## {"tag":"feed1000","t_us":1790242160897468,"ev":"page_build","i":616}
Sep 24 15:14:20.897877 Runner(Flutter)[2657] <Notice>: dartnative: ##BENCH## {"tag":"feed1000","t_us":1790242160897498,"ev":"page_build","i":617}
Sep 24 15:14:20.897925 Runner(Flutter)[2657] <Notice>: dartnative: ##BENCH## {"tag":"feed1000","t_us":1790242160897534,"ev":"page_build","i":618}
Sep 24 15:14:20.898021 Runner(Flutter)[2657] <Notice>: dartnative: ##BENCH## {"tag":"feed1000","t_us":1790242160897584,"ev":"page_build","i":619}
Sep 24 15:14:20.898084 Runner(Flutter)[2657] <Notice>: dartnative: ##BENCH## {"tag":"feed1000","t_us":1790242160897627,"ev":"page_build","i":620}
Sep 24 15:14:20.898121 Runner(Flutter)[2657] <Notice>: dartnative: ##BENCH## {"tag":"feed1000","t_us":1790242160897682,"ev":"page_build","i":621}
Sep 24 15:14:20.898137 Runner(Flutter)[2657] <Notice>: dartnative: ##BENCH## {"tag":"feed1000","t_us":1790242160897725,"ev":"page_build","i":622}
Sep 24 15:14:20.898194 Runner(Flutter)[2657] <Notice>: dartnative: ##BENCH## {"tag":"feed1000","t_us":1790242160897778,"ev":"page_build","i":623}
Sep 24 15:14:20.898274 Runner(Flutter)[2657] <Notice>: dartnative: ##BENCH## {"tag":"feed1000","t_us":1790242160897860,"ev":"page_build","i":624}
Sep 24 15:14:20.898299 Runner(Flutter)[2657] <Notice>: dartnative: ##BENCH## {"tag":"feed1000","t_us":1790242160897972,"ev":"page_build","i":625}
Sep 24 15:14:20.898352 Runner(Flutter)[2657] <Notice>: dartnative: ##BENCH## {"tag":"feed1000","t_us":1790242160898037,"ev":"page_build","i":626}
Sep 24 15:14:20.898372 Runner(Flutter)[2657] <Notice>: dartnative: ##BENCH## {"tag":"feed1000","t_us":1790242160898076,"ev":"page_build","i":627}
Sep 24 15:14:20.898420 Runner(Flutter)[2657] <Notice>: dartnative: ##BENCH## {"tag":"feed1000","t_us":1790242160898113,"ev":"page_build","i":628}
Sep 24 15:14:20.898514 Runner(Flutter)[2657] <Notice>: dartnative: ##BENCH## {"tag":"feed1000","t_us":1790242160898160,"ev":"page_build","i":629}
Sep 24 15:14:20.898529 Runner(Flutter)[2657] <Notice>: dartnative: ##BENCH## {"tag":"feed1000","t_us":1790242160898225,"ev":"page_build","i":630}
Sep 24 15:14:20.898591 Runner(Flutter)[2657] <Notice>: dartnative: ##BENCH## {"tag":"feed1000","t_us":1790242160898275,"ev":"page_build","i":631}
Sep 24 15:14:20.898642 Runner(Flutter)[2657] <Notice>: dartnative: ##BENCH## {"tag":"feed1000","t_us":1790242160898332,"ev":"page_build","i":632}
Sep 24 15:14:20.898676 Runner(Flutter)[2657] <Notice>: dartnative: ##BENCH## {"tag":"feed1000","t_us":1790242160898346,"ev":"page_build","i":633}
Sep 24 15:14:20.898841 Runner(Flutter)[2657] <Notice>: dartnative: ##BENCH## {"tag":"feed1000","t_us":1790242160898383,"ev":"page_build","i":634}
Sep 24 15:14:20.898932 Runner(Flutter)[2657] <Notice>: dartnative: ##BENCH## {"tag":"feed1000","t_us":1790242160898456,"ev":"page_build","i":635}
Sep 24 15:14:20.898997 Runner(Flutter)[2657] <Notice>: dartnative: ##BENCH## {"tag":"feed1000","t_us":1790242160898491,"ev":"page_build","i":636}
Sep 24 15:14:20.899033 Runner(Flutter)[2657] <Notice>: dartnative: ##BENCH## {"tag":"feed1000","t_us":1790242160898523,"ev":"page_build","i":637}
Sep 24 15:14:20.899096 Runner(Flutter)[2657] <Notice>: dartnative: ##BENCH## {"tag":"feed1000","t_us":1790242160898571,"ev":"page_build","i":638}
Sep 24 15:14:20.899146 Runner(Flutter)[2657] <Notice>: dartnative: ##BENCH## {"tag":"feed1000","t_us":1790242160898618,"ev":"page_build","i":639}
Sep 24 15:14:20.899218 Runner(Flutter)[2657] <Notice>: dartnative: ##BENCH## {"tag":"feed1000","t_us":1790242160898688,"ev":"page_build","i":640}
Sep 24 15:14:20.899250 Runner(Flutter)[2657] <Notice>: dartnative: ##BENCH## {"tag":"feed1000","t_us":1790242160898748,"ev":"page_build","i":641}
Sep 24 15:14:20.899312 Runner(Flutter)[2657] <Notice>: dartnative: ##BENCH## {"tag":"feed1000","t_us":1790242160898779,"ev":"page_build","i":642}
Sep 24 15:14:20.899497 Runner(Flutter)[2657] <Notice>: dartnative: ##BENCH## {"tag":"feed1000","t_us":1790242160898879,"ev":"page_build","i":643}
Sep 24 15:14:20.899515 Runner(Flutter)[2657] <Notice>: dartnative: ##BENCH## {"tag":"feed1000","t_us":1790242160898951,"ev":"page_build","i":644}
Sep 24 15:14:20.899548 Runner(Flutter)[2657] <Notice>: dartnative: ##BENCH## {"tag":"feed1000","t_us":1790242160899030,"ev":"page_build","i":645}
Sep 24 15:14:20.899597 Runner(Flutter)[2657] <Notice>: dartnative: ##BENCH## {"tag":"feed1000","t_us":1790242160899089,"ev":"page_build","i":646}
Sep 24 15:14:20.899678 Runner(Flutter)[2657] <Notice>: dartnative: ##BENCH## {"tag":"feed1000","t_us":1790242160899140,"ev":"page_build","i":647}
Sep 24 15:14:20.899718 Runner(Flutter)[2657] <Notice>: dartnative: ##BENCH## {"tag":"feed1000","t_us":1790242160899198,"ev":"page_build","i":648}
Sep 24 15:14:20.899833 Runner(Flutter)[2657] <Notice>: dartnative: ##BENCH## {"tag":"feed1000","t_us":1790242160899253,"ev":"page_build","i":649}
Sep 24 15:14:20.899898 Runner(Flutter)[2657] <Notice>: dartnative: ##BENCH## {"tag":"feed1000","t_us":1790242160899307,"ev":"page_build","i":650}
Sep 24 15:14:20.900023 Runner(Flutter)[2657] <Notice>: dartnative: ##BENCH## {"tag":"feed1000","t_us":1790242160899362,"ev":"page_build","i":651}
Sep 24 15:14:20.900057 Runner(Flutter)[2657] <Notice>: dartnative: ##BENCH## {"tag":"feed1000","t_us":1790242160899467,"ev":"page_build","i":652}
Sep 24 15:14:20.900076 Runner(Flutter)[2657] <Notice>: dartnative: ##BENCH## {"tag":"feed1000","t_us":1790242160899547,"ev":"page_build","i":653}
Sep 24 15:14:20.900118 Runner(Flutter)[2657] <Notice>: dartnative: ##BENCH## {"tag":"feed1000","t_us":1790242160899615,"ev":"page_build","i":654}
Sep 24 15:14:20.900137 Runner(Flutter)[2657] <Notice>: dartnative: ##BENCH## {"tag":"feed1000","t_us":1790242160899653,"ev":"page_build","i":655}
Sep 24 15:14:20.900165 Runner(Flutter)[2657] <Notice>: dartnative: ##BENCH## {"tag":"feed1000","t_us":1790242160899713,"ev":"page_build","i":656}
Sep 24 15:14:20.900182 Runner(Flutter)[2657] <Notice>: dartnative: ##BENCH## {"tag":"feed1000","t_us":1790242160899758,"ev":"page_build","i":657}
Sep 24 15:14:20.900210 Runner(Flutter)[2657] <Notice>: dartnative: ##BENCH## {"tag":"feed1000","t_us":1790242160899810,"ev":"page_build","i":658}
Sep 24 15:14:20.900312 Runner(Flutter)[2657] <Notice>: dartnative: ##BENCH## {"tag":"feed1000","t_us":1790242160899857,"ev":"page_build","i":659}
Sep 24 15:14:20.900328 Runner(Flutter)[2657] <Notice>: dartnative: ##BENCH## {"tag":"feed1000","t_us":1790242160899926,"ev":"page_build","i":660}
Sep 24 15:14:20.900346 Runner(Flutter)[2657] <Notice>: dartnative: ##BENCH## {"tag":"feed1000","t_us":1790242160899959,"ev":"page_build","i":661}
Sep 24 15:14:20.900380 Runner(Flutter)[2657] <Notice>: dartnative: ##BENCH## {"tag":"feed1000","t_us":1790242160900022,"ev":"page_build","i":662}
Sep 24 15:14:20.900399 Runner(Flutter)[2657] <Notice>: dartnative: ##BENCH## {"tag":"feed1000","t_us":1790242160900056,"ev":"page_build","i":663}
Sep 24 15:14:20.900464 Runner(Flutter)[2657] <Notice>: dartnative: ##BENCH## {"tag":"feed1000","t_us":1790242160900092,"ev":"page_build","i":664}
Sep 24 15:14:20.900498 Runner(Flutter)[2657] <Notice>: dartnative: ##BENCH## {"tag":"feed1000","t_us":1790242160900156,"ev":"page_build","i":665}
Sep 24 15:14:20.900567 Runner(Flutter)[2657] <Notice>: dartnative: ##BENCH## {"tag":"feed1000","t_us":1790242160900205,"ev":"page_build","i":666}
Sep 24 15:14:20.900589 Runner(Flutter)[2657] <Notice>: dartnative: ##BENCH## {"tag":"feed1000","t_us":1790242160900255,"ev":"page_build","i":667}
Sep 24 15:14:20.900629 Runner(Flutter)[2657] <Notice>: dartnative: ##BENCH## {"tag":"feed1000","t_us":1790242160900297,"ev":"page_build","i":668}
Sep 24 15:14:20.900770 Runner(Flutter)[2657] <Notice>: dartnative: ##BENCH## {"tag":"feed1000","t_us":1790242160900336,"ev":"page_build","i":669}
Sep 24 15:14:20.900790 Runner(Flutter)[2657] <Notice>: dartnative: ##BENCH## {"tag":"feed1000","t_us":1790242160900404,"ev":"page_build","i":670}
Sep 24 15:14:20.900832 Runner(Flutter)[2657] <Notice>: dartnative: ##BENCH## {"tag":"feed1000","t_us":1790242160900440,"ev":"page_build","i":671}
Sep 24 15:14:20.900871 Runner(Flutter)[2657] <Notice>: dartnative: ##BENCH## {"tag":"feed1000","t_us":1790242160900495,"ev":"page_build","i":672}
Sep 24 15:14:20.900914 Runner(Flutter)[2657] <Notice>: dartnative: ##BENCH## {"tag":"feed1000","t_us":1790242160900531,"ev":"page_build","i":673}
Sep 24 15:14:20.900953 Runner(Flutter)[2657] <Notice>: dartnative: ##BENCH## {"tag":"feed1000","t_us":1790242160900563,"ev":"page_build","i":674}
Sep 24 15:14:20.900991 Runner(Flutter)[2657] <Notice>: dartnative: ##BENCH## {"tag":"feed1000","t_us":1790242160900621,"ev":"page_build","i":675}
Sep 24 15:14:20.901007 Runner(Flutter)[2657] <Notice>: dartnative: ##BENCH## {"tag":"feed1000","t_us":1790242160900678,"ev":"page_build","i":676}
Sep 24 15:14:20.901070 Runner(Flutter)[2657] <Notice>: dartnative: ##BENCH## {"tag":"feed1000","t_us":1790242160900736,"ev":"page_build","i":677}
Sep 24 15:14:20.901132 Runner(Flutter)[2657] <Notice>: dartnative: ##BENCH## {"tag":"feed1000","t_us":1790242160900759,"ev":"page_build","i":678}
Sep 24 15:14:20.901183 Runner(Flutter)[2657] <Notice>: dartnative: ##BENCH## {"tag":"feed1000","t_us":1790242160900792,"ev":"page_build","i":679}
Sep 24 15:14:20.901249 Runner(Flutter)[2657] <Notice>: dartnative: ##BENCH## {"tag":"feed1000","t_us":1790242160900827,"ev":"page_build","i":680}
Sep 24 15:14:20.901370 Runner(Flutter)[2657] <Notice>: dartnative: ##BENCH## {"tag":"feed1000","t_us":1790242160900906,"ev":"page_build","i":681}
Sep 24 15:14:20.901379 Runner(Flutter)[2657] <Notice>: dartnative: ##BENCH## {"tag":"feed1000","t_us":1790242160900975,"ev":"page_build","i":682}
Sep 24 15:14:20.901474 Runner(Flutter)[2657] <Notice>: dartnative: ##BENCH## {"tag":"feed1000","t_us":1790242160901045,"ev":"page_build","i":683}
Sep 24 15:14:20.901518 Runner(Flutter)[2657] <Notice>: dartnative: ##BENCH## {"tag":"feed1000","t_us":1790242160901071,"ev":"page_build","i":684}
Sep 24 15:14:20.901571 Runner(Flutter)[2657] <Notice>: dartnative: ##BENCH## {"tag":"feed1000","t_us":1790242160901155,"ev":"page_build","i":685}
Sep 24 15:14:20.901701 Runner(Flutter)[2657] <Notice>: dartnative: ##BENCH## {"tag":"feed1000","t_us":1790242160901204,"ev":"page_build","i":686}
Sep 24 15:14:20.901853 Runner(Flutter)[2657] <Notice>: dartnative: ##BENCH## {"tag":"feed1000","t_us":1790242160901283,"ev":"page_build","i":687}
Sep 24 15:14:20.901974 Runner(Flutter)[2657] <Notice>: dartnative: ##BENCH## {"tag":"feed1000","t_us":1790242160901314,"ev":"page_build","i":688}
Sep 24 15:14:20.902088 Runner(Flutter)[2657] <Notice>: dartnative: ##BENCH## {"tag":"feed1000","t_us":1790242160901351,"ev":"page_build","i":689}
Sep 24 15:14:20.902181 Runner(Flutter)[2657] <Notice>: dartnative: ##BENCH## {"tag":"feed1000","t_us":1790242160901402,"ev":"page_build","i":690}
Sep 24 15:14:20.902330 Runner(Flutter)[2657] <Notice>: dartnative: ##BENCH## {"tag":"feed1000","t_us":1790242160901512,"ev":"page_build","i":691}
Sep 24 15:14:20.902375 Runner(Flutter)[2657] <Notice>: dartnative: ##BENCH## {"tag":"feed1000","t_us":1790242160901596,"ev":"page_build","i":692}
Sep 24 15:14:20.902562 Runner(Flutter)[2657] <Notice>: dartnative: ##BENCH## {"tag":"feed1000","t_us":1790242160901668,"ev":"page_build","i":693}
Sep 24 15:14:20.902642 Runner(Flutter)[2657] <Notice>: dartnative: ##BENCH## {"tag":"feed1000","t_us":1790242160901718,"ev":"page_build","i":694}
Sep 24 15:14:20.902936 Runner(Flutter)[2657] <Notice>: dartnative: ##BENCH## {"tag":"feed1000","t_us":1790242160901770,"ev":"page_build","i":695}
Sep 24 15:14:20.902990 Runner(Flutter)[2657] <Notice>: dartnative: ##BENCH## {"tag":"feed1000","t_us":1790242160901845,"ev":"page_build","i":696}
Sep 24 15:14:20.903065 Runner(Flutter)[2657] <Notice>: dartnative: ##BENCH## {"tag":"feed1000","t_us":1790242160901897,"ev":"page_build","i":697}
Sep 24 15:14:20.903092 Runner(Flutter)[2657] <Notice>: dartnative: ##BENCH## {"tag":"feed1000","t_us":1790242160901964,"ev":"page_build","i":698}
Sep 24 15:14:20.903126 Runner(Flutter)[2657] <Notice>: dartnative: ##BENCH## {"tag":"feed1000","t_us":1790242160902022,"ev":"page_build","i":699}
Sep 24 15:14:20.903173 Runner(Flutter)[2657] <Notice>: dartnative: ##BENCH## {"tag":"feed1000","t_us":1790242160902116,"ev":"page_build","i":700}
Sep 24 15:14:20.903204 Runner(Flutter)[2657] <Notice>: dartnative: ##BENCH## {"tag":"feed1000","t_us":1790242160902191,"ev":"page_build","i":701}
Sep 24 15:14:20.903220 Runner(Flutter)[2657] <Notice>: dartnative: ##BENCH## {"tag":"feed1000","t_us":1790242160902272,"ev":"page_build","i":702}
Sep 24 15:14:20.903267 Runner(Flutter)[2657] <Notice>: dartnative: ##BENCH## {"tag":"feed1000","t_us":1790242160902322,"ev":"page_build","i":703}
Sep 24 15:14:20.903299 Runner(Flutter)[2657] <Notice>: dartnative: ##BENCH## {"tag":"feed1000","t_us":1790242160902387,"ev":"page_build","i":704}
Sep 24 15:14:20.903357 Runner(Flutter)[2657] <Notice>: dartnative: ##BENCH## {"tag":"feed1000","t_us":1790242160902435,"ev":"page_build","i":705}
Sep 24 15:14:20.903425 Runner(Flutter)[2657] <Notice>: dartnative: ##BENCH## {"tag":"feed1000","t_us":1790242160902499,"ev":"page_build","i":706}
Sep 24 15:14:20.903506 Runner(Flutter)[2657] <Notice>: dartnative: ##BENCH## {"tag":"feed1000","t_us":1790242160902560,"ev":"page_build","i":707}
Sep 24 15:14:20.903536 Runner(Flutter)[2657] <Notice>: dartnative: ##BENCH## {"tag":"feed1000","t_us":1790242160902611,"ev":"page_build","i":708}
Sep 24 15:14:20.903578 Runner(Flutter)[2657] <Notice>: dartnative: ##BENCH## {"tag":"feed1000","t_us":1790242160902656,"ev":"page_build","i":709}
Sep 24 15:14:20.903598 Runner(Flutter)[2657] <Notice>: dartnative: ##BENCH## {"tag":"feed1000","t_us":1790242160902706,"ev":"page_build","i":710}
Sep 24 15:14:20.903623 Runner(Flutter)[2657] <Notice>: dartnative: ##BENCH## {"tag":"feed1000","t_us":1790242160902749,"ev":"page_build","i":711}
Sep 24 15:14:20.903660 Runner(Flutter)[2657] <Notice>: dartnative: ##BENCH## {"tag":"feed1000","t_us":1790242160902806,"ev":"page_build","i":712}
Sep 24 15:14:20.903687 Runner(Flutter)[2657] <Notice>: dartnative: ##BENCH## {"tag":"feed1000","t_us":1790242160902862,"ev":"page_build","i":713}
Sep 24 15:14:20.903705 Runner(Flutter)[2657] <Notice>: dartnative: ##BENCH## {"tag":"feed1000","t_us":1790242160902934,"ev":"page_build","i":714}
Sep 24 15:14:20.903732 Runner(Flutter)[2657] <Notice>: dartnative: ##BENCH## {"tag":"feed1000","t_us":1790242160902985,"ev":"page_build","i":715}
Sep 24 15:14:20.903784 Runner(Flutter)[2657] <Notice>: dartnative: ##BENCH## {"tag":"feed1000","t_us":1790242160903047,"ev":"page_build","i":716}
Sep 24 15:14:20.903810 Runner(Flutter)[2657] <Notice>: dartnative: ##BENCH## {"tag":"feed1000","t_us":1790242160903094,"ev":"page_build","i":717}
Sep 24 15:14:20.903942 Runner(Flutter)[2657] <Notice>: dartnative: ##BENCH## {"tag":"feed1000","t_us":1790242160903156,"ev":"page_build","i":718}
Sep 24 15:14:20.904053 Runner(Flutter)[2657] <Notice>: dartnative: ##BENCH## {"tag":"feed1000","t_us":1790242160903207,"ev":"page_build","i":719}
Sep 24 15:14:20.904437 Runner(Flutter)[2657] <Notice>: dartnative: ##BENCH## {"tag":"feed1000","t_us":1790242160903253,"ev":"page_build","i":720}
Sep 24 15:14:20.904605 Runner(Flutter)[2657] <Notice>: dartnative: ##BENCH## {"tag":"feed1000","t_us":1790242160903341,"ev":"page_build","i":721}
Sep 24 15:14:20.904684 Runner(Flutter)[2657] <Notice>: dartnative: ##BENCH## {"tag":"feed1000","t_us":1790242160903384,"ev":"page_build","i":722}
Sep 24 15:14:20.904728 Runner(Flutter)[2657] <Notice>: dartnative: ##BENCH## {"tag":"feed1000","t_us":1790242160903421,"ev":"page_build","i":723}
Sep 24 15:14:20.904811 Runner(Flutter)[2657] <Notice>: dartnative: ##BENCH## {"tag":"feed1000","t_us":1790242160903490,"ev":"page_build","i":724}
Sep 24 15:14:20.904832 Runner(Flutter)[2657] <Notice>: dartnative: ##BENCH## {"tag":"feed1000","t_us":1790242160903521,"ev":"page_build","i":725}
Sep 24 15:14:20.905379 Runner(Flutter)[2657] <Notice>: dartnative: ##BENCH## {"tag":"feed1000","t_us":1790242160903553,"ev":"page_build","i":726}
Sep 24 15:14:20.905471 Runner(Flutter)[2657] <Notice>: dartnative: ##BENCH## {"tag":"feed1000","t_us":1790242160903704,"ev":"page_build","i":727}
Sep 24 15:14:20.905497 Runner(Flutter)[2657] <Notice>: dartnative: ##BENCH## {"tag":"feed1000","t_us":1790242160903735,"ev":"page_build","i":728}
Sep 24 15:14:20.905602 Runner(Flutter)[2657] <Notice>: dartnative: ##BENCH## {"tag":"feed1000","t_us":1790242160903785,"ev":"page_build","i":729}
Sep 24 15:14:20.905629 Runner(Flutter)[2657] <Notice>: dartnative: ##BENCH## {"tag":"feed1000","t_us":1790242160903878,"ev":"page_build","i":730}
Sep 24 15:14:20.905704 Runner(Flutter)[2657] <Notice>: dartnative: ##BENCH## {"tag":"feed1000","t_us":1790242160903945,"ev":"page_build","i":731}
Sep 24 15:14:20.905721 Runner(Flutter)[2657] <Notice>: dartnative: ##BENCH## {"tag":"feed1000","t_us":1790242160904020,"ev":"page_build","i":732}
Sep 24 15:14:20.905777 Runner(Flutter)[2657] <Notice>: dartnative: ##BENCH## {"tag":"feed1000","t_us":1790242160904083,"ev":"page_build","i":733}
Sep 24 15:14:20.905807 Runner(Flutter)[2657] <Notice>: dartnative: ##BENCH## {"tag":"feed1000","t_us":1790242160904122,"ev":"page_build","i":734}
Sep 24 15:14:20.905838 Runner(Flutter)[2657] <Notice>: dartnative: ##BENCH## {"tag":"feed1000","t_us":1790242160904223,"ev":"page_build","i":735}
Sep 24 15:14:20.906035 Runner(Flutter)[2657] <Notice>: dartnative: ##BENCH## {"tag":"feed1000","t_us":1790242160904294,"ev":"page_build","i":736}
Sep 24 15:14:20.906087 Runner(Flutter)[2657] <Notice>: dartnative: ##BENCH## {"tag":"feed1000","t_us":1790242160904331,"ev":"page_build","i":737}
Sep 24 15:14:20.906212 Runner(Flutter)[2657] <Notice>: dartnative: ##BENCH## {"tag":"feed1000","t_us":1790242160904383,"ev":"page_build","i":738}
Sep 24 15:14:20.906355 Runner(Flutter)[2657] <Notice>: dartnative: ##BENCH## {"tag":"feed1000","t_us":1790242160904465,"ev":"page_build","i":739}
Sep 24 15:14:20.906371 Runner(Flutter)[2657] <Notice>: dartnative: ##BENCH## {"tag":"feed1000","t_us":1790242160904530,"ev":"page_build","i":740}
Sep 24 15:14:20.906409 Runner(Flutter)[2657] <Notice>: dartnative: ##BENCH## {"tag":"feed1000","t_us":1790242160904638,"ev":"page_build","i":741}
Sep 24 15:14:20.906440 Runner(Flutter)[2657] <Notice>: dartnative: ##BENCH## {"tag":"feed1000","t_us":1790242160904689,"ev":"page_build","i":742}
Sep 24 15:14:20.906450 Runner(Flutter)[2657] <Notice>: dartnative: ##BENCH## {"tag":"feed1000","t_us":1790242160904771,"ev":"page_build","i":743}
Sep 24 15:14:20.906459 Runner(Flutter)[2657] <Notice>: dartnative: ##BENCH## {"tag":"feed1000","t_us":1790242160904836,"ev":"page_build","i":744}
Sep 24 15:14:20.906499 Runner(Flutter)[2657] <Notice>: dartnative: ##BENCH## {"tag":"feed1000","t_us":1790242160904952,"ev":"page_build","i":745}
Sep 24 15:14:20.906547 Runner(Flutter)[2657] <Notice>: dartnative: ##BENCH## {"tag":"feed1000","t_us":1790242160905025,"ev":"page_build","i":746}
Sep 24 15:14:20.906604 Runner(Flutter)[2657] <Notice>: dartnative: ##BENCH## {"tag":"feed1000","t_us":1790242160905062,"ev":"page_build","i":747}
Sep 24 15:14:20.906718 Runner(Flutter)[2657] <Notice>: dartnative: ##BENCH## {"tag":"feed1000","t_us":1790242160905120,"ev":"page_build","i":748}
Sep 24 15:14:20.906845 Runner(Flutter)[2657] <Notice>: dartnative: ##BENCH## {"tag":"feed1000","t_us":1790242160905142,"ev":"page_build","i":749}
Sep 24 15:14:20.906927 Runner(Flutter)[2657] <Notice>: dartnative: ##BENCH## {"tag":"feed1000","t_us":1790242160905170,"ev":"page_build","i":750}
Sep 24 15:14:20.906975 Runner(Flutter)[2657] <Notice>: dartnative: ##BENCH## {"tag":"feed1000","t_us":1790242160905204,"ev":"page_build","i":751}
Sep 24 15:14:20.907026 Runner(Flutter)[2657] <Notice>: dartnative: ##BENCH## {"tag":"feed1000","t_us":1790242160905237,"ev":"page_build","i":752}
Sep 24 15:14:20.907050 Runner(Flutter)[2657] <Notice>: dartnative: ##BENCH## {"tag":"feed1000","t_us":1790242160905287,"ev":"page_build","i":753}
Sep 24 15:14:20.907103 Runner(Flutter)[2657] <Notice>: dartnative: ##BENCH## {"tag":"feed1000","t_us":1790242160905401,"ev":"page_build","i":754}
Sep 24 15:14:20.907202 Runner(Flutter)[2657] <Notice>: dartnative: ##BENCH## {"tag":"feed1000","t_us":1790242160905554,"ev":"page_build","i":755}
Sep 24 15:14:20.907240 Runner(Flutter)[2657] <Notice>: dartnative: ##BENCH## {"tag":"feed1000","t_us":1790242160905831,"ev":"page_build","i":756}
Sep 24 15:14:20.907259 Runner(Flutter)[2657] <Notice>: dartnative: ##BENCH## {"tag":"feed1000","t_us":1790242160905943,"ev":"page_build","i":757}
Sep 24 15:14:20.907276 Runner(Flutter)[2657] <Notice>: dartnative: ##BENCH## {"tag":"feed1000","t_us":1790242160906004,"ev":"page_build","i":758}
Sep 24 15:14:20.907324 Runner(Flutter)[2657] <Notice>: dartnative: ##BENCH## {"tag":"feed1000","t_us":1790242160906064,"ev":"page_build","i":759}
Sep 24 15:14:20.907360 Runner(Flutter)[2657] <Notice>: dartnative: ##BENCH## {"tag":"feed1000","t_us":1790242160906109,"ev":"page_build","i":760}
Sep 24 15:14:20.907403 Runner(Flutter)[2657] <Notice>: dartnative: ##BENCH## {"tag":"feed1000","t_us":1790242160906201,"ev":"page_build","i":761}
Sep 24 15:14:20.907451 Runner(Flutter)[2657] <Notice>: dartnative: ##BENCH## {"tag":"feed1000","t_us":1790242160906265,"ev":"page_build","i":762}
Sep 24 15:14:20.907520 Runner(Flutter)[2657] <Notice>: dartnative: ##BENCH## {"tag":"feed1000","t_us":1790242160906323,"ev":"page_build","i":763}
Sep 24 15:14:20.907536 Runner(Flutter)[2657] <Notice>: dartnative: ##BENCH## {"tag":"feed1000","t_us":1790242160906378,"ev":"page_build","i":764}
Sep 24 15:14:20.907588 Runner(Flutter)[2657] <Notice>: dartnative: ##BENCH## {"tag":"feed1000","t_us":1790242160906478,"ev":"page_build","i":765}
Sep 24 15:14:20.907624 Runner(Flutter)[2657] <Notice>: dartnative: ##BENCH## {"tag":"feed1000","t_us":1790242160906556,"ev":"page_build","i":766}
Sep 24 15:14:20.907649 Runner(Flutter)[2657] <Notice>: dartnative: ##BENCH## {"tag":"feed1000","t_us":1790242160906610,"ev":"page_build","i":767}
Sep 24 15:14:20.907708 Runner(Flutter)[2657] <Notice>: dartnative: ##BENCH## {"tag":"feed1000","t_us":1790242160906660,"ev":"page_build","i":768}
Sep 24 15:14:20.907741 Runner(Flutter)[2657] <Notice>: dartnative: ##BENCH## {"tag":"feed1000","t_us":1790242160906692,"ev":"page_build","i":769}
Sep 24 15:14:20.907830 Runner(Flutter)[2657] <Notice>: dartnative: ##BENCH## {"tag":"feed1000","t_us":1790242160906749,"ev":"page_build","i":770}
Sep 24 15:14:20.907882 Runner(Flutter)[2657] <Notice>: dartnative: ##BENCH## {"tag":"feed1000","t_us":1790242160906830,"ev":"page_build","i":771}
Sep 24 15:14:20.907963 Runner(Flutter)[2657] <Notice>: dartnative: ##BENCH## {"tag":"feed1000","t_us":1790242160906887,"ev":"page_build","i":772}
Sep 24 15:14:20.907992 Runner(Flutter)[2657] <Notice>: dartnative: ##BENCH## {"tag":"feed1000","t_us":1790242160906948,"ev":"page_build","i":773}
Sep 24 15:14:20.908019 Runner(Flutter)[2657] <Notice>: dartnative: ##BENCH## {"tag":"feed1000","t_us":1790242160907002,"ev":"page_build","i":774}
Sep 24 15:14:20.908047 Runner(Flutter)[2657] <Notice>: dartnative: ##BENCH## {"tag":"feed1000","t_us":1790242160907042,"ev":"page_build","i":775}
Sep 24 15:14:20.908150 Runner(Flutter)[2657] <Notice>: dartnative: ##BENCH## {"tag":"feed1000","t_us":1790242160907077,"ev":"page_build","i":776}
Sep 24 15:14:20.908172 Runner(Flutter)[2657] <Notice>: dartnative: ##BENCH## {"tag":"feed1000","t_us":1790242160907114,"ev":"page_build","i":777}
Sep 24 15:14:20.908261 Runner(Flutter)[2657] <Notice>: dartnative: ##BENCH## {"tag":"feed1000","t_us":1790242160907164,"ev":"page_build","i":778}
Sep 24 15:14:20.908390 Runner(Flutter)[2657] <Notice>: dartnative: ##BENCH## {"tag":"feed1000","t_us":1790242160907203,"ev":"page_build","i":779}
Sep 24 15:14:20.908428 Runner(Flutter)[2657] <Notice>: dartnative: ##BENCH## {"tag":"feed1000","t_us":1790242160907258,"ev":"page_build","i":780}
Sep 24 15:14:20.908464 Runner(Flutter)[2657] <Notice>: dartnative: ##BENCH## {"tag":"feed1000","t_us":1790242160907316,"ev":"page_build","i":781}
Sep 24 15:14:20.908498 Runner(Flutter)[2657] <Notice>: dartnative: ##BENCH## {"tag":"feed1000","t_us":1790242160907371,"ev":"page_build","i":782}
Sep 24 15:14:20.908527 Runner(Flutter)[2657] <Notice>: dartnative: ##BENCH## {"tag":"feed1000","t_us":1790242160907418,"ev":"page_build","i":783}
Sep 24 15:14:20.908609 Runner(Flutter)[2657] <Notice>: dartnative: ##BENCH## {"tag":"feed1000","t_us":1790242160907440,"ev":"page_build","i":784}
Sep 24 15:14:20.908630 Runner(Flutter)[2657] <Notice>: dartnative: ##BENCH## {"tag":"feed1000","t_us":1790242160907474,"ev":"page_build","i":785}
Sep 24 15:14:20.908698 Runner(Flutter)[2657] <Notice>: dartnative: ##BENCH## {"tag":"feed1000","t_us":1790242160907521,"ev":"page_build","i":786}
Sep 24 15:14:20.908780 Runner(Flutter)[2657] <Notice>: dartnative: ##BENCH## {"tag":"feed1000","t_us":1790242160907551,"ev":"page_build","i":787}
Sep 24 15:14:20.908839 Runner(Flutter)[2657] <Notice>: dartnative: ##BENCH## {"tag":"feed1000","t_us":1790242160907616,"ev":"page_build","i":788}
Sep 24 15:14:20.909039 Runner(Flutter)[2657] <Notice>: dartnative: ##BENCH## {"tag":"feed1000","t_us":1790242160907669,"ev":"page_build","i":789}
Sep 24 15:14:20.909733 Runner(Flutter)[2657] <Notice>: dartnative: ##BENCH## {"tag":"feed1000","t_us":1790242160907736,"ev":"page_build","i":790}
Sep 24 15:14:20.909775 Runner(Flutter)[2657] <Notice>: dartnative: ##BENCH## {"tag":"feed1000","t_us":1790242160907780,"ev":"page_build","i":791}
Sep 24 15:14:20.909837 Runner(Flutter)[2657] <Notice>: dartnative: ##BENCH## {"tag":"feed1000","t_us":1790242160907819,"ev":"page_build","i":792}
Sep 24 15:14:20.909877 Runner(Flutter)[2657] <Notice>: dartnative: ##BENCH## {"tag":"feed1000","t_us":1790242160907865,"ev":"page_build","i":793}
Sep 24 15:14:20.909933 Runner(Flutter)[2657] <Notice>: dartnative: ##BENCH## {"tag":"feed1000","t_us":1790242160907903,"ev":"page_build","i":794}
Sep 24 15:14:20.909973 Runner(Flutter)[2657] <Notice>: dartnative: ##BENCH## {"tag":"feed1000","t_us":1790242160908006,"ev":"page_build","i":795}
Sep 24 15:14:20.909998 Runner(Flutter)[2657] <Notice>: dartnative: ##BENCH## {"tag":"feed1000","t_us":1790242160908079,"ev":"page_build","i":796}
Sep 24 15:14:20.910078 Runner(Flutter)[2657] <Notice>: dartnative: ##BENCH## {"tag":"feed1000","t_us":1790242160908106,"ev":"page_build","i":797}
Sep 24 15:14:20.910107 Runner(Flutter)[2657] <Notice>: dartnative: ##BENCH## {"tag":"feed1000","t_us":1790242160908143,"ev":"page_build","i":798}
Sep 24 15:14:20.910149 Runner(Flutter)[2657] <Notice>: dartnative: ##BENCH## {"tag":"feed1000","t_us":1790242160908222,"ev":"page_build","i":799}
Sep 24 15:14:20.910167 Runner(Flutter)[2657] <Notice>: dartnative: ##BENCH## {"tag":"feed1000","t_us":1790242160908264,"ev":"page_build","i":800}
Sep 24 15:14:20.910199 Runner(Flutter)[2657] <Notice>: dartnative: ##BENCH## {"tag":"feed1000","t_us":1790242160908310,"ev":"page_build","i":801}
Sep 24 15:14:20.910230 Runner(Flutter)[2657] <Notice>: dartnative: ##BENCH## {"tag":"feed1000","t_us":1790242160908360,"ev":"page_build","i":802}
Sep 24 15:14:20.910297 Runner(Flutter)[2657] <Notice>: dartnative: ##BENCH## {"tag":"feed1000","t_us":1790242160908418,"ev":"page_build","i":803}
Sep 24 15:14:20.910359 Runner(Flutter)[2657] <Notice>: dartnative: ##BENCH## {"tag":"feed1000","t_us":1790242160908523,"ev":"page_build","i":804}
Sep 24 15:14:20.910394 Runner(Flutter)[2657] <Notice>: dartnative: ##BENCH## {"tag":"feed1000","t_us":1790242160908597,"ev":"page_build","i":805}
Sep 24 15:14:20.910414 Runner(Flutter)[2657] <Notice>: dartnative: ##BENCH## {"tag":"feed1000","t_us":1790242160908632,"ev":"page_build","i":806}
Sep 24 15:14:20.910489 Runner(Flutter)[2657] <Notice>: dartnative: ##BENCH## {"tag":"feed1000","t_us":1790242160908720,"ev":"page_build","i":807}
Sep 24 15:14:20.910625 Runner(Flutter)[2657] <Notice>: dartnative: ##BENCH## {"tag":"feed1000","t_us":1790242160908785,"ev":"page_build","i":808}
Sep 24 15:14:20.910634 Runner(Flutter)[2657] <Notice>: dartnative: ##BENCH## {"tag":"feed1000","t_us":1790242160908830,"ev":"page_build","i":809}
Sep 24 15:14:20.910836 Runner(Flutter)[2657] <Notice>: dartnative: ##BENCH## {"tag":"feed1000","t_us":1790242160908880,"ev":"page_build","i":810}
Sep 24 15:14:20.910863 Runner(Flutter)[2657] <Notice>: dartnative: ##BENCH## {"tag":"feed1000","t_us":1790242160908931,"ev":"page_build","i":811}
Sep 24 15:14:20.910962 Runner(Flutter)[2657] <Notice>: dartnative: ##BENCH## {"tag":"feed1000","t_us":1790242160908992,"ev":"page_build","i":812}
Sep 24 15:14:20.910989 Runner(Flutter)[2657] <Notice>: dartnative: ##BENCH## {"tag":"feed1000","t_us":1790242160909023,"ev":"page_build","i":813}
Sep 24 15:14:20.911048 Runner(Flutter)[2657] <Notice>: dartnative: ##BENCH## {"tag":"feed1000","t_us":1790242160909102,"ev":"page_build","i":814}
Sep 24 15:14:20.911097 Runner(Flutter)[2657] <Notice>: dartnative: ##BENCH## {"tag":"feed1000","t_us":1790242160909143,"ev":"page_build","i":815}
Sep 24 15:14:20.911129 Runner(Flutter)[2657] <Notice>: dartnative: ##BENCH## {"tag":"feed1000","t_us":1790242160909189,"ev":"page_build","i":816}
Sep 24 15:14:20.911164 Runner(Flutter)[2657] <Notice>: dartnative: ##BENCH## {"tag":"feed1000","t_us":1790242160909212,"ev":"page_build","i":817}
Sep 24 15:14:20.911193 Runner(Flutter)[2657] <Notice>: dartnative: ##BENCH## {"tag":"feed1000","t_us":1790242160909269,"ev":"page_build","i":818}
Sep 24 15:14:20.911323 Runner(Flutter)[2657] <Notice>: dartnative: ##BENCH## {"tag":"feed1000","t_us":1790242160909306,"ev":"page_build","i":819}
Sep 24 15:14:20.911518 Runner(Flutter)[2657] <Notice>: dartnative: ##BENCH## {"tag":"feed1000","t_us":1790242160909351,"ev":"page_build","i":820}
Sep 24 15:14:20.911679 Runner(Flutter)[2657] <Notice>: dartnative: ##BENCH## {"tag":"feed1000","t_us":1790242160909462,"ev":"page_build","i":821}
Sep 24 15:14:20.912124 Runner(Flutter)[2657] <Notice>: dartnative: ##BENCH## {"tag":"feed1000","t_us":1790242160909500,"ev":"page_build","i":822}
Sep 24 15:14:20.912257 Runner(Flutter)[2657] <Notice>: dartnative: ##BENCH## {"tag":"feed1000","t_us":1790242160909544,"ev":"page_build","i":823}
Sep 24 15:14:20.912378 Runner(Flutter)[2657] <Notice>: dartnative: ##BENCH## {"tag":"feed1000","t_us":1790242160909605,"ev":"page_build","i":824}
Sep 24 15:14:20.912478 Runner(Flutter)[2657] <Notice>: dartnative: ##BENCH## {"tag":"feed1000","t_us":1790242160909682,"ev":"page_build","i":825}
Sep 24 15:14:20.912530 Runner(Flutter)[2657] <Notice>: dartnative: ##BENCH## {"tag":"feed1000","t_us":1790242160909710,"ev":"page_build","i":826}
Sep 24 15:14:20.912619 Runner(Flutter)[2657] <Notice>: dartnative: ##BENCH## {"tag":"feed1000","t_us":1790242160909812,"ev":"page_build","i":827}
Sep 24 15:14:20.912701 Runner(Flutter)[2657] <Notice>: dartnative: ##BENCH## {"tag":"feed1000","t_us":1790242160909852,"ev":"page_build","i":828}
Sep 24 15:14:20.912840 Runner(Flutter)[2657] <Notice>: dartnative: ##BENCH## {"tag":"feed1000","t_us":1790242160909957,"ev":"page_build","i":829}
Sep 24 15:14:20.912874 Runner(Flutter)[2657] <Notice>: dartnative: ##BENCH## {"tag":"feed1000","t_us":1790242160910075,"ev":"page_build","i":830}
Sep 24 15:14:20.912893 Runner(Flutter)[2657] <Notice>: dartnative: ##BENCH## {"tag":"feed1000","t_us":1790242160910129,"ev":"page_build","i":831}
Sep 24 15:14:20.912920 Runner(Flutter)[2657] <Notice>: dartnative: ##BENCH## {"tag":"feed1000","t_us":1790242160910199,"ev":"page_build","i":832}
Sep 24 15:14:20.912940 Runner(Flutter)[2657] <Notice>: dartnative: ##BENCH## {"tag":"feed1000","t_us":1790242160910257,"ev":"page_build","i":833}
Sep 24 15:14:20.912969 Runner(Flutter)[2657] <Notice>: dartnative: ##BENCH## {"tag":"feed1000","t_us":1790242160910294,"ev":"page_build","i":834}
Sep 24 15:14:20.913004 Runner(Flutter)[2657] <Notice>: dartnative: ##BENCH## {"tag":"feed1000","t_us":1790242160910358,"ev":"page_build","i":835}
Sep 24 15:14:20.913053 Runner(Flutter)[2657] <Notice>: dartnative: ##BENCH## {"tag":"feed1000","t_us":1790242160910407,"ev":"page_build","i":836}
Sep 24 15:14:20.913129 Runner(Flutter)[2657] <Notice>: dartnative: ##BENCH## {"tag":"feed1000","t_us":1790242160910486,"ev":"page_build","i":837}
Sep 24 15:14:20.913161 Runner(Flutter)[2657] <Notice>: dartnative: ##BENCH## {"tag":"feed1000","t_us":1790242160910568,"ev":"page_build","i":838}
Sep 24 15:14:20.913250 Runner(Flutter)[2657] <Notice>: dartnative: ##BENCH## {"tag":"feed1000","t_us":1790242160910608,"ev":"page_build","i":839}
Sep 24 15:14:20.913270 Runner(Flutter)[2657] <Notice>: dartnative: ##BENCH## {"tag":"feed1000","t_us":1790242160910657,"ev":"page_build","i":840}
Sep 24 15:14:20.913287 Runner(Flutter)[2657] <Notice>: dartnative: ##BENCH## {"tag":"feed1000","t_us":1790242160910718,"ev":"page_build","i":841}
Sep 24 15:14:20.913302 Runner(Flutter)[2657] <Notice>: dartnative: ##BENCH## {"tag":"feed1000","t_us":1790242160910774,"ev":"page_build","i":842}
Sep 24 15:14:20.913320 Runner(Flutter)[2657] <Notice>: dartnative: ##BENCH## {"tag":"feed1000","t_us":1790242160910821,"ev":"page_build","i":843}
Sep 24 15:14:20.913357 Runner(Flutter)[2657] <Notice>: dartnative: ##BENCH## {"tag":"feed1000","t_us":1790242160910891,"ev":"page_build","i":844}
Sep 24 15:14:20.913383 Runner(Flutter)[2657] <Notice>: dartnative: ##BENCH## {"tag":"feed1000","t_us":1790242160911004,"ev":"page_build","i":845}
Sep 24 15:14:20.913446 Runner(Flutter)[2657] <Notice>: dartnative: ##BENCH## {"tag":"feed1000","t_us":1790242160911041,"ev":"page_build","i":846}
Sep 24 15:14:20.913485 Runner(Flutter)[2657] <Notice>: dartnative: ##BENCH## {"tag":"feed1000","t_us":1790242160911115,"ev":"page_build","i":847}
Sep 24 15:14:20.913546 Runner(Flutter)[2657] <Notice>: dartnative: ##BENCH## {"tag":"feed1000","t_us":1790242160911194,"ev":"page_build","i":848}
Sep 24 15:14:20.913598 Runner(Flutter)[2657] <Notice>: dartnative: ##BENCH## {"tag":"feed1000","t_us":1790242160911242,"ev":"page_build","i":849}
Sep 24 15:14:20.913649 Runner(Flutter)[2657] <Notice>: dartnative: ##BENCH## {"tag":"feed1000","t_us":1790242160911269,"ev":"page_build","i":850}
Sep 24 15:14:20.913708 Runner(Flutter)[2657] <Notice>: dartnative: ##BENCH## {"tag":"feed1000","t_us":1790242160911306,"ev":"page_build","i":851}
Sep 24 15:14:20.913738 Runner(Flutter)[2657] <Notice>: dartnative: ##BENCH## {"tag":"feed1000","t_us":1790242160911355,"ev":"page_build","i":852}
Sep 24 15:14:20.913796 Runner(Flutter)[2657] <Notice>: dartnative: ##BENCH## {"tag":"feed1000","t_us":1790242160911422,"ev":"page_build","i":853}
Sep 24 15:14:20.913813 Runner(Flutter)[2657] <Notice>: dartnative: ##BENCH## {"tag":"feed1000","t_us":1790242160911508,"ev":"page_build","i":854}
Sep 24 15:14:20.913823 Runner(Flutter)[2657] <Notice>: dartnative: ##BENCH## {"tag":"feed1000","t_us":1790242160911582,"ev":"page_build","i":855}
Sep 24 15:14:20.913860 Runner(Flutter)[2657] <Notice>: dartnative: ##BENCH## {"tag":"feed1000","t_us":1790242160911628,"ev":"page_build","i":856}
Sep 24 15:14:20.913883 Runner(Flutter)[2657] <Notice>: dartnative: ##BENCH## {"tag":"feed1000","t_us":1790242160911680,"ev":"page_build","i":857}
Sep 24 15:14:20.913954 Runner(Flutter)[2657] <Notice>: dartnative: ##BENCH## {"tag":"feed1000","t_us":1790242160911737,"ev":"page_build","i":858}
Sep 24 15:14:20.913980 Runner(Flutter)[2657] <Notice>: dartnative: ##BENCH## {"tag":"feed1000","t_us":1790242160911789,"ev":"page_build","i":859}
Sep 24 15:14:20.914005 Runner(Flutter)[2657] <Notice>: dartnative: ##BENCH## {"tag":"feed1000","t_us":1790242160911837,"ev":"page_build","i":860}
Sep 24 15:14:20.914032 Runner(Flutter)[2657] <Notice>: dartnative: ##BENCH## {"tag":"feed1000","t_us":1790242160911938,"ev":"page_build","i":861}
Sep 24 15:14:20.914061 Runner(Flutter)[2657] <Notice>: dartnative: ##BENCH## {"tag":"feed1000","t_us":1790242160911974,"ev":"page_build","i":862}
Sep 24 15:14:20.914095 Runner(Flutter)[2657] <Notice>: dartnative: ##BENCH## {"tag":"feed1000","t_us":1790242160912024,"ev":"page_build","i":863}
Sep 24 15:14:20.914113 Runner(Flutter)[2657] <Notice>: dartnative: ##BENCH## {"tag":"feed1000","t_us":1790242160912095,"ev":"page_build","i":864}
Sep 24 15:14:20.914142 Runner(Flutter)[2657] <Notice>: dartnative: ##BENCH## {"tag":"feed1000","t_us":1790242160912151,"ev":"page_build","i":865}
Sep 24 15:14:20.914159 Runner(Flutter)[2657] <Notice>: dartnative: ##BENCH## {"tag":"feed1000","t_us":1790242160912240,"ev":"page_build","i":866}
Sep 24 15:14:20.914252 Runner(Flutter)[2657] <Notice>: dartnative: ##BENCH## {"tag":"feed1000","t_us":1790242160912291,"ev":"page_build","i":867}
Sep 24 15:14:20.914332 Runner(Flutter)[2657] <Notice>: dartnative: ##BENCH## {"tag":"feed1000","t_us":1790242160912344,"ev":"page_build","i":868}
Sep 24 15:14:20.914456 Runner(Flutter)[2657] <Notice>: dartnative: ##BENCH## {"tag":"feed1000","t_us":1790242160912409,"ev":"page_build","i":869}
Sep 24 15:14:20.914529 Runner(Flutter)[2657] <Notice>: dartnative: ##BENCH## {"tag":"feed1000","t_us":1790242160912488,"ev":"page_build","i":870}
Sep 24 15:14:20.914640 Runner(Flutter)[2657] <Notice>: dartnative: ##BENCH## {"tag":"feed1000","t_us":1790242160912537,"ev":"page_build","i":871}
Sep 24 15:14:20.914669 Runner(Flutter)[2657] <Notice>: dartnative: ##BENCH## {"tag":"feed1000","t_us":1790242160912632,"ev":"page_build","i":872}
Sep 24 15:14:20.914840 Runner(Flutter)[2657] <Notice>: dartnative: ##BENCH## {"tag":"feed1000","t_us":1790242160912670,"ev":"page_build","i":873}
Sep 24 15:14:20.915077 Runner(Flutter)[2657] <Notice>: dartnative: ##BENCH## {"tag":"feed1000","t_us":1790242160912747,"ev":"page_build","i":874}
Sep 24 15:14:20.915119 Runner(Flutter)[2657] <Notice>: dartnative: ##BENCH## {"tag":"feed1000","t_us":1790242160912839,"ev":"page_build","i":875}
Sep 24 15:14:20.915198 Runner(Flutter)[2657] <Notice>: dartnative: ##BENCH## {"tag":"feed1000","t_us":1790242160912887,"ev":"page_build","i":876}
Sep 24 15:14:20.915273 Runner(Flutter)[2657] <Notice>: dartnative: ##BENCH## {"tag":"feed1000","t_us":1790242160912932,"ev":"page_build","i":877}
Sep 24 15:14:20.915306 Runner(Flutter)[2657] <Notice>: dartnative: ##BENCH## {"tag":"feed1000","t_us":1790242160912970,"ev":"page_build","i":878}
Sep 24 15:14:20.915332 Runner(Flutter)[2657] <Notice>: dartnative: ##BENCH## {"tag":"feed1000","t_us":1790242160913007,"ev":"page_build","i":879}
Sep 24 15:14:20.915357 Runner(Flutter)[2657] <Notice>: dartnative: ##BENCH## {"tag":"feed1000","t_us":1790242160913071,"ev":"page_build","i":880}
Sep 24 15:14:20.915381 Runner(Flutter)[2657] <Notice>: dartnative: ##BENCH## {"tag":"feed1000","t_us":1790242160913114,"ev":"page_build","i":881}
Sep 24 15:14:20.915414 Runner(Flutter)[2657] <Notice>: dartnative: ##BENCH## {"tag":"feed1000","t_us":1790242160913155,"ev":"page_build","i":882}
Sep 24 15:14:20.915438 Runner(Flutter)[2657] <Notice>: dartnative: ##BENCH## {"tag":"feed1000","t_us":1790242160913206,"ev":"page_build","i":883}
Sep 24 15:14:20.915454 Runner(Flutter)[2657] <Notice>: dartnative: ##BENCH## {"tag":"feed1000","t_us":1790242160913241,"ev":"page_build","i":884}
Sep 24 15:14:20.915478 Runner(Flutter)[2657] <Notice>: dartnative: ##BENCH## {"tag":"feed1000","t_us":1790242160913280,"ev":"page_build","i":885}
Sep 24 15:14:20.915543 Runner(Flutter)[2657] <Notice>: dartnative: ##BENCH## {"tag":"feed1000","t_us":1790242160913319,"ev":"page_build","i":886}
Sep 24 15:14:20.915571 Runner(Flutter)[2657] <Notice>: dartnative: ##BENCH## {"tag":"feed1000","t_us":1790242160913367,"ev":"page_build","i":887}
Sep 24 15:14:20.915640 Runner(Flutter)[2657] <Notice>: dartnative: ##BENCH## {"tag":"feed1000","t_us":1790242160913398,"ev":"page_build","i":888}
Sep 24 15:14:20.915759 Runner(Flutter)[2657] <Notice>: dartnative: ##BENCH## {"tag":"feed1000","t_us":1790242160913455,"ev":"page_build","i":889}
Sep 24 15:14:20.915876 Runner(Flutter)[2657] <Notice>: dartnative: ##BENCH## {"tag":"feed1000","t_us":1790242160913512,"ev":"page_build","i":890}
Sep 24 15:14:20.916070 Runner(Flutter)[2657] <Notice>: dartnative: ##BENCH## {"tag":"feed1000","t_us":1790242160913563,"ev":"page_build","i":891}
Sep 24 15:14:20.916100 Runner(Flutter)[2657] <Notice>: dartnative: ##BENCH## {"tag":"feed1000","t_us":1790242160913609,"ev":"page_build","i":892}
Sep 24 15:14:20.916168 Runner(Flutter)[2657] <Notice>: dartnative: ##BENCH## {"tag":"feed1000","t_us":1790242160913645,"ev":"page_build","i":893}
Sep 24 15:14:20.916303 Runner(Flutter)[2657] <Notice>: dartnative: ##BENCH## {"tag":"feed1000","t_us":1790242160913718,"ev":"page_build","i":894}
Sep 24 15:14:20.916335 Runner(Flutter)[2657] <Notice>: dartnative: ##BENCH## {"tag":"feed1000","t_us":1790242160913786,"ev":"page_build","i":895}
Sep 24 15:14:20.916396 Runner(Flutter)[2657] <Notice>: dartnative: ##BENCH## {"tag":"feed1000","t_us":1790242160913839,"ev":"page_build","i":896}
Sep 24 15:14:20.916466 Runner(Flutter)[2657] <Notice>: dartnative: ##BENCH## {"tag":"feed1000","t_us":1790242160913898,"ev":"page_build","i":897}
Sep 24 15:14:20.916507 Runner(Flutter)[2657] <Notice>: dartnative: ##BENCH## {"tag":"feed1000","t_us":1790242160913955,"ev":"page_build","i":898}
Sep 24 15:14:20.916581 Runner(Flutter)[2657] <Notice>: dartnative: ##BENCH## {"tag":"feed1000","t_us":1790242160913979,"ev":"page_build","i":899}
Sep 24 15:14:20.916712 Runner(Flutter)[2657] <Notice>: dartnative: ##BENCH## {"tag":"feed1000","t_us":1790242160914047,"ev":"page_build","i":900}
Sep 24 15:14:20.916730 Runner(Flutter)[2657] <Notice>: dartnative: ##BENCH## {"tag":"feed1000","t_us":1790242160914092,"ev":"page_build","i":901}
Sep 24 15:14:20.916757 Runner(Flutter)[2657] <Notice>: dartnative: ##BENCH## {"tag":"feed1000","t_us":1790242160914127,"ev":"page_build","i":902}
Sep 24 15:14:20.916863 Runner(Flutter)[2657] <Notice>: dartnative: ##BENCH## {"tag":"feed1000","t_us":1790242160914189,"ev":"page_build","i":903}
Sep 24 15:14:20.916944 Runner(Flutter)[2657] <Notice>: dartnative: ##BENCH## {"tag":"feed1000","t_us":1790242160914231,"ev":"page_build","i":904}
Sep 24 15:14:20.916990 Runner(Flutter)[2657] <Notice>: dartnative: ##BENCH## {"tag":"feed1000","t_us":1790242160914285,"ev":"page_build","i":905}
Sep 24 15:14:20.917137 Runner(Flutter)[2657] <Notice>: dartnative: ##BENCH## {"tag":"feed1000","t_us":1790242160914327,"ev":"page_build","i":906}
Sep 24 15:14:20.917269 Runner(Flutter)[2657] <Notice>: dartnative: ##BENCH## {"tag":"feed1000","t_us":1790242160914439,"ev":"page_build","i":907}
Sep 24 15:14:20.917293 Runner(Flutter)[2657] <Notice>: dartnative: ##BENCH## {"tag":"feed1000","t_us":1790242160914510,"ev":"page_build","i":908}
Sep 24 15:14:20.917314 Runner(Flutter)[2657] <Notice>: dartnative: ##BENCH## {"tag":"feed1000","t_us":1790242160914586,"ev":"page_build","i":909}
Sep 24 15:14:20.917331 Runner(Flutter)[2657] <Notice>: dartnative: ##BENCH## {"tag":"feed1000","t_us":1790242160914630,"ev":"page_build","i":910}
Sep 24 15:14:20.917386 Runner(Flutter)[2657] <Notice>: dartnative: ##BENCH## {"tag":"feed1000","t_us":1790242160914692,"ev":"page_build","i":911}
Sep 24 15:14:20.917432 Runner(Flutter)[2657] <Notice>: dartnative: ##BENCH## {"tag":"feed1000","t_us":1790242160914756,"ev":"page_build","i":912}
Sep 24 15:14:20.917509 Runner(Flutter)[2657] <Notice>: dartnative: ##BENCH## {"tag":"feed1000","t_us":1790242160914793,"ev":"page_build","i":913}
Sep 24 15:14:20.917534 Runner(Flutter)[2657] <Notice>: dartnative: ##BENCH## {"tag":"feed1000","t_us":1790242160914839,"ev":"page_build","i":914}
Sep 24 15:14:20.917621 Runner(Flutter)[2657] <Notice>: dartnative: ##BENCH## {"tag":"feed1000","t_us":1790242160914895,"ev":"page_build","i":915}
Sep 24 15:14:20.917717 Runner(Flutter)[2657] <Notice>: dartnative: ##BENCH## {"tag":"feed1000","t_us":1790242160914961,"ev":"page_build","i":916}
Sep 24 15:14:20.917833 Runner(Flutter)[2657] <Notice>: dartnative: ##BENCH## {"tag":"feed1000","t_us":1790242160915011,"ev":"page_build","i":917}
Sep 24 15:14:20.917852 Runner(Flutter)[2657] <Notice>: dartnative: ##BENCH## {"tag":"feed1000","t_us":1790242160915124,"ev":"page_build","i":918}
Sep 24 15:14:20.917872 Runner(Flutter)[2657] <Notice>: dartnative: ##BENCH## {"tag":"feed1000","t_us":1790242160915170,"ev":"page_build","i":919}
Sep 24 15:14:20.917896 Runner(Flutter)[2657] <Notice>: dartnative: ##BENCH## {"tag":"feed1000","t_us":1790242160915232,"ev":"page_build","i":920}
Sep 24 15:14:20.917916 Runner(Flutter)[2657] <Notice>: dartnative: ##BENCH## {"tag":"feed1000","t_us":1790242160915280,"ev":"page_build","i":921}
Sep 24 15:14:20.917949 Runner(Flutter)[2657] <Notice>: dartnative: ##BENCH## {"tag":"feed1000","t_us":1790242160915357,"ev":"page_build","i":922}
Sep 24 15:14:20.918112 Runner(Flutter)[2657] <Notice>: dartnative: ##BENCH## {"tag":"feed1000","t_us":1790242160915405,"ev":"page_build","i":923}
Sep 24 15:14:20.918176 Runner(Flutter)[2657] <Notice>: dartnative: ##BENCH## {"tag":"feed1000","t_us":1790242160915426,"ev":"page_build","i":924}
Sep 24 15:14:20.918362 Runner(Flutter)[2657] <Notice>: dartnative: ##BENCH## {"tag":"feed1000","t_us":1790242160915469,"ev":"page_build","i":925}
Sep 24 15:14:20.918487 Runner(Flutter)[2657] <Notice>: dartnative: ##BENCH## {"tag":"feed1000","t_us":1790242160915542,"ev":"page_build","i":926}
Sep 24 15:14:20.918583 Runner(Flutter)[2657] <Notice>: dartnative: ##BENCH## {"tag":"feed1000","t_us":1790242160915574,"ev":"page_build","i":927}
Sep 24 15:14:20.918728 Runner(Flutter)[2657] <Notice>: dartnative: ##BENCH## {"tag":"feed1000","t_us":1790242160915618,"ev":"page_build","i":928}
Sep 24 15:14:20.918786 Runner(Flutter)[2657] <Notice>: dartnative: ##BENCH## {"tag":"feed1000","t_us":1790242160915675,"ev":"page_build","i":929}
Sep 24 15:14:20.918921 Runner(Flutter)[2657] <Notice>: dartnative: ##BENCH## {"tag":"feed1000","t_us":1790242160915699,"ev":"page_build","i":930}
Sep 24 15:14:20.919085 Runner(Flutter)[2657] <Notice>: dartnative: ##BENCH## {"tag":"feed1000","t_us":1790242160915752,"ev":"page_build","i":931}
Sep 24 15:14:20.919463 Runner(Flutter)[2657] <Notice>: dartnative: ##BENCH## {"tag":"feed1000","t_us":1790242160915783,"ev":"page_build","i":932}
Sep 24 15:14:20.919537 Runner(Flutter)[2657] <Notice>: dartnative: ##BENCH## {"tag":"feed1000","t_us":1790242160915818,"ev":"page_build","i":933}
Sep 24 15:14:20.919655 Runner(Flutter)[2657] <Notice>: dartnative: ##BENCH## {"tag":"feed1000","t_us":1790242160915854,"ev":"page_build","i":934}
Sep 24 15:14:20.919757 Runner(Flutter)[2657] <Notice>: dartnative: ##BENCH## {"tag":"feed1000","t_us":1790242160915908,"ev":"page_build","i":935}
Sep 24 15:14:20.919904 Runner(Flutter)[2657] <Notice>: dartnative: ##BENCH## {"tag":"feed1000","t_us":1790242160915932,"ev":"page_build","i":936}
Sep 24 15:14:20.920430 Runner(Flutter)[2657] <Notice>: dartnative: ##BENCH## {"tag":"feed1000","t_us":1790242160915971,"ev":"page_build","i":937}
Sep 24 15:14:20.920598 Runner(Flutter)[2657] <Notice>: dartnative: ##BENCH## {"tag":"feed1000","t_us":1790242160916013,"ev":"page_build","i":938}
Sep 24 15:14:20.921303 Runner(Flutter)[2657] <Notice>: dartnative: ##BENCH## {"tag":"feed1000","t_us":1790242160916051,"ev":"page_build","i":939}
Sep 24 15:14:20.921581 Runner(Flutter)[2657] <Notice>: dartnative: ##BENCH## {"tag":"feed1000","t_us":1790242160916128,"ev":"page_build","i":940}
Sep 24 15:14:20.921652 Runner(Flutter)[2657] <Notice>: dartnative: ##BENCH## {"tag":"feed1000","t_us":1790242160916229,"ev":"page_build","i":941}
Sep 24 15:14:20.921714 Runner(Flutter)[2657] <Notice>: dartnative: ##BENCH## {"tag":"feed1000","t_us":1790242160916286,"ev":"page_build","i":942}
Sep 24 15:14:20.921771 Runner(Flutter)[2657] <Notice>: dartnative: ##BENCH## {"tag":"feed1000","t_us":1790242160916372,"ev":"page_build","i":943}
Sep 24 15:14:20.921854 Runner(Flutter)[2657] <Notice>: dartnative: ##BENCH## {"tag":"feed1000","t_us":1790242160916499,"ev":"page_build","i":944}
Sep 24 15:14:20.922154 Runner(Flutter)[2657] <Notice>: dartnative: ##BENCH## {"tag":"feed1000","t_us":1790242160916569,"ev":"page_build","i":945}
Sep 24 15:14:20.922310 Runner(Flutter)[2657] <Notice>: dartnative: ##BENCH## {"tag":"feed1000","t_us":1790242160916622,"ev":"page_build","i":946}
Sep 24 15:14:20.922432 Runner(Flutter)[2657] <Notice>: dartnative: ##BENCH## {"tag":"feed1000","t_us":1790242160916665,"ev":"page_build","i":947}
Sep 24 15:14:20.922571 Runner(Flutter)[2657] <Notice>: dartnative: ##BENCH## {"tag":"feed1000","t_us":1790242160916729,"ev":"page_build","i":948}
Sep 24 15:14:20.923065 Runner(Flutter)[2657] <Notice>: dartnative: ##BENCH## {"tag":"feed1000","t_us":1790242160916764,"ev":"page_build","i":949}
Sep 24 15:14:20.923136 Runner(Flutter)[2657] <Notice>: dartnative: ##BENCH## {"tag":"feed1000","t_us":1790242160916843,"ev":"page_build","i":950}
Sep 24 15:14:20.923173 Runner(Flutter)[2657] <Notice>: dartnative: ##BENCH## {"tag":"feed1000","t_us":1790242160916920,"ev":"page_build","i":951}
Sep 24 15:14:20.923192 Runner(Flutter)[2657] <Notice>: dartnative: ##BENCH## {"tag":"feed1000","t_us":1790242160916970,"ev":"page_build","i":952}
Sep 24 15:14:20.923336 Runner(Flutter)[2657] <Notice>: dartnative: ##BENCH## {"tag":"feed1000","t_us":1790242160917029,"ev":"page_build","i":953}
Sep 24 15:14:20.923725 Runner(Flutter)[2657] <Notice>: dartnative: ##BENCH## {"tag":"feed1000","t_us":1790242160917077,"ev":"page_build","i":954}
Sep 24 15:14:20.923818 Runner(Flutter)[2657] <Notice>: dartnative: ##BENCH## {"tag":"feed1000","t_us":1790242160917144,"ev":"page_build","i":955}
Sep 24 15:14:20.923973 Runner(Flutter)[2657] <Notice>: dartnative: ##BENCH## {"tag":"feed1000","t_us":1790242160917199,"ev":"page_build","i":956}
Sep 24 15:14:20.924011 Runner(Flutter)[2657] <Notice>: dartnative: ##BENCH## {"tag":"feed1000","t_us":1790242160917229,"ev":"page_build","i":957}
Sep 24 15:14:20.924178 Runner(Flutter)[2657] <Notice>: dartnative: ##BENCH## {"tag":"feed1000","t_us":1790242160917291,"ev":"page_build","i":958}
Sep 24 15:14:20.924403 Runner(Flutter)[2657] <Notice>: dartnative: ##BENCH## {"tag":"feed1000","t_us":1790242160917368,"ev":"page_build","i":959}
Sep 24 15:14:20.924427 Runner(Flutter)[2657] <Notice>: dartnative: ##BENCH## {"tag":"feed1000","t_us":1790242160917411,"ev":"page_build","i":960}
Sep 24 15:14:20.924472 Runner(Flutter)[2657] <Notice>: dartnative: ##BENCH## {"tag":"feed1000","t_us":1790242160917489,"ev":"page_build","i":961}
Sep 24 15:14:20.924580 Runner(Flutter)[2657] <Notice>: dartnative: ##BENCH## {"tag":"feed1000","t_us":1790242160917531,"ev":"page_build","i":962}
Sep 24 15:14:20.924688 Runner(Flutter)[2657] <Notice>: dartnative: ##BENCH## {"tag":"feed1000","t_us":1790242160917605,"ev":"page_build","i":963}
Sep 24 15:14:20.924723 Runner(Flutter)[2657] <Notice>: dartnative: ##BENCH## {"tag":"feed1000","t_us":1790242160917749,"ev":"page_build","i":964}
Sep 24 15:14:20.924776 Runner(Flutter)[2657] <Notice>: dartnative: ##BENCH## {"tag":"feed1000","t_us":1790242160917792,"ev":"page_build","i":965}
Sep 24 15:14:20.924873 Runner(Flutter)[2657] <Notice>: dartnative: ##BENCH## {"tag":"feed1000","t_us":1790242160917827,"ev":"page_build","i":966}
Sep 24 15:14:20.924944 Runner(Flutter)[2657] <Notice>: dartnative: ##BENCH## {"tag":"feed1000","t_us":1790242160917882,"ev":"page_build","i":967}
Sep 24 15:14:20.925186 Runner(Flutter)[2657] <Notice>: dartnative: ##BENCH## {"tag":"feed1000","t_us":1790242160917942,"ev":"page_build","i":968}
Sep 24 15:14:20.925284 Runner(Flutter)[2657] <Notice>: dartnative: ##BENCH## {"tag":"feed1000","t_us":1790242160917971,"ev":"page_build","i":969}
Sep 24 15:14:20.925392 Runner(Flutter)[2657] <Notice>: dartnative: ##BENCH## {"tag":"feed1000","t_us":1790242160918045,"ev":"page_build","i":970}
Sep 24 15:14:20.925459 Runner(Flutter)[2657] <Notice>: dartnative: ##BENCH## {"tag":"feed1000","t_us":1790242160918093,"ev":"page_build","i":971}
Sep 24 15:14:20.925531 Runner(Flutter)[2657] <Notice>: dartnative: ##BENCH## {"tag":"feed1000","t_us":1790242160918155,"ev":"page_build","i":972}
Sep 24 15:14:20.925585 Runner(Flutter)[2657] <Notice>: dartnative: ##BENCH## {"tag":"feed1000","t_us":1790242160918221,"ev":"page_build","i":973}
Sep 24 15:14:20.925750 Runner(Flutter)[2657] <Notice>: dartnative: ##BENCH## {"tag":"feed1000","t_us":1790242160918307,"ev":"page_build","i":974}
Sep 24 15:14:20.925777 Runner(Flutter)[2657] <Notice>: dartnative: ##BENCH## {"tag":"feed1000","t_us":1790242160918404,"ev":"page_build","i":975}
Sep 24 15:14:20.926034 Runner(Flutter)[2657] <Notice>: dartnative: ##BENCH## {"tag":"feed1000","t_us":1790242160918471,"ev":"page_build","i":976}
Sep 24 15:14:20.926115 Runner(Flutter)[2657] <Notice>: dartnative: ##BENCH## {"tag":"feed1000","t_us":1790242160918528,"ev":"page_build","i":977}
Sep 24 15:14:20.926207 Runner(Flutter)[2657] <Notice>: dartnative: ##BENCH## {"tag":"feed1000","t_us":1790242160918590,"ev":"page_build","i":978}
Sep 24 15:14:20.926624 Runner(Flutter)[2657] <Notice>: dartnative: ##BENCH## {"tag":"feed1000","t_us":1790242160918649,"ev":"page_build","i":979}
Sep 24 15:14:20.926672 Runner(Flutter)[2657] <Notice>: dartnative: ##BENCH## {"tag":"feed1000","t_us":1790242160918697,"ev":"page_build","i":980}
Sep 24 15:14:20.926779 Runner(Flutter)[2657] <Notice>: dartnative: ##BENCH## {"tag":"feed1000","t_us":1790242160918744,"ev":"page_build","i":981}
Sep 24 15:14:20.926869 Runner(Flutter)[2657] <Notice>: dartnative: ##BENCH## {"tag":"feed1000","t_us":1790242160918786,"ev":"page_build","i":982}
Sep 24 15:14:20.926904 Runner(Flutter)[2657] <Notice>: dartnative: ##BENCH## {"tag":"feed1000","t_us":1790242160918829,"ev":"page_build","i":983}
Sep 24 15:14:20.926930 Runner(Flutter)[2657] <Notice>: dartnative: ##BENCH## {"tag":"feed1000","t_us":1790242160918922,"ev":"page_build","i":984}
Sep 24 15:14:20.926963 Runner(Flutter)[2657] <Notice>: dartnative: ##BENCH## {"tag":"feed1000","t_us":1790242160918951,"ev":"page_build","i":985}
Sep 24 15:14:20.926981 Runner(Flutter)[2657] <Notice>: dartnative: ##BENCH## {"tag":"feed1000","t_us":1790242160918992,"ev":"page_build","i":986}
Sep 24 15:14:20.927003 Runner(Flutter)[2657] <Notice>: dartnative: ##BENCH## {"tag":"feed1000","t_us":1790242160919026,"ev":"page_build","i":987}
Sep 24 15:14:20.927032 Runner(Flutter)[2657] <Notice>: dartnative: ##BENCH## {"tag":"feed1000","t_us":1790242160919081,"ev":"page_build","i":988}
Sep 24 15:14:20.927072 Runner(Flutter)[2657] <Notice>: dartnative: ##BENCH## {"tag":"feed1000","t_us":1790242160919128,"ev":"page_build","i":989}
Sep 24 15:14:20.927105 Runner(Flutter)[2657] <Notice>: dartnative: ##BENCH## {"tag":"feed1000","t_us":1790242160919202,"ev":"page_build","i":990}
Sep 24 15:14:20.927122 Runner(Flutter)[2657] <Notice>: dartnative: ##BENCH## {"tag":"feed1000","t_us":1790242160919244,"ev":"page_build","i":991}
Sep 24 15:14:20.927138 Runner(Flutter)[2657] <Notice>: dartnative: ##BENCH## {"tag":"feed1000","t_us":1790242160919284,"ev":"page_build","i":992}
Sep 24 15:14:20.927155 Runner(Flutter)[2657] <Notice>: dartnative: ##BENCH## {"tag":"feed1000","t_us":1790242160919327,"ev":"page_build","i":993}
Sep 24 15:14:20.927193 Runner(Flutter)[2657] <Notice>: dartnative: ##BENCH## {"tag":"feed1000","t_us":1790242160919364,"ev":"page_build","i":994}
Sep 24 15:14:20.927201 Runner(Flutter)[2657] <Notice>: dartnative: ##BENCH## {"tag":"feed1000","t_us":1790242160919413,"ev":"page_build","i":995}
Sep 24 15:14:20.927215 Runner(Flutter)[2657] <Notice>: dartnative: ##BENCH## {"tag":"feed1000","t_us":1790242160919487,"ev":"page_build","i":996}
Sep 24 15:14:20.927266 Runner(Flutter)[2657] <Notice>: dartnative: ##BENCH## {"tag":"feed1000","t_us":1790242160919546,"ev":"page_build","i":997}
Sep 24 15:14:20.927334 Runner(Flutter)[2657] <Notice>: dartnative: ##BENCH## {"tag":"feed1000","t_us":1790242160919611,"ev":"page_build","i":998}
Sep 24 15:14:20.927407 Runner(Flutter)[2657] <Notice>: dartnative: ##BENCH## {"tag":"feed1000","t_us":1790242160919655,"ev":"page_build","i":999}
Sep 24 15:14:22.948344 Runner(Flutter)[2657] <Notice>: dartnative: ##BENCH## {"tag":"feed1000","t_us":1790242162948296,"ev":"first_frame"}
Sep 24 15:14:23.448802 Runner(Flutter)[2657] <Notice>: dartnative: ##BENCH## {"tag":"feed1000","t_us":1790242163448195,"ev":"ctrl_ready","i":1}
Sep 24 15:14:23.448845 Runner(Flutter)[2657] <Notice>: dartnative: ##BENCH## {"tag":"feed1000","t_us":1790242163448289,"ev":"ctrl_ready","i":2}
Sep 24 15:14:23.448900 Runner(Flutter)[2657] <Notice>: dartnative: ##BENCH## {"tag":"feed1000","t_us":1790242163448397,"ev":"page_build","i":0}
Sep 24 15:14:23.449031 Runner(Flutter)[2657] <Notice>: dartnative: ##BENCH## {"tag":"feed1000","t_us":1790242163448583,"ev":"page_build","i":1}
Sep 24 15:14:23.799065 Runner(Flutter)[2657] <Notice>: dartnative: ##BENCH## {"tag":"feed1000","t_us":1790242163798985,"ev":"page_build","i":2}
Sep 24 15:14:23.800021 Runner(Flutter)[2657] <Notice>: dartnative: ##BENCH## {"tag":"feed1000","t_us":1790242163799893,"ev":"page_build","i":3}
Sep 24 15:14:23.800039 Runner(Flutter)[2657] <Notice>: dartnative: ##BENCH## {"tag":"feed1000","t_us":1790242163799941,"ev":"page_build","i":4}
Sep 24 15:14:23.800047 Runner(Flutter)[2657] <Notice>: dartnative: ##BENCH## {"tag":"feed1000","t_us":1790242163799977,"ev":"page_build","i":5}
Sep 24 15:14:23.800056 Runner(Flutter)[2657] <Notice>: dartnative: ##BENCH## {"tag":"feed1000","t_us":1790242163800018,"ev":"page_build","i":6}
Sep 24 15:14:23.800182 Runner(Flutter)[2657] <Notice>: dartnative: ##BENCH## {"tag":"feed1000","t_us":1790242163800103,"ev":"page_build","i":7}
Sep 24 15:14:23.800200 Runner(Flutter)[2657] <Notice>: dartnative: ##BENCH## {"tag":"feed1000","t_us":1790242163800144,"ev":"page_build","i":8}
Sep 24 15:14:23.800245 Runner(Flutter)[2657] <Notice>: dartnative: ##BENCH## {"tag":"feed1000","t_us":1790242163800176,"ev":"page_build","i":9}
Sep 24 15:14:23.800299 Runner(Flutter)[2657] <Notice>: dartnative: ##BENCH## {"tag":"feed1000","t_us":1790242163800238,"ev":"page_build","i":10}
Sep 24 15:14:23.800345 Runner(Flutter)[2657] <Notice>: dartnative: ##BENCH## {"tag":"feed1000","t_us":1790242163800289,"ev":"page_build","i":11}
Sep 24 15:14:23.800391 Runner(Flutter)[2657] <Notice>: dartnative: ##BENCH## {"tag":"feed1000","t_us":1790242163800321,"ev":"page_build","i":12}
Sep 24 15:14:23.800456 Runner(Flutter)[2657] <Notice>: dartnative: ##BENCH## {"tag":"feed1000","t_us":1790242163800384,"ev":"page_build","i":13}
Sep 24 15:14:23.800563 Runner(Flutter)[2657] <Notice>: dartnative: ##BENCH## {"tag":"feed1000","t_us":1790242163800531,"ev":"page_build","i":14}
Sep 24 15:14:23.800668 Runner(Flutter)[2657] <Notice>: dartnative: ##BENCH## {"tag":"feed1000","t_us":1790242163800565,"ev":"page_build","i":15}
Sep 24 15:14:23.800682 Runner(Flutter)[2657] <Notice>: dartnative: ##BENCH## {"tag":"feed1000","t_us":1790242163800606,"ev":"page_build","i":16}
Sep 24 15:14:23.800690 Runner(Flutter)[2657] <Notice>: dartnative: ##BENCH## {"tag":"feed1000","t_us":1790242163800639,"ev":"page_build","i":17}
Sep 24 15:14:23.800734 Runner(Flutter)[2657] <Notice>: dartnative: ##BENCH## {"tag":"feed1000","t_us":1790242163800675,"ev":"page_build","i":18}
Sep 24 15:14:23.800830 Runner(Flutter)[2657] <Notice>: dartnative: ##BENCH## {"tag":"feed1000","t_us":1790242163800771,"ev":"page_build","i":19}
Sep 24 15:14:23.800855 Runner(Flutter)[2657] <Notice>: dartnative: ##BENCH## {"tag":"feed1000","t_us":1790242163800808,"ev":"page_build","i":20}
Sep 24 15:14:23.800875 Runner(Flutter)[2657] <Notice>: dartnative: ##BENCH## {"tag":"feed1000","t_us":1790242163800839,"ev":"page_build","i":21}
Sep 24 15:14:23.800968 Runner(Flutter)[2657] <Notice>: dartnative: ##BENCH## {"tag":"feed1000","t_us":1790242163800893,"ev":"page_build","i":22}
Sep 24 15:14:23.800983 Runner(Flutter)[2657] <Notice>: dartnative: ##BENCH## {"tag":"feed1000","t_us":1790242163800935,"ev":"page_build","i":23}
Sep 24 15:14:23.801010 Runner(Flutter)[2657] <Notice>: dartnative: ##BENCH## {"tag":"feed1000","t_us":1790242163800968,"ev":"page_build","i":24}
Sep 24 15:14:23.801111 Runner(Flutter)[2657] <Notice>: dartnative: ##BENCH## {"tag":"feed1000","t_us":1790242163801022,"ev":"page_build","i":25}
Sep 24 15:14:23.801127 Runner(Flutter)[2657] <Notice>: dartnative: ##BENCH## {"tag":"feed1000","t_us":1790242163801082,"ev":"page_build","i":26}
Sep 24 15:14:23.801173 Runner(Flutter)[2657] <Notice>: dartnative: ##BENCH## {"tag":"feed1000","t_us":1790242163801119,"ev":"page_build","i":27}
Sep 24 15:14:23.801231 Runner(Flutter)[2657] <Notice>: dartnative: ##BENCH## {"tag":"feed1000","t_us":1790242163801174,"ev":"page_build","i":28}
Sep 24 15:14:23.801276 Runner(Flutter)[2657] <Notice>: dartnative: ##BENCH## {"tag":"feed1000","t_us":1790242163801232,"ev":"page_build","i":29}
Sep 24 15:14:23.801404 Runner(Flutter)[2657] <Notice>: dartnative: ##BENCH## {"tag":"feed1000","t_us":1790242163801277,"ev":"page_build","i":30}
Sep 24 15:14:23.801419 Runner(Flutter)[2657] <Notice>: dartnative: ##BENCH## {"tag":"feed1000","t_us":1790242163801324,"ev":"page_build","i":31}
Sep 24 15:14:23.801427 Runner(Flutter)[2657] <Notice>: dartnative: ##BENCH## {"tag":"feed1000","t_us":1790242163801360,"ev":"page_build","i":32}
Sep 24 15:14:23.801435 Runner(Flutter)[2657] <Notice>: dartnative: ##BENCH## {"tag":"feed1000","t_us":1790242163801395,"ev":"page_build","i":33}
Sep 24 15:14:23.801562 Runner(Flutter)[2657] <Notice>: dartnative: ##BENCH## {"tag":"feed1000","t_us":1790242163801492,"ev":"page_build","i":34}
Sep 24 15:14:23.801576 Runner(Flutter)[2657] <Notice>: dartnative: ##BENCH## {"tag":"feed1000","t_us":1790242163801528,"ev":"page_build","i":35}
Sep 24 15:14:23.801621 Runner(Flutter)[2657] <Notice>: dartnative: ##BENCH## {"tag":"feed1000","t_us":1790242163801561,"ev":"page_build","i":36}
Sep 24 15:14:23.801676 Runner(Flutter)[2657] <Notice>: dartnative: ##BENCH## {"tag":"feed1000","t_us":1790242163801619,"ev":"page_build","i":37}
Sep 24 15:14:23.801723 Runner(Flutter)[2657] <Notice>: dartnative: ##BENCH## {"tag":"feed1000","t_us":1790242163801679,"ev":"page_build","i":38}
Sep 24 15:14:23.801794 Runner(Flutter)[2657] <Notice>: dartnative: ##BENCH## {"tag":"feed1000","t_us":1790242163801723,"ev":"page_build","i":39}
Sep 24 15:14:23.801830 Runner(Flutter)[2657] <Notice>: dartnative: ##BENCH## {"tag":"feed1000","t_us":1790242163801781,"ev":"page_build","i":40}
Sep 24 15:14:23.801880 Runner(Flutter)[2657] <Notice>: dartnative: ##BENCH## {"tag":"feed1000","t_us":1790242163801823,"ev":"page_build","i":41}
Sep 24 15:14:23.801925 Runner(Flutter)[2657] <Notice>: dartnative: ##BENCH## {"tag":"feed1000","t_us":1790242163801878,"ev":"page_build","i":42}
Sep 24 15:14:23.801984 Runner(Flutter)[2657] <Notice>: dartnative: ##BENCH## {"tag":"feed1000","t_us":1790242163801924,"ev":"page_build","i":43}
Sep 24 15:14:23.803184 Runner(Flutter)[2657] <Notice>: dartnative: ##BENCH## {"tag":"feed1000","t_us":1790242163803119,"ev":"page_build","i":44}
Sep 24 15:14:23.803265 Runner(Flutter)[2657] <Notice>: dartnative: ##BENCH## {"tag":"feed1000","t_us":1790242163803175,"ev":"page_build","i":45}
Sep 24 15:14:23.803279 Runner(Flutter)[2657] <Notice>: dartnative: ##BENCH## {"tag":"feed1000","t_us":1790242163803239,"ev":"page_build","i":46}
Sep 24 15:14:23.803320 Runner(Flutter)[2657] <Notice>: dartnative: ##BENCH## {"tag":"feed1000","t_us":1790242163803272,"ev":"page_build","i":47}
Sep 24 15:14:23.803357 Runner(Flutter)[2657] <Notice>: dartnative: ##BENCH## {"tag":"feed1000","t_us":1790242163803322,"ev":"page_build","i":48}
Sep 24 15:14:23.803406 Runner(Flutter)[2657] <Notice>: dartnative: ##BENCH## {"tag":"feed1000","t_us":1790242163803355,"ev":"page_build","i":49}
Sep 24 15:14:23.803468 Runner(Flutter)[2657] <Notice>: dartnative: ##BENCH## {"tag":"feed1000","t_us":1790242163803397,"ev":"page_build","i":50}
Sep 24 15:14:23.803508 Runner(Flutter)[2657] <Notice>: dartnative: ##BENCH## {"tag":"feed1000","t_us":1790242163803465,"ev":"page_build","i":51}
Sep 24 15:14:23.803597 Runner(Flutter)[2657] <Notice>: dartnative: ##BENCH## {"tag":"feed1000","t_us":1790242163803538,"ev":"page_build","i":52}
Sep 24 15:14:23.803612 Runner(Flutter)[2657] <Notice>: dartnative: ##BENCH## {"tag":"feed1000","t_us":1790242163803576,"ev":"page_build","i":53}
Sep 24 15:14:23.803688 Runner(Flutter)[2657] <Notice>: dartnative: ##BENCH## {"tag":"feed1000","t_us":1790242163803608,"ev":"page_build","i":54}
Sep 24 15:14:23.803703 Runner(Flutter)[2657] <Notice>: dartnative: ##BENCH## {"tag":"feed1000","t_us":1790242163803655,"ev":"page_build","i":55}
Sep 24 15:14:23.803736 Runner(Flutter)[2657] <Notice>: dartnative: ##BENCH## {"tag":"feed1000","t_us":1790242163803686,"ev":"page_build","i":56}
Sep 24 15:14:23.803787 Runner(Flutter)[2657] <Notice>: dartnative: ##BENCH## {"tag":"feed1000","t_us":1790242163803736,"ev":"page_build","i":57}
Sep 24 15:14:23.803829 Runner(Flutter)[2657] <Notice>: dartnative: ##BENCH## {"tag":"feed1000","t_us":1790242163803786,"ev":"page_build","i":58}
Sep 24 15:14:23.803880 Runner(Flutter)[2657] <Notice>: dartnative: ##BENCH## {"tag":"feed1000","t_us":1790242163803828,"ev":"page_build","i":59}
Sep 24 15:14:23.803965 Runner(Flutter)[2657] <Notice>: dartnative: ##BENCH## {"tag":"feed1000","t_us":1790242163803880,"ev":"page_build","i":60}
Sep 24 15:14:23.803979 Runner(Flutter)[2657] <Notice>: dartnative: ##BENCH## {"tag":"feed1000","t_us":1790242163803931,"ev":"page_build","i":61}
Sep 24 15:14:23.804008 Runner(Flutter)[2657] <Notice>: dartnative: ##BENCH## {"tag":"feed1000","t_us":1790242163803963,"ev":"page_build","i":62}
Sep 24 15:14:23.804101 Runner(Flutter)[2657] <Notice>: dartnative: ##BENCH## {"tag":"feed1000","t_us":1790242163804039,"ev":"page_build","i":63}
Sep 24 15:14:23.804116 Runner(Flutter)[2657] <Notice>: dartnative: ##BENCH## {"tag":"feed1000","t_us":1790242163804070,"ev":"page_build","i":64}
Sep 24 15:14:23.804162 Runner(Flutter)[2657] <Notice>: dartnative: ##BENCH## {"tag":"feed1000","t_us":1790242163804101,"ev":"page_build","i":65}
Sep 24 15:14:23.804261 Runner(Flutter)[2657] <Notice>: dartnative: ##BENCH## {"tag":"feed1000","t_us":1790242163804201,"ev":"page_build","i":66}
Sep 24 15:14:23.804288 Runner(Flutter)[2657] <Notice>: dartnative: ##BENCH## {"tag":"feed1000","t_us":1790242163804233,"ev":"page_build","i":67}
Sep 24 15:14:23.804323 Runner(Flutter)[2657] <Notice>: dartnative: ##BENCH## {"tag":"feed1000","t_us":1790242163804262,"ev":"page_build","i":68}
Sep 24 15:14:23.804392 Runner(Flutter)[2657] <Notice>: dartnative: ##BENCH## {"tag":"feed1000","t_us":1790242163804334,"ev":"page_build","i":69}
Sep 24 15:14:23.804434 Runner(Flutter)[2657] <Notice>: dartnative: ##BENCH## {"tag":"feed1000","t_us":1790242163804384,"ev":"page_build","i":70}
Sep 24 15:14:23.804482 Runner(Flutter)[2657] <Notice>: dartnative: ##BENCH## {"tag":"feed1000","t_us":1790242163804435,"ev":"page_build","i":71}
Sep 24 15:14:23.804533 Runner(Flutter)[2657] <Notice>: dartnative: ##BENCH## {"tag":"feed1000","t_us":1790242163804479,"ev":"page_build","i":72}
Sep 24 15:14:23.804607 Runner(Flutter)[2657] <Notice>: dartnative: ##BENCH## {"tag":"feed1000","t_us":1790242163804532,"ev":"page_build","i":73}
Sep 24 15:14:23.804627 Runner(Flutter)[2657] <Notice>: dartnative: ##BENCH## {"tag":"feed1000","t_us":1790242163804576,"ev":"page_build","i":74}
Sep 24 15:14:23.804658 Runner(Flutter)[2657] <Notice>: dartnative: ##BENCH## {"tag":"feed1000","t_us":1790242163804607,"ev":"page_build","i":75}
Sep 24 15:14:23.804754 Runner(Flutter)[2657] <Notice>: dartnative: ##BENCH## {"tag":"feed1000","t_us":1790242163804674,"ev":"page_build","i":76}
Sep 24 15:14:23.804768 Runner(Flutter)[2657] <Notice>: dartnative: ##BENCH## {"tag":"feed1000","t_us":1790242163804723,"ev":"page_build","i":77}
Sep 24 15:14:23.804809 Runner(Flutter)[2657] <Notice>: dartnative: ##BENCH## {"tag":"feed1000","t_us":1790242163804753,"ev":"page_build","i":78}
Sep 24 15:14:23.804854 Runner(Flutter)[2657] <Notice>: dartnative: ##BENCH## {"tag":"feed1000","t_us":1790242163804813,"ev":"page_build","i":79}
Sep 24 15:14:23.804903 Runner(Flutter)[2657] <Notice>: dartnative: ##BENCH## {"tag":"feed1000","t_us":1790242163804865,"ev":"page_build","i":80}
Sep 24 15:14:23.804949 Runner(Flutter)[2657] <Notice>: dartnative: ##BENCH## {"tag":"feed1000","t_us":1790242163804908,"ev":"page_build","i":81}
Sep 24 15:14:23.805053 Runner(Flutter)[2657] <Notice>: dartnative: ##BENCH## {"tag":"feed1000","t_us":1790242163804948,"ev":"page_build","i":82}
Sep 24 15:14:23.805071 Runner(Flutter)[2657] <Notice>: dartnative: ##BENCH## {"tag":"feed1000","t_us":1790242163804992,"ev":"page_build","i":83}
Sep 24 15:14:23.805079 Runner(Flutter)[2657] <Notice>: dartnative: ##BENCH## {"tag":"feed1000","t_us":1790242163805023,"ev":"page_build","i":84}
Sep 24 15:14:23.805103 Runner(Flutter)[2657] <Notice>: dartnative: ##BENCH## {"tag":"feed1000","t_us":1790242163805055,"ev":"page_build","i":85}
Sep 24 15:14:23.805262 Runner(Flutter)[2657] <Notice>: dartnative: ##BENCH## {"tag":"feed1000","t_us":1790242163805120,"ev":"page_build","i":86}
Sep 24 15:14:23.805277 Runner(Flutter)[2657] <Notice>: dartnative: ##BENCH## {"tag":"feed1000","t_us":1790242163805166,"ev":"page_build","i":87}
Sep 24 15:14:23.805293 Runner(Flutter)[2657] <Notice>: dartnative: ##BENCH## {"tag":"feed1000","t_us":1790242163805198,"ev":"page_build","i":88}
Sep 24 15:14:23.805300 Runner(Flutter)[2657] <Notice>: dartnative: ##BENCH## {"tag":"feed1000","t_us":1790242163805227,"ev":"page_build","i":89}
Sep 24 15:14:23.805330 Runner(Flutter)[2657] <Notice>: dartnative: ##BENCH## {"tag":"feed1000","t_us":1790242163805262,"ev":"page_build","i":90}
Sep 24 15:14:23.805431 Runner(Flutter)[2657] <Notice>: dartnative: ##BENCH## {"tag":"feed1000","t_us":1790242163805328,"ev":"page_build","i":91}
Sep 24 15:14:23.805449 Runner(Flutter)[2657] <Notice>: dartnative: ##BENCH## {"tag":"feed1000","t_us":1790242163805400,"ev":"page_build","i":92}
Sep 24 15:14:23.805484 Runner(Flutter)[2657] <Notice>: dartnative: ##BENCH## {"tag":"feed1000","t_us":1790242163805433,"ev":"page_build","i":93}
Sep 24 15:14:23.805553 Runner(Flutter)[2657] <Notice>: dartnative: ##BENCH## {"tag":"feed1000","t_us":1790242163805483,"ev":"page_build","i":94}
Sep 24 15:14:23.805569 Runner(Flutter)[2657] <Notice>: dartnative: ##BENCH## {"tag":"feed1000","t_us":1790242163805527,"ev":"page_build","i":95}
Sep 24 15:14:23.805607 Runner(Flutter)[2657] <Notice>: dartnative: ##BENCH## {"tag":"feed1000","t_us":1790242163805559,"ev":"page_build","i":96}
Sep 24 15:14:23.805672 Runner(Flutter)[2657] <Notice>: dartnative: ##BENCH## {"tag":"feed1000","t_us":1790242163805617,"ev":"page_build","i":97}
Sep 24 15:14:23.805719 Runner(Flutter)[2657] <Notice>: dartnative: ##BENCH## {"tag":"feed1000","t_us":1790242163805663,"ev":"page_build","i":98}
Sep 24 15:14:23.805847 Runner(Flutter)[2657] <Notice>: dartnative: ##BENCH## {"tag":"feed1000","t_us":1790242163805719,"ev":"page_build","i":99}
Sep 24 15:14:23.805862 Runner(Flutter)[2657] <Notice>: dartnative: ##BENCH## {"tag":"feed1000","t_us":1790242163805778,"ev":"page_build","i":100}
Sep 24 15:14:23.805878 Runner(Flutter)[2657] <Notice>: dartnative: ##BENCH## {"tag":"feed1000","t_us":1790242163805811,"ev":"page_build","i":101}
Sep 24 15:14:23.805906 Runner(Flutter)[2657] <Notice>: dartnative: ##BENCH## {"tag":"feed1000","t_us":1790242163805841,"ev":"page_build","i":102}
Sep 24 15:14:23.805962 Runner(Flutter)[2657] <Notice>: dartnative: ##BENCH## {"tag":"feed1000","t_us":1790242163805900,"ev":"page_build","i":103}
Sep 24 15:14:23.806001 Runner(Flutter)[2657] <Notice>: dartnative: ##BENCH## {"tag":"feed1000","t_us":1790242163805958,"ev":"page_build","i":104}
Sep 24 15:14:23.806050 Runner(Flutter)[2657] <Notice>: dartnative: ##BENCH## {"tag":"feed1000","t_us":1790242163806000,"ev":"page_build","i":105}
Sep 24 15:14:23.806099 Runner(Flutter)[2657] <Notice>: dartnative: ##BENCH## {"tag":"feed1000","t_us":1790242163806056,"ev":"page_build","i":106}
Sep 24 15:14:23.806155 Runner(Flutter)[2657] <Notice>: dartnative: ##BENCH## {"tag":"feed1000","t_us":1790242163806097,"ev":"page_build","i":107}
Sep 24 15:14:23.806196 Runner(Flutter)[2657] <Notice>: dartnative: ##BENCH## {"tag":"feed1000","t_us":1790242163806152,"ev":"page_build","i":108}
Sep 24 15:14:23.806266 Runner(Flutter)[2657] <Notice>: dartnative: ##BENCH## {"tag":"feed1000","t_us":1790242163806193,"ev":"page_build","i":109}
Sep 24 15:14:23.806389 Runner(Flutter)[2657] <Notice>: dartnative: ##BENCH## {"tag":"feed1000","t_us":1790242163806258,"ev":"page_build","i":110}
Sep 24 15:14:23.806403 Runner(Flutter)[2657] <Notice>: dartnative: ##BENCH## {"tag":"feed1000","t_us":1790242163806300,"ev":"page_build","i":111}
Sep 24 15:14:23.806410 Runner(Flutter)[2657] <Notice>: dartnative: ##BENCH## {"tag":"feed1000","t_us":1790242163806330,"ev":"page_build","i":112}
Sep 24 15:14:23.806419 Runner(Flutter)[2657] <Notice>: dartnative: ##BENCH## {"tag":"feed1000","t_us":1790242163806360,"ev":"page_build","i":113}
Sep 24 15:14:23.806430 Runner(Flutter)[2657] <Notice>: dartnative: ##BENCH## {"tag":"feed1000","t_us":1790242163806389,"ev":"page_build","i":114}
Sep 24 15:14:23.806523 Runner(Flutter)[2657] <Notice>: dartnative: ##BENCH## {"tag":"feed1000","t_us":1790242163806480,"ev":"page_build","i":115}
Sep 24 15:14:23.806557 Runner(Flutter)[2657] <Notice>: dartnative: ##BENCH## {"tag":"feed1000","t_us":1790242163806516,"ev":"page_build","i":116}
Sep 24 15:14:23.806652 Runner(Flutter)[2657] <Notice>: dartnative: ##BENCH## {"tag":"feed1000","t_us":1790242163806565,"ev":"page_build","i":117}
Sep 24 15:14:23.806667 Runner(Flutter)[2657] <Notice>: dartnative: ##BENCH## {"tag":"feed1000","t_us":1790242163806616,"ev":"page_build","i":118}
Sep 24 15:14:23.806735 Runner(Flutter)[2657] <Notice>: dartnative: ##BENCH## {"tag":"feed1000","t_us":1790242163806647,"ev":"page_build","i":119}
Sep 24 15:14:23.806752 Runner(Flutter)[2657] <Notice>: dartnative: ##BENCH## {"tag":"feed1000","t_us":1790242163806686,"ev":"page_build","i":120}
Sep 24 15:14:23.806789 Runner(Flutter)[2657] <Notice>: dartnative: ##BENCH## {"tag":"feed1000","t_us":1790242163806729,"ev":"page_build","i":121}
Sep 24 15:14:23.806833 Runner(Flutter)[2657] <Notice>: dartnative: ##BENCH## {"tag":"feed1000","t_us":1790242163806786,"ev":"page_build","i":122}
Sep 24 15:14:23.806876 Runner(Flutter)[2657] <Notice>: dartnative: ##BENCH## {"tag":"feed1000","t_us":1790242163806831,"ev":"page_build","i":123}
Sep 24 15:14:23.806937 Runner(Flutter)[2657] <Notice>: dartnative: ##BENCH## {"tag":"feed1000","t_us":1790242163806879,"ev":"page_build","i":124}
Sep 24 15:14:23.806975 Runner(Flutter)[2657] <Notice>: dartnative: ##BENCH## {"tag":"feed1000","t_us":1790242163806932,"ev":"page_build","i":125}
Sep 24 15:14:23.807029 Runner(Flutter)[2657] <Notice>: dartnative: ##BENCH## {"tag":"feed1000","t_us":1790242163806975,"ev":"page_build","i":126}
Sep 24 15:14:23.807071 Runner(Flutter)[2657] <Notice>: dartnative: ##BENCH## {"tag":"feed1000","t_us":1790242163807021,"ev":"page_build","i":127}
Sep 24 15:14:23.807137 Runner(Flutter)[2657] <Notice>: dartnative: ##BENCH## {"tag":"feed1000","t_us":1790242163807073,"ev":"page_build","i":128}
Sep 24 15:14:23.807347 Runner(Flutter)[2657] <Notice>: dartnative: ##BENCH## {"tag":"feed1000","t_us":1790242163807317,"ev":"page_build","i":129}
Sep 24 15:14:23.807394 Runner(Flutter)[2657] <Notice>: dartnative: ##BENCH## {"tag":"feed1000","t_us":1790242163807349,"ev":"page_build","i":130}
Sep 24 15:14:23.807430 Runner(Flutter)[2657] <Notice>: dartnative: ##BENCH## {"tag":"feed1000","t_us":1790242163807387,"ev":"page_build","i":131}
Sep 24 15:14:23.807470 Runner(Flutter)[2657] <Notice>: dartnative: ##BENCH## {"tag":"feed1000","t_us":1790242163807427,"ev":"page_build","i":132}
Sep 24 15:14:23.807616 Runner(Flutter)[2657] <Notice>: dartnative: ##BENCH## {"tag":"feed1000","t_us":1790242163807479,"ev":"page_build","i":133}
Sep 24 15:14:23.807631 Runner(Flutter)[2657] <Notice>: dartnative: ##BENCH## {"tag":"feed1000","t_us":1790242163807528,"ev":"page_build","i":134}
Sep 24 15:14:23.807646 Runner(Flutter)[2657] <Notice>: dartnative: ##BENCH## {"tag":"feed1000","t_us":1790242163807558,"ev":"page_build","i":135}
Sep 24 15:14:23.807665 Runner(Flutter)[2657] <Notice>: dartnative: ##BENCH## {"tag":"feed1000","t_us":1790242163807587,"ev":"page_build","i":136}
Sep 24 15:14:23.807703 Runner(Flutter)[2657] <Notice>: dartnative: ##BENCH## {"tag":"feed1000","t_us":1790242163807616,"ev":"page_build","i":137}
Sep 24 15:14:23.807739 Runner(Flutter)[2657] <Notice>: dartnative: ##BENCH## {"tag":"feed1000","t_us":1790242163807688,"ev":"page_build","i":138}
Sep 24 15:14:23.807781 Runner(Flutter)[2657] <Notice>: dartnative: ##BENCH## {"tag":"feed1000","t_us":1790242163807741,"ev":"page_build","i":139}
Sep 24 15:14:23.807850 Runner(Flutter)[2657] <Notice>: dartnative: ##BENCH## {"tag":"feed1000","t_us":1790242163807780,"ev":"page_build","i":140}
Sep 24 15:14:23.807954 Runner(Flutter)[2657] <Notice>: dartnative: ##BENCH## {"tag":"feed1000","t_us":1790242163807837,"ev":"page_build","i":141}
Sep 24 15:14:23.807969 Runner(Flutter)[2657] <Notice>: dartnative: ##BENCH## {"tag":"feed1000","t_us":1790242163807879,"ev":"page_build","i":142}
Sep 24 15:14:23.807977 Runner(Flutter)[2657] <Notice>: dartnative: ##BENCH## {"tag":"feed1000","t_us":1790242163807911,"ev":"page_build","i":143}
Sep 24 15:14:23.807988 Runner(Flutter)[2657] <Notice>: dartnative: ##BENCH## {"tag":"feed1000","t_us":1790242163807940,"ev":"page_build","i":144}
Sep 24 15:14:23.808089 Runner(Flutter)[2657] <Notice>: dartnative: ##BENCH## {"tag":"feed1000","t_us":1790242163808002,"ev":"page_build","i":145}
Sep 24 15:14:23.808104 Runner(Flutter)[2657] <Notice>: dartnative: ##BENCH## {"tag":"feed1000","t_us":1790242163808058,"ev":"page_build","i":146}
Sep 24 15:14:23.808154 Runner(Flutter)[2657] <Notice>: dartnative: ##BENCH## {"tag":"feed1000","t_us":1790242163808085,"ev":"page_build","i":147}
Sep 24 15:14:23.808203 Runner(Flutter)[2657] <Notice>: dartnative: ##BENCH## {"tag":"feed1000","t_us":1790242163808157,"ev":"page_build","i":148}
Sep 24 15:14:23.808271 Runner(Flutter)[2657] <Notice>: dartnative: ##BENCH## {"tag":"feed1000","t_us":1790242163808200,"ev":"page_build","i":149}
Sep 24 15:14:23.808287 Runner(Flutter)[2657] <Notice>: dartnative: ##BENCH## {"tag":"feed1000","t_us":1790242163808254,"ev":"page_build","i":150}
Sep 24 15:14:23.808373 Runner(Flutter)[2657] <Notice>: dartnative: ##BENCH## {"tag":"feed1000","t_us":1790242163808283,"ev":"page_build","i":151}
Sep 24 15:14:23.808387 Runner(Flutter)[2657] <Notice>: dartnative: ##BENCH## {"tag":"feed1000","t_us":1790242163808339,"ev":"page_build","i":152}
Sep 24 15:14:23.808425 Runner(Flutter)[2657] <Notice>: dartnative: ##BENCH## {"tag":"feed1000","t_us":1790242163808368,"ev":"page_build","i":153}
Sep 24 15:14:23.808478 Runner(Flutter)[2657] <Notice>: dartnative: ##BENCH## {"tag":"feed1000","t_us":1790242163808419,"ev":"page_build","i":154}
Sep 24 15:14:23.808565 Runner(Flutter)[2657] <Notice>: dartnative: ##BENCH## {"tag":"feed1000","t_us":1790242163808485,"ev":"page_build","i":155}
Sep 24 15:14:23.808581 Runner(Flutter)[2657] <Notice>: dartnative: ##BENCH## {"tag":"feed1000","t_us":1790242163808539,"ev":"page_build","i":156}
Sep 24 15:14:23.808623 Runner(Flutter)[2657] <Notice>: dartnative: ##BENCH## {"tag":"feed1000","t_us":1790242163808568,"ev":"page_build","i":157}
Sep 24 15:14:23.808697 Runner(Flutter)[2657] <Notice>: dartnative: ##BENCH## {"tag":"feed1000","t_us":1790242163808615,"ev":"page_build","i":158}
Sep 24 15:14:23.808713 Runner(Flutter)[2657] <Notice>: dartnative: ##BENCH## {"tag":"feed1000","t_us":1790242163808666,"ev":"page_build","i":159}
Sep 24 15:14:23.808812 Runner(Flutter)[2657] <Notice>: dartnative: ##BENCH## {"tag":"feed1000","t_us":1790242163808696,"ev":"page_build","i":160}
Sep 24 15:14:23.808826 Runner(Flutter)[2657] <Notice>: dartnative: ##BENCH## {"tag":"feed1000","t_us":1790242163808747,"ev":"page_build","i":161}
Sep 24 15:14:23.808833 Runner(Flutter)[2657] <Notice>: dartnative: ##BENCH## {"tag":"feed1000","t_us":1790242163808780,"ev":"page_build","i":162}
Sep 24 15:14:23.808907 Runner(Flutter)[2657] <Notice>: dartnative: ##BENCH## {"tag":"feed1000","t_us":1790242163808808,"ev":"page_build","i":163}
Sep 24 15:14:23.808922 Runner(Flutter)[2657] <Notice>: dartnative: ##BENCH## {"tag":"feed1000","t_us":1790242163808865,"ev":"page_build","i":164}
Sep 24 15:14:23.808962 Runner(Flutter)[2657] <Notice>: dartnative: ##BENCH## {"tag":"feed1000","t_us":1790242163808901,"ev":"page_build","i":165}
Sep 24 15:14:23.809052 Runner(Flutter)[2657] <Notice>: dartnative: ##BENCH## {"tag":"feed1000","t_us":1790242163808993,"ev":"page_build","i":166}
Sep 24 15:14:23.809070 Runner(Flutter)[2657] <Notice>: dartnative: ##BENCH## {"tag":"feed1000","t_us":1790242163809028,"ev":"page_build","i":167}
Sep 24 15:14:23.809166 Runner(Flutter)[2657] <Notice>: dartnative: ##BENCH## {"tag":"feed1000","t_us":1790242163809054,"ev":"page_build","i":168}
Sep 24 15:14:23.809180 Runner(Flutter)[2657] <Notice>: dartnative: ##BENCH## {"tag":"feed1000","t_us":1790242163809103,"ev":"page_build","i":169}
Sep 24 15:14:23.809196 Runner(Flutter)[2657] <Notice>: dartnative: ##BENCH## {"tag":"feed1000","t_us":1790242163809133,"ev":"page_build","i":170}
Sep 24 15:14:23.809257 Runner(Flutter)[2657] <Notice>: dartnative: ##BENCH## {"tag":"feed1000","t_us":1790242163809162,"ev":"page_build","i":171}
Sep 24 15:14:23.809321 Runner(Flutter)[2657] <Notice>: dartnative: ##BENCH## {"tag":"feed1000","t_us":1790242163809207,"ev":"page_build","i":172}
Sep 24 15:14:23.809335 Runner(Flutter)[2657] <Notice>: dartnative: ##BENCH## {"tag":"feed1000","t_us":1790242163809254,"ev":"page_build","i":173}
Sep 24 15:14:23.809342 Runner(Flutter)[2657] <Notice>: dartnative: ##BENCH## {"tag":"feed1000","t_us":1790242163809297,"ev":"page_build","i":174}
Sep 24 15:14:23.809398 Runner(Flutter)[2657] <Notice>: dartnative: ##BENCH## {"tag":"feed1000","t_us":1790242163809329,"ev":"page_build","i":175}
Sep 24 15:14:23.809461 Runner(Flutter)[2657] <Notice>: dartnative: ##BENCH## {"tag":"feed1000","t_us":1790242163809393,"ev":"page_build","i":176}
Sep 24 15:14:23.809499 Runner(Flutter)[2657] <Notice>: dartnative: ##BENCH## {"tag":"feed1000","t_us":1790242163809452,"ev":"page_build","i":177}
Sep 24 15:14:23.809567 Runner(Flutter)[2657] <Notice>: dartnative: ##BENCH## {"tag":"feed1000","t_us":1790242163809495,"ev":"page_build","i":178}
Sep 24 15:14:23.809588 Runner(Flutter)[2657] <Notice>: dartnative: ##BENCH## {"tag":"feed1000","t_us":1790242163809536,"ev":"page_build","i":179}
Sep 24 15:14:23.809651 Runner(Flutter)[2657] <Notice>: dartnative: ##BENCH## {"tag":"feed1000","t_us":1790242163809566,"ev":"page_build","i":180}
Sep 24 15:14:23.809668 Runner(Flutter)[2657] <Notice>: dartnative: ##BENCH## {"tag":"feed1000","t_us":1790242163809614,"ev":"page_build","i":181}
Sep 24 15:14:23.809685 Runner(Flutter)[2657] <Notice>: dartnative: ##BENCH## {"tag":"feed1000","t_us":1790242163809645,"ev":"page_build","i":182}
Sep 24 15:14:23.809752 Runner(Flutter)[2657] <Notice>: dartnative: ##BENCH## {"tag":"feed1000","t_us":1790242163809699,"ev":"page_build","i":183}
Sep 24 15:14:23.809813 Runner(Flutter)[2657] <Notice>: dartnative: ##BENCH## {"tag":"feed1000","t_us":1790242163809742,"ev":"page_build","i":184}
Sep 24 15:14:23.809828 Runner(Flutter)[2657] <Notice>: dartnative: ##BENCH## {"tag":"feed1000","t_us":1790242163809782,"ev":"page_build","i":185}
Sep 24 15:14:23.809855 Runner(Flutter)[2657] <Notice>: dartnative: ##BENCH## {"tag":"feed1000","t_us":1790242163809812,"ev":"page_build","i":186}
Sep 24 15:14:23.809917 Runner(Flutter)[2657] <Notice>: dartnative: ##BENCH## {"tag":"feed1000","t_us":1790242163809862,"ev":"page_build","i":187}
Sep 24 15:14:23.809969 Runner(Flutter)[2657] <Notice>: dartnative: ##BENCH## {"tag":"feed1000","t_us":1790242163809917,"ev":"page_build","i":188}
Sep 24 15:14:23.810021 Runner(Flutter)[2657] <Notice>: dartnative: ##BENCH## {"tag":"feed1000","t_us":1790242163809977,"ev":"page_build","i":189}
Sep 24 15:14:23.810064 Runner(Flutter)[2657] <Notice>: dartnative: ##BENCH## {"tag":"feed1000","t_us":1790242163810014,"ev":"page_build","i":190}
Sep 24 15:14:23.810135 Runner(Flutter)[2657] <Notice>: dartnative: ##BENCH## {"tag":"feed1000","t_us":1790242163810056,"ev":"page_build","i":191}
Sep 24 15:14:23.810150 Runner(Flutter)[2657] <Notice>: dartnative: ##BENCH## {"tag":"feed1000","t_us":1790242163810110,"ev":"page_build","i":192}
Sep 24 15:14:23.810173 Runner(Flutter)[2657] <Notice>: dartnative: ##BENCH## {"tag":"feed1000","t_us":1790242163810139,"ev":"page_build","i":193}
Sep 24 15:14:23.810268 Runner(Flutter)[2657] <Notice>: dartnative: ##BENCH## {"tag":"feed1000","t_us":1790242163810213,"ev":"page_build","i":194}
Sep 24 15:14:23.810286 Runner(Flutter)[2657] <Notice>: dartnative: ##BENCH## {"tag":"feed1000","t_us":1790242163810243,"ev":"page_build","i":195}
Sep 24 15:14:23.810354 Runner(Flutter)[2657] <Notice>: dartnative: ##BENCH## {"tag":"feed1000","t_us":1790242163810271,"ev":"page_build","i":196}
Sep 24 15:14:23.810370 Runner(Flutter)[2657] <Notice>: dartnative: ##BENCH## {"tag":"feed1000","t_us":1790242163810322,"ev":"page_build","i":197}
Sep 24 15:14:23.810441 Runner(Flutter)[2657] <Notice>: dartnative: ##BENCH## {"tag":"feed1000","t_us":1790242163810353,"ev":"page_build","i":198}
Sep 24 15:14:23.810456 Runner(Flutter)[2657] <Notice>: dartnative: ##BENCH## {"tag":"feed1000","t_us":1790242163810410,"ev":"page_build","i":199}
Sep 24 15:14:23.810484 Runner(Flutter)[2657] <Notice>: dartnative: ##BENCH## {"tag":"feed1000","t_us":1790242163810442,"ev":"page_build","i":200}
Sep 24 15:14:23.810553 Runner(Flutter)[2657] <Notice>: dartnative: ##BENCH## {"tag":"feed1000","t_us":1790242163810494,"ev":"page_build","i":201}
Sep 24 15:14:23.810590 Runner(Flutter)[2657] <Notice>: dartnative: ##BENCH## {"tag":"feed1000","t_us":1790242163810546,"ev":"page_build","i":202}
Sep 24 15:14:23.810651 Runner(Flutter)[2657] <Notice>: dartnative: ##BENCH## {"tag":"feed1000","t_us":1790242163810587,"ev":"page_build","i":203}
Sep 24 15:14:23.810691 Runner(Flutter)[2657] <Notice>: dartnative: ##BENCH## {"tag":"feed1000","t_us":1790242163810645,"ev":"page_build","i":204}
Sep 24 15:14:23.810761 Runner(Flutter)[2657] <Notice>: dartnative: ##BENCH## {"tag":"feed1000","t_us":1790242163810683,"ev":"page_build","i":205}
Sep 24 15:14:23.810778 Runner(Flutter)[2657] <Notice>: dartnative: ##BENCH## {"tag":"feed1000","t_us":1790242163810728,"ev":"page_build","i":206}
Sep 24 15:14:23.810813 Runner(Flutter)[2657] <Notice>: dartnative: ##BENCH## {"tag":"feed1000","t_us":1790242163810756,"ev":"page_build","i":207}
Sep 24 15:14:23.810860 Runner(Flutter)[2657] <Notice>: dartnative: ##BENCH## {"tag":"feed1000","t_us":1790242163810811,"ev":"page_build","i":208}
Sep 24 15:14:23.810903 Runner(Flutter)[2657] <Notice>: dartnative: ##BENCH## {"tag":"feed1000","t_us":1790242163810861,"ev":"page_build","i":209}
Sep 24 15:14:23.810943 Runner(Flutter)[2657] <Notice>: dartnative: ##BENCH## {"tag":"feed1000","t_us":1790242163810903,"ev":"page_build","i":210}
Sep 24 15:14:23.810988 Runner(Flutter)[2657] <Notice>: dartnative: ##BENCH## {"tag":"feed1000","t_us":1790242163810947,"ev":"page_build","i":211}
Sep 24 15:14:23.811031 Runner(Flutter)[2657] <Notice>: dartnative: ##BENCH## {"tag":"feed1000","t_us":1790242163810990,"ev":"page_build","i":212}
Sep 24 15:14:23.811075 Runner(Flutter)[2657] <Notice>: dartnative: ##BENCH## {"tag":"feed1000","t_us":1790242163811029,"ev":"page_build","i":213}
Sep 24 15:14:23.811158 Runner(Flutter)[2657] <Notice>: dartnative: ##BENCH## {"tag":"feed1000","t_us":1790242163811077,"ev":"page_build","i":214}
Sep 24 15:14:23.811175 Runner(Flutter)[2657] <Notice>: dartnative: ##BENCH## {"tag":"feed1000","t_us":1790242163811127,"ev":"page_build","i":215}
Sep 24 15:14:23.811222 Runner(Flutter)[2657] <Notice>: dartnative: ##BENCH## {"tag":"feed1000","t_us":1790242163811156,"ev":"page_build","i":216}
Sep 24 15:14:23.811299 Runner(Flutter)[2657] <Notice>: dartnative: ##BENCH## {"tag":"feed1000","t_us":1790242163811216,"ev":"page_build","i":217}
Sep 24 15:14:23.811316 Runner(Flutter)[2657] <Notice>: dartnative: ##BENCH## {"tag":"feed1000","t_us":1790242163811269,"ev":"page_build","i":218}
Sep 24 15:14:23.811417 Runner(Flutter)[2657] <Notice>: dartnative: ##BENCH## {"tag":"feed1000","t_us":1790242163811295,"ev":"page_build","i":219}
Sep 24 15:14:23.811433 Runner(Flutter)[2657] <Notice>: dartnative: ##BENCH## {"tag":"feed1000","t_us":1790242163811363,"ev":"page_build","i":220}
Sep 24 15:14:23.811440 Runner(Flutter)[2657] <Notice>: dartnative: ##BENCH## {"tag":"feed1000","t_us":1790242163811389,"ev":"page_build","i":221}
Sep 24 15:14:23.811495 Runner(Flutter)[2657] <Notice>: dartnative: ##BENCH## {"tag":"feed1000","t_us":1790242163811416,"ev":"page_build","i":222}
Sep 24 15:14:23.811535 Runner(Flutter)[2657] <Notice>: dartnative: ##BENCH## {"tag":"feed1000","t_us":1790242163811485,"ev":"page_build","i":223}
Sep 24 15:14:23.811594 Runner(Flutter)[2657] <Notice>: dartnative: ##BENCH## {"tag":"feed1000","t_us":1790242163811534,"ev":"page_build","i":224}
Sep 24 15:14:23.811692 Runner(Flutter)[2657] <Notice>: dartnative: ##BENCH## {"tag":"feed1000","t_us":1790242163811593,"ev":"page_build","i":225}
Sep 24 15:14:23.811706 Runner(Flutter)[2657] <Notice>: dartnative: ##BENCH## {"tag":"feed1000","t_us":1790242163811636,"ev":"page_build","i":226}
Sep 24 15:14:23.811724 Runner(Flutter)[2657] <Notice>: dartnative: ##BENCH## {"tag":"feed1000","t_us":1790242163811664,"ev":"page_build","i":227}
Sep 24 15:14:23.813658 Runner(Flutter)[2657] <Notice>: dartnative: ##BENCH## {"tag":"feed1000","t_us":1790242163813575,"ev":"page_build","i":228}
Sep 24 15:14:23.813719 Runner(Flutter)[2657] <Notice>: dartnative: ##BENCH## {"tag":"feed1000","t_us":1790242163813636,"ev":"page_build","i":229}
Sep 24 15:14:23.813739 Runner(Flutter)[2657] <Notice>: dartnative: ##BENCH## {"tag":"feed1000","t_us":1790242163813667,"ev":"page_build","i":230}
Sep 24 15:14:23.813784 Runner(Flutter)[2657] <Notice>: dartnative: ##BENCH## {"tag":"feed1000","t_us":1790242163813725,"ev":"page_build","i":231}
Sep 24 15:14:23.813835 Runner(Flutter)[2657] <Notice>: dartnative: ##BENCH## {"tag":"feed1000","t_us":1790242163813785,"ev":"page_build","i":232}
Sep 24 15:14:23.813878 Runner(Flutter)[2657] <Notice>: dartnative: ##BENCH## {"tag":"feed1000","t_us":1790242163813844,"ev":"page_build","i":233}
Sep 24 15:14:23.813939 Runner(Flutter)[2657] <Notice>: dartnative: ##BENCH## {"tag":"feed1000","t_us":1790242163813883,"ev":"page_build","i":234}
Sep 24 15:14:23.813986 Runner(Flutter)[2657] <Notice>: dartnative: ##BENCH## {"tag":"feed1000","t_us":1790242163813944,"ev":"page_build","i":235}
Sep 24 15:14:23.814031 Runner(Flutter)[2657] <Notice>: dartnative: ##BENCH## {"tag":"feed1000","t_us":1790242163813985,"ev":"page_build","i":236}
Sep 24 15:14:23.814118 Runner(Flutter)[2657] <Notice>: dartnative: ##BENCH## {"tag":"feed1000","t_us":1790242163814055,"ev":"page_build","i":237}
Sep 24 15:14:23.814138 Runner(Flutter)[2657] <Notice>: dartnative: ##BENCH## {"tag":"feed1000","t_us":1790242163814092,"ev":"page_build","i":238}
Sep 24 15:14:23.814191 Runner(Flutter)[2657] <Notice>: dartnative: ##BENCH## {"tag":"feed1000","t_us":1790242163814121,"ev":"page_build","i":239}
Sep 24 15:14:23.814223 Runner(Flutter)[2657] <Notice>: dartnative: ##BENCH## {"tag":"feed1000","t_us":1790242163814167,"ev":"page_build","i":240}
Sep 24 15:14:23.814270 Runner(Flutter)[2657] <Notice>: dartnative: ##BENCH## {"tag":"feed1000","t_us":1790242163814227,"ev":"page_build","i":241}
Sep 24 15:14:23.814318 Runner(Flutter)[2657] <Notice>: dartnative: ##BENCH## {"tag":"feed1000","t_us":1790242163814277,"ev":"page_build","i":242}
Sep 24 15:14:23.814361 Runner(Flutter)[2657] <Notice>: dartnative: ##BENCH## {"tag":"feed1000","t_us":1790242163814319,"ev":"page_build","i":243}
Sep 24 15:14:23.814429 Runner(Flutter)[2657] <Notice>: dartnative: ##BENCH## {"tag":"feed1000","t_us":1790242163814361,"ev":"page_build","i":244}
Sep 24 15:14:23.814479 Runner(Flutter)[2657] <Notice>: dartnative: ##BENCH## {"tag":"feed1000","t_us":1790242163814425,"ev":"page_build","i":245}
Sep 24 15:14:23.814538 Runner(Flutter)[2657] <Notice>: dartnative: ##BENCH## {"tag":"feed1000","t_us":1790242163814468,"ev":"page_build","i":246}
Sep 24 15:14:23.814553 Runner(Flutter)[2657] <Notice>: dartnative: ##BENCH## {"tag":"feed1000","t_us":1790242163814501,"ev":"page_build","i":247}
Sep 24 15:14:23.814597 Runner(Flutter)[2657] <Notice>: dartnative: ##BENCH## {"tag":"feed1000","t_us":1790242163814537,"ev":"page_build","i":248}
Sep 24 15:14:23.814697 Runner(Flutter)[2657] <Notice>: dartnative: ##BENCH## {"tag":"feed1000","t_us":1790242163814615,"ev":"page_build","i":249}
Sep 24 15:14:23.814711 Runner(Flutter)[2657] <Notice>: dartnative: ##BENCH## {"tag":"feed1000","t_us":1790242163814662,"ev":"page_build","i":250}
Sep 24 15:14:23.814784 Runner(Flutter)[2657] <Notice>: dartnative: ##BENCH## {"tag":"feed1000","t_us":1790242163814694,"ev":"page_build","i":251}
Sep 24 15:14:23.814798 Runner(Flutter)[2657] <Notice>: dartnative: ##BENCH## {"tag":"feed1000","t_us":1790242163814749,"ev":"page_build","i":252}
Sep 24 15:14:23.814817 Runner(Flutter)[2657] <Notice>: dartnative: ##BENCH## {"tag":"feed1000","t_us":1790242163814782,"ev":"page_build","i":253}
Sep 24 15:14:23.814925 Runner(Flutter)[2657] <Notice>: dartnative: ##BENCH## {"tag":"feed1000","t_us":1790242163814858,"ev":"page_build","i":254}
Sep 24 15:14:23.814938 Runner(Flutter)[2657] <Notice>: dartnative: ##BENCH## {"tag":"feed1000","t_us":1790242163814890,"ev":"page_build","i":255}
Sep 24 15:14:23.815242 Runner(Flutter)[2657] <Notice>: dartnative: ##BENCH## {"tag":"feed1000","t_us":1790242163815209,"ev":"page_build","i":256}
Sep 24 15:14:23.815315 Runner(Flutter)[2657] <Notice>: dartnative: ##BENCH## {"tag":"feed1000","t_us":1790242163815243,"ev":"page_build","i":257}
Sep 24 15:14:23.815330 Runner(Flutter)[2657] <Notice>: dartnative: ##BENCH## {"tag":"feed1000","t_us":1790242163815283,"ev":"page_build","i":258}
Sep 24 15:14:23.815379 Runner(Flutter)[2657] <Notice>: dartnative: ##BENCH## {"tag":"feed1000","t_us":1790242163815313,"ev":"page_build","i":259}
Sep 24 15:14:23.815447 Runner(Flutter)[2657] <Notice>: dartnative: ##BENCH## {"tag":"feed1000","t_us":1790242163815371,"ev":"page_build","i":260}
Sep 24 15:14:23.815461 Runner(Flutter)[2657] <Notice>: dartnative: ##BENCH## {"tag":"feed1000","t_us":1790242163815416,"ev":"page_build","i":261}
Sep 24 15:14:23.815511 Runner(Flutter)[2657] <Notice>: dartnative: ##BENCH## {"tag":"feed1000","t_us":1790242163815447,"ev":"page_build","i":262}
Sep 24 15:14:23.815558 Runner(Flutter)[2657] <Notice>: dartnative: ##BENCH## {"tag":"feed1000","t_us":1790242163815506,"ev":"page_build","i":263}
Sep 24 15:14:23.815609 Runner(Flutter)[2657] <Notice>: dartnative: ##BENCH## {"tag":"feed1000","t_us":1790242163815562,"ev":"page_build","i":264}
Sep 24 15:14:23.815696 Runner(Flutter)[2657] <Notice>: dartnative: ##BENCH## {"tag":"feed1000","t_us":1790242163815604,"ev":"page_build","i":265}
Sep 24 15:14:23.815710 Runner(Flutter)[2657] <Notice>: dartnative: ##BENCH## {"tag":"feed1000","t_us":1790242163815662,"ev":"page_build","i":266}
Sep 24 15:14:23.815840 Runner(Flutter)[2657] <Notice>: dartnative: ##BENCH## {"tag":"feed1000","t_us":1790242163815693,"ev":"page_build","i":267}
Sep 24 15:14:23.815856 Runner(Flutter)[2657] <Notice>: dartnative: ##BENCH## {"tag":"feed1000","t_us":1790242163815739,"ev":"page_build","i":268}
Sep 24 15:14:23.815899 Runner(Flutter)[2657] <Notice>: dartnative: ##BENCH## {"tag":"feed1000","t_us":1790242163815770,"ev":"page_build","i":269}
Sep 24 15:14:23.815942 Runner(Flutter)[2657] <Notice>: dartnative: ##BENCH## {"tag":"feed1000","t_us":1790242163815800,"ev":"page_build","i":270}
Sep 24 15:14:23.815966 Runner(Flutter)[2657] <Notice>: dartnative: ##BENCH## {"tag":"feed1000","t_us":1790242163815827,"ev":"page_build","i":271}
Sep 24 15:14:23.815985 Runner(Flutter)[2657] <Notice>: dartnative: ##BENCH## {"tag":"feed1000","t_us":1790242163815855,"ev":"page_build","i":272}
Sep 24 15:14:23.816013 Runner(Flutter)[2657] <Notice>: dartnative: ##BENCH## {"tag":"feed1000","t_us":1790242163815907,"ev":"page_build","i":273}
Sep 24 15:14:23.816111 Runner(Flutter)[2657] <Notice>: dartnative: ##BENCH## {"tag":"feed1000","t_us":1790242163816019,"ev":"page_build","i":274}
Sep 24 15:14:23.816152 Runner(Flutter)[2657] <Notice>: dartnative: ##BENCH## {"tag":"feed1000","t_us":1790242163816070,"ev":"page_build","i":275}
Sep 24 15:14:23.816194 Runner(Flutter)[2657] <Notice>: dartnative: ##BENCH## {"tag":"feed1000","t_us":1790242163816098,"ev":"page_build","i":276}
Sep 24 15:14:23.816211 Runner(Flutter)[2657] <Notice>: dartnative: ##BENCH## {"tag":"feed1000","t_us":1790242163816138,"ev":"page_build","i":277}
Sep 24 15:14:23.816250 Runner(Flutter)[2657] <Notice>: dartnative: ##BENCH## {"tag":"feed1000","t_us":1790242163816203,"ev":"page_build","i":278}
Sep 24 15:14:23.816297 Runner(Flutter)[2657] <Notice>: dartnative: ##BENCH## {"tag":"feed1000","t_us":1790242163816252,"ev":"page_build","i":279}
Sep 24 15:14:23.816383 Runner(Flutter)[2657] <Notice>: dartnative: ##BENCH## {"tag":"feed1000","t_us":1790242163816305,"ev":"page_build","i":280}
Sep 24 15:14:23.816400 Runner(Flutter)[2657] <Notice>: dartnative: ##BENCH## {"tag":"feed1000","t_us":1790242163816353,"ev":"page_build","i":281}
Sep 24 15:14:23.816424 Runner(Flutter)[2657] <Notice>: dartnative: ##BENCH## {"tag":"feed1000","t_us":1790242163816379,"ev":"page_build","i":282}
Sep 24 15:14:23.816471 Runner(Flutter)[2657] <Notice>: dartnative: ##BENCH## {"tag":"feed1000","t_us":1790242163816419,"ev":"page_build","i":283}
Sep 24 15:14:23.816513 Runner(Flutter)[2657] <Notice>: dartnative: ##BENCH## {"tag":"feed1000","t_us":1790242163816468,"ev":"page_build","i":284}
Sep 24 15:14:23.816556 Runner(Flutter)[2657] <Notice>: dartnative: ##BENCH## {"tag":"feed1000","t_us":1790242163816511,"ev":"page_build","i":285}
Sep 24 15:14:23.816624 Runner(Flutter)[2657] <Notice>: dartnative: ##BENCH## {"tag":"feed1000","t_us":1790242163816549,"ev":"page_build","i":286}
Sep 24 15:14:23.816641 Runner(Flutter)[2657] <Notice>: dartnative: ##BENCH## {"tag":"feed1000","t_us":1790242163816592,"ev":"page_build","i":287}
Sep 24 15:14:23.816694 Runner(Flutter)[2657] <Notice>: dartnative: ##BENCH## {"tag":"feed1000","t_us":1790242163816621,"ev":"page_build","i":288}
Sep 24 15:14:23.816760 Runner(Flutter)[2657] <Notice>: dartnative: ##BENCH## {"tag":"feed1000","t_us":1790242163816690,"ev":"page_build","i":289}
Sep 24 15:14:23.816774 Runner(Flutter)[2657] <Notice>: dartnative: ##BENCH## {"tag":"feed1000","t_us":1790242163816730,"ev":"page_build","i":290}
Sep 24 15:14:23.816802 Runner(Flutter)[2657] <Notice>: dartnative: ##BENCH## {"tag":"feed1000","t_us":1790242163816758,"ev":"page_build","i":291}
Sep 24 15:14:23.816970 Runner(Flutter)[2657] <Notice>: dartnative: ##BENCH## {"tag":"feed1000","t_us":1790242163816810,"ev":"page_build","i":292}
Sep 24 15:14:23.816985 Runner(Flutter)[2657] <Notice>: dartnative: ##BENCH## {"tag":"feed1000","t_us":1790242163816856,"ev":"page_build","i":293}
Sep 24 15:14:23.816992 Runner(Flutter)[2657] <Notice>: dartnative: ##BENCH## {"tag":"feed1000","t_us":1790242163816885,"ev":"page_build","i":294}
Sep 24 15:14:23.817000 Runner(Flutter)[2657] <Notice>: dartnative: ##BENCH## {"tag":"feed1000","t_us":1790242163816911,"ev":"page_build","i":295}
Sep 24 15:14:23.817008 Runner(Flutter)[2657] <Notice>: dartnative: ##BENCH## {"tag":"feed1000","t_us":1790242163816940,"ev":"page_build","i":296}
Sep 24 15:14:23.817014 Runner(Flutter)[2657] <Notice>: dartnative: ##BENCH## {"tag":"feed1000","t_us":1790242163816968,"ev":"page_build","i":297}
Sep 24 15:14:23.817140 Runner(Flutter)[2657] <Notice>: dartnative: ##BENCH## {"tag":"feed1000","t_us":1790242163817020,"ev":"page_build","i":298}
Sep 24 15:14:23.817155 Runner(Flutter)[2657] <Notice>: dartnative: ##BENCH## {"tag":"feed1000","t_us":1790242163817075,"ev":"page_build","i":299}
Sep 24 15:14:23.817163 Runner(Flutter)[2657] <Notice>: dartnative: ##BENCH## {"tag":"feed1000","t_us":1790242163817105,"ev":"page_build","i":300}
Sep 24 15:14:23.817180 Runner(Flutter)[2657] <Notice>: dartnative: ##BENCH## {"tag":"feed1000","t_us":1790242163817134,"ev":"page_build","i":301}
Sep 24 15:14:23.817296 Runner(Flutter)[2657] <Notice>: dartnative: ##BENCH## {"tag":"feed1000","t_us":1790242163817191,"ev":"page_build","i":302}
Sep 24 15:14:23.817311 Runner(Flutter)[2657] <Notice>: dartnative: ##BENCH## {"tag":"feed1000","t_us":1790242163817258,"ev":"page_build","i":303}
Sep 24 15:14:23.817372 Runner(Flutter)[2657] <Notice>: dartnative: ##BENCH## {"tag":"feed1000","t_us":1790242163817290,"ev":"page_build","i":304}
Sep 24 15:14:23.817389 Runner(Flutter)[2657] <Notice>: dartnative: ##BENCH## {"tag":"feed1000","t_us":1790242163817342,"ev":"page_build","i":305}
Sep 24 15:14:23.817417 Runner(Flutter)[2657] <Notice>: dartnative: ##BENCH## {"tag":"feed1000","t_us":1790242163817374,"ev":"page_build","i":306}
Sep 24 15:14:23.817463 Runner(Flutter)[2657] <Notice>: dartnative: ##BENCH## {"tag":"feed1000","t_us":1790242163817425,"ev":"page_build","i":307}
Sep 24 15:14:23.817513 Runner(Flutter)[2657] <Notice>: dartnative: ##BENCH## {"tag":"feed1000","t_us":1790242163817466,"ev":"page_build","i":308}
Sep 24 15:14:23.817574 Runner(Flutter)[2657] <Notice>: dartnative: ##BENCH## {"tag":"feed1000","t_us":1790242163817514,"ev":"page_build","i":309}
Sep 24 15:14:23.817652 Runner(Flutter)[2657] <Notice>: dartnative: ##BENCH## {"tag":"feed1000","t_us":1790242163817568,"ev":"page_build","i":310}
Sep 24 15:14:23.817666 Runner(Flutter)[2657] <Notice>: dartnative: ##BENCH## {"tag":"feed1000","t_us":1790242163817613,"ev":"page_build","i":311}
Sep 24 15:14:23.817674 Runner(Flutter)[2657] <Notice>: dartnative: ##BENCH## {"tag":"feed1000","t_us":1790242163817644,"ev":"page_build","i":312}
Sep 24 15:14:23.817762 Runner(Flutter)[2657] <Notice>: dartnative: ##BENCH## {"tag":"feed1000","t_us":1790242163817718,"ev":"page_build","i":313}
Sep 24 15:14:23.817790 Runner(Flutter)[2657] <Notice>: dartnative: ##BENCH## {"tag":"feed1000","t_us":1790242163817751,"ev":"page_build","i":314}
Sep 24 15:14:23.817832 Runner(Flutter)[2657] <Notice>: dartnative: ##BENCH## {"tag":"feed1000","t_us":1790242163817787,"ev":"page_build","i":315}
Sep 24 15:14:23.817879 Runner(Flutter)[2657] <Notice>: dartnative: ##BENCH## {"tag":"feed1000","t_us":1790242163817825,"ev":"page_build","i":316}
Sep 24 15:14:23.817927 Runner(Flutter)[2657] <Notice>: dartnative: ##BENCH## {"tag":"feed1000","t_us":1790242163817873,"ev":"page_build","i":317}
Sep 24 15:14:23.817948 Runner(Flutter)[2657] <Notice>: dartnative: ##BENCH## {"tag":"feed1000","t_us":1790242163817911,"ev":"page_build","i":318}
Sep 24 15:14:23.818078 Runner(Flutter)[2657] <Notice>: dartnative: ##BENCH## {"tag":"feed1000","t_us":1790242163817979,"ev":"page_build","i":319}
Sep 24 15:14:23.818092 Runner(Flutter)[2657] <Notice>: dartnative: ##BENCH## {"tag":"feed1000","t_us":1790242163818017,"ev":"page_build","i":320}
Sep 24 15:14:23.818115 Runner(Flutter)[2657] <Notice>: dartnative: ##BENCH## {"tag":"feed1000","t_us":1790242163818046,"ev":"page_build","i":321}
Sep 24 15:14:23.818142 Runner(Flutter)[2657] <Notice>: dartnative: ##BENCH## {"tag":"feed1000","t_us":1790242163818080,"ev":"page_build","i":322}
Sep 24 15:14:23.818321 Runner(Flutter)[2657] <Notice>: dartnative: ##BENCH## {"tag":"feed1000","t_us":1790242163818147,"ev":"page_build","i":323}
Sep 24 15:14:23.818435 Runner(Flutter)[2657] <Notice>: dartnative: ##BENCH## {"tag":"feed1000","t_us":1790242163818251,"ev":"page_build","i":324}
Sep 24 15:14:23.818530 Runner(Flutter)[2657] <Notice>: dartnative: ##BENCH## {"tag":"feed1000","t_us":1790242163818282,"ev":"page_build","i":325}
Sep 24 15:14:23.818581 Runner(Flutter)[2657] <Notice>: dartnative: ##BENCH## {"tag":"feed1000","t_us":1790242163818340,"ev":"page_build","i":326}
Sep 24 15:14:23.818614 Runner(Flutter)[2657] <Notice>: dartnative: ##BENCH## {"tag":"feed1000","t_us":1790242163818421,"ev":"page_build","i":327}
Sep 24 15:14:23.818650 Runner(Flutter)[2657] <Notice>: dartnative: ##BENCH## {"tag":"feed1000","t_us":1790242163818480,"ev":"page_build","i":328}
Sep 24 15:14:23.818683 Runner(Flutter)[2657] <Notice>: dartnative: ##BENCH## {"tag":"feed1000","t_us":1790242163818538,"ev":"page_build","i":329}
Sep 24 15:14:23.818755 Runner(Flutter)[2657] <Notice>: dartnative: ##BENCH## {"tag":"feed1000","t_us":1790242163818697,"ev":"page_build","i":330}
Sep 24 15:14:23.818828 Runner(Flutter)[2657] <Notice>: dartnative: ##BENCH## {"tag":"feed1000","t_us":1790242163818752,"ev":"page_build","i":331}
Sep 24 15:14:23.818845 Runner(Flutter)[2657] <Notice>: dartnative: ##BENCH## {"tag":"feed1000","t_us":1790242163818788,"ev":"page_build","i":332}
Sep 24 15:14:23.818875 Runner(Flutter)[2657] <Notice>: dartnative: ##BENCH## {"tag":"feed1000","t_us":1790242163818818,"ev":"page_build","i":333}
Sep 24 15:14:23.818961 Runner(Flutter)[2657] <Notice>: dartnative: ##BENCH## {"tag":"feed1000","t_us":1790242163818924,"ev":"page_build","i":334}
Sep 24 15:14:23.819031 Runner(Flutter)[2657] <Notice>: dartnative: ##BENCH## {"tag":"feed1000","t_us":1790242163818967,"ev":"page_build","i":335}
Sep 24 15:14:23.819046 Runner(Flutter)[2657] <Notice>: dartnative: ##BENCH## {"tag":"feed1000","t_us":1790242163819007,"ev":"page_build","i":336}
Sep 24 15:14:23.819098 Runner(Flutter)[2657] <Notice>: dartnative: ##BENCH## {"tag":"feed1000","t_us":1790242163819036,"ev":"page_build","i":337}
Sep 24 15:14:23.819142 Runner(Flutter)[2657] <Notice>: dartnative: ##BENCH## {"tag":"feed1000","t_us":1790242163819096,"ev":"page_build","i":338}
Sep 24 15:14:23.819187 Runner(Flutter)[2657] <Notice>: dartnative: ##BENCH## {"tag":"feed1000","t_us":1790242163819139,"ev":"page_build","i":339}
Sep 24 15:14:23.819244 Runner(Flutter)[2657] <Notice>: dartnative: ##BENCH## {"tag":"feed1000","t_us":1790242163819181,"ev":"page_build","i":340}
Sep 24 15:14:23.819288 Runner(Flutter)[2657] <Notice>: dartnative: ##BENCH## {"tag":"feed1000","t_us":1790242163819240,"ev":"page_build","i":341}
Sep 24 15:14:23.819345 Runner(Flutter)[2657] <Notice>: dartnative: ##BENCH## {"tag":"feed1000","t_us":1790242163819281,"ev":"page_build","i":342}
Sep 24 15:14:23.819359 Runner(Flutter)[2657] <Notice>: dartnative: ##BENCH## {"tag":"feed1000","t_us":1790242163819331,"ev":"page_build","i":343}
Sep 24 15:14:23.819431 Runner(Flutter)[2657] <Notice>: dartnative: ##BENCH## {"tag":"feed1000","t_us":1790242163819362,"ev":"page_build","i":344}
Sep 24 15:14:23.819471 Runner(Flutter)[2657] <Notice>: dartnative: ##BENCH## {"tag":"feed1000","t_us":1790242163819422,"ev":"page_build","i":345}
Sep 24 15:14:23.819531 Runner(Flutter)[2657] <Notice>: dartnative: ##BENCH## {"tag":"feed1000","t_us":1790242163819463,"ev":"page_build","i":346}
Sep 24 15:14:23.819570 Runner(Flutter)[2657] <Notice>: dartnative: ##BENCH## {"tag":"feed1000","t_us":1790242163819521,"ev":"page_build","i":347}
Sep 24 15:14:23.819619 Runner(Flutter)[2657] <Notice>: dartnative: ##BENCH## {"tag":"feed1000","t_us":1790242163819565,"ev":"page_build","i":348}
Sep 24 15:14:23.819666 Runner(Flutter)[2657] <Notice>: dartnative: ##BENCH## {"tag":"feed1000","t_us":1790242163819623,"ev":"page_build","i":349}
Sep 24 15:14:23.819757 Runner(Flutter)[2657] <Notice>: dartnative: ##BENCH## {"tag":"feed1000","t_us":1790242163819666,"ev":"page_build","i":350}
Sep 24 15:14:23.819771 Runner(Flutter)[2657] <Notice>: dartnative: ##BENCH## {"tag":"feed1000","t_us":1790242163819725,"ev":"page_build","i":351}
Sep 24 15:14:23.819796 Runner(Flutter)[2657] <Notice>: dartnative: ##BENCH## {"tag":"feed1000","t_us":1790242163819756,"ev":"page_build","i":352}
Sep 24 15:14:23.819885 Runner(Flutter)[2657] <Notice>: dartnative: ##BENCH## {"tag":"feed1000","t_us":1790242163819830,"ev":"page_build","i":353}
Sep 24 15:14:23.819916 Runner(Flutter)[2657] <Notice>: dartnative: ##BENCH## {"tag":"feed1000","t_us":1790242163819865,"ev":"page_build","i":354}
Sep 24 15:14:23.819967 Runner(Flutter)[2657] <Notice>: dartnative: ##BENCH## {"tag":"feed1000","t_us":1790242163819896,"ev":"page_build","i":355}
Sep 24 15:14:23.820053 Runner(Flutter)[2657] <Notice>: dartnative: ##BENCH## {"tag":"feed1000","t_us":1790242163819960,"ev":"page_build","i":356}
Sep 24 15:14:23.820068 Runner(Flutter)[2657] <Notice>: dartnative: ##BENCH## {"tag":"feed1000","t_us":1790242163820003,"ev":"page_build","i":357}
Sep 24 15:14:23.820087 Runner(Flutter)[2657] <Notice>: dartnative: ##BENCH## {"tag":"feed1000","t_us":1790242163820033,"ev":"page_build","i":358}
Sep 24 15:14:23.820100 Runner(Flutter)[2657] <Notice>: dartnative: ##BENCH## {"tag":"feed1000","t_us":1790242163820062,"ev":"page_build","i":359}
Sep 24 15:14:23.820213 Runner(Flutter)[2657] <Notice>: dartnative: ##BENCH## {"tag":"feed1000","t_us":1790242163820137,"ev":"page_build","i":360}
Sep 24 15:14:23.820227 Runner(Flutter)[2657] <Notice>: dartnative: ##BENCH## {"tag":"feed1000","t_us":1790242163820180,"ev":"page_build","i":361}
Sep 24 15:14:23.820271 Runner(Flutter)[2657] <Notice>: dartnative: ##BENCH## {"tag":"feed1000","t_us":1790242163820209,"ev":"page_build","i":362}
Sep 24 15:14:23.820318 Runner(Flutter)[2657] <Notice>: dartnative: ##BENCH## {"tag":"feed1000","t_us":1790242163820270,"ev":"page_build","i":363}
Sep 24 15:14:23.820412 Runner(Flutter)[2657] <Notice>: dartnative: ##BENCH## {"tag":"feed1000","t_us":1790242163820327,"ev":"page_build","i":364}
Sep 24 15:14:23.820426 Runner(Flutter)[2657] <Notice>: dartnative: ##BENCH## {"tag":"feed1000","t_us":1790242163820378,"ev":"page_build","i":365}
Sep 24 15:14:23.820456 Runner(Flutter)[2657] <Notice>: dartnative: ##BENCH## {"tag":"feed1000","t_us":1790242163820408,"ev":"page_build","i":366}
Sep 24 15:14:23.820530 Runner(Flutter)[2657] <Notice>: dartnative: ##BENCH## {"tag":"feed1000","t_us":1790242163820492,"ev":"page_build","i":367}
Sep 24 15:14:23.820579 Runner(Flutter)[2657] <Notice>: dartnative: ##BENCH## {"tag":"feed1000","t_us":1790242163820528,"ev":"page_build","i":368}
Sep 24 15:14:23.820651 Runner(Flutter)[2657] <Notice>: dartnative: ##BENCH## {"tag":"feed1000","t_us":1790242163820568,"ev":"page_build","i":369}
Sep 24 15:14:23.820666 Runner(Flutter)[2657] <Notice>: dartnative: ##BENCH## {"tag":"feed1000","t_us":1790242163820615,"ev":"page_build","i":370}
Sep 24 15:14:23.820710 Runner(Flutter)[2657] <Notice>: dartnative: ##BENCH## {"tag":"feed1000","t_us":1790242163820646,"ev":"page_build","i":371}
Sep 24 15:14:23.820765 Runner(Flutter)[2657] <Notice>: dartnative: ##BENCH## {"tag":"feed1000","t_us":1790242163820705,"ev":"page_build","i":372}
Sep 24 15:14:23.820846 Runner(Flutter)[2657] <Notice>: dartnative: ##BENCH## {"tag":"feed1000","t_us":1790242163820753,"ev":"page_build","i":373}
Sep 24 15:14:23.820861 Runner(Flutter)[2657] <Notice>: dartnative: ##BENCH## {"tag":"feed1000","t_us":1790242163820811,"ev":"page_build","i":374}
Sep 24 15:14:23.820939 Runner(Flutter)[2657] <Notice>: dartnative: ##BENCH## {"tag":"feed1000","t_us":1790242163820841,"ev":"page_build","i":375}
Sep 24 15:14:23.820954 Runner(Flutter)[2657] <Notice>: dartnative: ##BENCH## {"tag":"feed1000","t_us":1790242163820904,"ev":"page_build","i":376}
Sep 24 15:14:23.821018 Runner(Flutter)[2657] <Notice>: dartnative: ##BENCH## {"tag":"feed1000","t_us":1790242163820935,"ev":"page_build","i":377}
Sep 24 15:14:23.821035 Runner(Flutter)[2657] <Notice>: dartnative: ##BENCH## {"tag":"feed1000","t_us":1790242163820983,"ev":"page_build","i":378}
Sep 24 15:14:23.821084 Runner(Flutter)[2657] <Notice>: dartnative: ##BENCH## {"tag":"feed1000","t_us":1790242163821014,"ev":"page_build","i":379}
Sep 24 15:14:23.821133 Runner(Flutter)[2657] <Notice>: dartnative: ##BENCH## {"tag":"feed1000","t_us":1790242163821088,"ev":"page_build","i":380}
Sep 24 15:14:23.821204 Runner(Flutter)[2657] <Notice>: dartnative: ##BENCH## {"tag":"feed1000","t_us":1790242163821138,"ev":"page_build","i":381}
Sep 24 15:14:23.821223 Runner(Flutter)[2657] <Notice>: dartnative: ##BENCH## {"tag":"feed1000","t_us":1790242163821181,"ev":"page_build","i":382}
Sep 24 15:14:23.821283 Runner(Flutter)[2657] <Notice>: dartnative: ##BENCH## {"tag":"feed1000","t_us":1790242163821209,"ev":"page_build","i":383}
Sep 24 15:14:23.821299 Runner(Flutter)[2657] <Notice>: dartnative: ##BENCH## {"tag":"feed1000","t_us":1790242163821246,"ev":"page_build","i":384}
Sep 24 15:14:23.821323 Runner(Flutter)[2657] <Notice>: dartnative: ##BENCH## {"tag":"feed1000","t_us":1790242163821283,"ev":"page_build","i":385}
Sep 24 15:14:23.821422 Runner(Flutter)[2657] <Notice>: dartnative: ##BENCH## {"tag":"feed1000","t_us":1790242163821366,"ev":"page_build","i":386}
Sep 24 15:14:23.821440 Runner(Flutter)[2657] <Notice>: dartnative: ##BENCH## {"tag":"feed1000","t_us":1790242163821400,"ev":"page_build","i":387}
Sep 24 15:14:23.821498 Runner(Flutter)[2657] <Notice>: dartnative: ##BENCH## {"tag":"feed1000","t_us":1790242163821427,"ev":"page_build","i":388}
Sep 24 15:14:23.821519 Runner(Flutter)[2657] <Notice>: dartnative: ##BENCH## {"tag":"feed1000","t_us":1790242163821476,"ev":"page_build","i":389}
Sep 24 15:14:23.821573 Runner(Flutter)[2657] <Notice>: dartnative: ##BENCH## {"tag":"feed1000","t_us":1790242163821503,"ev":"page_build","i":390}
Sep 24 15:14:23.821622 Runner(Flutter)[2657] <Notice>: dartnative: ##BENCH## {"tag":"feed1000","t_us":1790242163821567,"ev":"page_build","i":391}
Sep 24 15:14:23.821677 Runner(Flutter)[2657] <Notice>: dartnative: ##BENCH## {"tag":"feed1000","t_us":1790242163821630,"ev":"page_build","i":392}
Sep 24 15:14:23.821720 Runner(Flutter)[2657] <Notice>: dartnative: ##BENCH## {"tag":"feed1000","t_us":1790242163821672,"ev":"page_build","i":393}
Sep 24 15:14:23.821760 Runner(Flutter)[2657] <Notice>: dartnative: ##BENCH## {"tag":"feed1000","t_us":1790242163821712,"ev":"page_build","i":394}
Sep 24 15:14:23.821830 Runner(Flutter)[2657] <Notice>: dartnative: ##BENCH## {"tag":"feed1000","t_us":1790242163821756,"ev":"page_build","i":395}
Sep 24 15:14:23.821847 Runner(Flutter)[2657] <Notice>: dartnative: ##BENCH## {"tag":"feed1000","t_us":1790242163821804,"ev":"page_build","i":396}
Sep 24 15:14:23.821873 Runner(Flutter)[2657] <Notice>: dartnative: ##BENCH## {"tag":"feed1000","t_us":1790242163821834,"ev":"page_build","i":397}
Sep 24 15:14:23.821974 Runner(Flutter)[2657] <Notice>: dartnative: ##BENCH## {"tag":"feed1000","t_us":1790242163821902,"ev":"page_build","i":398}
Sep 24 15:14:23.821988 Runner(Flutter)[2657] <Notice>: dartnative: ##BENCH## {"tag":"feed1000","t_us":1790242163821939,"ev":"page_build","i":399}
Sep 24 15:14:23.822015 Runner(Flutter)[2657] <Notice>: dartnative: ##BENCH## {"tag":"feed1000","t_us":1790242163821967,"ev":"page_build","i":400}
Sep 24 15:14:23.822096 Runner(Flutter)[2657] <Notice>: dartnative: ##BENCH## {"tag":"feed1000","t_us":1790242163822039,"ev":"page_build","i":401}
Sep 24 15:14:23.822136 Runner(Flutter)[2657] <Notice>: dartnative: ##BENCH## {"tag":"feed1000","t_us":1790242163822089,"ev":"page_build","i":402}
Sep 24 15:14:23.822227 Runner(Flutter)[2657] <Notice>: dartnative: ##BENCH## {"tag":"feed1000","t_us":1790242163822137,"ev":"page_build","i":403}
Sep 24 15:14:23.822242 Runner(Flutter)[2657] <Notice>: dartnative: ##BENCH## {"tag":"feed1000","t_us":1790242163822191,"ev":"page_build","i":404}
Sep 24 15:14:23.822280 Runner(Flutter)[2657] <Notice>: dartnative: ##BENCH## {"tag":"feed1000","t_us":1790242163822220,"ev":"page_build","i":405}
Sep 24 15:14:23.822366 Runner(Flutter)[2657] <Notice>: dartnative: ##BENCH## {"tag":"feed1000","t_us":1790242163822286,"ev":"page_build","i":406}
Sep 24 15:14:23.822380 Runner(Flutter)[2657] <Notice>: dartnative: ##BENCH## {"tag":"feed1000","t_us":1790242163822329,"ev":"page_build","i":407}
Sep 24 15:14:23.822430 Runner(Flutter)[2657] <Notice>: dartnative: ##BENCH## {"tag":"feed1000","t_us":1790242163822358,"ev":"page_build","i":408}
Sep 24 15:14:23.822466 Runner(Flutter)[2657] <Notice>: dartnative: ##BENCH## {"tag":"feed1000","t_us":1790242163822417,"ev":"page_build","i":409}
Sep 24 15:14:23.822520 Runner(Flutter)[2657] <Notice>: dartnative: ##BENCH## {"tag":"feed1000","t_us":1790242163822471,"ev":"page_build","i":410}
Sep 24 15:14:23.822571 Runner(Flutter)[2657] <Notice>: dartnative: ##BENCH## {"tag":"feed1000","t_us":1790242163822526,"ev":"page_build","i":411}
Sep 24 15:14:23.822649 Runner(Flutter)[2657] <Notice>: dartnative: ##BENCH## {"tag":"feed1000","t_us":1790242163822569,"ev":"page_build","i":412}
Sep 24 15:14:23.822663 Runner(Flutter)[2657] <Notice>: dartnative: ##BENCH## {"tag":"feed1000","t_us":1790242163822617,"ev":"page_build","i":413}
Sep 24 15:14:23.822711 Runner(Flutter)[2657] <Notice>: dartnative: ##BENCH## {"tag":"feed1000","t_us":1790242163822649,"ev":"page_build","i":414}
Sep 24 15:14:23.822757 Runner(Flutter)[2657] <Notice>: dartnative: ##BENCH## {"tag":"feed1000","t_us":1790242163822702,"ev":"page_build","i":415}
Sep 24 15:14:23.822805 Runner(Flutter)[2657] <Notice>: dartnative: ##BENCH## {"tag":"feed1000","t_us":1790242163822755,"ev":"page_build","i":416}
Sep 24 15:14:23.822877 Runner(Flutter)[2657] <Notice>: dartnative: ##BENCH## {"tag":"feed1000","t_us":1790242163822810,"ev":"page_build","i":417}
Sep 24 15:14:23.822944 Runner(Flutter)[2657] <Notice>: dartnative: ##BENCH## {"tag":"feed1000","t_us":1790242163822865,"ev":"page_build","i":418}
Sep 24 15:14:23.822960 Runner(Flutter)[2657] <Notice>: dartnative: ##BENCH## {"tag":"feed1000","t_us":1790242163822911,"ev":"page_build","i":419}
Sep 24 15:14:23.822991 Runner(Flutter)[2657] <Notice>: dartnative: ##BENCH## {"tag":"feed1000","t_us":1790242163822943,"ev":"page_build","i":420}
Sep 24 15:14:23.823049 Runner(Flutter)[2657] <Notice>: dartnative: ##BENCH## {"tag":"feed1000","t_us":1790242163822998,"ev":"page_build","i":421}
Sep 24 15:14:23.823095 Runner(Flutter)[2657] <Notice>: dartnative: ##BENCH## {"tag":"feed1000","t_us":1790242163823042,"ev":"page_build","i":422}
Sep 24 15:14:23.823139 Runner(Flutter)[2657] <Notice>: dartnative: ##BENCH## {"tag":"feed1000","t_us":1790242163823090,"ev":"page_build","i":423}
Sep 24 15:14:23.823179 Runner(Flutter)[2657] <Notice>: dartnative: ##BENCH## {"tag":"feed1000","t_us":1790242163823132,"ev":"page_build","i":424}
Sep 24 15:14:23.823228 Runner(Flutter)[2657] <Notice>: dartnative: ##BENCH## {"tag":"feed1000","t_us":1790242163823175,"ev":"page_build","i":425}
Sep 24 15:14:23.823275 Runner(Flutter)[2657] <Notice>: dartnative: ##BENCH## {"tag":"feed1000","t_us":1790242163823223,"ev":"page_build","i":426}
Sep 24 15:14:23.823293 Runner(Flutter)[2657] <Notice>: dartnative: ##BENCH## {"tag":"feed1000","t_us":1790242163823262,"ev":"page_build","i":427}
Sep 24 15:14:23.823450 Runner(Flutter)[2657] <Notice>: dartnative: ##BENCH## {"tag":"feed1000","t_us":1790242163823321,"ev":"page_build","i":428}
Sep 24 15:14:23.823464 Runner(Flutter)[2657] <Notice>: dartnative: ##BENCH## {"tag":"feed1000","t_us":1790242163823361,"ev":"page_build","i":429}
Sep 24 15:14:23.823472 Runner(Flutter)[2657] <Notice>: dartnative: ##BENCH## {"tag":"feed1000","t_us":1790242163823388,"ev":"page_build","i":430}
Sep 24 15:14:23.823480 Runner(Flutter)[2657] <Notice>: dartnative: ##BENCH## {"tag":"feed1000","t_us":1790242163823416,"ev":"page_build","i":431}
Sep 24 15:14:23.823491 Runner(Flutter)[2657] <Notice>: dartnative: ##BENCH## {"tag":"feed1000","t_us":1790242163823446,"ev":"page_build","i":432}
Sep 24 15:14:23.823555 Runner(Flutter)[2657] <Notice>: dartnative: ##BENCH## {"tag":"feed1000","t_us":1790242163823497,"ev":"page_build","i":433}
Sep 24 15:14:23.823614 Runner(Flutter)[2657] <Notice>: dartnative: ##BENCH## {"tag":"feed1000","t_us":1790242163823541,"ev":"page_build","i":434}
Sep 24 15:14:23.823634 Runner(Flutter)[2657] <Notice>: dartnative: ##BENCH## {"tag":"feed1000","t_us":1790242163823587,"ev":"page_build","i":435}
Sep 24 15:14:23.823657 Runner(Flutter)[2657] <Notice>: dartnative: ##BENCH## {"tag":"feed1000","t_us":1790242163823616,"ev":"page_build","i":436}
Sep 24 15:14:23.823761 Runner(Flutter)[2657] <Notice>: dartnative: ##BENCH## {"tag":"feed1000","t_us":1790242163823682,"ev":"page_build","i":437}
Sep 24 15:14:23.823777 Runner(Flutter)[2657] <Notice>: dartnative: ##BENCH## {"tag":"feed1000","t_us":1790242163823722,"ev":"page_build","i":438}
Sep 24 15:14:23.823798 Runner(Flutter)[2657] <Notice>: dartnative: ##BENCH## {"tag":"feed1000","t_us":1790242163823751,"ev":"page_build","i":439}
Sep 24 15:14:23.823868 Runner(Flutter)[2657] <Notice>: dartnative: ##BENCH## {"tag":"feed1000","t_us":1790242163823832,"ev":"page_build","i":440}
Sep 24 15:14:23.823930 Runner(Flutter)[2657] <Notice>: dartnative: ##BENCH## {"tag":"feed1000","t_us":1790242163823868,"ev":"page_build","i":441}
Sep 24 15:14:23.826829 Runner(Flutter)[2657] <Notice>: dartnative: ##BENCH## {"tag":"feed1000","t_us":1790242163826731,"ev":"page_build","i":442}
Sep 24 15:14:23.826874 Runner(Flutter)[2657] <Notice>: dartnative: ##BENCH## {"tag":"feed1000","t_us":1790242163826796,"ev":"page_build","i":443}
Sep 24 15:14:23.827069 Runner(Flutter)[2657] <Notice>: dartnative: ##BENCH## {"tag":"feed1000","t_us":1790242163826936,"ev":"page_build","i":444}
Sep 24 15:14:23.827123 Runner(Flutter)[2657] <Notice>: dartnative: ##BENCH## {"tag":"feed1000","t_us":1790242163827057,"ev":"page_build","i":445}
Sep 24 15:14:23.827168 Runner(Flutter)[2657] <Notice>: dartnative: ##BENCH## {"tag":"feed1000","t_us":1790242163827129,"ev":"page_build","i":446}
Sep 24 15:14:23.827248 Runner(Flutter)[2657] <Notice>: dartnative: ##BENCH## {"tag":"feed1000","t_us":1790242163827175,"ev":"page_build","i":447}
Sep 24 15:14:23.827262 Runner(Flutter)[2657] <Notice>: dartnative: ##BENCH## {"tag":"feed1000","t_us":1790242163827223,"ev":"page_build","i":448}
Sep 24 15:14:23.827382 Runner(Flutter)[2657] <Notice>: dartnative: ##BENCH## {"tag":"feed1000","t_us":1790242163827257,"ev":"page_build","i":449}
Sep 24 15:14:23.827464 Runner(Flutter)[2657] <Notice>: dartnative: ##BENCH## {"tag":"feed1000","t_us":1790242163827313,"ev":"page_build","i":450}
Sep 24 15:14:23.827496 Runner(Flutter)[2657] <Notice>: dartnative: ##BENCH## {"tag":"feed1000","t_us":1790242163827404,"ev":"page_build","i":451}
Sep 24 15:14:23.827543 Runner(Flutter)[2657] <Notice>: dartnative: ##BENCH## {"tag":"feed1000","t_us":1790242163827474,"ev":"page_build","i":452}
Sep 24 15:14:23.827600 Runner(Flutter)[2657] <Notice>: dartnative: ##BENCH## {"tag":"feed1000","t_us":1790242163827542,"ev":"page_build","i":453}
Sep 24 15:14:23.827689 Runner(Flutter)[2657] <Notice>: dartnative: ##BENCH## {"tag":"feed1000","t_us":1790242163827608,"ev":"page_build","i":454}
Sep 24 15:14:23.827763 Runner(Flutter)[2657] <Notice>: dartnative: ##BENCH## {"tag":"feed1000","t_us":1790242163827672,"ev":"page_build","i":455}
Sep 24 15:14:23.827812 Runner(Flutter)[2657] <Notice>: dartnative: ##BENCH## {"tag":"feed1000","t_us":1790242163827703,"ev":"page_build","i":456}
Sep 24 15:14:23.827827 Runner(Flutter)[2657] <Notice>: dartnative: ##BENCH## {"tag":"feed1000","t_us":1790242163827756,"ev":"page_build","i":457}
Sep 24 15:14:23.827905 Runner(Flutter)[2657] <Notice>: dartnative: ##BENCH## {"tag":"feed1000","t_us":1790242163827825,"ev":"page_build","i":458}
Sep 24 15:14:23.827921 Runner(Flutter)[2657] <Notice>: dartnative: ##BENCH## {"tag":"feed1000","t_us":1790242163827882,"ev":"page_build","i":459}
Sep 24 15:14:23.828029 Runner(Flutter)[2657] <Notice>: dartnative: ##BENCH## {"tag":"feed1000","t_us":1790242163827911,"ev":"page_build","i":460}
Sep 24 15:14:23.828043 Runner(Flutter)[2657] <Notice>: dartnative: ##BENCH## {"tag":"feed1000","t_us":1790242163827964,"ev":"page_build","i":461}
Sep 24 15:14:23.828059 Runner(Flutter)[2657] <Notice>: dartnative: ##BENCH## {"tag":"feed1000","t_us":1790242163827997,"ev":"page_build","i":462}
Sep 24 15:14:23.828115 Runner(Flutter)[2657] <Notice>: dartnative: ##BENCH## {"tag":"feed1000","t_us":1790242163828025,"ev":"page_build","i":463}
Sep 24 15:14:23.828136 Runner(Flutter)[2657] <Notice>: dartnative: ##BENCH## {"tag":"feed1000","t_us":1790242163828097,"ev":"page_build","i":464}
Sep 24 15:14:23.828187 Runner(Flutter)[2657] <Notice>: dartnative: ##BENCH## {"tag":"feed1000","t_us":1790242163828125,"ev":"page_build","i":465}
Sep 24 15:14:23.828232 Runner(Flutter)[2657] <Notice>: dartnative: ##BENCH## {"tag":"feed1000","t_us":1790242163828196,"ev":"page_build","i":466}
Sep 24 15:14:23.828273 Runner(Flutter)[2657] <Notice>: dartnative: ##BENCH## {"tag":"feed1000","t_us":1790242163828235,"ev":"page_build","i":467}
Sep 24 15:14:23.828317 Runner(Flutter)[2657] <Notice>: dartnative: ##BENCH## {"tag":"feed1000","t_us":1790242163828274,"ev":"page_build","i":468}
Sep 24 15:14:23.828376 Runner(Flutter)[2657] <Notice>: dartnative: ##BENCH## {"tag":"feed1000","t_us":1790242163828333,"ev":"page_build","i":469}
Sep 24 15:14:23.828420 Runner(Flutter)[2657] <Notice>: dartnative: ##BENCH## {"tag":"feed1000","t_us":1790242163828377,"ev":"page_build","i":470}
Sep 24 15:14:23.828461 Runner(Flutter)[2657] <Notice>: dartnative: ##BENCH## {"tag":"feed1000","t_us":1790242163828420,"ev":"page_build","i":471}
Sep 24 15:14:23.828553 Runner(Flutter)[2657] <Notice>: dartnative: ##BENCH## {"tag":"feed1000","t_us":1790242163828463,"ev":"page_build","i":472}
Sep 24 15:14:23.828571 Runner(Flutter)[2657] <Notice>: dartnative: ##BENCH## {"tag":"feed1000","t_us":1790242163828519,"ev":"page_build","i":473}
Sep 24 15:14:23.828643 Runner(Flutter)[2657] <Notice>: dartnative: ##BENCH## {"tag":"feed1000","t_us":1790242163828552,"ev":"page_build","i":474}
Sep 24 15:14:23.828698 Runner(Flutter)[2657] <Notice>: dartnative: ##BENCH## {"tag":"feed1000","t_us":1790242163828624,"ev":"page_build","i":475}
Sep 24 15:14:23.828741 Runner(Flutter)[2657] <Notice>: dartnative: ##BENCH## {"tag":"feed1000","t_us":1790242163828693,"ev":"page_build","i":476}
Sep 24 15:14:23.828785 Runner(Flutter)[2657] <Notice>: dartnative: ##BENCH## {"tag":"feed1000","t_us":1790242163828734,"ev":"page_build","i":477}
Sep 24 15:14:23.828822 Runner(Flutter)[2657] <Notice>: dartnative: ##BENCH## {"tag":"feed1000","t_us":1790242163828781,"ev":"page_build","i":478}
Sep 24 15:14:23.828933 Runner(Flutter)[2657] <Notice>: dartnative: ##BENCH## {"tag":"feed1000","t_us":1790242163828831,"ev":"page_build","i":479}
Sep 24 15:14:23.828947 Runner(Flutter)[2657] <Notice>: dartnative: ##BENCH## {"tag":"feed1000","t_us":1790242163828878,"ev":"page_build","i":480}
Sep 24 15:14:23.828954 Runner(Flutter)[2657] <Notice>: dartnative: ##BENCH## {"tag":"feed1000","t_us":1790242163828906,"ev":"page_build","i":481}
Sep 24 15:14:23.829006 Runner(Flutter)[2657] <Notice>: dartnative: ##BENCH## {"tag":"feed1000","t_us":1790242163828937,"ev":"page_build","i":482}
Sep 24 15:14:23.829136 Runner(Flutter)[2657] <Notice>: dartnative: ##BENCH## {"tag":"feed1000","t_us":1790242163829023,"ev":"page_build","i":483}
Sep 24 15:14:23.829150 Runner(Flutter)[2657] <Notice>: dartnative: ##BENCH## {"tag":"feed1000","t_us":1790242163829071,"ev":"page_build","i":484}
Sep 24 15:14:23.829157 Runner(Flutter)[2657] <Notice>: dartnative: ##BENCH## {"tag":"feed1000","t_us":1790242163829099,"ev":"page_build","i":485}
Sep 24 15:14:23.829206 Runner(Flutter)[2657] <Notice>: dartnative: ##BENCH## {"tag":"feed1000","t_us":1790242163829129,"ev":"page_build","i":486}
Sep 24 15:14:23.829244 Runner(Flutter)[2657] <Notice>: dartnative: ##BENCH## {"tag":"feed1000","t_us":1790242163829204,"ev":"page_build","i":487}
Sep 24 15:14:23.829292 Runner(Flutter)[2657] <Notice>: dartnative: ##BENCH## {"tag":"feed1000","t_us":1790242163829251,"ev":"page_build","i":488}
Sep 24 15:14:23.829351 Runner(Flutter)[2657] <Notice>: dartnative: ##BENCH## {"tag":"feed1000","t_us":1790242163829289,"ev":"page_build","i":489}
Sep 24 15:14:23.829394 Runner(Flutter)[2657] <Notice>: dartnative: ##BENCH## {"tag":"feed1000","t_us":1790242163829345,"ev":"page_build","i":490}
Sep 24 15:14:23.829451 Runner(Flutter)[2657] <Notice>: dartnative: ##BENCH## {"tag":"feed1000","t_us":1790242163829388,"ev":"page_build","i":491}
Sep 24 15:14:23.829487 Runner(Flutter)[2657] <Notice>: dartnative: ##BENCH## {"tag":"feed1000","t_us":1790242163829439,"ev":"page_build","i":492}
Sep 24 15:14:23.829537 Runner(Flutter)[2657] <Notice>: dartnative: ##BENCH## {"tag":"feed1000","t_us":1790242163829492,"ev":"page_build","i":493}
Sep 24 15:14:23.829586 Runner(Flutter)[2657] <Notice>: dartnative: ##BENCH## {"tag":"feed1000","t_us":1790242163829543,"ev":"page_build","i":494}
Sep 24 15:14:23.829630 Runner(Flutter)[2657] <Notice>: dartnative: ##BENCH## {"tag":"feed1000","t_us":1790242163829585,"ev":"page_build","i":495}
Sep 24 15:14:23.829674 Runner(Flutter)[2657] <Notice>: dartnative: ##BENCH## {"tag":"feed1000","t_us":1790242163829632,"ev":"page_build","i":496}
Sep 24 15:14:23.829766 Runner(Flutter)[2657] <Notice>: dartnative: ##BENCH## {"tag":"feed1000","t_us":1790242163829676,"ev":"page_build","i":497}
Sep 24 15:14:23.829781 Runner(Flutter)[2657] <Notice>: dartnative: ##BENCH## {"tag":"feed1000","t_us":1790242163829734,"ev":"page_build","i":498}
Sep 24 15:14:23.829812 Runner(Flutter)[2657] <Notice>: dartnative: ##BENCH## {"tag":"feed1000","t_us":1790242163829762,"ev":"page_build","i":499}
Sep 24 15:14:23.829925 Runner(Flutter)[2657] <Notice>: dartnative: ##BENCH## {"tag":"feed1000","t_us":1790242163829855,"ev":"page_build","i":500}
Sep 24 15:14:23.829939 Runner(Flutter)[2657] <Notice>: dartnative: ##BENCH## {"tag":"feed1000","t_us":1790242163829890,"ev":"page_build","i":501}
Sep 24 15:14:23.829984 Runner(Flutter)[2657] <Notice>: dartnative: ##BENCH## {"tag":"feed1000","t_us":1790242163829918,"ev":"page_build","i":502}
Sep 24 15:14:23.830024 Runner(Flutter)[2657] <Notice>: dartnative: ##BENCH## {"tag":"feed1000","t_us":1790242163829973,"ev":"page_build","i":503}
Sep 24 15:14:23.830073 Runner(Flutter)[2657] <Notice>: dartnative: ##BENCH## {"tag":"feed1000","t_us":1790242163830019,"ev":"page_build","i":504}
Sep 24 15:14:23.830118 Runner(Flutter)[2657] <Notice>: dartnative: ##BENCH## {"tag":"feed1000","t_us":1790242163830079,"ev":"page_build","i":505}
Sep 24 15:14:23.830178 Runner(Flutter)[2657] <Notice>: dartnative: ##BENCH## {"tag":"feed1000","t_us":1790242163830119,"ev":"page_build","i":506}
Sep 24 15:14:23.830277 Runner(Flutter)[2657] <Notice>: dartnative: ##BENCH## {"tag":"feed1000","t_us":1790242163830174,"ev":"page_build","i":507}
Sep 24 15:14:23.830291 Runner(Flutter)[2657] <Notice>: dartnative: ##BENCH## {"tag":"feed1000","t_us":1790242163830213,"ev":"page_build","i":508}
Sep 24 15:14:23.830298 Runner(Flutter)[2657] <Notice>: dartnative: ##BENCH## {"tag":"feed1000","t_us":1790242163830244,"ev":"page_build","i":509}
Sep 24 15:14:23.830802 Runner(Flutter)[2657] <Notice>: dartnative: ##BENCH## {"tag":"feed1000","t_us":1790242163830772,"ev":"page_build","i":510}
Sep 24 15:14:23.830898 Runner(Flutter)[2657] <Notice>: dartnative: ##BENCH## {"tag":"feed1000","t_us":1790242163830804,"ev":"page_build","i":511}
Sep 24 15:14:23.830985 Runner(Flutter)[2657] <Notice>: dartnative: ##BENCH## {"tag":"feed1000","t_us":1790242163830850,"ev":"page_build","i":512}
Sep 24 15:14:23.831001 Runner(Flutter)[2657] <Notice>: dartnative: ##BENCH## {"tag":"feed1000","t_us":1790242163830879,"ev":"page_build","i":513}
Sep 24 15:14:23.831010 Runner(Flutter)[2657] <Notice>: dartnative: ##BENCH## {"tag":"feed1000","t_us":1790242163830907,"ev":"page_build","i":514}
Sep 24 15:14:23.831016 Runner(Flutter)[2657] <Notice>: dartnative: ##BENCH## {"tag":"feed1000","t_us":1790242163830949,"ev":"page_build","i":515}
Sep 24 15:14:23.831025 Runner(Flutter)[2657] <Notice>: dartnative: ##BENCH## {"tag":"feed1000","t_us":1790242163830978,"ev":"page_build","i":516}
Sep 24 15:14:23.831082 Runner(Flutter)[2657] <Notice>: dartnative: ##BENCH## {"tag":"feed1000","t_us":1790242163831010,"ev":"page_build","i":517}
Sep 24 15:14:23.831138 Runner(Flutter)[2657] <Notice>: dartnative: ##BENCH## {"tag":"feed1000","t_us":1790242163831074,"ev":"page_build","i":518}
Sep 24 15:14:23.831213 Runner(Flutter)[2657] <Notice>: dartnative: ##BENCH## {"tag":"feed1000","t_us":1790242163831128,"ev":"page_build","i":519}
Sep 24 15:14:23.831228 Runner(Flutter)[2657] <Notice>: dartnative: ##BENCH## {"tag":"feed1000","t_us":1790242163831175,"ev":"page_build","i":520}
Sep 24 15:14:23.831243 Runner(Flutter)[2657] <Notice>: dartnative: ##BENCH## {"tag":"feed1000","t_us":1790242163831205,"ev":"page_build","i":521}
Sep 24 15:14:23.831346 Runner(Flutter)[2657] <Notice>: dartnative: ##BENCH## {"tag":"feed1000","t_us":1790242163831284,"ev":"page_build","i":522}
Sep 24 15:14:23.831360 Runner(Flutter)[2657] <Notice>: dartnative: ##BENCH## {"tag":"feed1000","t_us":1790242163831314,"ev":"page_build","i":523}
Sep 24 15:14:23.831379 Runner(Flutter)[2657] <Notice>: dartnative: ##BENCH## {"tag":"feed1000","t_us":1790242163831340,"ev":"page_build","i":524}
Sep 24 15:14:23.831436 Runner(Flutter)[2657] <Notice>: dartnative: ##BENCH## {"tag":"feed1000","t_us":1790242163831393,"ev":"page_build","i":525}
Sep 24 15:14:23.831479 Runner(Flutter)[2657] <Notice>: dartnative: ##BENCH## {"tag":"feed1000","t_us":1790242163831430,"ev":"page_build","i":526}
Sep 24 15:14:23.831524 Runner(Flutter)[2657] <Notice>: dartnative: ##BENCH## {"tag":"feed1000","t_us":1790242163831481,"ev":"page_build","i":527}
Sep 24 15:14:23.831567 Runner(Flutter)[2657] <Notice>: dartnative: ##BENCH## {"tag":"feed1000","t_us":1790242163831521,"ev":"page_build","i":528}
Sep 24 15:14:23.831602 Runner(Flutter)[2657] <Notice>: dartnative: ##BENCH## {"tag":"feed1000","t_us":1790242163831561,"ev":"page_build","i":529}
Sep 24 15:14:23.831646 Runner(Flutter)[2657] <Notice>: dartnative: ##BENCH## {"tag":"feed1000","t_us":1790242163831606,"ev":"page_build","i":530}
Sep 24 15:14:23.831693 Runner(Flutter)[2657] <Notice>: dartnative: ##BENCH## {"tag":"feed1000","t_us":1790242163831649,"ev":"page_build","i":531}
Sep 24 15:14:23.831736 Runner(Flutter)[2657] <Notice>: dartnative: ##BENCH## {"tag":"feed1000","t_us":1790242163831699,"ev":"page_build","i":532}
Sep 24 15:14:23.831779 Runner(Flutter)[2657] <Notice>: dartnative: ##BENCH## {"tag":"feed1000","t_us":1790242163831739,"ev":"page_build","i":533}
Sep 24 15:14:23.831825 Runner(Flutter)[2657] <Notice>: dartnative: ##BENCH## {"tag":"feed1000","t_us":1790242163831782,"ev":"page_build","i":534}
Sep 24 15:14:23.831865 Runner(Flutter)[2657] <Notice>: dartnative: ##BENCH## {"tag":"feed1000","t_us":1790242163831821,"ev":"page_build","i":535}
Sep 24 15:14:23.831909 Runner(Flutter)[2657] <Notice>: dartnative: ##BENCH## {"tag":"feed1000","t_us":1790242163831863,"ev":"page_build","i":536}
Sep 24 15:14:23.831965 Runner(Flutter)[2657] <Notice>: dartnative: ##BENCH## {"tag":"feed1000","t_us":1790242163831911,"ev":"page_build","i":537}
Sep 24 15:14:23.832009 Runner(Flutter)[2657] <Notice>: dartnative: ##BENCH## {"tag":"feed1000","t_us":1790242163831969,"ev":"page_build","i":538}
Sep 24 15:14:23.832068 Runner(Flutter)[2657] <Notice>: dartnative: ##BENCH## {"tag":"feed1000","t_us":1790242163832010,"ev":"page_build","i":539}
Sep 24 15:14:23.832110 Runner(Flutter)[2657] <Notice>: dartnative: ##BENCH## {"tag":"feed1000","t_us":1790242163832067,"ev":"page_build","i":540}
Sep 24 15:14:23.832164 Runner(Flutter)[2657] <Notice>: dartnative: ##BENCH## {"tag":"feed1000","t_us":1790242163832108,"ev":"page_build","i":541}
Sep 24 15:14:23.832214 Runner(Flutter)[2657] <Notice>: dartnative: ##BENCH## {"tag":"feed1000","t_us":1790242163832174,"ev":"page_build","i":542}
Sep 24 15:14:23.832284 Runner(Flutter)[2657] <Notice>: dartnative: ##BENCH## {"tag":"feed1000","t_us":1790242163832216,"ev":"page_build","i":543}
Sep 24 15:14:23.832330 Runner(Flutter)[2657] <Notice>: dartnative: ##BENCH## {"tag":"feed1000","t_us":1790242163832287,"ev":"page_build","i":544}
Sep 24 15:14:23.832376 Runner(Flutter)[2657] <Notice>: dartnative: ##BENCH## {"tag":"feed1000","t_us":1790242163832330,"ev":"page_build","i":545}
Sep 24 15:14:23.832460 Runner(Flutter)[2657] <Notice>: dartnative: ##BENCH## {"tag":"feed1000","t_us":1790242163832375,"ev":"page_build","i":546}
Sep 24 15:14:23.832475 Runner(Flutter)[2657] <Notice>: dartnative: ##BENCH## {"tag":"feed1000","t_us":1790242163832433,"ev":"page_build","i":547}
Sep 24 15:14:23.832546 Runner(Flutter)[2657] <Notice>: dartnative: ##BENCH## {"tag":"feed1000","t_us":1790242163832463,"ev":"page_build","i":548}
Sep 24 15:14:23.832605 Runner(Flutter)[2657] <Notice>: dartnative: ##BENCH## {"tag":"feed1000","t_us":1790242163832545,"ev":"page_build","i":549}
Sep 24 15:14:23.832671 Runner(Flutter)[2657] <Notice>: dartnative: ##BENCH## {"tag":"feed1000","t_us":1790242163832611,"ev":"page_build","i":550}
Sep 24 15:14:23.832732 Runner(Flutter)[2657] <Notice>: dartnative: ##BENCH## {"tag":"feed1000","t_us":1790242163832664,"ev":"page_build","i":551}
Sep 24 15:14:23.832797 Runner(Flutter)[2657] <Notice>: dartnative: ##BENCH## {"tag":"feed1000","t_us":1790242163832722,"ev":"page_build","i":552}
Sep 24 15:14:23.832843 Runner(Flutter)[2657] <Notice>: dartnative: ##BENCH## {"tag":"feed1000","t_us":1790242163832757,"ev":"page_build","i":553}
Sep 24 15:14:23.832858 Runner(Flutter)[2657] <Notice>: dartnative: ##BENCH## {"tag":"feed1000","t_us":1790242163832796,"ev":"page_build","i":554}
Sep 24 15:14:23.832899 Runner(Flutter)[2657] <Notice>: dartnative: ##BENCH## {"tag":"feed1000","t_us":1790242163832840,"ev":"page_build","i":555}
Sep 24 15:14:23.832992 Runner(Flutter)[2657] <Notice>: dartnative: ##BENCH## {"tag":"feed1000","t_us":1790242163832925,"ev":"page_build","i":556}
Sep 24 15:14:23.833018 Runner(Flutter)[2657] <Notice>: dartnative: ##BENCH## {"tag":"feed1000","t_us":1790242163832956,"ev":"page_build","i":557}
Sep 24 15:14:23.833060 Runner(Flutter)[2657] <Notice>: dartnative: ##BENCH## {"tag":"feed1000","t_us":1790242163832985,"ev":"page_build","i":558}
Sep 24 15:14:23.833078 Runner(Flutter)[2657] <Notice>: dartnative: ##BENCH## {"tag":"feed1000","t_us":1790242163833042,"ev":"page_build","i":559}
Sep 24 15:14:23.833176 Runner(Flutter)[2657] <Notice>: dartnative: ##BENCH## {"tag":"feed1000","t_us":1790242163833072,"ev":"page_build","i":560}
Sep 24 15:14:23.833195 Runner(Flutter)[2657] <Notice>: dartnative: ##BENCH## {"tag":"feed1000","t_us":1790242163833133,"ev":"page_build","i":561}
Sep 24 15:14:23.833224 Runner(Flutter)[2657] <Notice>: dartnative: ##BENCH## {"tag":"feed1000","t_us":1790242163833180,"ev":"page_build","i":562}
Sep 24 15:14:23.833304 Runner(Flutter)[2657] <Notice>: dartnative: ##BENCH## {"tag":"feed1000","t_us":1790242163833263,"ev":"page_build","i":563}
Sep 24 15:14:23.833390 Runner(Flutter)[2657] <Notice>: dartnative: ##BENCH## {"tag":"feed1000","t_us":1790242163833306,"ev":"page_build","i":564}
Sep 24 15:14:23.833404 Runner(Flutter)[2657] <Notice>: dartnative: ##BENCH## {"tag":"feed1000","t_us":1790242163833359,"ev":"page_build","i":565}
Sep 24 15:14:23.833455 Runner(Flutter)[2657] <Notice>: dartnative: ##BENCH## {"tag":"feed1000","t_us":1790242163833392,"ev":"page_build","i":566}
Sep 24 15:14:23.833552 Runner(Flutter)[2657] <Notice>: dartnative: ##BENCH## {"tag":"feed1000","t_us":1790242163833463,"ev":"page_build","i":567}
Sep 24 15:14:23.833567 Runner(Flutter)[2657] <Notice>: dartnative: ##BENCH## {"tag":"feed1000","t_us":1790242163833517,"ev":"page_build","i":568}
Sep 24 15:14:23.833608 Runner(Flutter)[2657] <Notice>: dartnative: ##BENCH## {"tag":"feed1000","t_us":1790242163833546,"ev":"page_build","i":569}
Sep 24 15:14:23.833673 Runner(Flutter)[2657] <Notice>: dartnative: ##BENCH## {"tag":"feed1000","t_us":1790242163833614,"ev":"page_build","i":570}
Sep 24 15:14:23.833877 Runner(Flutter)[2657] <Notice>: dartnative: ##BENCH## {"tag":"feed1000","t_us":1790242163833663,"ev":"page_build","i":571}
Sep 24 15:14:23.833978 Runner(Flutter)[2657] <Notice>: dartnative: ##BENCH## {"tag":"feed1000","t_us":1790242163833701,"ev":"page_build","i":572}
Sep 24 15:14:23.833993 Runner(Flutter)[2657] <Notice>: dartnative: ##BENCH## {"tag":"feed1000","t_us":1790242163833735,"ev":"page_build","i":573}
Sep 24 15:14:23.834001 Runner(Flutter)[2657] <Notice>: dartnative: ##BENCH## {"tag":"feed1000","t_us":1790242163833785,"ev":"page_build","i":574}
Sep 24 15:14:23.834010 Runner(Flutter)[2657] <Notice>: dartnative: ##BENCH## {"tag":"feed1000","t_us":1790242163833820,"ev":"page_build","i":575}
Sep 24 15:14:23.834030 Runner(Flutter)[2657] <Notice>: dartnative: ##BENCH## {"tag":"feed1000","t_us":1790242163833850,"ev":"page_build","i":576}
Sep 24 15:14:23.834052 Runner(Flutter)[2657] <Notice>: dartnative: ##BENCH## {"tag":"feed1000","t_us":1790242163833881,"ev":"page_build","i":577}
Sep 24 15:14:23.834070 Runner(Flutter)[2657] <Notice>: dartnative: ##BENCH## {"tag":"feed1000","t_us":1790242163833953,"ev":"page_build","i":578}
Sep 24 15:14:23.834077 Runner(Flutter)[2657] <Notice>: dartnative: ##BENCH## {"tag":"feed1000","t_us":1790242163833992,"ev":"page_build","i":579}
Sep 24 15:14:23.834180 Runner(Flutter)[2657] <Notice>: dartnative: ##BENCH## {"tag":"feed1000","t_us":1790242163834122,"ev":"page_build","i":580}
Sep 24 15:14:23.834218 Runner(Flutter)[2657] <Notice>: dartnative: ##BENCH## {"tag":"feed1000","t_us":1790242163834153,"ev":"page_build","i":581}
Sep 24 15:14:23.834239 Runner(Flutter)[2657] <Notice>: dartnative: ##BENCH## {"tag":"feed1000","t_us":1790242163834182,"ev":"page_build","i":582}
Sep 24 15:14:23.834304 Runner(Flutter)[2657] <Notice>: dartnative: ##BENCH## {"tag":"feed1000","t_us":1790242163834270,"ev":"page_build","i":583}
Sep 24 15:14:23.834356 Runner(Flutter)[2657] <Notice>: dartnative: ##BENCH## {"tag":"feed1000","t_us":1790242163834301,"ev":"page_build","i":584}
Sep 24 15:14:23.834400 Runner(Flutter)[2657] <Notice>: dartnative: ##BENCH## {"tag":"feed1000","t_us":1790242163834349,"ev":"page_build","i":585}
Sep 24 15:14:23.834446 Runner(Flutter)[2657] <Notice>: dartnative: ##BENCH## {"tag":"feed1000","t_us":1790242163834401,"ev":"page_build","i":586}
Sep 24 15:14:23.834494 Runner(Flutter)[2657] <Notice>: dartnative: ##BENCH## {"tag":"feed1000","t_us":1790242163834448,"ev":"page_build","i":587}
Sep 24 15:14:23.834576 Runner(Flutter)[2657] <Notice>: dartnative: ##BENCH## {"tag":"feed1000","t_us":1790242163834492,"ev":"page_build","i":588}
Sep 24 15:14:23.834591 Runner(Flutter)[2657] <Notice>: dartnative: ##BENCH## {"tag":"feed1000","t_us":1790242163834539,"ev":"page_build","i":589}
Sep 24 15:14:23.834613 Runner(Flutter)[2657] <Notice>: dartnative: ##BENCH## {"tag":"feed1000","t_us":1790242163834571,"ev":"page_build","i":590}
Sep 24 15:14:23.834712 Runner(Flutter)[2657] <Notice>: dartnative: ##BENCH## {"tag":"feed1000","t_us":1790242163834626,"ev":"page_build","i":591}
Sep 24 15:14:23.834729 Runner(Flutter)[2657] <Notice>: dartnative: ##BENCH## {"tag":"feed1000","t_us":1790242163834670,"ev":"page_build","i":592}
Sep 24 15:14:23.834807 Runner(Flutter)[2657] <Notice>: dartnative: ##BENCH## {"tag":"feed1000","t_us":1790242163834752,"ev":"page_build","i":593}
Sep 24 15:14:23.834853 Runner(Flutter)[2657] <Notice>: dartnative: ##BENCH## {"tag":"feed1000","t_us":1790242163834787,"ev":"page_build","i":594}
Sep 24 15:14:23.834947 Runner(Flutter)[2657] <Notice>: dartnative: ##BENCH## {"tag":"feed1000","t_us":1790242163834815,"ev":"page_build","i":595}
Sep 24 15:14:23.835057 Runner(Flutter)[2657] <Notice>: dartnative: ##BENCH## {"tag":"feed1000","t_us":1790242163834939,"ev":"page_build","i":596}
Sep 24 15:14:23.835164 Runner(Flutter)[2657] <Notice>: dartnative: ##BENCH## {"tag":"feed1000","t_us":1790242163834993,"ev":"page_build","i":597}
Sep 24 15:14:23.835188 Runner(Flutter)[2657] <Notice>: dartnative: ##BENCH## {"tag":"feed1000","t_us":1790242163835024,"ev":"page_build","i":598}
Sep 24 15:14:23.835199 Runner(Flutter)[2657] <Notice>: dartnative: ##BENCH## {"tag":"feed1000","t_us":1790242163835055,"ev":"page_build","i":599}
Sep 24 15:14:23.835207 Runner(Flutter)[2657] <Notice>: dartnative: ##BENCH## {"tag":"feed1000","t_us":1790242163835148,"ev":"page_build","i":600}
Sep 24 15:14:23.835254 Runner(Flutter)[2657] <Notice>: dartnative: ##BENCH## {"tag":"feed1000","t_us":1790242163835202,"ev":"page_build","i":601}
Sep 24 15:14:23.835307 Runner(Flutter)[2657] <Notice>: dartnative: ##BENCH## {"tag":"feed1000","t_us":1790242163835261,"ev":"page_build","i":602}
Sep 24 15:14:23.835356 Runner(Flutter)[2657] <Notice>: dartnative: ##BENCH## {"tag":"feed1000","t_us":1790242163835308,"ev":"page_build","i":603}
Sep 24 15:14:23.835480 Runner(Flutter)[2657] <Notice>: dartnative: ##BENCH## {"tag":"feed1000","t_us":1790242163835386,"ev":"page_build","i":604}
Sep 24 15:14:23.835494 Runner(Flutter)[2657] <Notice>: dartnative: ##BENCH## {"tag":"feed1000","t_us":1790242163835420,"ev":"page_build","i":605}
Sep 24 15:14:23.835504 Runner(Flutter)[2657] <Notice>: dartnative: ##BENCH## {"tag":"feed1000","t_us":1790242163835450,"ev":"page_build","i":606}
Sep 24 15:14:23.835543 Runner(Flutter)[2657] <Notice>: dartnative: ##BENCH## {"tag":"feed1000","t_us":1790242163835481,"ev":"page_build","i":607}
Sep 24 15:14:23.835634 Runner(Flutter)[2657] <Notice>: dartnative: ##BENCH## {"tag":"feed1000","t_us":1790242163835549,"ev":"page_build","i":608}
Sep 24 15:14:23.835649 Runner(Flutter)[2657] <Notice>: dartnative: ##BENCH## {"tag":"feed1000","t_us":1790242163835605,"ev":"page_build","i":609}
Sep 24 15:14:23.835681 Runner(Flutter)[2657] <Notice>: dartnative: ##BENCH## {"tag":"feed1000","t_us":1790242163835635,"ev":"page_build","i":610}
Sep 24 15:14:23.835784 Runner(Flutter)[2657] <Notice>: dartnative: ##BENCH## {"tag":"feed1000","t_us":1790242163835723,"ev":"page_build","i":611}
Sep 24 15:14:23.835871 Runner(Flutter)[2657] <Notice>: dartnative: ##BENCH## {"tag":"feed1000","t_us":1790242163835768,"ev":"page_build","i":612}
Sep 24 15:14:23.835884 Runner(Flutter)[2657] <Notice>: dartnative: ##BENCH## {"tag":"feed1000","t_us":1790242163835799,"ev":"page_build","i":613}
Sep 24 15:14:23.835892 Runner(Flutter)[2657] <Notice>: dartnative: ##BENCH## {"tag":"feed1000","t_us":1790242163835837,"ev":"page_build","i":614}
Sep 24 15:14:23.835902 Runner(Flutter)[2657] <Notice>: dartnative: ##BENCH## {"tag":"feed1000","t_us":1790242163835867,"ev":"page_build","i":615}
Sep 24 15:14:23.835975 Runner(Flutter)[2657] <Notice>: dartnative: ##BENCH## {"tag":"feed1000","t_us":1790242163835920,"ev":"page_build","i":616}
Sep 24 15:14:23.836013 Runner(Flutter)[2657] <Notice>: dartnative: ##BENCH## {"tag":"feed1000","t_us":1790242163835975,"ev":"page_build","i":617}
Sep 24 15:14:23.836115 Runner(Flutter)[2657] <Notice>: dartnative: ##BENCH## {"tag":"feed1000","t_us":1790242163836030,"ev":"page_build","i":618}
Sep 24 15:14:23.836131 Runner(Flutter)[2657] <Notice>: dartnative: ##BENCH## {"tag":"feed1000","t_us":1790242163836087,"ev":"page_build","i":619}
Sep 24 15:14:23.836179 Runner(Flutter)[2657] <Notice>: dartnative: ##BENCH## {"tag":"feed1000","t_us":1790242163836116,"ev":"page_build","i":620}
Sep 24 15:14:23.836257 Runner(Flutter)[2657] <Notice>: dartnative: ##BENCH## {"tag":"feed1000","t_us":1790242163836171,"ev":"page_build","i":621}
Sep 24 15:14:23.836271 Runner(Flutter)[2657] <Notice>: dartnative: ##BENCH## {"tag":"feed1000","t_us":1790242163836226,"ev":"page_build","i":622}
Sep 24 15:14:23.836316 Runner(Flutter)[2657] <Notice>: dartnative: ##BENCH## {"tag":"feed1000","t_us":1790242163836258,"ev":"page_build","i":623}
Sep 24 15:14:23.836360 Runner(Flutter)[2657] <Notice>: dartnative: ##BENCH## {"tag":"feed1000","t_us":1790242163836313,"ev":"page_build","i":624}
Sep 24 15:14:23.836404 Runner(Flutter)[2657] <Notice>: dartnative: ##BENCH## {"tag":"feed1000","t_us":1790242163836363,"ev":"page_build","i":625}
Sep 24 15:14:23.836454 Runner(Flutter)[2657] <Notice>: dartnative: ##BENCH## {"tag":"feed1000","t_us":1790242163836411,"ev":"page_build","i":626}
Sep 24 15:14:23.836502 Runner(Flutter)[2657] <Notice>: dartnative: ##BENCH## {"tag":"feed1000","t_us":1790242163836455,"ev":"page_build","i":627}
Sep 24 15:14:23.836592 Runner(Flutter)[2657] <Notice>: dartnative: ##BENCH## {"tag":"feed1000","t_us":1790242163836513,"ev":"page_build","i":628}
Sep 24 15:14:23.836607 Runner(Flutter)[2657] <Notice>: dartnative: ##BENCH## {"tag":"feed1000","t_us":1790242163836559,"ev":"page_build","i":629}
Sep 24 15:14:23.836713 Runner(Flutter)[2657] <Notice>: dartnative: ##BENCH## {"tag":"feed1000","t_us":1790242163836588,"ev":"page_build","i":630}
Sep 24 15:14:23.836727 Runner(Flutter)[2657] <Notice>: dartnative: ##BENCH## {"tag":"feed1000","t_us":1790242163836649,"ev":"page_build","i":631}
Sep 24 15:14:23.836734 Runner(Flutter)[2657] <Notice>: dartnative: ##BENCH## {"tag":"feed1000","t_us":1790242163836682,"ev":"page_build","i":632}
Sep 24 15:14:23.836769 Runner(Flutter)[2657] <Notice>: dartnative: ##BENCH## {"tag":"feed1000","t_us":1790242163836711,"ev":"page_build","i":633}
Sep 24 15:14:23.836828 Runner(Flutter)[2657] <Notice>: dartnative: ##BENCH## {"tag":"feed1000","t_us":1790242163836771,"ev":"page_build","i":634}
Sep 24 15:14:23.836864 Runner(Flutter)[2657] <Notice>: dartnative: ##BENCH## {"tag":"feed1000","t_us":1790242163836823,"ev":"page_build","i":635}
Sep 24 15:14:23.836946 Runner(Flutter)[2657] <Notice>: dartnative: ##BENCH## {"tag":"feed1000","t_us":1790242163836870,"ev":"page_build","i":636}
Sep 24 15:14:23.836959 Runner(Flutter)[2657] <Notice>: dartnative: ##BENCH## {"tag":"feed1000","t_us":1790242163836912,"ev":"page_build","i":637}
Sep 24 15:14:23.836989 Runner(Flutter)[2657] <Notice>: dartnative: ##BENCH## {"tag":"feed1000","t_us":1790242163836942,"ev":"page_build","i":638}
Sep 24 15:14:23.837059 Runner(Flutter)[2657] <Notice>: dartnative: ##BENCH## {"tag":"feed1000","t_us":1790242163837025,"ev":"page_build","i":639}
Sep 24 15:14:23.837093 Runner(Flutter)[2657] <Notice>: dartnative: ##BENCH## {"tag":"feed1000","t_us":1790242163837061,"ev":"page_build","i":640}
Sep 24 15:14:23.837196 Runner(Flutter)[2657] <Notice>: dartnative: ##BENCH## {"tag":"feed1000","t_us":1790242163837136,"ev":"page_build","i":641}
Sep 24 15:14:23.837211 Runner(Flutter)[2657] <Notice>: dartnative: ##BENCH## {"tag":"feed1000","t_us":1790242163837175,"ev":"page_build","i":642}
Sep 24 15:14:23.837313 Runner(Flutter)[2657] <Notice>: dartnative: ##BENCH## {"tag":"feed1000","t_us":1790242163837209,"ev":"page_build","i":643}
Sep 24 15:14:23.837331 Runner(Flutter)[2657] <Notice>: dartnative: ##BENCH## {"tag":"feed1000","t_us":1790242163837273,"ev":"page_build","i":644}
Sep 24 15:14:23.837341 Runner(Flutter)[2657] <Notice>: dartnative: ##BENCH## {"tag":"feed1000","t_us":1790242163837302,"ev":"page_build","i":645}
Sep 24 15:14:23.837436 Runner(Flutter)[2657] <Notice>: dartnative: ##BENCH## {"tag":"feed1000","t_us":1790242163837352,"ev":"page_build","i":646}
Sep 24 15:14:23.837449 Runner(Flutter)[2657] <Notice>: dartnative: ##BENCH## {"tag":"feed1000","t_us":1790242163837403,"ev":"page_build","i":647}
Sep 24 15:14:23.837488 Runner(Flutter)[2657] <Notice>: dartnative: ##BENCH## {"tag":"feed1000","t_us":1790242163837433,"ev":"page_build","i":648}
Sep 24 15:14:23.840241 Runner(Flutter)[2657] <Notice>: dartnative: ##BENCH## {"tag":"feed1000","t_us":1790242163840115,"ev":"page_build","i":649}
Sep 24 15:14:23.840275 Runner(Flutter)[2657] <Notice>: dartnative: ##BENCH## {"tag":"feed1000","t_us":1790242163840178,"ev":"page_build","i":650}
Sep 24 15:14:23.840283 Runner(Flutter)[2657] <Notice>: dartnative: ##BENCH## {"tag":"feed1000","t_us":1790242163840210,"ev":"page_build","i":651}
Sep 24 15:14:23.840290 Runner(Flutter)[2657] <Notice>: dartnative: ##BENCH## {"tag":"feed1000","t_us":1790242163840239,"ev":"page_build","i":652}
Sep 24 15:14:23.840352 Runner(Flutter)[2657] <Notice>: dartnative: ##BENCH## {"tag":"feed1000","t_us":1790242163840270,"ev":"page_build","i":653}
Sep 24 15:14:23.840429 Runner(Flutter)[2657] <Notice>: dartnative: ##BENCH## {"tag":"feed1000","t_us":1790242163840340,"ev":"page_build","i":654}
Sep 24 15:14:23.840444 Runner(Flutter)[2657] <Notice>: dartnative: ##BENCH## {"tag":"feed1000","t_us":1790242163840389,"ev":"page_build","i":655}
Sep 24 15:14:23.840491 Runner(Flutter)[2657] <Notice>: dartnative: ##BENCH## {"tag":"feed1000","t_us":1790242163840421,"ev":"page_build","i":656}
Sep 24 15:14:23.840600 Runner(Flutter)[2657] <Notice>: dartnative: ##BENCH## {"tag":"feed1000","t_us":1790242163840487,"ev":"page_build","i":657}
Sep 24 15:14:23.840628 Runner(Flutter)[2657] <Notice>: dartnative: ##BENCH## {"tag":"feed1000","t_us":1790242163840546,"ev":"page_build","i":658}
Sep 24 15:14:23.840686 Runner(Flutter)[2657] <Notice>: dartnative: ##BENCH## {"tag":"feed1000","t_us":1790242163840579,"ev":"page_build","i":659}
Sep 24 15:14:23.840729 Runner(Flutter)[2657] <Notice>: dartnative: ##BENCH## {"tag":"feed1000","t_us":1790242163840608,"ev":"page_build","i":660}
Sep 24 15:14:23.840743 Runner(Flutter)[2657] <Notice>: dartnative: ##BENCH## {"tag":"feed1000","t_us":1790242163840662,"ev":"page_build","i":661}
Sep 24 15:14:23.840787 Runner(Flutter)[2657] <Notice>: dartnative: ##BENCH## {"tag":"feed1000","t_us":1790242163840735,"ev":"page_build","i":662}
Sep 24 15:14:23.840847 Runner(Flutter)[2657] <Notice>: dartnative: ##BENCH## {"tag":"feed1000","t_us":1790242163840793,"ev":"page_build","i":663}
Sep 24 15:14:23.840892 Runner(Flutter)[2657] <Notice>: dartnative: ##BENCH## {"tag":"feed1000","t_us":1790242163840844,"ev":"page_build","i":664}
Sep 24 15:14:23.841023 Runner(Flutter)[2657] <Notice>: dartnative: ##BENCH## {"tag":"feed1000","t_us":1790242163840925,"ev":"page_build","i":665}
Sep 24 15:14:23.841038 Runner(Flutter)[2657] <Notice>: dartnative: ##BENCH## {"tag":"feed1000","t_us":1790242163840965,"ev":"page_build","i":666}
Sep 24 15:14:23.841045 Runner(Flutter)[2657] <Notice>: dartnative: ##BENCH## {"tag":"feed1000","t_us":1790242163840995,"ev":"page_build","i":667}
Sep 24 15:14:23.841069 Runner(Flutter)[2657] <Notice>: dartnative: ##BENCH## {"tag":"feed1000","t_us":1790242163841024,"ev":"page_build","i":668}
Sep 24 15:14:23.841239 Runner(Flutter)[2657] <Notice>: dartnative: ##BENCH## {"tag":"feed1000","t_us":1790242163841120,"ev":"page_build","i":669}
Sep 24 15:14:23.841258 Runner(Flutter)[2657] <Notice>: dartnative: ##BENCH## {"tag":"feed1000","t_us":1790242163841151,"ev":"page_build","i":670}
Sep 24 15:14:23.841267 Runner(Flutter)[2657] <Notice>: dartnative: ##BENCH## {"tag":"feed1000","t_us":1790242163841181,"ev":"page_build","i":671}
Sep 24 15:14:23.841288 Runner(Flutter)[2657] <Notice>: dartnative: ##BENCH## {"tag":"feed1000","t_us":1790242163841210,"ev":"page_build","i":672}
Sep 24 15:14:23.841302 Runner(Flutter)[2657] <Notice>: dartnative: ##BENCH## {"tag":"feed1000","t_us":1790242163841241,"ev":"page_build","i":673}
Sep 24 15:14:23.841377 Runner(Flutter)[2657] <Notice>: dartnative: ##BENCH## {"tag":"feed1000","t_us":1790242163841340,"ev":"page_build","i":674}
Sep 24 15:14:23.841456 Runner(Flutter)[2657] <Notice>: dartnative: ##BENCH## {"tag":"feed1000","t_us":1790242163841379,"ev":"page_build","i":675}
Sep 24 15:14:23.841474 Runner(Flutter)[2657] <Notice>: dartnative: ##BENCH## {"tag":"feed1000","t_us":1790242163841421,"ev":"page_build","i":676}
Sep 24 15:14:23.841494 Runner(Flutter)[2657] <Notice>: dartnative: ##BENCH## {"tag":"feed1000","t_us":1790242163841451,"ev":"page_build","i":677}
Sep 24 15:14:23.841591 Runner(Flutter)[2657] <Notice>: dartnative: ##BENCH## {"tag":"feed1000","t_us":1790242163841509,"ev":"page_build","i":678}
Sep 24 15:14:23.841605 Runner(Flutter)[2657] <Notice>: dartnative: ##BENCH## {"tag":"feed1000","t_us":1790242163841558,"ev":"page_build","i":679}
Sep 24 15:14:23.841723 Runner(Flutter)[2657] <Notice>: dartnative: ##BENCH## {"tag":"feed1000","t_us":1790242163841589,"ev":"page_build","i":680}
Sep 24 15:14:23.841741 Runner(Flutter)[2657] <Notice>: dartnative: ##BENCH## {"tag":"feed1000","t_us":1790242163841642,"ev":"page_build","i":681}
Sep 24 15:14:23.841767 Runner(Flutter)[2657] <Notice>: dartnative: ##BENCH## {"tag":"feed1000","t_us":1790242163841677,"ev":"page_build","i":682}
Sep 24 15:14:23.841776 Runner(Flutter)[2657] <Notice>: dartnative: ##BENCH## {"tag":"feed1000","t_us":1790242163841709,"ev":"page_build","i":683}
Sep 24 15:14:23.841824 Runner(Flutter)[2657] <Notice>: dartnative: ##BENCH## {"tag":"feed1000","t_us":1790242163841743,"ev":"page_build","i":684}
Sep 24 15:14:23.841895 Runner(Flutter)[2657] <Notice>: dartnative: ##BENCH## {"tag":"feed1000","t_us":1790242163841819,"ev":"page_build","i":685}
Sep 24 15:14:23.841913 Runner(Flutter)[2657] <Notice>: dartnative: ##BENCH## {"tag":"feed1000","t_us":1790242163841883,"ev":"page_build","i":686}
Sep 24 15:14:23.842010 Runner(Flutter)[2657] <Notice>: dartnative: ##BENCH## {"tag":"feed1000","t_us":1790242163841933,"ev":"page_build","i":687}
Sep 24 15:14:23.842026 Runner(Flutter)[2657] <Notice>: dartnative: ##BENCH## {"tag":"feed1000","t_us":1790242163841974,"ev":"page_build","i":688}
Sep 24 15:14:23.842042 Runner(Flutter)[2657] <Notice>: dartnative: ##BENCH## {"tag":"feed1000","t_us":1790242163842005,"ev":"page_build","i":689}
Sep 24 15:14:23.842121 Runner(Flutter)[2657] <Notice>: dartnative: ##BENCH## {"tag":"feed1000","t_us":1790242163842068,"ev":"page_build","i":690}
Sep 24 15:14:23.842170 Runner(Flutter)[2657] <Notice>: dartnative: ##BENCH## {"tag":"feed1000","t_us":1790242163842130,"ev":"page_build","i":691}
Sep 24 15:14:23.842272 Runner(Flutter)[2657] <Notice>: dartnative: ##BENCH## {"tag":"feed1000","t_us":1790242163842206,"ev":"page_build","i":692}
Sep 24 15:14:23.842287 Runner(Flutter)[2657] <Notice>: dartnative: ##BENCH## {"tag":"feed1000","t_us":1790242163842238,"ev":"page_build","i":693}
Sep 24 15:14:23.842311 Runner(Flutter)[2657] <Notice>: dartnative: ##BENCH## {"tag":"feed1000","t_us":1790242163842270,"ev":"page_build","i":694}
Sep 24 15:14:23.842385 Runner(Flutter)[2657] <Notice>: dartnative: ##BENCH## {"tag":"feed1000","t_us":1790242163842344,"ev":"page_build","i":695}
Sep 24 15:14:23.842457 Runner(Flutter)[2657] <Notice>: dartnative: ##BENCH## {"tag":"feed1000","t_us":1790242163842380,"ev":"page_build","i":696}
Sep 24 15:14:23.842471 Runner(Flutter)[2657] <Notice>: dartnative: ##BENCH## {"tag":"feed1000","t_us":1790242163842421,"ev":"page_build","i":697}
Sep 24 15:14:23.842514 Runner(Flutter)[2657] <Notice>: dartnative: ##BENCH## {"tag":"feed1000","t_us":1790242163842452,"ev":"page_build","i":698}
Sep 24 15:14:23.842558 Runner(Flutter)[2657] <Notice>: dartnative: ##BENCH## {"tag":"feed1000","t_us":1790242163842510,"ev":"page_build","i":699}
Sep 24 15:14:23.842600 Runner(Flutter)[2657] <Notice>: dartnative: ##BENCH## {"tag":"feed1000","t_us":1790242163842552,"ev":"page_build","i":700}
Sep 24 15:14:23.842678 Runner(Flutter)[2657] <Notice>: dartnative: ##BENCH## {"tag":"feed1000","t_us":1790242163842597,"ev":"page_build","i":701}
Sep 24 15:14:23.842692 Runner(Flutter)[2657] <Notice>: dartnative: ##BENCH## {"tag":"feed1000","t_us":1790242163842650,"ev":"page_build","i":702}
Sep 24 15:14:23.842757 Runner(Flutter)[2657] <Notice>: dartnative: ##BENCH## {"tag":"feed1000","t_us":1790242163842687,"ev":"page_build","i":703}
Sep 24 15:14:23.842823 Runner(Flutter)[2657] <Notice>: dartnative: ##BENCH## {"tag":"feed1000","t_us":1790242163842743,"ev":"page_build","i":704}
Sep 24 15:14:23.842839 Runner(Flutter)[2657] <Notice>: dartnative: ##BENCH## {"tag":"feed1000","t_us":1790242163842787,"ev":"page_build","i":705}
Sep 24 15:14:23.842847 Runner(Flutter)[2657] <Notice>: dartnative: ##BENCH## {"tag":"feed1000","t_us":1790242163842816,"ev":"page_build","i":706}
Sep 24 15:14:23.842928 Runner(Flutter)[2657] <Notice>: dartnative: ##BENCH## {"tag":"feed1000","t_us":1790242163842867,"ev":"page_build","i":707}
Sep 24 15:14:23.842950 Runner(Flutter)[2657] <Notice>: dartnative: ##BENCH## {"tag":"feed1000","t_us":1790242163842903,"ev":"page_build","i":708}
Sep 24 15:14:23.842972 Runner(Flutter)[2657] <Notice>: dartnative: ##BENCH## {"tag":"feed1000","t_us":1790242163842935,"ev":"page_build","i":709}
Sep 24 15:14:23.843107 Runner(Flutter)[2657] <Notice>: dartnative: ##BENCH## {"tag":"feed1000","t_us":1790242163843012,"ev":"page_build","i":710}
Sep 24 15:14:23.843121 Runner(Flutter)[2657] <Notice>: dartnative: ##BENCH## {"tag":"feed1000","t_us":1790242163843044,"ev":"page_build","i":711}
Sep 24 15:14:23.843136 Runner(Flutter)[2657] <Notice>: dartnative: ##BENCH## {"tag":"feed1000","t_us":1790242163843074,"ev":"page_build","i":712}
Sep 24 15:14:23.843162 Runner(Flutter)[2657] <Notice>: dartnative: ##BENCH## {"tag":"feed1000","t_us":1790242163843105,"ev":"page_build","i":713}
Sep 24 15:14:23.843254 Runner(Flutter)[2657] <Notice>: dartnative: ##BENCH## {"tag":"feed1000","t_us":1790242163843197,"ev":"page_build","i":714}
Sep 24 15:14:23.843273 Runner(Flutter)[2657] <Notice>: dartnative: ##BENCH## {"tag":"feed1000","t_us":1790242163843234,"ev":"page_build","i":715}
Sep 24 15:14:23.843315 Runner(Flutter)[2657] <Notice>: dartnative: ##BENCH## {"tag":"feed1000","t_us":1790242163843265,"ev":"page_build","i":716}
Sep 24 15:14:23.843367 Runner(Flutter)[2657] <Notice>: dartnative: ##BENCH## {"tag":"feed1000","t_us":1790242163843317,"ev":"page_build","i":717}
Sep 24 15:14:23.843425 Runner(Flutter)[2657] <Notice>: dartnative: ##BENCH## {"tag":"feed1000","t_us":1790242163843370,"ev":"page_build","i":718}
Sep 24 15:14:23.843517 Runner(Flutter)[2657] <Notice>: dartnative: ##BENCH## {"tag":"feed1000","t_us":1790242163843430,"ev":"page_build","i":719}
Sep 24 15:14:23.843533 Runner(Flutter)[2657] <Notice>: dartnative: ##BENCH## {"tag":"feed1000","t_us":1790242163843474,"ev":"page_build","i":720}
Sep 24 15:14:23.843592 Runner(Flutter)[2657] <Notice>: dartnative: ##BENCH## {"tag":"feed1000","t_us":1790242163843506,"ev":"page_build","i":721}
Sep 24 15:14:23.843607 Runner(Flutter)[2657] <Notice>: dartnative: ##BENCH## {"tag":"feed1000","t_us":1790242163843563,"ev":"page_build","i":722}
Sep 24 15:14:23.843671 Runner(Flutter)[2657] <Notice>: dartnative: ##BENCH## {"tag":"feed1000","t_us":1790242163843596,"ev":"page_build","i":723}
Sep 24 15:14:23.843726 Runner(Flutter)[2657] <Notice>: dartnative: ##BENCH## {"tag":"feed1000","t_us":1790242163843669,"ev":"page_build","i":724}
Sep 24 15:14:23.843777 Runner(Flutter)[2657] <Notice>: dartnative: ##BENCH## {"tag":"feed1000","t_us":1790242163843722,"ev":"page_build","i":725}
Sep 24 15:14:23.843832 Runner(Flutter)[2657] <Notice>: dartnative: ##BENCH## {"tag":"feed1000","t_us":1790242163843779,"ev":"page_build","i":726}
Sep 24 15:14:23.843957 Runner(Flutter)[2657] <Notice>: dartnative: ##BENCH## {"tag":"feed1000","t_us":1790242163843830,"ev":"page_build","i":727}
Sep 24 15:14:23.844025 Runner(Flutter)[2657] <Notice>: dartnative: ##BENCH## {"tag":"feed1000","t_us":1790242163843879,"ev":"page_build","i":728}
Sep 24 15:14:23.844041 Runner(Flutter)[2657] <Notice>: dartnative: ##BENCH## {"tag":"feed1000","t_us":1790242163843912,"ev":"page_build","i":729}
Sep 24 15:14:23.844050 Runner(Flutter)[2657] <Notice>: dartnative: ##BENCH## {"tag":"feed1000","t_us":1790242163843942,"ev":"page_build","i":730}
Sep 24 15:14:23.844059 Runner(Flutter)[2657] <Notice>: dartnative: ##BENCH## {"tag":"feed1000","t_us":1790242163843981,"ev":"page_build","i":731}
Sep 24 15:14:23.844108 Runner(Flutter)[2657] <Notice>: dartnative: ##BENCH## {"tag":"feed1000","t_us":1790242163844026,"ev":"page_build","i":732}
Sep 24 15:14:23.844235 Runner(Flutter)[2657] <Notice>: dartnative: ##BENCH## {"tag":"feed1000","t_us":1790242163844110,"ev":"page_build","i":733}
Sep 24 15:14:23.844274 Runner(Flutter)[2657] <Notice>: dartnative: ##BENCH## {"tag":"feed1000","t_us":1790242163844177,"ev":"page_build","i":734}
Sep 24 15:14:23.844293 Runner(Flutter)[2657] <Notice>: dartnative: ##BENCH## {"tag":"feed1000","t_us":1790242163844208,"ev":"page_build","i":735}
Sep 24 15:14:23.844351 Runner(Flutter)[2657] <Notice>: dartnative: ##BENCH## {"tag":"feed1000","t_us":1790242163844239,"ev":"page_build","i":736}
Sep 24 15:14:23.844366 Runner(Flutter)[2657] <Notice>: dartnative: ##BENCH## {"tag":"feed1000","t_us":1790242163844325,"ev":"page_build","i":737}
Sep 24 15:14:23.844455 Runner(Flutter)[2657] <Notice>: dartnative: ##BENCH## {"tag":"feed1000","t_us":1790242163844358,"ev":"page_build","i":738}
Sep 24 15:14:23.844473 Runner(Flutter)[2657] <Notice>: dartnative: ##BENCH## {"tag":"feed1000","t_us":1790242163844421,"ev":"page_build","i":739}
Sep 24 15:14:23.844488 Runner(Flutter)[2657] <Notice>: dartnative: ##BENCH## {"tag":"feed1000","t_us":1790242163844453,"ev":"page_build","i":740}
Sep 24 15:14:23.844636 Runner(Flutter)[2657] <Notice>: dartnative: ##BENCH## {"tag":"feed1000","t_us":1790242163844537,"ev":"page_build","i":741}
Sep 24 15:14:23.844653 Runner(Flutter)[2657] <Notice>: dartnative: ##BENCH## {"tag":"feed1000","t_us":1790242163844567,"ev":"page_build","i":742}
Sep 24 15:14:23.844725 Runner(Flutter)[2657] <Notice>: dartnative: ##BENCH## {"tag":"feed1000","t_us":1790242163844597,"ev":"page_build","i":743}
Sep 24 15:14:23.844741 Runner(Flutter)[2657] <Notice>: dartnative: ##BENCH## {"tag":"feed1000","t_us":1790242163844643,"ev":"page_build","i":744}
Sep 24 15:14:23.844794 Runner(Flutter)[2657] <Notice>: dartnative: ##BENCH## {"tag":"feed1000","t_us":1790242163844723,"ev":"page_build","i":745}
Sep 24 15:14:23.844941 Runner(Flutter)[2657] <Notice>: dartnative: ##BENCH## {"tag":"feed1000","t_us":1790242163844797,"ev":"page_build","i":746}
Sep 24 15:14:23.844974 Runner(Flutter)[2657] <Notice>: dartnative: ##BENCH## {"tag":"feed1000","t_us":1790242163844857,"ev":"page_build","i":747}
Sep 24 15:14:23.844992 Runner(Flutter)[2657] <Notice>: dartnative: ##BENCH## {"tag":"feed1000","t_us":1790242163844886,"ev":"page_build","i":748}
Sep 24 15:14:23.845008 Runner(Flutter)[2657] <Notice>: dartnative: ##BENCH## {"tag":"feed1000","t_us":1790242163844919,"ev":"page_build","i":749}
Sep 24 15:14:23.845019 Runner(Flutter)[2657] <Notice>: dartnative: ##BENCH## {"tag":"feed1000","t_us":1790242163844949,"ev":"page_build","i":750}
Sep 24 15:14:23.845092 Runner(Flutter)[2657] <Notice>: dartnative: ##BENCH## {"tag":"feed1000","t_us":1790242163845001,"ev":"page_build","i":751}
Sep 24 15:14:23.845157 Runner(Flutter)[2657] <Notice>: dartnative: ##BENCH## {"tag":"feed1000","t_us":1790242163845097,"ev":"page_build","i":752}
Sep 24 15:14:23.845212 Runner(Flutter)[2657] <Notice>: dartnative: ##BENCH## {"tag":"feed1000","t_us":1790242163845151,"ev":"page_build","i":753}
Sep 24 15:14:23.845252 Runner(Flutter)[2657] <Notice>: dartnative: ##BENCH## {"tag":"feed1000","t_us":1790242163845203,"ev":"page_build","i":754}
Sep 24 15:14:23.845291 Runner(Flutter)[2657] <Notice>: dartnative: ##BENCH## {"tag":"feed1000","t_us":1790242163845243,"ev":"page_build","i":755}
Sep 24 15:14:23.845339 Runner(Flutter)[2657] <Notice>: dartnative: ##BENCH## {"tag":"feed1000","t_us":1790242163845297,"ev":"page_build","i":756}
Sep 24 15:14:23.845519 Runner(Flutter)[2657] <Notice>: dartnative: ##BENCH## {"tag":"feed1000","t_us":1790242163845382,"ev":"page_build","i":757}
Sep 24 15:14:23.845630 Runner(Flutter)[2657] <Notice>: dartnative: ##BENCH## {"tag":"feed1000","t_us":1790242163845415,"ev":"page_build","i":758}
Sep 24 15:14:23.845646 Runner(Flutter)[2657] <Notice>: dartnative: ##BENCH## {"tag":"feed1000","t_us":1790242163845443,"ev":"page_build","i":759}
Sep 24 15:14:23.845655 Runner(Flutter)[2657] <Notice>: dartnative: ##BENCH## {"tag":"feed1000","t_us":1790242163845473,"ev":"page_build","i":760}
Sep 24 15:14:23.845662 Runner(Flutter)[2657] <Notice>: dartnative: ##BENCH## {"tag":"feed1000","t_us":1790242163845506,"ev":"page_build","i":761}
Sep 24 15:14:23.845701 Runner(Flutter)[2657] <Notice>: dartnative: ##BENCH## {"tag":"feed1000","t_us":1790242163845536,"ev":"page_build","i":762}
Sep 24 15:14:23.845714 Runner(Flutter)[2657] <Notice>: dartnative: ##BENCH## {"tag":"feed1000","t_us":1790242163845591,"ev":"page_build","i":763}
Sep 24 15:14:23.845739 Runner(Flutter)[2657] <Notice>: dartnative: ##BENCH## {"tag":"feed1000","t_us":1790242163845621,"ev":"page_build","i":764}
Sep 24 15:14:23.845807 Runner(Flutter)[2657] <Notice>: dartnative: ##BENCH## {"tag":"feed1000","t_us":1790242163845650,"ev":"page_build","i":765}
Sep 24 15:14:23.845829 Runner(Flutter)[2657] <Notice>: dartnative: ##BENCH## {"tag":"feed1000","t_us":1790242163845766,"ev":"page_build","i":766}
Sep 24 15:14:23.845843 Runner(Flutter)[2657] <Notice>: dartnative: ##BENCH## {"tag":"feed1000","t_us":1790242163845812,"ev":"page_build","i":767}
Sep 24 15:14:23.845989 Runner(Flutter)[2657] <Notice>: dartnative: ##BENCH## {"tag":"feed1000","t_us":1790242163845887,"ev":"page_build","i":768}
Sep 24 15:14:23.846006 Runner(Flutter)[2657] <Notice>: dartnative: ##BENCH## {"tag":"feed1000","t_us":1790242163845922,"ev":"page_build","i":769}
Sep 24 15:14:23.846015 Runner(Flutter)[2657] <Notice>: dartnative: ##BENCH## {"tag":"feed1000","t_us":1790242163845952,"ev":"page_build","i":770}
Sep 24 15:14:23.846031 Runner(Flutter)[2657] <Notice>: dartnative: ##BENCH## {"tag":"feed1000","t_us":1790242163845983,"ev":"page_build","i":771}
Sep 24 15:14:23.846078 Runner(Flutter)[2657] <Notice>: dartnative: ##BENCH## {"tag":"feed1000","t_us":1790242163846028,"ev":"page_build","i":772}
Sep 24 15:14:23.846125 Runner(Flutter)[2657] <Notice>: dartnative: ##BENCH## {"tag":"feed1000","t_us":1790242163846085,"ev":"page_build","i":773}
Sep 24 15:14:23.846242 Runner(Flutter)[2657] <Notice>: dartnative: ##BENCH## {"tag":"feed1000","t_us":1790242163846142,"ev":"page_build","i":774}
Sep 24 15:14:23.846257 Runner(Flutter)[2657] <Notice>: dartnative: ##BENCH## {"tag":"feed1000","t_us":1790242163846181,"ev":"page_build","i":775}
Sep 24 15:14:23.846272 Runner(Flutter)[2657] <Notice>: dartnative: ##BENCH## {"tag":"feed1000","t_us":1790242163846209,"ev":"page_build","i":776}
Sep 24 15:14:23.846298 Runner(Flutter)[2657] <Notice>: dartnative: ##BENCH## {"tag":"feed1000","t_us":1790242163846238,"ev":"page_build","i":777}
Sep 24 15:14:23.846369 Runner(Flutter)[2657] <Notice>: dartnative: ##BENCH## {"tag":"feed1000","t_us":1790242163846303,"ev":"page_build","i":778}
Sep 24 15:14:23.846471 Runner(Flutter)[2657] <Notice>: dartnative: ##BENCH## {"tag":"feed1000","t_us":1790242163846363,"ev":"page_build","i":779}
Sep 24 15:14:23.846485 Runner(Flutter)[2657] <Notice>: dartnative: ##BENCH## {"tag":"feed1000","t_us":1790242163846406,"ev":"page_build","i":780}
Sep 24 15:14:23.846492 Runner(Flutter)[2657] <Notice>: dartnative: ##BENCH## {"tag":"feed1000","t_us":1790242163846438,"ev":"page_build","i":781}
Sep 24 15:14:23.846534 Runner(Flutter)[2657] <Notice>: dartnative: ##BENCH## {"tag":"feed1000","t_us":1790242163846470,"ev":"page_build","i":782}
Sep 24 15:14:23.846572 Runner(Flutter)[2657] <Notice>: dartnative: ##BENCH## {"tag":"feed1000","t_us":1790242163846530,"ev":"page_build","i":783}
Sep 24 15:14:23.846640 Runner(Flutter)[2657] <Notice>: dartnative: ##BENCH## {"tag":"feed1000","t_us":1790242163846571,"ev":"page_build","i":784}
Sep 24 15:14:23.846709 Runner(Flutter)[2657] <Notice>: dartnative: ##BENCH## {"tag":"feed1000","t_us":1790242163846630,"ev":"page_build","i":785}
Sep 24 15:14:23.846734 Runner(Flutter)[2657] <Notice>: dartnative: ##BENCH## {"tag":"feed1000","t_us":1790242163846680,"ev":"page_build","i":786}
Sep 24 15:14:23.846750 Runner(Flutter)[2657] <Notice>: dartnative: ##BENCH## {"tag":"feed1000","t_us":1790242163846713,"ev":"page_build","i":787}
Sep 24 15:14:23.846828 Runner(Flutter)[2657] <Notice>: dartnative: ##BENCH## {"tag":"feed1000","t_us":1790242163846782,"ev":"page_build","i":788}
Sep 24 15:14:23.846860 Runner(Flutter)[2657] <Notice>: dartnative: ##BENCH## {"tag":"feed1000","t_us":1790242163846817,"ev":"page_build","i":789}
Sep 24 15:14:23.846946 Runner(Flutter)[2657] <Notice>: dartnative: ##BENCH## {"tag":"feed1000","t_us":1790242163846870,"ev":"page_build","i":790}
Sep 24 15:14:23.846960 Runner(Flutter)[2657] <Notice>: dartnative: ##BENCH## {"tag":"feed1000","t_us":1790242163846918,"ev":"page_build","i":791}
Sep 24 15:14:23.846992 Runner(Flutter)[2657] <Notice>: dartnative: ##BENCH## {"tag":"feed1000","t_us":1790242163846948,"ev":"page_build","i":792}
Sep 24 15:14:23.847071 Runner(Flutter)[2657] <Notice>: dartnative: ##BENCH## {"tag":"feed1000","t_us":1790242163847001,"ev":"page_build","i":793}
Sep 24 15:14:23.847086 Runner(Flutter)[2657] <Notice>: dartnative: ##BENCH## {"tag":"feed1000","t_us":1790242163847038,"ev":"page_build","i":794}
Sep 24 15:14:23.847129 Runner(Flutter)[2657] <Notice>: dartnative: ##BENCH## {"tag":"feed1000","t_us":1790242163847072,"ev":"page_build","i":795}
Sep 24 15:14:23.847186 Runner(Flutter)[2657] <Notice>: dartnative: ##BENCH## {"tag":"feed1000","t_us":1790242163847132,"ev":"page_build","i":796}
Sep 24 15:14:23.847230 Runner(Flutter)[2657] <Notice>: dartnative: ##BENCH## {"tag":"feed1000","t_us":1790242163847188,"ev":"page_build","i":797}
Sep 24 15:14:23.847317 Runner(Flutter)[2657] <Notice>: dartnative: ##BENCH## {"tag":"feed1000","t_us":1790242163847231,"ev":"page_build","i":798}
Sep 24 15:14:23.847332 Runner(Flutter)[2657] <Notice>: dartnative: ##BENCH## {"tag":"feed1000","t_us":1790242163847283,"ev":"page_build","i":799}
Sep 24 15:14:23.847362 Runner(Flutter)[2657] <Notice>: dartnative: ##BENCH## {"tag":"feed1000","t_us":1790242163847314,"ev":"page_build","i":800}
Sep 24 15:14:23.847457 Runner(Flutter)[2657] <Notice>: dartnative: ##BENCH## {"tag":"feed1000","t_us":1790242163847400,"ev":"page_build","i":801}
Sep 24 15:14:23.847471 Runner(Flutter)[2657] <Notice>: dartnative: ##BENCH## {"tag":"feed1000","t_us":1790242163847435,"ev":"page_build","i":802}
Sep 24 15:14:23.847581 Runner(Flutter)[2657] <Notice>: dartnative: ##BENCH## {"tag":"feed1000","t_us":1790242163847466,"ev":"page_build","i":803}
Sep 24 15:14:23.847595 Runner(Flutter)[2657] <Notice>: dartnative: ##BENCH## {"tag":"feed1000","t_us":1790242163847521,"ev":"page_build","i":804}
Sep 24 15:14:23.847603 Runner(Flutter)[2657] <Notice>: dartnative: ##BENCH## {"tag":"feed1000","t_us":1790242163847552,"ev":"page_build","i":805}
Sep 24 15:14:23.847641 Runner(Flutter)[2657] <Notice>: dartnative: ##BENCH## {"tag":"feed1000","t_us":1790242163847584,"ev":"page_build","i":806}
Sep 24 15:14:23.847712 Runner(Flutter)[2657] <Notice>: dartnative: ##BENCH## {"tag":"feed1000","t_us":1790242163847645,"ev":"page_build","i":807}
Sep 24 15:14:23.847763 Runner(Flutter)[2657] <Notice>: dartnative: ##BENCH## {"tag":"feed1000","t_us":1790242163847713,"ev":"page_build","i":808}
Sep 24 15:14:23.847847 Runner(Flutter)[2657] <Notice>: dartnative: ##BENCH## {"tag":"feed1000","t_us":1790242163847759,"ev":"page_build","i":809}
Sep 24 15:14:23.847862 Runner(Flutter)[2657] <Notice>: dartnative: ##BENCH## {"tag":"feed1000","t_us":1790242163847811,"ev":"page_build","i":810}
Sep 24 15:14:23.847928 Runner(Flutter)[2657] <Notice>: dartnative: ##BENCH## {"tag":"feed1000","t_us":1790242163847845,"ev":"page_build","i":811}
Sep 24 15:14:23.847943 Runner(Flutter)[2657] <Notice>: dartnative: ##BENCH## {"tag":"feed1000","t_us":1790242163847902,"ev":"page_build","i":812}
Sep 24 15:14:23.847964 Runner(Flutter)[2657] <Notice>: dartnative: ##BENCH## {"tag":"feed1000","t_us":1790242163847932,"ev":"page_build","i":813}
Sep 24 15:14:23.848057 Runner(Flutter)[2657] <Notice>: dartnative: ##BENCH## {"tag":"feed1000","t_us":1790242163847984,"ev":"page_build","i":814}
Sep 24 15:14:23.848075 Runner(Flutter)[2657] <Notice>: dartnative: ##BENCH## {"tag":"feed1000","t_us":1790242163848029,"ev":"page_build","i":815}
Sep 24 15:14:23.848168 Runner(Flutter)[2657] <Notice>: dartnative: ##BENCH## {"tag":"feed1000","t_us":1790242163848061,"ev":"page_build","i":816}
Sep 24 15:14:23.848183 Runner(Flutter)[2657] <Notice>: dartnative: ##BENCH## {"tag":"feed1000","t_us":1790242163848108,"ev":"page_build","i":817}
Sep 24 15:14:23.848191 Runner(Flutter)[2657] <Notice>: dartnative: ##BENCH## {"tag":"feed1000","t_us":1790242163848138,"ev":"page_build","i":818}
Sep 24 15:14:23.848242 Runner(Flutter)[2657] <Notice>: dartnative: ##BENCH## {"tag":"feed1000","t_us":1790242163848169,"ev":"page_build","i":819}
Sep 24 15:14:23.848283 Runner(Flutter)[2657] <Notice>: dartnative: ##BENCH## {"tag":"feed1000","t_us":1790242163848234,"ev":"page_build","i":820}
Sep 24 15:14:23.848425 Runner(Flutter)[2657] <Notice>: dartnative: ##BENCH## {"tag":"feed1000","t_us":1790242163848284,"ev":"page_build","i":821}
Sep 24 15:14:23.848439 Runner(Flutter)[2657] <Notice>: dartnative: ##BENCH## {"tag":"feed1000","t_us":1790242163848328,"ev":"page_build","i":822}
Sep 24 15:14:23.848446 Runner(Flutter)[2657] <Notice>: dartnative: ##BENCH## {"tag":"feed1000","t_us":1790242163848361,"ev":"page_build","i":823}
Sep 24 15:14:23.848454 Runner(Flutter)[2657] <Notice>: dartnative: ##BENCH## {"tag":"feed1000","t_us":1790242163848392,"ev":"page_build","i":824}
Sep 24 15:14:23.848462 Runner(Flutter)[2657] <Notice>: dartnative: ##BENCH## {"tag":"feed1000","t_us":1790242163848420,"ev":"page_build","i":825}
Sep 24 15:14:23.848554 Runner(Flutter)[2657] <Notice>: dartnative: ##BENCH## {"tag":"feed1000","t_us":1790242163848468,"ev":"page_build","i":826}
Sep 24 15:14:23.848571 Runner(Flutter)[2657] <Notice>: dartnative: ##BENCH## {"tag":"feed1000","t_us":1790242163848522,"ev":"page_build","i":827}
Sep 24 15:14:23.848605 Runner(Flutter)[2657] <Notice>: dartnative: ##BENCH## {"tag":"feed1000","t_us":1790242163848551,"ev":"page_build","i":828}
Sep 24 15:14:23.848657 Runner(Flutter)[2657] <Notice>: dartnative: ##BENCH## {"tag":"feed1000","t_us":1790242163848611,"ev":"page_build","i":829}
Sep 24 15:14:23.848695 Runner(Flutter)[2657] <Notice>: dartnative: ##BENCH## {"tag":"feed1000","t_us":1790242163848650,"ev":"page_build","i":830}
Sep 24 15:14:23.848737 Runner(Flutter)[2657] <Notice>: dartnative: ##BENCH## {"tag":"feed1000","t_us":1790242163848696,"ev":"page_build","i":831}
Sep 24 15:14:23.848780 Runner(Flutter)[2657] <Notice>: dartnative: ##BENCH## {"tag":"feed1000","t_us":1790242163848734,"ev":"page_build","i":832}
Sep 24 15:14:23.848825 Runner(Flutter)[2657] <Notice>: dartnative: ##BENCH## {"tag":"feed1000","t_us":1790242163848783,"ev":"page_build","i":833}
Sep 24 15:14:23.848875 Runner(Flutter)[2657] <Notice>: dartnative: ##BENCH## {"tag":"feed1000","t_us":1790242163848823,"ev":"page_build","i":834}
Sep 24 15:14:23.848921 Runner(Flutter)[2657] <Notice>: dartnative: ##BENCH## {"tag":"feed1000","t_us":1790242163848877,"ev":"page_build","i":835}
Sep 24 15:14:23.848961 Runner(Flutter)[2657] <Notice>: dartnative: ##BENCH## {"tag":"feed1000","t_us":1790242163848916,"ev":"page_build","i":836}
Sep 24 15:14:23.849005 Runner(Flutter)[2657] <Notice>: dartnative: ##BENCH## {"tag":"feed1000","t_us":1790242163848964,"ev":"page_build","i":837}
Sep 24 15:14:23.849105 Runner(Flutter)[2657] <Notice>: dartnative: ##BENCH## {"tag":"feed1000","t_us":1790242163849027,"ev":"page_build","i":838}
Sep 24 15:14:23.849121 Runner(Flutter)[2657] <Notice>: dartnative: ##BENCH## {"tag":"feed1000","t_us":1790242163849072,"ev":"page_build","i":839}
Sep 24 15:14:23.849195 Runner(Flutter)[2657] <Notice>: dartnative: ##BENCH## {"tag":"feed1000","t_us":1790242163849106,"ev":"page_build","i":840}
Sep 24 15:14:23.849210 Runner(Flutter)[2657] <Notice>: dartnative: ##BENCH## {"tag":"feed1000","t_us":1790242163849173,"ev":"page_build","i":841}
Sep 24 15:14:23.849264 Runner(Flutter)[2657] <Notice>: dartnative: ##BENCH## {"tag":"feed1000","t_us":1790242163849203,"ev":"page_build","i":842}
Sep 24 15:14:23.849313 Runner(Flutter)[2657] <Notice>: dartnative: ##BENCH## {"tag":"feed1000","t_us":1790242163849261,"ev":"page_build","i":843}
Sep 24 15:14:23.849392 Runner(Flutter)[2657] <Notice>: dartnative: ##BENCH## {"tag":"feed1000","t_us":1790242163849302,"ev":"page_build","i":844}
Sep 24 15:14:23.849407 Runner(Flutter)[2657] <Notice>: dartnative: ##BENCH## {"tag":"feed1000","t_us":1790242163849357,"ev":"page_build","i":845}
Sep 24 15:14:23.849470 Runner(Flutter)[2657] <Notice>: dartnative: ##BENCH## {"tag":"feed1000","t_us":1790242163849388,"ev":"page_build","i":846}
Sep 24 15:14:23.849530 Runner(Flutter)[2657] <Notice>: dartnative: ##BENCH## {"tag":"feed1000","t_us":1790242163849451,"ev":"page_build","i":847}
Sep 24 15:14:23.849544 Runner(Flutter)[2657] <Notice>: dartnative: ##BENCH## {"tag":"feed1000","t_us":1790242163849481,"ev":"page_build","i":848}
Sep 24 15:14:23.849569 Runner(Flutter)[2657] <Notice>: dartnative: ##BENCH## {"tag":"feed1000","t_us":1790242163849522,"ev":"page_build","i":849}
Sep 24 15:14:23.849619 Runner(Flutter)[2657] <Notice>: dartnative: ##BENCH## {"tag":"feed1000","t_us":1790242163849577,"ev":"page_build","i":850}
Sep 24 15:14:23.849705 Runner(Flutter)[2657] <Notice>: dartnative: ##BENCH## {"tag":"feed1000","t_us":1790242163849621,"ev":"page_build","i":851}
Sep 24 15:14:23.849719 Runner(Flutter)[2657] <Notice>: dartnative: ##BENCH## {"tag":"feed1000","t_us":1790242163849673,"ev":"page_build","i":852}
Sep 24 15:14:23.849755 Runner(Flutter)[2657] <Notice>: dartnative: ##BENCH## {"tag":"feed1000","t_us":1790242163849703,"ev":"page_build","i":853}
Sep 24 15:14:23.849841 Runner(Flutter)[2657] <Notice>: dartnative: ##BENCH## {"tag":"feed1000","t_us":1790242163849781,"ev":"page_build","i":854}
Sep 24 15:14:23.849856 Runner(Flutter)[2657] <Notice>: dartnative: ##BENCH## {"tag":"feed1000","t_us":1790242163849813,"ev":"page_build","i":855}
Sep 24 15:14:23.849953 Runner(Flutter)[2657] <Notice>: dartnative: ##BENCH## {"tag":"feed1000","t_us":1790242163849845,"ev":"page_build","i":856}
Sep 24 15:14:23.849969 Runner(Flutter)[2657] <Notice>: dartnative: ##BENCH## {"tag":"feed1000","t_us":1790242163849905,"ev":"page_build","i":857}
Sep 24 15:14:23.850048 Runner(Flutter)[2657] <Notice>: dartnative: ##BENCH## {"tag":"feed1000","t_us":1790242163849957,"ev":"page_build","i":858}
Sep 24 15:14:23.850198 Runner(Flutter)[2657] <Notice>: dartnative: ##BENCH## {"tag":"feed1000","t_us":1790242163850056,"ev":"page_build","i":859}
Sep 24 15:14:23.850215 Runner(Flutter)[2657] <Notice>: dartnative: ##BENCH## {"tag":"feed1000","t_us":1790242163850107,"ev":"page_build","i":860}
Sep 24 15:14:23.850230 Runner(Flutter)[2657] <Notice>: dartnative: ##BENCH## {"tag":"feed1000","t_us":1790242163850135,"ev":"page_build","i":861}
Sep 24 15:14:23.850238 Runner(Flutter)[2657] <Notice>: dartnative: ##BENCH## {"tag":"feed1000","t_us":1790242163850166,"ev":"page_build","i":862}
Sep 24 15:14:23.850351 Runner(Flutter)[2657] <Notice>: dartnative: ##BENCH## {"tag":"feed1000","t_us":1790242163850228,"ev":"page_build","i":863}
Sep 24 15:14:23.850366 Runner(Flutter)[2657] <Notice>: dartnative: ##BENCH## {"tag":"feed1000","t_us":1790242163850295,"ev":"page_build","i":864}
Sep 24 15:14:23.850396 Runner(Flutter)[2657] <Notice>: dartnative: ##BENCH## {"tag":"feed1000","t_us":1790242163850344,"ev":"page_build","i":865}
Sep 24 15:14:23.850511 Runner(Flutter)[2657] <Notice>: dartnative: ##BENCH## {"tag":"feed1000","t_us":1790242163850384,"ev":"page_build","i":866}
Sep 24 15:14:23.850527 Runner(Flutter)[2657] <Notice>: dartnative: ##BENCH## {"tag":"feed1000","t_us":1790242163850452,"ev":"page_build","i":867}
Sep 24 15:14:23.850543 Runner(Flutter)[2657] <Notice>: dartnative: ##BENCH## {"tag":"feed1000","t_us":1790242163850484,"ev":"page_build","i":868}
Sep 24 15:14:23.850572 Runner(Flutter)[2657] <Notice>: dartnative: ##BENCH## {"tag":"feed1000","t_us":1790242163850517,"ev":"page_build","i":869}
Sep 24 15:14:23.850718 Runner(Flutter)[2657] <Notice>: dartnative: ##BENCH## {"tag":"feed1000","t_us":1790242163850623,"ev":"page_build","i":870}
Sep 24 15:14:23.850754 Runner(Flutter)[2657] <Notice>: dartnative: ##BENCH## {"tag":"feed1000","t_us":1790242163850665,"ev":"page_build","i":871}
Sep 24 15:14:23.850770 Runner(Flutter)[2657] <Notice>: dartnative: ##BENCH## {"tag":"feed1000","t_us":1790242163850696,"ev":"page_build","i":872}
Sep 24 15:14:23.850823 Runner(Flutter)[2657] <Notice>: dartnative: ##BENCH## {"tag":"feed1000","t_us":1790242163850724,"ev":"page_build","i":873}
Sep 24 15:14:23.850868 Runner(Flutter)[2657] <Notice>: dartnative: ##BENCH## {"tag":"feed1000","t_us":1790242163850807,"ev":"page_build","i":874}
Sep 24 15:14:23.850973 Runner(Flutter)[2657] <Notice>: dartnative: ##BENCH## {"tag":"feed1000","t_us":1790242163850872,"ev":"page_build","i":875}
Sep 24 15:14:23.850990 Runner(Flutter)[2657] <Notice>: dartnative: ##BENCH## {"tag":"feed1000","t_us":1790242163850901,"ev":"page_build","i":876}
Sep 24 15:14:23.851027 Runner(Flutter)[2657] <Notice>: dartnative: ##BENCH## {"tag":"feed1000","t_us":1790242163850951,"ev":"page_build","i":877}
Sep 24 15:14:23.851111 Runner(Flutter)[2657] <Notice>: dartnative: ##BENCH## {"tag":"feed1000","t_us":1790242163851027,"ev":"page_build","i":878}
Sep 24 15:14:23.851163 Runner(Flutter)[2657] <Notice>: dartnative: ##BENCH## {"tag":"feed1000","t_us":1790242163851114,"ev":"page_build","i":879}
Sep 24 15:14:23.851210 Runner(Flutter)[2657] <Notice>: dartnative: ##BENCH## {"tag":"feed1000","t_us":1790242163851162,"ev":"page_build","i":880}
Sep 24 15:14:23.851302 Runner(Flutter)[2657] <Notice>: dartnative: ##BENCH## {"tag":"feed1000","t_us":1790242163851219,"ev":"page_build","i":881}
Sep 24 15:14:23.851475 Runner(Flutter)[2657] <Notice>: dartnative: ##BENCH## {"tag":"feed1000","t_us":1790242163851347,"ev":"page_build","i":882}
Sep 24 15:14:23.851520 Runner(Flutter)[2657] <Notice>: dartnative: ##BENCH## {"tag":"feed1000","t_us":1790242163851380,"ev":"page_build","i":883}
Sep 24 15:14:23.851564 Runner(Flutter)[2657] <Notice>: dartnative: ##BENCH## {"tag":"feed1000","t_us":1790242163851410,"ev":"page_build","i":884}
Sep 24 15:14:23.851580 Runner(Flutter)[2657] <Notice>: dartnative: ##BENCH## {"tag":"feed1000","t_us":1790242163851441,"ev":"page_build","i":885}
Sep 24 15:14:23.851587 Runner(Flutter)[2657] <Notice>: dartnative: ##BENCH## {"tag":"feed1000","t_us":1790242163851471,"ev":"page_build","i":886}
Sep 24 15:14:23.851608 Runner(Flutter)[2657] <Notice>: dartnative: ##BENCH## {"tag":"feed1000","t_us":1790242163851528,"ev":"page_build","i":887}
Sep 24 15:14:23.851717 Runner(Flutter)[2657] <Notice>: dartnative: ##BENCH## {"tag":"feed1000","t_us":1790242163851661,"ev":"page_build","i":888}
Sep 24 15:14:23.851732 Runner(Flutter)[2657] <Notice>: dartnative: ##BENCH## {"tag":"feed1000","t_us":1790242163851694,"ev":"page_build","i":889}
Sep 24 15:14:23.851769 Runner(Flutter)[2657] <Notice>: dartnative: ##BENCH## {"tag":"feed1000","t_us":1790242163851725,"ev":"page_build","i":890}
Sep 24 15:14:23.851838 Runner(Flutter)[2657] <Notice>: dartnative: ##BENCH## {"tag":"feed1000","t_us":1790242163851798,"ev":"page_build","i":891}
Sep 24 15:14:23.851917 Runner(Flutter)[2657] <Notice>: dartnative: ##BENCH## {"tag":"feed1000","t_us":1790242163851845,"ev":"page_build","i":892}
Sep 24 15:14:23.852016 Runner(Flutter)[2657] <Notice>: dartnative: ##BENCH## {"tag":"feed1000","t_us":1790242163851959,"ev":"page_build","i":893}
Sep 24 15:14:23.852033 Runner(Flutter)[2657] <Notice>: dartnative: ##BENCH## {"tag":"feed1000","t_us":1790242163851992,"ev":"page_build","i":894}
Sep 24 15:14:23.852129 Runner(Flutter)[2657] <Notice>: dartnative: ##BENCH## {"tag":"feed1000","t_us":1790242163852023,"ev":"page_build","i":895}
Sep 24 15:14:23.852138 Runner(Flutter)[2657] <Notice>: dartnative: ##BENCH## {"tag":"feed1000","t_us":1790242163852068,"ev":"page_build","i":896}
Sep 24 15:14:23.852177 Runner(Flutter)[2657] <Notice>: dartnative: ##BENCH## {"tag":"feed1000","t_us":1790242163852103,"ev":"page_build","i":897}
Sep 24 15:14:23.852248 Runner(Flutter)[2657] <Notice>: dartnative: ##BENCH## {"tag":"feed1000","t_us":1790242163852137,"ev":"page_build","i":898}
Sep 24 15:14:23.852355 Runner(Flutter)[2657] <Notice>: dartnative: ##BENCH## {"tag":"feed1000","t_us":1790242163852231,"ev":"page_build","i":899}
Sep 24 15:14:23.852367 Runner(Flutter)[2657] <Notice>: dartnative: ##BENCH## {"tag":"feed1000","t_us":1790242163852322,"ev":"page_build","i":900}
Sep 24 15:14:23.852419 Runner(Flutter)[2657] <Notice>: dartnative: ##BENCH## {"tag":"feed1000","t_us":1790242163852353,"ev":"page_build","i":901}
Sep 24 15:14:23.852429 Runner(Flutter)[2657] <Notice>: dartnative: ##BENCH## {"tag":"feed1000","t_us":1790242163852385,"ev":"page_build","i":902}
Sep 24 15:14:23.852448 Runner(Flutter)[2657] <Notice>: dartnative: ##BENCH## {"tag":"feed1000","t_us":1790242163852415,"ev":"page_build","i":903}
Sep 24 15:14:23.854531 Runner(Flutter)[2657] <Notice>: dartnative: ##BENCH## {"tag":"feed1000","t_us":1790242163854462,"ev":"page_build","i":904}
Sep 24 15:14:23.854677 Runner(Flutter)[2657] <Notice>: dartnative: ##BENCH## {"tag":"feed1000","t_us":1790242163854524,"ev":"page_build","i":905}
Sep 24 15:14:23.854693 Runner(Flutter)[2657] <Notice>: dartnative: ##BENCH## {"tag":"feed1000","t_us":1790242163854570,"ev":"page_build","i":906}
Sep 24 15:14:23.854701 Runner(Flutter)[2657] <Notice>: dartnative: ##BENCH## {"tag":"feed1000","t_us":1790242163854608,"ev":"page_build","i":907}
Sep 24 15:14:23.854708 Runner(Flutter)[2657] <Notice>: dartnative: ##BENCH## {"tag":"feed1000","t_us":1790242163854642,"ev":"page_build","i":908}
Sep 24 15:14:23.854785 Runner(Flutter)[2657] <Notice>: dartnative: ##BENCH## {"tag":"feed1000","t_us":1790242163854674,"ev":"page_build","i":909}
Sep 24 15:14:23.854803 Runner(Flutter)[2657] <Notice>: dartnative: ##BENCH## {"tag":"feed1000","t_us":1790242163854738,"ev":"page_build","i":910}
Sep 24 15:14:23.854842 Runner(Flutter)[2657] <Notice>: dartnative: ##BENCH## {"tag":"feed1000","t_us":1790242163854785,"ev":"page_build","i":911}
Sep 24 15:14:23.854899 Runner(Flutter)[2657] <Notice>: dartnative: ##BENCH## {"tag":"feed1000","t_us":1790242163854851,"ev":"page_build","i":912}
Sep 24 15:14:23.854964 Runner(Flutter)[2657] <Notice>: dartnative: ##BENCH## {"tag":"feed1000","t_us":1790242163854900,"ev":"page_build","i":913}
Sep 24 15:14:23.855044 Runner(Flutter)[2657] <Notice>: dartnative: ##BENCH## {"tag":"feed1000","t_us":1790242163854957,"ev":"page_build","i":914}
Sep 24 15:14:23.855060 Runner(Flutter)[2657] <Notice>: dartnative: ##BENCH## {"tag":"feed1000","t_us":1790242163855006,"ev":"page_build","i":915}
Sep 24 15:14:23.855175 Runner(Flutter)[2657] <Notice>: dartnative: ##BENCH## {"tag":"feed1000","t_us":1790242163855057,"ev":"page_build","i":916}
Sep 24 15:14:23.855191 Runner(Flutter)[2657] <Notice>: dartnative: ##BENCH## {"tag":"feed1000","t_us":1790242163855111,"ev":"page_build","i":917}
Sep 24 15:14:23.855213 Runner(Flutter)[2657] <Notice>: dartnative: ##BENCH## {"tag":"feed1000","t_us":1790242163855142,"ev":"page_build","i":918}
Sep 24 15:14:23.855221 Runner(Flutter)[2657] <Notice>: dartnative: ##BENCH## {"tag":"feed1000","t_us":1790242163855173,"ev":"page_build","i":919}
Sep 24 15:14:23.855319 Runner(Flutter)[2657] <Notice>: dartnative: ##BENCH## {"tag":"feed1000","t_us":1790242163855241,"ev":"page_build","i":920}
Sep 24 15:14:23.855385 Runner(Flutter)[2657] <Notice>: dartnative: ##BENCH## {"tag":"feed1000","t_us":1790242163855323,"ev":"page_build","i":921}
Sep 24 15:14:23.855479 Runner(Flutter)[2657] <Notice>: dartnative: ##BENCH## {"tag":"feed1000","t_us":1790242163855435,"ev":"page_build","i":922}
Sep 24 15:14:23.855562 Runner(Flutter)[2657] <Notice>: dartnative: ##BENCH## {"tag":"feed1000","t_us":1790242163855488,"ev":"page_build","i":923}
Sep 24 15:14:23.855578 Runner(Flutter)[2657] <Notice>: dartnative: ##BENCH## {"tag":"feed1000","t_us":1790242163855545,"ev":"page_build","i":924}
Sep 24 15:14:23.855657 Runner(Flutter)[2657] <Notice>: dartnative: ##BENCH## {"tag":"feed1000","t_us":1790242163855576,"ev":"page_build","i":925}
Sep 24 15:14:23.855703 Runner(Flutter)[2657] <Notice>: dartnative: ##BENCH## {"tag":"feed1000","t_us":1790242163855653,"ev":"page_build","i":926}
Sep 24 15:14:23.855783 Runner(Flutter)[2657] <Notice>: dartnative: ##BENCH## {"tag":"feed1000","t_us":1790242163855709,"ev":"page_build","i":927}
Sep 24 15:14:23.855847 Runner(Flutter)[2657] <Notice>: dartnative: ##BENCH## {"tag":"feed1000","t_us":1790242163855775,"ev":"page_build","i":928}
Sep 24 15:14:23.855968 Runner(Flutter)[2657] <Notice>: dartnative: ##BENCH## {"tag":"feed1000","t_us":1790242163855829,"ev":"page_build","i":929}
Sep 24 15:14:23.856002 Runner(Flutter)[2657] <Notice>: dartnative: ##BENCH## {"tag":"feed1000","t_us":1790242163855885,"ev":"page_build","i":930}
Sep 24 15:14:23.856017 Runner(Flutter)[2657] <Notice>: dartnative: ##BENCH## {"tag":"feed1000","t_us":1790242163855923,"ev":"page_build","i":931}
Sep 24 15:14:23.856073 Runner(Flutter)[2657] <Notice>: dartnative: ##BENCH## {"tag":"feed1000","t_us":1790242163855954,"ev":"page_build","i":932}
Sep 24 15:14:23.856083 Runner(Flutter)[2657] <Notice>: dartnative: ##BENCH## {"tag":"feed1000","t_us":1790242163856032,"ev":"page_build","i":933}
Sep 24 15:14:23.856113 Runner(Flutter)[2657] <Notice>: dartnative: ##BENCH## {"tag":"feed1000","t_us":1790242163856063,"ev":"page_build","i":934}
Sep 24 15:14:23.856178 Runner(Flutter)[2657] <Notice>: dartnative: ##BENCH## {"tag":"feed1000","t_us":1790242163856097,"ev":"page_build","i":935}
Sep 24 15:14:23.856284 Runner(Flutter)[2657] <Notice>: dartnative: ##BENCH## {"tag":"feed1000","t_us":1790242163856189,"ev":"page_build","i":936}
Sep 24 15:14:23.856370 Runner(Flutter)[2657] <Notice>: dartnative: ##BENCH## {"tag":"feed1000","t_us":1790242163856258,"ev":"page_build","i":937}
Sep 24 15:14:23.856388 Runner(Flutter)[2657] <Notice>: dartnative: ##BENCH## {"tag":"feed1000","t_us":1790242163856289,"ev":"page_build","i":938}
Sep 24 15:14:23.856404 Runner(Flutter)[2657] <Notice>: dartnative: ##BENCH## {"tag":"feed1000","t_us":1790242163856347,"ev":"page_build","i":939}
Sep 24 15:14:23.856468 Runner(Flutter)[2657] <Notice>: dartnative: ##BENCH## {"tag":"feed1000","t_us":1790242163856379,"ev":"page_build","i":940}
Sep 24 15:14:23.856493 Runner(Flutter)[2657] <Notice>: dartnative: ##BENCH## {"tag":"feed1000","t_us":1790242163856443,"ev":"page_build","i":941}
Sep 24 15:14:23.856622 Runner(Flutter)[2657] <Notice>: dartnative: ##BENCH## {"tag":"feed1000","t_us":1790242163856515,"ev":"page_build","i":942}
Sep 24 15:14:23.856638 Runner(Flutter)[2657] <Notice>: dartnative: ##BENCH## {"tag":"feed1000","t_us":1790242163856558,"ev":"page_build","i":943}
Sep 24 15:14:23.856647 Runner(Flutter)[2657] <Notice>: dartnative: ##BENCH## {"tag":"feed1000","t_us":1790242163856589,"ev":"page_build","i":944}
Sep 24 15:14:23.856655 Runner(Flutter)[2657] <Notice>: dartnative: ##BENCH## {"tag":"feed1000","t_us":1790242163856620,"ev":"page_build","i":945}
Sep 24 15:14:23.856839 Runner(Flutter)[2657] <Notice>: dartnative: ##BENCH## {"tag":"feed1000","t_us":1790242163856704,"ev":"page_build","i":946}
Sep 24 15:14:23.856858 Runner(Flutter)[2657] <Notice>: dartnative: ##BENCH## {"tag":"feed1000","t_us":1790242163856748,"ev":"page_build","i":947}
Sep 24 15:14:23.856927 Runner(Flutter)[2657] <Notice>: dartnative: ##BENCH## {"tag":"feed1000","t_us":1790242163856778,"ev":"page_build","i":948}
Sep 24 15:14:23.856943 Runner(Flutter)[2657] <Notice>: dartnative: ##BENCH## {"tag":"feed1000","t_us":1790242163856807,"ev":"page_build","i":949}
Sep 24 15:14:23.856967 Runner(Flutter)[2657] <Notice>: dartnative: ##BENCH## {"tag":"feed1000","t_us":1790242163856839,"ev":"page_build","i":950}
Sep 24 15:14:23.856976 Runner(Flutter)[2657] <Notice>: dartnative: ##BENCH## {"tag":"feed1000","t_us":1790242163856892,"ev":"page_build","i":951}
Sep 24 15:14:23.857059 Runner(Flutter)[2657] <Notice>: dartnative: ##BENCH## {"tag":"feed1000","t_us":1790242163856922,"ev":"page_build","i":952}
Sep 24 15:14:23.857078 Runner(Flutter)[2657] <Notice>: dartnative: ##BENCH## {"tag":"feed1000","t_us":1790242163857009,"ev":"page_build","i":953}
Sep 24 15:14:23.857111 Runner(Flutter)[2657] <Notice>: dartnative: ##BENCH## {"tag":"feed1000","t_us":1790242163857066,"ev":"page_build","i":954}
Sep 24 15:14:23.857208 Runner(Flutter)[2657] <Notice>: dartnative: ##BENCH## {"tag":"feed1000","t_us":1790242163857178,"ev":"page_build","i":955}
Sep 24 15:14:23.857283 Runner(Flutter)[2657] <Notice>: dartnative: ##BENCH## {"tag":"feed1000","t_us":1790242163857215,"ev":"page_build","i":956}
Sep 24 15:14:23.857337 Runner(Flutter)[2657] <Notice>: dartnative: ##BENCH## {"tag":"feed1000","t_us":1790242163857275,"ev":"page_build","i":957}
Sep 24 15:14:23.857393 Runner(Flutter)[2657] <Notice>: dartnative: ##BENCH## {"tag":"feed1000","t_us":1790242163857329,"ev":"page_build","i":958}
Sep 24 15:14:23.857471 Runner(Flutter)[2657] <Notice>: dartnative: ##BENCH## {"tag":"feed1000","t_us":1790242163857396,"ev":"page_build","i":959}
Sep 24 15:14:23.857526 Runner(Flutter)[2657] <Notice>: dartnative: ##BENCH## {"tag":"feed1000","t_us":1790242163857455,"ev":"page_build","i":960}
Sep 24 15:14:23.857542 Runner(Flutter)[2657] <Notice>: dartnative: ##BENCH## {"tag":"feed1000","t_us":1790242163857507,"ev":"page_build","i":961}
Sep 24 15:14:23.857655 Runner(Flutter)[2657] <Notice>: dartnative: ##BENCH## {"tag":"feed1000","t_us":1790242163857568,"ev":"page_build","i":962}
Sep 24 15:14:23.857672 Runner(Flutter)[2657] <Notice>: dartnative: ##BENCH## {"tag":"feed1000","t_us":1790242163857606,"ev":"page_build","i":963}
Sep 24 15:14:23.857692 Runner(Flutter)[2657] <Notice>: dartnative: ##BENCH## {"tag":"feed1000","t_us":1790242163857641,"ev":"page_build","i":964}
Sep 24 15:14:23.857749 Runner(Flutter)[2657] <Notice>: dartnative: ##BENCH## {"tag":"feed1000","t_us":1790242163857670,"ev":"page_build","i":965}
Sep 24 15:14:23.857804 Runner(Flutter)[2657] <Notice>: dartnative: ##BENCH## {"tag":"feed1000","t_us":1790242163857754,"ev":"page_build","i":966}
Sep 24 15:14:23.857872 Runner(Flutter)[2657] <Notice>: dartnative: ##BENCH## {"tag":"feed1000","t_us":1790242163857813,"ev":"page_build","i":967}
Sep 24 15:14:23.857948 Runner(Flutter)[2657] <Notice>: dartnative: ##BENCH## {"tag":"feed1000","t_us":1790242163857880,"ev":"page_build","i":968}
Sep 24 15:14:23.857965 Runner(Flutter)[2657] <Notice>: dartnative: ##BENCH## {"tag":"feed1000","t_us":1790242163857923,"ev":"page_build","i":969}
Sep 24 15:14:23.857988 Runner(Flutter)[2657] <Notice>: dartnative: ##BENCH## {"tag":"feed1000","t_us":1790242163857955,"ev":"page_build","i":970}
Sep 24 15:14:23.858076 Runner(Flutter)[2657] <Notice>: dartnative: ##BENCH## {"tag":"feed1000","t_us":1790242163858021,"ev":"page_build","i":971}
Sep 24 15:14:23.858099 Runner(Flutter)[2657] <Notice>: dartnative: ##BENCH## {"tag":"feed1000","t_us":1790242163858054,"ev":"page_build","i":972}
Sep 24 15:14:23.858164 Runner(Flutter)[2657] <Notice>: dartnative: ##BENCH## {"tag":"feed1000","t_us":1790242163858085,"ev":"page_build","i":973}
Sep 24 15:14:23.858178 Runner(Flutter)[2657] <Notice>: dartnative: ##BENCH## {"tag":"feed1000","t_us":1790242163858134,"ev":"page_build","i":974}
Sep 24 15:14:23.858214 Runner(Flutter)[2657] <Notice>: dartnative: ##BENCH## {"tag":"feed1000","t_us":1790242163858169,"ev":"page_build","i":975}
Sep 24 15:14:23.858269 Runner(Flutter)[2657] <Notice>: dartnative: ##BENCH## {"tag":"feed1000","t_us":1790242163858222,"ev":"page_build","i":976}
Sep 24 15:14:23.858322 Runner(Flutter)[2657] <Notice>: dartnative: ##BENCH## {"tag":"feed1000","t_us":1790242163858268,"ev":"page_build","i":977}
Sep 24 15:14:23.858369 Runner(Flutter)[2657] <Notice>: dartnative: ##BENCH## {"tag":"feed1000","t_us":1790242163858310,"ev":"page_build","i":978}
Sep 24 15:14:23.858419 Runner(Flutter)[2657] <Notice>: dartnative: ##BENCH## {"tag":"feed1000","t_us":1790242163858371,"ev":"page_build","i":979}
Sep 24 15:14:23.858472 Runner(Flutter)[2657] <Notice>: dartnative: ##BENCH## {"tag":"feed1000","t_us":1790242163858404,"ev":"page_build","i":980}
Sep 24 15:14:23.858512 Runner(Flutter)[2657] <Notice>: dartnative: ##BENCH## {"tag":"feed1000","t_us":1790242163858471,"ev":"page_build","i":981}
Sep 24 15:14:23.858559 Runner(Flutter)[2657] <Notice>: dartnative: ##BENCH## {"tag":"feed1000","t_us":1790242163858510,"ev":"page_build","i":982}
Sep 24 15:14:23.858619 Runner(Flutter)[2657] <Notice>: dartnative: ##BENCH## {"tag":"feed1000","t_us":1790242163858564,"ev":"page_build","i":983}
Sep 24 15:14:23.858675 Runner(Flutter)[2657] <Notice>: dartnative: ##BENCH## {"tag":"feed1000","t_us":1790242163858617,"ev":"page_build","i":984}
Sep 24 15:14:23.858723 Runner(Flutter)[2657] <Notice>: dartnative: ##BENCH## {"tag":"feed1000","t_us":1790242163858666,"ev":"page_build","i":985}
Sep 24 15:14:23.858769 Runner(Flutter)[2657] <Notice>: dartnative: ##BENCH## {"tag":"feed1000","t_us":1790242163858721,"ev":"page_build","i":986}
Sep 24 15:14:23.858820 Runner(Flutter)[2657] <Notice>: dartnative: ##BENCH## {"tag":"feed1000","t_us":1790242163858771,"ev":"page_build","i":987}
Sep 24 15:14:23.858878 Runner(Flutter)[2657] <Notice>: dartnative: ##BENCH## {"tag":"feed1000","t_us":1790242163858823,"ev":"page_build","i":988}
Sep 24 15:14:23.858925 Runner(Flutter)[2657] <Notice>: dartnative: ##BENCH## {"tag":"feed1000","t_us":1790242163858876,"ev":"page_build","i":989}
Sep 24 15:14:23.858967 Runner(Flutter)[2657] <Notice>: dartnative: ##BENCH## {"tag":"feed1000","t_us":1790242163858919,"ev":"page_build","i":990}
Sep 24 15:14:23.859014 Runner(Flutter)[2657] <Notice>: dartnative: ##BENCH## {"tag":"feed1000","t_us":1790242163858959,"ev":"page_build","i":991}
Sep 24 15:14:23.859039 Runner(Flutter)[2657] <Notice>: dartnative: ##BENCH## {"tag":"feed1000","t_us":1790242163858993,"ev":"page_build","i":992}
Sep 24 15:14:23.859128 Runner(Flutter)[2657] <Notice>: dartnative: ##BENCH## {"tag":"feed1000","t_us":1790242163859051,"ev":"page_build","i":993}
Sep 24 15:14:23.859157 Runner(Flutter)[2657] <Notice>: dartnative: ##BENCH## {"tag":"feed1000","t_us":1790242163859099,"ev":"page_build","i":994}
Sep 24 15:14:23.859178 Runner(Flutter)[2657] <Notice>: dartnative: ##BENCH## {"tag":"feed1000","t_us":1790242163859131,"ev":"page_build","i":995}
Sep 24 15:14:23.859268 Runner(Flutter)[2657] <Notice>: dartnative: ##BENCH## {"tag":"feed1000","t_us":1790242163859211,"ev":"page_build","i":996}
Sep 24 15:14:23.859287 Runner(Flutter)[2657] <Notice>: dartnative: ##BENCH## {"tag":"feed1000","t_us":1790242163859245,"ev":"page_build","i":997}
Sep 24 15:14:23.859329 Runner(Flutter)[2657] <Notice>: dartnative: ##BENCH## {"tag":"feed1000","t_us":1790242163859274,"ev":"page_build","i":998}
Sep 24 15:14:23.859378 Runner(Flutter)[2657] <Notice>: dartnative: ##BENCH## {"tag":"feed1000","t_us":1790242163859327,"ev":"page_build","i":999}
Sep 24 15:14:23.967608 Runner(Flutter)[2657] <Notice>: dartnative: ##BENCH## {"tag":"feed1000","t_us":1790242163967561,"ev":"ctrl_ready","i":0}
Sep 24 15:14:23.967655 Runner(Flutter)[2657] <Notice>: dartnative: ##BENCH## {"tag":"feed1000","t_us":1790242163967600,"ev":"play_call","i":0}
Sep 24 15:14:23.994829 Runner(Flutter)[2657] <Notice>: dartnative: ##BENCH## {"tag":"feed1000","t_us":1790242163981445,"ev":"media_attach","i":0,"result":"attached"}
Sep 24 15:14:23.994846 Runner(Flutter)[2657] <Notice>: dartnative: ##BENCH## {"tag":"feed1000","t_us":1790242163981539,"ev":"media_event","type":"ExternalPlaybackChanged"}
Sep 24 15:14:24.020396 Runner(Flutter)[2657] <Notice>: dartnative: ##BENCH## {"tag":"feed1000","t_us":1790242163991686,"ev":"page_build","i":0}
Sep 24 15:14:24.314039 Runner(Flutter)[2657] <Notice>: dartnative: ##BENCH## {"tag":"feed1000","t_us":1790242164312267,"ev":"page_build","i":1}
Sep 24 15:14:24.314794 Runner(Flutter)[2657] <Notice>: dartnative: ##BENCH## {"tag":"feed1000","t_us":1790242164312515,"ev":"page_build","i":2}
Sep 24 15:14:24.314946 Runner(Flutter)[2657] <Notice>: dartnative: ##BENCH## {"tag":"feed1000","t_us":1790242164312575,"ev":"page_build","i":3}
Sep 24 15:14:24.315090 Runner(Flutter)[2657] <Notice>: dartnative: ##BENCH## {"tag":"feed1000","t_us":1790242164312614,"ev":"page_build","i":4}
Sep 24 15:14:24.315098 Runner(Flutter)[2657] <Notice>: dartnative: ##BENCH## {"tag":"feed1000","t_us":1790242164312648,"ev":"page_build","i":5}
Sep 24 15:14:24.315132 Runner(Flutter)[2657] <Notice>: dartnative: ##BENCH## {"tag":"feed1000","t_us":1790242164312682,"ev":"page_build","i":6}
Sep 24 15:14:24.315233 Runner(Flutter)[2657] <Notice>: dartnative: ##BENCH## {"tag":"feed1000","t_us":1790242164312716,"ev":"page_build","i":7}
Sep 24 15:14:24.315253 Runner(Flutter)[2657] <Notice>: dartnative: ##BENCH## {"tag":"feed1000","t_us":1790242164312749,"ev":"page_build","i":8}
Sep 24 15:14:24.315321 Runner(Flutter)[2657] <Notice>: dartnative: ##BENCH## {"tag":"feed1000","t_us":1790242164312896,"ev":"page_build","i":9}
Sep 24 15:14:24.315370 Runner(Flutter)[2657] <Notice>: dartnative: ##BENCH## {"tag":"feed1000","t_us":1790242164312991,"ev":"page_build","i":10}
Sep 24 15:14:24.315499 Runner(Flutter)[2657] <Notice>: dartnative: ##BENCH## {"tag":"feed1000","t_us":1790242164313080,"ev":"page_build","i":11}
Sep 24 15:14:24.315670 Runner(Flutter)[2657] <Notice>: dartnative: ##BENCH## {"tag":"feed1000","t_us":1790242164313190,"ev":"page_build","i":12}
Sep 24 15:14:24.315936 Runner(Flutter)[2657] <Notice>: dartnative: ##BENCH## {"tag":"feed1000","t_us":1790242164313223,"ev":"page_build","i":13}
Sep 24 15:14:24.315992 Runner(Flutter)[2657] <Notice>: dartnative: ##BENCH## {"tag":"feed1000","t_us":1790242164313282,"ev":"page_build","i":14}
Sep 24 15:14:24.316034 Runner(Flutter)[2657] <Notice>: dartnative: ##BENCH## {"tag":"feed1000","t_us":1790242164313341,"ev":"page_build","i":15}
Sep 24 15:14:24.316089 Runner(Flutter)[2657] <Notice>: dartnative: ##BENCH## {"tag":"feed1000","t_us":1790242164313416,"ev":"page_build","i":16}
Sep 24 15:14:24.316167 Runner(Flutter)[2657] <Notice>: dartnative: ##BENCH## {"tag":"feed1000","t_us":1790242164313449,"ev":"page_build","i":17}
Sep 24 15:14:24.316253 Runner(Flutter)[2657] <Notice>: dartnative: ##BENCH## {"tag":"feed1000","t_us":1790242164313524,"ev":"page_build","i":18}
Sep 24 15:14:24.316399 Runner(Flutter)[2657] <Notice>: dartnative: ##BENCH## {"tag":"feed1000","t_us":1790242164313600,"ev":"page_build","i":19}
Sep 24 15:14:24.316417 Runner(Flutter)[2657] <Notice>: dartnative: ##BENCH## {"tag":"feed1000","t_us":1790242164313698,"ev":"page_build","i":20}
Sep 24 15:14:24.316460 Runner(Flutter)[2657] <Notice>: dartnative: ##BENCH## {"tag":"feed1000","t_us":1790242164313773,"ev":"page_build","i":21}
Sep 24 15:14:24.316479 Runner(Flutter)[2657] <Notice>: dartnative: ##BENCH## {"tag":"feed1000","t_us":1790242164313868,"ev":"page_build","i":22}
Sep 24 15:14:24.316555 Runner(Flutter)[2657] <Notice>: dartnative: ##BENCH## {"tag":"feed1000","t_us":1790242164313979,"ev":"page_build","i":23}
Sep 24 15:14:24.316671 Runner(Flutter)[2657] <Notice>: dartnative: ##BENCH## {"tag":"feed1000","t_us":1790242164314060,"ev":"page_build","i":24}
Sep 24 15:14:24.316921 Runner(Flutter)[2657] <Notice>: dartnative: ##BENCH## {"tag":"feed1000","t_us":1790242164314171,"ev":"page_build","i":25}
Sep 24 15:14:24.316974 Runner(Flutter)[2657] <Notice>: dartnative: ##BENCH## {"tag":"feed1000","t_us":1790242164314275,"ev":"page_build","i":26}
Sep 24 15:14:24.317158 Runner(Flutter)[2657] <Notice>: dartnative: ##BENCH## {"tag":"feed1000","t_us":1790242164314361,"ev":"page_build","i":27}
Sep 24 15:14:24.317166 Runner(Flutter)[2657] <Notice>: dartnative: ##BENCH## {"tag":"feed1000","t_us":1790242164314447,"ev":"page_build","i":28}
Sep 24 15:14:24.317174 Runner(Flutter)[2657] <Notice>: dartnative: ##BENCH## {"tag":"feed1000","t_us":1790242164314539,"ev":"page_build","i":29}
Sep 24 15:14:24.317288 Runner(Flutter)[2657] <Notice>: dartnative: ##BENCH## {"tag":"feed1000","t_us":1790242164314636,"ev":"page_build","i":30}
Sep 24 15:14:24.317344 Runner(Flutter)[2657] <Notice>: dartnative: ##BENCH## {"tag":"feed1000","t_us":1790242164314792,"ev":"page_build","i":31}
Sep 24 15:14:24.317389 Runner(Flutter)[2657] <Notice>: dartnative: ##BENCH## {"tag":"feed1000","t_us":1790242164315026,"ev":"page_build","i":32}
Sep 24 15:14:24.317453 Runner(Flutter)[2657] <Notice>: dartnative: ##BENCH## {"tag":"feed1000","t_us":1790242164315241,"ev":"page_build","i":33}
Sep 24 15:14:24.317540 Runner(Flutter)[2657] <Notice>: dartnative: ##BENCH## {"tag":"feed1000","t_us":1790242164315393,"ev":"page_build","i":34}
Sep 24 15:14:24.317615 Runner(Flutter)[2657] <Notice>: dartnative: ##BENCH## {"tag":"feed1000","t_us":1790242164315464,"ev":"page_build","i":35}
Sep 24 15:14:24.317662 Runner(Flutter)[2657] <Notice>: dartnative: ##BENCH## {"tag":"feed1000","t_us":1790242164315526,"ev":"page_build","i":36}
Sep 24 15:14:24.317717 Runner(Flutter)[2657] <Notice>: dartnative: ##BENCH## {"tag":"feed1000","t_us":1790242164315606,"ev":"page_build","i":37}
Sep 24 15:14:24.317763 Runner(Flutter)[2657] <Notice>: dartnative: ##BENCH## {"tag":"feed1000","t_us":1790242164315767,"ev":"page_build","i":38}
Sep 24 15:14:24.317940 Runner(Flutter)[2657] <Notice>: dartnative: ##BENCH## {"tag":"feed1000","t_us":1790242164315943,"ev":"page_build","i":39}
Sep 24 15:14:24.317993 Runner(Flutter)[2657] <Notice>: dartnative: ##BENCH## {"tag":"feed1000","t_us":1790242164316152,"ev":"page_build","i":40}
Sep 24 15:14:24.318008 Runner(Flutter)[2657] <Notice>: dartnative: ##BENCH## {"tag":"feed1000","t_us":1790242164316402,"ev":"page_build","i":41}
Sep 24 15:14:24.318133 Runner(Flutter)[2657] <Notice>: dartnative: ##BENCH## {"tag":"feed1000","t_us":1790242164316526,"ev":"page_build","i":42}
Sep 24 15:14:24.318190 Runner(Flutter)[2657] <Notice>: dartnative: ##BENCH## {"tag":"feed1000","t_us":1790242164316627,"ev":"page_build","i":43}
Sep 24 15:14:24.318302 Runner(Flutter)[2657] <Notice>: dartnative: ##BENCH## {"tag":"feed1000","t_us":1790242164316710,"ev":"page_build","i":44}
Sep 24 15:14:24.318373 Runner(Flutter)[2657] <Notice>: dartnative: ##BENCH## {"tag":"feed1000","t_us":1790242164316829,"ev":"page_build","i":45}
Sep 24 15:14:24.318413 Runner(Flutter)[2657] <Notice>: dartnative: ##BENCH## {"tag":"feed1000","t_us":1790242164316983,"ev":"page_build","i":46}
Sep 24 15:14:24.318448 Runner(Flutter)[2657] <Notice>: dartnative: ##BENCH## {"tag":"feed1000","t_us":1790242164317095,"ev":"page_build","i":47}
Sep 24 15:14:24.318476 Runner(Flutter)[2657] <Notice>: dartnative: ##BENCH## {"tag":"feed1000","t_us":1790242164317229,"ev":"page_build","i":48}
Sep 24 15:14:24.318524 Runner(Flutter)[2657] <Notice>: dartnative: ##BENCH## {"tag":"feed1000","t_us":1790242164317369,"ev":"page_build","i":49}
Sep 24 15:14:24.318551 Runner(Flutter)[2657] <Notice>: dartnative: ##BENCH## {"tag":"feed1000","t_us":1790242164317499,"ev":"page_build","i":50}
Sep 24 15:14:24.318560 Runner(Flutter)[2657] <Notice>: dartnative: ##BENCH## {"tag":"feed1000","t_us":1790242164317662,"ev":"page_build","i":51}
Sep 24 15:14:24.318574 Runner(Flutter)[2657] <Notice>: dartnative: ##BENCH## {"tag":"feed1000","t_us":1790242164317879,"ev":"page_build","i":52}
Sep 24 15:14:24.318606 Runner(Flutter)[2657] <Notice>: dartnative: ##BENCH## {"tag":"feed1000","t_us":1790242164317991,"ev":"page_build","i":53}
Sep 24 15:14:24.320008 Runner(Flutter)[2657] <Notice>: dartnative: ##BENCH## {"tag":"feed1000","t_us":1790242164318077,"ev":"page_build","i":54}
Sep 24 15:14:24.320148 Runner(Flutter)[2657] <Notice>: dartnative: ##BENCH## {"tag":"feed1000","t_us":1790242164318160,"ev":"page_build","i":55}
Sep 24 15:14:24.320175 Runner(Flutter)[2657] <Notice>: dartnative: ##BENCH## {"tag":"feed1000","t_us":1790242164318258,"ev":"page_build","i":56}
Sep 24 15:14:24.320185 Runner(Flutter)[2657] <Notice>: dartnative: ##BENCH## {"tag":"feed1000","t_us":1790242164318327,"ev":"page_build","i":57}
Sep 24 15:14:24.320193 Runner(Flutter)[2657] <Notice>: dartnative: ##BENCH## {"tag":"feed1000","t_us":1790242164318417,"ev":"page_build","i":58}
Sep 24 15:14:24.320211 Runner(Flutter)[2657] <Notice>: dartnative: ##BENCH## {"tag":"feed1000","t_us":1790242164318448,"ev":"page_build","i":59}
Sep 24 15:14:24.320223 Runner(Flutter)[2657] <Notice>: dartnative: ##BENCH## {"tag":"feed1000","t_us":1790242164318515,"ev":"page_build","i":60}
Sep 24 15:14:24.320232 Runner(Flutter)[2657] <Notice>: dartnative: ##BENCH## {"tag":"feed1000","t_us":1790242164318585,"ev":"page_build","i":61}
Sep 24 15:14:24.320240 Runner(Flutter)[2657] <Notice>: dartnative: ##BENCH## {"tag":"feed1000","t_us":1790242164318686,"ev":"page_build","i":62}
Sep 24 15:14:24.320248 Runner(Flutter)[2657] <Notice>: dartnative: ##BENCH## {"tag":"feed1000","t_us":1790242164318770,"ev":"page_build","i":63}
Sep 24 15:14:24.320256 Runner(Flutter)[2657] <Notice>: dartnative: ##BENCH## {"tag":"feed1000","t_us":1790242164318843,"ev":"page_build","i":64}
Sep 24 15:14:24.320345 Runner(Flutter)[2657] <Notice>: dartnative: ##BENCH## {"tag":"feed1000","t_us":1790242164318874,"ev":"page_build","i":65}
Sep 24 15:14:24.320369 Runner(Flutter)[2657] <Notice>: dartnative: ##BENCH## {"tag":"feed1000","t_us":1790242164318906,"ev":"page_build","i":66}
Sep 24 15:14:24.320401 Runner(Flutter)[2657] <Notice>: dartnative: ##BENCH## {"tag":"feed1000","t_us":1790242164318937,"ev":"page_build","i":67}
Sep 24 15:14:24.320445 Runner(Flutter)[2657] <Notice>: dartnative: ##BENCH## {"tag":"feed1000","t_us":1790242164318966,"ev":"page_build","i":68}
Sep 24 15:14:24.320453 Runner(Flutter)[2657] <Notice>: dartnative: ##BENCH## {"tag":"feed1000","t_us":1790242164318997,"ev":"page_build","i":69}
Sep 24 15:14:24.320497 Runner(Flutter)[2657] <Notice>: dartnative: ##BENCH## {"tag":"feed1000","t_us":1790242164319050,"ev":"page_build","i":70}
Sep 24 15:14:24.320527 Runner(Flutter)[2657] <Notice>: dartnative: ##BENCH## {"tag":"feed1000","t_us":1790242164319080,"ev":"page_build","i":71}
Sep 24 15:14:24.320562 Runner(Flutter)[2657] <Notice>: dartnative: ##BENCH## {"tag":"feed1000","t_us":1790242164319127,"ev":"page_build","i":72}
Sep 24 15:14:24.320575 Runner(Flutter)[2657] <Notice>: dartnative: ##BENCH## {"tag":"feed1000","t_us":1790242164319215,"ev":"page_build","i":73}
Sep 24 15:14:24.320599 Runner(Flutter)[2657] <Notice>: dartnative: ##BENCH## {"tag":"feed1000","t_us":1790242164319291,"ev":"page_build","i":74}
Sep 24 15:14:24.320624 Runner(Flutter)[2657] <Notice>: dartnative: ##BENCH## {"tag":"feed1000","t_us":1790242164319355,"ev":"page_build","i":75}
Sep 24 15:14:24.320661 Runner(Flutter)[2657] <Notice>: dartnative: ##BENCH## {"tag":"feed1000","t_us":1790242164319439,"ev":"page_build","i":76}
Sep 24 15:14:24.321258 Runner(Flutter)[2657] <Notice>: dartnative: ##BENCH## {"tag":"feed1000","t_us":1790242164319470,"ev":"page_build","i":77}
Sep 24 15:14:24.321934 Runner(Flutter)[2657] <Notice>: dartnative: ##BENCH## {"tag":"feed1000","t_us":1790242164319574,"ev":"page_build","i":78}
Sep 24 15:14:24.322017 Runner(Flutter)[2657] <Notice>: dartnative: ##BENCH## {"tag":"feed1000","t_us":1790242164319662,"ev":"page_build","i":79}
Sep 24 15:14:24.322102 Runner(Flutter)[2657] <Notice>: dartnative: ##BENCH## {"tag":"feed1000","t_us":1790242164319739,"ev":"page_build","i":80}
Sep 24 15:14:24.322176 Runner(Flutter)[2657] <Notice>: dartnative: ##BENCH## {"tag":"feed1000","t_us":1790242164319828,"ev":"page_build","i":81}
Sep 24 15:14:24.322214 Runner(Flutter)[2657] <Notice>: dartnative: ##BENCH## {"tag":"feed1000","t_us":1790242164319916,"ev":"page_build","i":82}
Sep 24 15:14:24.322259 Runner(Flutter)[2657] <Notice>: dartnative: ##BENCH## {"tag":"feed1000","t_us":1790242164319984,"ev":"page_build","i":83}
Sep 24 15:14:24.322269 Runner(Flutter)[2657] <Notice>: dartnative: ##BENCH## {"tag":"feed1000","t_us":1790242164320110,"ev":"page_build","i":84}
Sep 24 15:14:24.322332 Runner(Flutter)[2657] <Notice>: dartnative: ##BENCH## {"tag":"feed1000","t_us":1790242164320189,"ev":"page_build","i":85}
Sep 24 15:14:24.322382 Runner(Flutter)[2657] <Notice>: dartnative: ##BENCH## {"tag":"feed1000","t_us":1790242164320353,"ev":"page_build","i":86}
Sep 24 15:14:24.322404 Runner(Flutter)[2657] <Notice>: dartnative: ##BENCH## {"tag":"feed1000","t_us":1790242164320523,"ev":"page_build","i":87}
Sep 24 15:14:24.322411 Runner(Flutter)[2657] <Notice>: dartnative: ##BENCH## {"tag":"feed1000","t_us":1790242164320735,"ev":"page_build","i":88}
Sep 24 15:14:24.322430 Runner(Flutter)[2657] <Notice>: dartnative: ##BENCH## {"tag":"feed1000","t_us":1790242164320924,"ev":"page_build","i":89}
Sep 24 15:14:24.322497 Runner(Flutter)[2657] <Notice>: dartnative: ##BENCH## {"tag":"feed1000","t_us":1790242164321038,"ev":"page_build","i":90}
Sep 24 15:14:24.322518 Runner(Flutter)[2657] <Notice>: dartnative: ##BENCH## {"tag":"feed1000","t_us":1790242164321181,"ev":"page_build","i":91}
Sep 24 15:14:24.322537 Runner(Flutter)[2657] <Notice>: dartnative: ##BENCH## {"tag":"feed1000","t_us":1790242164321215,"ev":"page_build","i":92}
Sep 24 15:14:24.322547 Runner(Flutter)[2657] <Notice>: dartnative: ##BENCH## {"tag":"feed1000","t_us":1790242164321394,"ev":"page_build","i":93}
Sep 24 15:14:24.322595 Runner(Flutter)[2657] <Notice>: dartnative: ##BENCH## {"tag":"feed1000","t_us":1790242164321481,"ev":"page_build","i":94}
Sep 24 15:14:24.322648 Runner(Flutter)[2657] <Notice>: dartnative: ##BENCH## {"tag":"feed1000","t_us":1790242164321558,"ev":"page_build","i":95}
Sep 24 15:14:24.322710 Runner(Flutter)[2657] <Notice>: dartnative: ##BENCH## {"tag":"feed1000","t_us":1790242164321589,"ev":"page_build","i":96}
Sep 24 15:14:24.322744 Runner(Flutter)[2657] <Notice>: dartnative: ##BENCH## {"tag":"feed1000","t_us":1790242164321638,"ev":"page_build","i":97}
Sep 24 15:14:24.322764 Runner(Flutter)[2657] <Notice>: dartnative: ##BENCH## {"tag":"feed1000","t_us":1790242164321738,"ev":"page_build","i":98}
Sep 24 15:14:24.322784 Runner(Flutter)[2657] <Notice>: dartnative: ##BENCH## {"tag":"feed1000","t_us":1790242164321845,"ev":"page_build","i":99}
Sep 24 15:14:24.322823 Runner(Flutter)[2657] <Notice>: dartnative: ##BENCH## {"tag":"feed1000","t_us":1790242164321898,"ev":"page_build","i":100}
Sep 24 15:14:24.322842 Runner(Flutter)[2657] <Notice>: dartnative: ##BENCH## {"tag":"feed1000","t_us":1790242164321962,"ev":"page_build","i":101}
Sep 24 15:14:24.322864 Runner(Flutter)[2657] <Notice>: dartnative: ##BENCH## {"tag":"feed1000","t_us":1790242164322074,"ev":"page_build","i":102}
Sep 24 15:14:24.322884 Runner(Flutter)[2657] <Notice>: dartnative: ##BENCH## {"tag":"feed1000","t_us":1790242164322122,"ev":"page_build","i":103}
Sep 24 15:14:24.322904 Runner(Flutter)[2657] <Notice>: dartnative: ##BENCH## {"tag":"feed1000","t_us":1790242164322224,"ev":"page_build","i":104}
Sep 24 15:14:24.322913 Runner(Flutter)[2657] <Notice>: dartnative: ##BENCH## {"tag":"feed1000","t_us":1790242164322327,"ev":"page_build","i":105}
Sep 24 15:14:24.322921 Runner(Flutter)[2657] <Notice>: dartnative: ##BENCH## {"tag":"feed1000","t_us":1790242164322359,"ev":"page_build","i":106}
Sep 24 15:14:24.322930 Runner(Flutter)[2657] <Notice>: dartnative: ##BENCH## {"tag":"feed1000","t_us":1790242164322446,"ev":"page_build","i":107}
Sep 24 15:14:24.322943 Runner(Flutter)[2657] <Notice>: dartnative: ##BENCH## {"tag":"feed1000","t_us":1790242164322477,"ev":"page_build","i":108}
Sep 24 15:14:24.322952 Runner(Flutter)[2657] <Notice>: dartnative: ##BENCH## {"tag":"feed1000","t_us":1790242164322508,"ev":"page_build","i":109}
Sep 24 15:14:24.322986 Runner(Flutter)[2657] <Notice>: dartnative: ##BENCH## {"tag":"feed1000","t_us":1790242164322590,"ev":"page_build","i":110}
Sep 24 15:14:24.323010 Runner(Flutter)[2657] <Notice>: dartnative: ##BENCH## {"tag":"feed1000","t_us":1790242164322640,"ev":"page_build","i":111}
Sep 24 15:14:24.323021 Runner(Flutter)[2657] <Notice>: dartnative: ##BENCH## {"tag":"feed1000","t_us":1790242164322672,"ev":"page_build","i":112}
Sep 24 15:14:24.323029 Runner(Flutter)[2657] <Notice>: dartnative: ##BENCH## {"tag":"feed1000","t_us":1790242164322722,"ev":"page_build","i":113}
Sep 24 15:14:24.323037 Runner(Flutter)[2657] <Notice>: dartnative: ##BENCH## {"tag":"feed1000","t_us":1790242164322793,"ev":"page_build","i":114}
Sep 24 15:14:24.323046 Runner(Flutter)[2657] <Notice>: dartnative: ##BENCH## {"tag":"feed1000","t_us":1790242164322848,"ev":"page_build","i":115}
Sep 24 15:14:24.323088 Runner(Flutter)[2657] <Notice>: dartnative: ##BENCH## {"tag":"feed1000","t_us":1790242164322900,"ev":"page_build","i":116}
Sep 24 15:14:24.323126 Runner(Flutter)[2657] <Notice>: dartnative: ##BENCH## {"tag":"feed1000","t_us":1790242164322953,"ev":"page_build","i":117}
Sep 24 15:14:24.323162 Runner(Flutter)[2657] <Notice>: dartnative: ##BENCH## {"tag":"feed1000","t_us":1790242164323021,"ev":"page_build","i":118}
Sep 24 15:14:24.323192 Runner(Flutter)[2657] <Notice>: dartnative: ##BENCH## {"tag":"feed1000","t_us":1790242164323051,"ev":"page_build","i":119}
Sep 24 15:14:24.323259 Runner(Flutter)[2657] <Notice>: dartnative: ##BENCH## {"tag":"feed1000","t_us":1790242164323133,"ev":"page_build","i":120}
Sep 24 15:14:24.323284 Runner(Flutter)[2657] <Notice>: dartnative: ##BENCH## {"tag":"feed1000","t_us":1790242164323165,"ev":"page_build","i":121}
Sep 24 15:14:24.323340 Runner(Flutter)[2657] <Notice>: dartnative: ##BENCH## {"tag":"feed1000","t_us":1790242164323260,"ev":"page_build","i":122}
Sep 24 15:14:24.323378 Runner(Flutter)[2657] <Notice>: dartnative: ##BENCH## {"tag":"feed1000","t_us":1790242164323316,"ev":"page_build","i":123}
Sep 24 15:14:24.323439 Runner(Flutter)[2657] <Notice>: dartnative: ##BENCH## {"tag":"feed1000","t_us":1790242164323349,"ev":"page_build","i":124}
Sep 24 15:14:24.323474 Runner(Flutter)[2657] <Notice>: dartnative: ##BENCH## {"tag":"feed1000","t_us":1790242164323434,"ev":"page_build","i":125}
Sep 24 15:14:24.323564 Runner(Flutter)[2657] <Notice>: dartnative: ##BENCH## {"tag":"feed1000","t_us":1790242164323507,"ev":"page_build","i":126}
Sep 24 15:14:24.323866 Runner(Flutter)[2657] <Notice>: dartnative: ##BENCH## {"tag":"feed1000","t_us":1790242164323806,"ev":"page_build","i":127}
Sep 24 15:14:24.323907 Runner(Flutter)[2657] <Notice>: dartnative: ##BENCH## {"tag":"feed1000","t_us":1790242164323843,"ev":"page_build","i":128}
Sep 24 15:14:24.323958 Runner(Flutter)[2657] <Notice>: dartnative: ##BENCH## {"tag":"feed1000","t_us":1790242164323871,"ev":"page_build","i":129}
Sep 24 15:14:24.323991 Runner(Flutter)[2657] <Notice>: dartnative: ##BENCH## {"tag":"feed1000","t_us":1790242164323944,"ev":"page_build","i":130}
Sep 24 15:14:24.324097 Runner(Flutter)[2657] <Notice>: dartnative: ##BENCH## {"tag":"feed1000","t_us":1790242164324002,"ev":"page_build","i":131}
Sep 24 15:14:24.324133 Runner(Flutter)[2657] <Notice>: dartnative: ##BENCH## {"tag":"feed1000","t_us":1790242164324051,"ev":"page_build","i":132}
Sep 24 15:14:24.324169 Runner(Flutter)[2657] <Notice>: dartnative: ##BENCH## {"tag":"feed1000","t_us":1790242164324086,"ev":"page_build","i":133}
Sep 24 15:14:24.324223 Runner(Flutter)[2657] <Notice>: dartnative: ##BENCH## {"tag":"feed1000","t_us":1790242164324136,"ev":"page_build","i":134}
Sep 24 15:14:24.324359 Runner(Flutter)[2657] <Notice>: dartnative: ##BENCH## {"tag":"feed1000","t_us":1790242164324211,"ev":"page_build","i":135}
Sep 24 15:14:24.324568 Runner(Flutter)[2657] <Notice>: dartnative: ##BENCH## {"tag":"feed1000","t_us":1790242164324246,"ev":"page_build","i":136}
Sep 24 15:14:24.324648 Runner(Flutter)[2657] <Notice>: dartnative: ##BENCH## {"tag":"feed1000","t_us":1790242164324293,"ev":"page_build","i":137}
Sep 24 15:14:24.324723 Runner(Flutter)[2657] <Notice>: dartnative: ##BENCH## {"tag":"feed1000","t_us":1790242164324323,"ev":"page_build","i":138}
Sep 24 15:14:24.324799 Runner(Flutter)[2657] <Notice>: dartnative: ##BENCH## {"tag":"feed1000","t_us":1790242164324355,"ev":"page_build","i":139}
Sep 24 15:14:24.324876 Runner(Flutter)[2657] <Notice>: dartnative: ##BENCH## {"tag":"feed1000","t_us":1790242164324404,"ev":"page_build","i":140}
Sep 24 15:14:24.324938 Runner(Flutter)[2657] <Notice>: dartnative: ##BENCH## {"tag":"feed1000","t_us":1790242164324436,"ev":"page_build","i":141}
Sep 24 15:14:24.325017 Runner(Flutter)[2657] <Notice>: dartnative: ##BENCH## {"tag":"feed1000","t_us":1790242164324464,"ev":"page_build","i":142}
Sep 24 15:14:24.325046 Runner(Flutter)[2657] <Notice>: dartnative: ##BENCH## {"tag":"feed1000","t_us":1790242164324514,"ev":"page_build","i":143}
Sep 24 15:14:24.325096 Runner(Flutter)[2657] <Notice>: dartnative: ##BENCH## {"tag":"feed1000","t_us":1790242164324587,"ev":"page_build","i":144}
Sep 24 15:14:24.325159 Runner(Flutter)[2657] <Notice>: dartnative: ##BENCH## {"tag":"feed1000","t_us":1790242164324694,"ev":"page_build","i":145}
Sep 24 15:14:24.325211 Runner(Flutter)[2657] <Notice>: dartnative: ##BENCH## {"tag":"feed1000","t_us":1790242164324777,"ev":"page_build","i":146}
Sep 24 15:14:24.325284 Runner(Flutter)[2657] <Notice>: dartnative: ##BENCH## {"tag":"feed1000","t_us":1790242164324858,"ev":"page_build","i":147}
Sep 24 15:14:24.325342 Runner(Flutter)[2657] <Notice>: dartnative: ##BENCH## {"tag":"feed1000","t_us":1790242164324947,"ev":"page_build","i":148}
Sep 24 15:14:24.325394 Runner(Flutter)[2657] <Notice>: dartnative: ##BENCH## {"tag":"feed1000","t_us":1790242164324995,"ev":"page_build","i":149}
Sep 24 15:14:24.325435 Runner(Flutter)[2657] <Notice>: dartnative: ##BENCH## {"tag":"feed1000","t_us":1790242164325065,"ev":"page_build","i":150}
Sep 24 15:14:24.325482 Runner(Flutter)[2657] <Notice>: dartnative: ##BENCH## {"tag":"feed1000","t_us":1790242164325142,"ev":"page_build","i":151}
Sep 24 15:14:24.325533 Runner(Flutter)[2657] <Notice>: dartnative: ##BENCH## {"tag":"feed1000","t_us":1790242164325203,"ev":"page_build","i":152}
Sep 24 15:14:24.325566 Runner(Flutter)[2657] <Notice>: dartnative: ##BENCH## {"tag":"feed1000","t_us":1790242164325274,"ev":"page_build","i":153}
Sep 24 15:14:24.325614 Runner(Flutter)[2657] <Notice>: dartnative: ##BENCH## {"tag":"feed1000","t_us":1790242164325341,"ev":"page_build","i":154}
Sep 24 15:14:24.325650 Runner(Flutter)[2657] <Notice>: dartnative: ##BENCH## {"tag":"feed1000","t_us":1790242164325397,"ev":"page_build","i":155}
Sep 24 15:14:24.325684 Runner(Flutter)[2657] <Notice>: dartnative: ##BENCH## {"tag":"feed1000","t_us":1790242164325472,"ev":"page_build","i":156}
Sep 24 15:14:24.325718 Runner(Flutter)[2657] <Notice>: dartnative: ##BENCH## {"tag":"feed1000","t_us":1790242164325541,"ev":"page_build","i":157}
Sep 24 15:14:24.325758 Runner(Flutter)[2657] <Notice>: dartnative: ##BENCH## {"tag":"feed1000","t_us":1790242164325632,"ev":"page_build","i":158}
Sep 24 15:14:24.325808 Runner(Flutter)[2657] <Notice>: dartnative: ##BENCH## {"tag":"feed1000","t_us":1790242164325727,"ev":"page_build","i":159}
Sep 24 15:14:24.325926 Runner(Flutter)[2657] <Notice>: dartnative: ##BENCH## {"tag":"feed1000","t_us":1790242164325802,"ev":"page_build","i":160}
Sep 24 15:14:24.325958 Runner(Flutter)[2657] <Notice>: dartnative: ##BENCH## {"tag":"feed1000","t_us":1790242164325901,"ev":"page_build","i":161}
Sep 24 15:14:24.326056 Runner(Flutter)[2657] <Notice>: dartnative: ##BENCH## {"tag":"feed1000","t_us":1790242164325957,"ev":"page_build","i":162}
Sep 24 15:14:24.326097 Runner(Flutter)[2657] <Notice>: dartnative: ##BENCH## {"tag":"feed1000","t_us":1790242164326051,"ev":"page_build","i":163}
Sep 24 15:14:24.326193 Runner(Flutter)[2657] <Notice>: dartnative: ##BENCH## {"tag":"feed1000","t_us":1790242164326133,"ev":"page_build","i":164}
Sep 24 15:14:24.326304 Runner(Flutter)[2657] <Notice>: dartnative: ##BENCH## {"tag":"feed1000","t_us":1790242164326218,"ev":"page_build","i":165}
Sep 24 15:14:24.326349 Runner(Flutter)[2657] <Notice>: dartnative: ##BENCH## {"tag":"feed1000","t_us":1790242164326252,"ev":"page_build","i":166}
Sep 24 15:14:24.326359 Runner(Flutter)[2657] <Notice>: dartnative: ##BENCH## {"tag":"feed1000","t_us":1790242164326284,"ev":"page_build","i":167}
Sep 24 15:14:24.326446 Runner(Flutter)[2657] <Notice>: dartnative: ##BENCH## {"tag":"feed1000","t_us":1790242164326391,"ev":"page_build","i":168}
Sep 24 15:14:24.326491 Runner(Flutter)[2657] <Notice>: dartnative: ##BENCH## {"tag":"feed1000","t_us":1790242164326437,"ev":"page_build","i":169}
Sep 24 15:14:24.326567 Runner(Flutter)[2657] <Notice>: dartnative: ##BENCH## {"tag":"feed1000","t_us":1790242164326522,"ev":"page_build","i":170}
Sep 24 15:14:24.326680 Runner(Flutter)[2657] <Notice>: dartnative: ##BENCH## {"tag":"feed1000","t_us":1790242164326609,"ev":"page_build","i":171}
Sep 24 15:14:24.326744 Runner(Flutter)[2657] <Notice>: dartnative: ##BENCH## {"tag":"feed1000","t_us":1790242164326650,"ev":"page_build","i":172}
Sep 24 15:14:24.326784 Runner(Flutter)[2657] <Notice>: dartnative: ##BENCH## {"tag":"feed1000","t_us":1790242164326712,"ev":"page_build","i":173}
Sep 24 15:14:24.326927 Runner(Flutter)[2657] <Notice>: dartnative: ##BENCH## {"tag":"feed1000","t_us":1790242164326831,"ev":"page_build","i":174}
Sep 24 15:14:24.326943 Runner(Flutter)[2657] <Notice>: dartnative: ##BENCH## {"tag":"feed1000","t_us":1790242164326869,"ev":"page_build","i":175}
Sep 24 15:14:24.327044 Runner(Flutter)[2657] <Notice>: dartnative: ##BENCH## {"tag":"feed1000","t_us":1790242164326963,"ev":"page_build","i":176}
Sep 24 15:14:24.327121 Runner(Flutter)[2657] <Notice>: dartnative: ##BENCH## {"tag":"feed1000","t_us":1790242164327011,"ev":"page_build","i":177}
Sep 24 15:14:24.327161 Runner(Flutter)[2657] <Notice>: dartnative: ##BENCH## {"tag":"feed1000","t_us":1790242164327099,"ev":"page_build","i":178}
Sep 24 15:14:24.327256 Runner(Flutter)[2657] <Notice>: dartnative: ##BENCH## {"tag":"feed1000","t_us":1790242164327131,"ev":"page_build","i":179}
Sep 24 15:14:24.327392 Runner(Flutter)[2657] <Notice>: dartnative: ##BENCH## {"tag":"feed1000","t_us":1790242164327337,"ev":"page_build","i":180}
Sep 24 15:14:24.327469 Runner(Flutter)[2657] <Notice>: dartnative: ##BENCH## {"tag":"feed1000","t_us":1790242164327369,"ev":"page_build","i":181}
Sep 24 15:14:24.327548 Runner(Flutter)[2657] <Notice>: dartnative: ##BENCH## {"tag":"feed1000","t_us":1790242164327459,"ev":"page_build","i":182}
Sep 24 15:14:24.327614 Runner(Flutter)[2657] <Notice>: dartnative: ##BENCH## {"tag":"feed1000","t_us":1790242164327528,"ev":"page_build","i":183}
Sep 24 15:14:24.327705 Runner(Flutter)[2657] <Notice>: dartnative: ##BENCH## {"tag":"feed1000","t_us":1790242164327613,"ev":"page_build","i":184}
Sep 24 15:14:24.327807 Runner(Flutter)[2657] <Notice>: dartnative: ##BENCH## {"tag":"feed1000","t_us":1790242164327759,"ev":"page_build","i":185}
Sep 24 15:14:24.327834 Runner(Flutter)[2657] <Notice>: dartnative: ##BENCH## {"tag":"feed1000","t_us":1790242164327792,"ev":"page_build","i":186}
Sep 24 15:14:24.327900 Runner(Flutter)[2657] <Notice>: dartnative: ##BENCH## {"tag":"feed1000","t_us":1790242164327822,"ev":"page_build","i":187}
Sep 24 15:14:24.328025 Runner(Flutter)[2657] <Notice>: dartnative: ##BENCH## {"tag":"feed1000","t_us":1790242164327929,"ev":"page_build","i":188}
Sep 24 15:14:24.328063 Runner(Flutter)[2657] <Notice>: dartnative: ##BENCH## {"tag":"feed1000","t_us":1790242164328010,"ev":"page_build","i":189}
Sep 24 15:14:24.328184 Runner(Flutter)[2657] <Notice>: dartnative: ##BENCH## {"tag":"feed1000","t_us":1790242164328082,"ev":"page_build","i":190}
Sep 24 15:14:24.328206 Runner(Flutter)[2657] <Notice>: dartnative: ##BENCH## {"tag":"feed1000","t_us":1790242164328163,"ev":"page_build","i":191}
Sep 24 15:14:24.328319 Runner(Flutter)[2657] <Notice>: dartnative: ##BENCH## {"tag":"feed1000","t_us":1790242164328268,"ev":"page_build","i":192}
Sep 24 15:14:24.328365 Runner(Flutter)[2657] <Notice>: dartnative: ##BENCH## {"tag":"feed1000","t_us":1790242164328308,"ev":"page_build","i":193}
Sep 24 15:14:24.328435 Runner(Flutter)[2657] <Notice>: dartnative: ##BENCH## {"tag":"feed1000","t_us":1790242164328365,"ev":"page_build","i":194}
Sep 24 15:14:24.328470 Runner(Flutter)[2657] <Notice>: dartnative: ##BENCH## {"tag":"feed1000","t_us":1790242164328414,"ev":"page_build","i":195}
Sep 24 15:14:24.328504 Runner(Flutter)[2657] <Notice>: dartnative: ##BENCH## {"tag":"feed1000","t_us":1790242164328461,"ev":"page_build","i":196}
Sep 24 15:14:24.328632 Runner(Flutter)[2657] <Notice>: dartnative: ##BENCH## {"tag":"feed1000","t_us":1790242164328511,"ev":"page_build","i":197}
Sep 24 15:14:24.328680 Runner(Flutter)[2657] <Notice>: dartnative: ##BENCH## {"tag":"feed1000","t_us":1790242164328638,"ev":"page_build","i":198}
Sep 24 15:14:24.328880 Runner(Flutter)[2657] <Notice>: dartnative: ##BENCH## {"tag":"feed1000","t_us":1790242164328788,"ev":"page_build","i":199}
Sep 24 15:14:24.328924 Runner(Flutter)[2657] <Notice>: dartnative: ##BENCH## {"tag":"feed1000","t_us":1790242164328876,"ev":"page_build","i":200}
Sep 24 15:14:24.329056 Runner(Flutter)[2657] <Notice>: dartnative: ##BENCH## {"tag":"feed1000","t_us":1790242164328980,"ev":"page_build","i":201}
Sep 24 15:14:24.329142 Runner(Flutter)[2657] <Notice>: dartnative: ##BENCH## {"tag":"feed1000","t_us":1790242164329094,"ev":"page_build","i":202}
Sep 24 15:14:24.329200 Runner(Flutter)[2657] <Notice>: dartnative: ##BENCH## {"tag":"feed1000","t_us":1790242164329144,"ev":"page_build","i":203}
Sep 24 15:14:24.329344 Runner(Flutter)[2657] <Notice>: dartnative: ##BENCH## {"tag":"feed1000","t_us":1790242164329264,"ev":"page_build","i":204}
Sep 24 15:14:24.329437 Runner(Flutter)[2657] <Notice>: dartnative: ##BENCH## {"tag":"feed1000","t_us":1790242164329367,"ev":"page_build","i":205}
Sep 24 15:14:24.329558 Runner(Flutter)[2657] <Notice>: dartnative: ##BENCH## {"tag":"feed1000","t_us":1790242164329435,"ev":"page_build","i":206}
Sep 24 15:14:24.329692 Runner(Flutter)[2657] <Notice>: dartnative: ##BENCH## {"tag":"feed1000","t_us":1790242164329543,"ev":"page_build","i":207}
Sep 24 15:14:24.329828 Runner(Flutter)[2657] <Notice>: dartnative: ##BENCH## {"tag":"feed1000","t_us":1790242164329692,"ev":"page_build","i":208}
Sep 24 15:14:24.329947 Runner(Flutter)[2657] <Notice>: dartnative: ##BENCH## {"tag":"feed1000","t_us":1790242164329865,"ev":"page_build","i":209}
Sep 24 15:14:24.329988 Runner(Flutter)[2657] <Notice>: dartnative: ##BENCH## {"tag":"feed1000","t_us":1790242164329920,"ev":"page_build","i":210}
Sep 24 15:14:24.330043 Runner(Flutter)[2657] <Notice>: dartnative: ##BENCH## {"tag":"feed1000","t_us":1790242164329984,"ev":"page_build","i":211}
Sep 24 15:14:24.330090 Runner(Flutter)[2657] <Notice>: dartnative: ##BENCH## {"tag":"feed1000","t_us":1790242164330044,"ev":"page_build","i":212}
Sep 24 15:14:24.330137 Runner(Flutter)[2657] <Notice>: dartnative: ##BENCH## {"tag":"feed1000","t_us":1790242164330077,"ev":"page_build","i":213}
Sep 24 15:14:24.330191 Runner(Flutter)[2657] <Notice>: dartnative: ##BENCH## {"tag":"feed1000","t_us":1790242164330143,"ev":"page_build","i":214}
Sep 24 15:14:24.330276 Runner(Flutter)[2657] <Notice>: dartnative: ##BENCH## {"tag":"feed1000","t_us":1790242164330205,"ev":"page_build","i":215}
Sep 24 15:14:24.330399 Runner(Flutter)[2657] <Notice>: dartnative: ##BENCH## {"tag":"feed1000","t_us":1790242164330343,"ev":"page_build","i":216}
Sep 24 15:14:24.330579 Runner(Flutter)[2657] <Notice>: dartnative: ##BENCH## {"tag":"feed1000","t_us":1790242164330491,"ev":"page_build","i":217}
Sep 24 15:14:24.330689 Runner(Flutter)[2657] <Notice>: dartnative: ##BENCH## {"tag":"feed1000","t_us":1790242164330617,"ev":"page_build","i":218}
Sep 24 15:14:24.330754 Runner(Flutter)[2657] <Notice>: dartnative: ##BENCH## {"tag":"feed1000","t_us":1790242164330694,"ev":"page_build","i":219}
Sep 24 15:14:24.330804 Runner(Flutter)[2657] <Notice>: dartnative: ##BENCH## {"tag":"feed1000","t_us":1790242164330764,"ev":"page_build","i":220}
Sep 24 15:14:24.330956 Runner(Flutter)[2657] <Notice>: dartnative: ##BENCH## {"tag":"feed1000","t_us":1790242164330880,"ev":"page_build","i":221}
Sep 24 15:14:24.331153 Runner(Flutter)[2657] <Notice>: dartnative: ##BENCH## {"tag":"feed1000","t_us":1790242164331034,"ev":"page_build","i":222}
Sep 24 15:14:24.331231 Runner(Flutter)[2657] <Notice>: dartnative: ##BENCH## {"tag":"feed1000","t_us":1790242164331140,"ev":"page_build","i":223}
Sep 24 15:14:24.331318 Runner(Flutter)[2657] <Notice>: dartnative: ##BENCH## {"tag":"feed1000","t_us":1790242164331251,"ev":"page_build","i":224}
Sep 24 15:14:24.331427 Runner(Flutter)[2657] <Notice>: dartnative: ##BENCH## {"tag":"feed1000","t_us":1790242164331358,"ev":"page_build","i":225}
Sep 24 15:14:24.334716 Runner(Flutter)[2657] <Notice>: dartnative: ##BENCH## {"tag":"feed1000","t_us":1790242164334557,"ev":"page_build","i":226}
Sep 24 15:14:24.334885 Runner(Flutter)[2657] <Notice>: dartnative: ##BENCH## {"tag":"feed1000","t_us":1790242164334827,"ev":"page_build","i":227}
Sep 24 15:14:24.334961 Runner(Flutter)[2657] <Notice>: dartnative: ##BENCH## {"tag":"feed1000","t_us":1790242164334905,"ev":"page_build","i":228}
Sep 24 15:14:24.335090 Runner(Flutter)[2657] <Notice>: dartnative: ##BENCH## {"tag":"feed1000","t_us":1790242164335021,"ev":"page_build","i":229}
Sep 24 15:14:24.335136 Runner(Flutter)[2657] <Notice>: dartnative: ##BENCH## {"tag":"feed1000","t_us":1790242164335075,"ev":"page_build","i":230}
Sep 24 15:14:24.335232 Runner(Flutter)[2657] <Notice>: dartnative: ##BENCH## {"tag":"feed1000","t_us":1790242164335141,"ev":"page_build","i":231}
Sep 24 15:14:24.335250 Runner(Flutter)[2657] <Notice>: dartnative: ##BENCH## {"tag":"feed1000","t_us":1790242164335215,"ev":"page_build","i":232}
Sep 24 15:14:24.335419 Runner(Flutter)[2657] <Notice>: dartnative: ##BENCH## {"tag":"feed1000","t_us":1790242164335331,"ev":"page_build","i":233}
Sep 24 15:14:24.335476 Runner(Flutter)[2657] <Notice>: dartnative: ##BENCH## {"tag":"feed1000","t_us":1790242164335369,"ev":"page_build","i":234}
Sep 24 15:14:24.335557 Runner(Flutter)[2657] <Notice>: dartnative: ##BENCH## {"tag":"feed1000","t_us":1790242164335465,"ev":"page_build","i":235}
Sep 24 15:14:24.335645 Runner(Flutter)[2657] <Notice>: dartnative: ##BENCH## {"tag":"feed1000","t_us":1790242164335559,"ev":"page_build","i":236}
Sep 24 15:14:24.335690 Runner(Flutter)[2657] <Notice>: dartnative: ##BENCH## {"tag":"feed1000","t_us":1790242164335632,"ev":"page_build","i":237}
Sep 24 15:14:24.335861 Runner(Flutter)[2657] <Notice>: dartnative: ##BENCH## {"tag":"feed1000","t_us":1790242164335751,"ev":"page_build","i":238}
Sep 24 15:14:24.335979 Runner(Flutter)[2657] <Notice>: dartnative: ##BENCH## {"tag":"feed1000","t_us":1790242164335788,"ev":"page_build","i":239}
Sep 24 15:14:24.336039 Runner(Flutter)[2657] <Notice>: dartnative: ##BENCH## {"tag":"feed1000","t_us":1790242164335905,"ev":"page_build","i":240}
Sep 24 15:14:24.336060 Runner(Flutter)[2657] <Notice>: dartnative: ##BENCH## {"tag":"feed1000","t_us":1790242164335962,"ev":"page_build","i":241}
Sep 24 15:14:24.336116 Runner(Flutter)[2657] <Notice>: dartnative: ##BENCH## {"tag":"feed1000","t_us":1790242164336002,"ev":"page_build","i":242}
Sep 24 15:14:24.336169 Runner(Flutter)[2657] <Notice>: dartnative: ##BENCH## {"tag":"feed1000","t_us":1790242164336112,"ev":"page_build","i":243}
Sep 24 15:14:24.336271 Runner(Flutter)[2657] <Notice>: dartnative: ##BENCH## {"tag":"feed1000","t_us":1790242164336201,"ev":"page_build","i":244}
Sep 24 15:14:24.336353 Runner(Flutter)[2657] <Notice>: dartnative: ##BENCH## {"tag":"feed1000","t_us":1790242164336276,"ev":"page_build","i":245}
Sep 24 15:14:24.336433 Runner(Flutter)[2657] <Notice>: dartnative: ##BENCH## {"tag":"feed1000","t_us":1790242164336382,"ev":"page_build","i":246}
Sep 24 15:14:24.336547 Runner(Flutter)[2657] <Notice>: dartnative: ##BENCH## {"tag":"feed1000","t_us":1790242164336466,"ev":"page_build","i":247}
Sep 24 15:14:24.336566 Runner(Flutter)[2657] <Notice>: dartnative: ##BENCH## {"tag":"feed1000","t_us":1790242164336517,"ev":"page_build","i":248}
Sep 24 15:14:24.336629 Runner(Flutter)[2657] <Notice>: dartnative: ##BENCH## {"tag":"feed1000","t_us":1790242164336556,"ev":"page_build","i":249}
Sep 24 15:14:24.336681 Runner(Flutter)[2657] <Notice>: dartnative: ##BENCH## {"tag":"feed1000","t_us":1790242164336622,"ev":"page_build","i":250}
Sep 24 15:14:24.336769 Runner(Flutter)[2657] <Notice>: dartnative: ##BENCH## {"tag":"feed1000","t_us":1790242164336721,"ev":"page_build","i":251}
Sep 24 15:14:24.336850 Runner(Flutter)[2657] <Notice>: dartnative: ##BENCH## {"tag":"feed1000","t_us":1790242164336785,"ev":"page_build","i":252}
Sep 24 15:14:24.336940 Runner(Flutter)[2657] <Notice>: dartnative: ##BENCH## {"tag":"feed1000","t_us":1790242164336856,"ev":"page_build","i":253}
Sep 24 15:14:24.337568 Runner(Flutter)[2657] <Notice>: dartnative: ##BENCH## {"tag":"feed1000","t_us":1790242164337528,"ev":"page_build","i":254}
Sep 24 15:14:24.337718 Runner(Flutter)[2657] <Notice>: dartnative: ##BENCH## {"tag":"feed1000","t_us":1790242164337597,"ev":"page_build","i":255}
Sep 24 15:14:24.337823 Runner(Flutter)[2657] <Notice>: dartnative: ##BENCH## {"tag":"feed1000","t_us":1790242164337745,"ev":"page_build","i":256}
Sep 24 15:14:24.337891 Runner(Flutter)[2657] <Notice>: dartnative: ##BENCH## {"tag":"feed1000","t_us":1790242164337824,"ev":"page_build","i":257}
Sep 24 15:14:24.337942 Runner(Flutter)[2657] <Notice>: dartnative: ##BENCH## {"tag":"feed1000","t_us":1790242164337861,"ev":"page_build","i":258}
Sep 24 15:14:24.337981 Runner(Flutter)[2657] <Notice>: dartnative: ##BENCH## {"tag":"feed1000","t_us":1790242164337928,"ev":"page_build","i":259}
Sep 24 15:14:24.338080 Runner(Flutter)[2657] <Notice>: dartnative: ##BENCH## {"tag":"feed1000","t_us":1790242164337977,"ev":"page_build","i":260}
Sep 24 15:14:24.338144 Runner(Flutter)[2657] <Notice>: dartnative: ##BENCH## {"tag":"feed1000","t_us":1790242164338010,"ev":"page_build","i":261}
Sep 24 15:14:24.338204 Runner(Flutter)[2657] <Notice>: dartnative: ##BENCH## {"tag":"feed1000","t_us":1790242164338072,"ev":"page_build","i":262}
Sep 24 15:14:24.338234 Runner(Flutter)[2657] <Notice>: dartnative: ##BENCH## {"tag":"feed1000","t_us":1790242164338142,"ev":"page_build","i":263}
Sep 24 15:14:24.338292 Runner(Flutter)[2657] <Notice>: dartnative: ##BENCH## {"tag":"feed1000","t_us":1790242164338213,"ev":"page_build","i":264}
Sep 24 15:14:24.338334 Runner(Flutter)[2657] <Notice>: dartnative: ##BENCH## {"tag":"feed1000","t_us":1790242164338277,"ev":"page_build","i":265}
Sep 24 15:14:24.338414 Runner(Flutter)[2657] <Notice>: dartnative: ##BENCH## {"tag":"feed1000","t_us":1790242164338309,"ev":"page_build","i":266}
Sep 24 15:14:24.338479 Runner(Flutter)[2657] <Notice>: dartnative: ##BENCH## {"tag":"feed1000","t_us":1790242164338396,"ev":"page_build","i":267}
Sep 24 15:14:24.338638 Runner(Flutter)[2657] <Notice>: dartnative: ##BENCH## {"tag":"feed1000","t_us":1790242164338540,"ev":"page_build","i":268}
Sep 24 15:14:24.338674 Runner(Flutter)[2657] <Notice>: dartnative: ##BENCH## {"tag":"feed1000","t_us":1790242164338590,"ev":"page_build","i":269}
Sep 24 15:14:24.338781 Runner(Flutter)[2657] <Notice>: dartnative: ##BENCH## {"tag":"feed1000","t_us":1790242164338695,"ev":"page_build","i":270}
Sep 24 15:14:24.338893 Runner(Flutter)[2657] <Notice>: dartnative: ##BENCH## {"tag":"feed1000","t_us":1790242164338809,"ev":"page_build","i":271}
Sep 24 15:14:24.339011 Runner(Flutter)[2657] <Notice>: dartnative: ##BENCH## {"tag":"feed1000","t_us":1790242164338925,"ev":"page_build","i":272}
Sep 24 15:14:24.339039 Runner(Flutter)[2657] <Notice>: dartnative: ##BENCH## {"tag":"feed1000","t_us":1790242164338991,"ev":"page_build","i":273}
Sep 24 15:14:24.339109 Runner(Flutter)[2657] <Notice>: dartnative: ##BENCH## {"tag":"feed1000","t_us":1790242164339073,"ev":"page_build","i":274}
Sep 24 15:14:24.339221 Runner(Flutter)[2657] <Notice>: dartnative: ##BENCH## {"tag":"feed1000","t_us":1790242164339105,"ev":"page_build","i":275}
Sep 24 15:14:24.339291 Runner(Flutter)[2657] <Notice>: dartnative: ##BENCH## {"tag":"feed1000","t_us":1790242164339245,"ev":"page_build","i":276}
Sep 24 15:14:24.339439 Runner(Flutter)[2657] <Notice>: dartnative: ##BENCH## {"tag":"feed1000","t_us":1790242164339362,"ev":"page_build","i":277}
Sep 24 15:14:24.339557 Runner(Flutter)[2657] <Notice>: dartnative: ##BENCH## {"tag":"feed1000","t_us":1790242164339489,"ev":"page_build","i":278}
Sep 24 15:14:24.339666 Runner(Flutter)[2657] <Notice>: dartnative: ##BENCH## {"tag":"feed1000","t_us":1790242164339599,"ev":"page_build","i":279}
Sep 24 15:14:24.339788 Runner(Flutter)[2657] <Notice>: dartnative: ##BENCH## {"tag":"feed1000","t_us":1790242164339692,"ev":"page_build","i":280}
Sep 24 15:14:24.339902 Runner(Flutter)[2657] <Notice>: dartnative: ##BENCH## {"tag":"feed1000","t_us":1790242164339827,"ev":"page_build","i":281}
Sep 24 15:14:24.340001 Runner(Flutter)[2657] <Notice>: dartnative: ##BENCH## {"tag":"feed1000","t_us":1790242164339901,"ev":"page_build","i":282}
Sep 24 15:14:24.340106 Runner(Flutter)[2657] <Notice>: dartnative: ##BENCH## {"tag":"feed1000","t_us":1790242164339995,"ev":"page_build","i":283}
Sep 24 15:14:24.340165 Runner(Flutter)[2657] <Notice>: dartnative: ##BENCH## {"tag":"feed1000","t_us":1790242164340091,"ev":"page_build","i":284}
Sep 24 15:14:24.340294 Runner(Flutter)[2657] <Notice>: dartnative: ##BENCH## {"tag":"feed1000","t_us":1790242164340224,"ev":"page_build","i":285}
Sep 24 15:14:24.340360 Runner(Flutter)[2657] <Notice>: dartnative: ##BENCH## {"tag":"feed1000","t_us":1790242164340256,"ev":"page_build","i":286}
Sep 24 15:14:24.340409 Runner(Flutter)[2657] <Notice>: dartnative: ##BENCH## {"tag":"feed1000","t_us":1790242164340324,"ev":"page_build","i":287}
Sep 24 15:14:24.340532 Runner(Flutter)[2657] <Notice>: dartnative: ##BENCH## {"tag":"feed1000","t_us":1790242164340424,"ev":"page_build","i":288}
Sep 24 15:14:24.340547 Runner(Flutter)[2657] <Notice>: dartnative: ##BENCH## {"tag":"feed1000","t_us":1790242164340458,"ev":"page_build","i":289}
Sep 24 15:14:24.340569 Runner(Flutter)[2657] <Notice>: dartnative: ##BENCH## {"tag":"feed1000","t_us":1790242164340489,"ev":"page_build","i":290}
Sep 24 15:14:24.340587 Runner(Flutter)[2657] <Notice>: dartnative: ##BENCH## {"tag":"feed1000","t_us":1790242164340519,"ev":"page_build","i":291}
Sep 24 15:14:24.340675 Runner(Flutter)[2657] <Notice>: dartnative: ##BENCH## {"tag":"feed1000","t_us":1790242164340616,"ev":"page_build","i":292}
Sep 24 15:14:24.340771 Runner(Flutter)[2657] <Notice>: dartnative: ##BENCH## {"tag":"feed1000","t_us":1790242164340698,"ev":"page_build","i":293}
Sep 24 15:14:24.340922 Runner(Flutter)[2657] <Notice>: dartnative: ##BENCH## {"tag":"feed1000","t_us":1790242164340819,"ev":"page_build","i":294}
Sep 24 15:14:24.341074 Runner(Flutter)[2657] <Notice>: dartnative: ##BENCH## {"tag":"feed1000","t_us":1790242164341015,"ev":"page_build","i":295}
Sep 24 15:14:24.341159 Runner(Flutter)[2657] <Notice>: dartnative: ##BENCH## {"tag":"feed1000","t_us":1790242164341104,"ev":"page_build","i":296}
Sep 24 15:14:24.341198 Runner(Flutter)[2657] <Notice>: dartnative: ##BENCH## {"tag":"feed1000","t_us":1790242164341138,"ev":"page_build","i":297}
Sep 24 15:14:24.341291 Runner(Flutter)[2657] <Notice>: dartnative: ##BENCH## {"tag":"feed1000","t_us":1790242164341219,"ev":"page_build","i":298}
Sep 24 15:14:24.341335 Runner(Flutter)[2657] <Notice>: dartnative: ##BENCH## {"tag":"feed1000","t_us":1790242164341250,"ev":"page_build","i":299}
Sep 24 15:14:24.341401 Runner(Flutter)[2657] <Notice>: dartnative: ##BENCH## {"tag":"feed1000","t_us":1790242164341298,"ev":"page_build","i":300}
Sep 24 15:14:24.341478 Runner(Flutter)[2657] <Notice>: dartnative: ##BENCH## {"tag":"feed1000","t_us":1790242164341366,"ev":"page_build","i":301}
Sep 24 15:14:24.341546 Runner(Flutter)[2657] <Notice>: dartnative: ##BENCH## {"tag":"feed1000","t_us":1790242164341430,"ev":"page_build","i":302}
Sep 24 15:14:24.341680 Runner(Flutter)[2657] <Notice>: dartnative: ##BENCH## {"tag":"feed1000","t_us":1790242164341571,"ev":"page_build","i":303}
Sep 24 15:14:24.341775 Runner(Flutter)[2657] <Notice>: dartnative: ##BENCH## {"tag":"feed1000","t_us":1790242164341709,"ev":"page_build","i":304}
Sep 24 15:14:24.341854 Runner(Flutter)[2657] <Notice>: dartnative: ##BENCH## {"tag":"feed1000","t_us":1790242164341764,"ev":"page_build","i":305}
Sep 24 15:14:24.341902 Runner(Flutter)[2657] <Notice>: dartnative: ##BENCH## {"tag":"feed1000","t_us":1790242164341854,"ev":"page_build","i":306}
Sep 24 15:14:24.341981 Runner(Flutter)[2657] <Notice>: dartnative: ##BENCH## {"tag":"feed1000","t_us":1790242164341917,"ev":"page_build","i":307}
Sep 24 15:14:24.342056 Runner(Flutter)[2657] <Notice>: dartnative: ##BENCH## {"tag":"feed1000","t_us":1790242164342011,"ev":"page_build","i":308}
Sep 24 15:14:24.342152 Runner(Flutter)[2657] <Notice>: dartnative: ##BENCH## {"tag":"feed1000","t_us":1790242164342077,"ev":"page_build","i":309}
Sep 24 15:14:24.342180 Runner(Flutter)[2657] <Notice>: dartnative: ##BENCH## {"tag":"feed1000","t_us":1790242164342127,"ev":"page_build","i":310}
Sep 24 15:14:24.342229 Runner(Flutter)[2657] <Notice>: dartnative: ##BENCH## {"tag":"feed1000","t_us":1790242164342160,"ev":"page_build","i":311}
Sep 24 15:14:24.342293 Runner(Flutter)[2657] <Notice>: dartnative: ##BENCH## {"tag":"feed1000","t_us":1790242164342238,"ev":"page_build","i":312}
Sep 24 15:14:24.342355 Runner(Flutter)[2657] <Notice>: dartnative: ##BENCH## {"tag":"feed1000","t_us":1790242164342269,"ev":"page_build","i":313}
Sep 24 15:14:24.342477 Runner(Flutter)[2657] <Notice>: dartnative: ##BENCH## {"tag":"feed1000","t_us":1790242164342411,"ev":"page_build","i":314}
Sep 24 15:14:24.342548 Runner(Flutter)[2657] <Notice>: dartnative: ##BENCH## {"tag":"feed1000","t_us":1790242164342486,"ev":"page_build","i":315}
Sep 24 15:14:24.342699 Runner(Flutter)[2657] <Notice>: dartnative: ##BENCH## {"tag":"feed1000","t_us":1790242164342615,"ev":"page_build","i":316}
Sep 24 15:14:24.342738 Runner(Flutter)[2657] <Notice>: dartnative: ##BENCH## {"tag":"feed1000","t_us":1790242164342669,"ev":"page_build","i":317}
Sep 24 15:14:24.342833 Runner(Flutter)[2657] <Notice>: dartnative: ##BENCH## {"tag":"feed1000","t_us":1790242164342748,"ev":"page_build","i":318}
Sep 24 15:14:24.342911 Runner(Flutter)[2657] <Notice>: dartnative: ##BENCH## {"tag":"feed1000","t_us":1790242164342831,"ev":"page_build","i":319}
Sep 24 15:14:24.343076 Runner(Flutter)[2657] <Notice>: dartnative: ##BENCH## {"tag":"feed1000","t_us":1790242164342903,"ev":"page_build","i":320}
Sep 24 15:14:24.343092 Runner(Flutter)[2657] <Notice>: dartnative: ##BENCH## {"tag":"feed1000","t_us":1790242164342963,"ev":"page_build","i":321}
Sep 24 15:14:24.343142 Runner(Flutter)[2657] <Notice>: dartnative: ##BENCH## {"tag":"feed1000","t_us":1790242164343036,"ev":"page_build","i":322}
Sep 24 15:14:24.343252 Runner(Flutter)[2657] <Notice>: dartnative: ##BENCH## {"tag":"feed1000","t_us":1790242164343068,"ev":"page_build","i":323}
Sep 24 15:14:24.343294 Runner(Flutter)[2657] <Notice>: dartnative: ##BENCH## {"tag":"feed1000","t_us":1790242164343133,"ev":"page_build","i":324}
Sep 24 15:14:24.343655 Runner(Flutter)[2657] <Notice>: dartnative: ##BENCH## {"tag":"feed1000","t_us":1790242164343212,"ev":"page_build","i":325}
Sep 24 15:14:24.343892 Runner(Flutter)[2657] <Notice>: dartnative: ##BENCH## {"tag":"feed1000","t_us":1790242164343337,"ev":"page_build","i":326}
Sep 24 15:14:24.344048 Runner(Flutter)[2657] <Notice>: dartnative: ##BENCH## {"tag":"feed1000","t_us":1790242164343413,"ev":"page_build","i":327}
Sep 24 15:14:24.344177 Runner(Flutter)[2657] <Notice>: dartnative: ##BENCH## {"tag":"feed1000","t_us":1790242164343470,"ev":"page_build","i":328}
Sep 24 15:14:24.344394 Runner(Flutter)[2657] <Notice>: dartnative: ##BENCH## {"tag":"feed1000","t_us":1790242164343501,"ev":"page_build","i":329}
Sep 24 15:14:24.344472 Runner(Flutter)[2657] <Notice>: dartnative: ##BENCH## {"tag":"feed1000","t_us":1790242164343532,"ev":"page_build","i":330}
Sep 24 15:14:24.344522 Runner(Flutter)[2657] <Notice>: dartnative: ##BENCH## {"tag":"feed1000","t_us":1790242164343559,"ev":"page_build","i":331}
Sep 24 15:14:24.344634 Runner(Flutter)[2657] <Notice>: dartnative: ##BENCH## {"tag":"feed1000","t_us":1790242164343588,"ev":"page_build","i":332}
Sep 24 15:14:24.344798 Runner(Flutter)[2657] <Notice>: dartnative: ##BENCH## {"tag":"feed1000","t_us":1790242164343632,"ev":"page_build","i":333}
Sep 24 15:14:24.344907 Runner(Flutter)[2657] <Notice>: dartnative: ##BENCH## {"tag":"feed1000","t_us":1790242164343725,"ev":"page_build","i":334}
Sep 24 15:14:24.345004 Runner(Flutter)[2657] <Notice>: dartnative: ##BENCH## {"tag":"feed1000","t_us":1790242164343896,"ev":"page_build","i":335}
Sep 24 15:14:24.345070 Runner(Flutter)[2657] <Notice>: dartnative: ##BENCH## {"tag":"feed1000","t_us":1790242164344013,"ev":"page_build","i":336}
Sep 24 15:14:24.345157 Runner(Flutter)[2657] <Notice>: dartnative: ##BENCH## {"tag":"feed1000","t_us":1790242164344236,"ev":"page_build","i":337}
Sep 24 15:14:24.345255 Runner(Flutter)[2657] <Notice>: dartnative: ##BENCH## {"tag":"feed1000","t_us":1790242164344315,"ev":"page_build","i":338}
Sep 24 15:14:24.345366 Runner(Flutter)[2657] <Notice>: dartnative: ##BENCH## {"tag":"feed1000","t_us":1790242164344429,"ev":"page_build","i":339}
Sep 24 15:14:24.345467 Runner(Flutter)[2657] <Notice>: dartnative: ##BENCH## {"tag":"feed1000","t_us":1790242164344585,"ev":"page_build","i":340}
Sep 24 15:14:24.345543 Runner(Flutter)[2657] <Notice>: dartnative: ##BENCH## {"tag":"feed1000","t_us":1790242164344716,"ev":"page_build","i":341}
Sep 24 15:14:24.345612 Runner(Flutter)[2657] <Notice>: dartnative: ##BENCH## {"tag":"feed1000","t_us":1790242164344849,"ev":"page_build","i":342}
Sep 24 15:14:24.345670 Runner(Flutter)[2657] <Notice>: dartnative: ##BENCH## {"tag":"feed1000","t_us":1790242164345013,"ev":"page_build","i":343}
Sep 24 15:14:24.345727 Runner(Flutter)[2657] <Notice>: dartnative: ##BENCH## {"tag":"feed1000","t_us":1790242164345099,"ev":"page_build","i":344}
Sep 24 15:14:24.345765 Runner(Flutter)[2657] <Notice>: dartnative: ##BENCH## {"tag":"feed1000","t_us":1790242164345195,"ev":"page_build","i":345}
Sep 24 15:14:24.345820 Runner(Flutter)[2657] <Notice>: dartnative: ##BENCH## {"tag":"feed1000","t_us":1790242164345343,"ev":"page_build","i":346}
Sep 24 15:14:24.345846 Runner(Flutter)[2657] <Notice>: dartnative: ##BENCH## {"tag":"feed1000","t_us":1790242164345392,"ev":"page_build","i":347}
Sep 24 15:14:24.345880 Runner(Flutter)[2657] <Notice>: dartnative: ##BENCH## {"tag":"feed1000","t_us":1790242164345519,"ev":"page_build","i":348}
Sep 24 15:14:24.345915 Runner(Flutter)[2657] <Notice>: dartnative: ##BENCH## {"tag":"feed1000","t_us":1790242164345606,"ev":"page_build","i":349}
Sep 24 15:14:24.345945 Runner(Flutter)[2657] <Notice>: dartnative: ##BENCH## {"tag":"feed1000","t_us":1790242164345638,"ev":"page_build","i":350}
Sep 24 15:14:24.345970 Runner(Flutter)[2657] <Notice>: dartnative: ##BENCH## {"tag":"feed1000","t_us":1790242164345735,"ev":"page_build","i":351}
Sep 24 15:14:24.346002 Runner(Flutter)[2657] <Notice>: dartnative: ##BENCH## {"tag":"feed1000","t_us":1790242164345870,"ev":"page_build","i":352}
Sep 24 15:14:24.346055 Runner(Flutter)[2657] <Notice>: dartnative: ##BENCH## {"tag":"feed1000","t_us":1790242164345933,"ev":"page_build","i":353}
Sep 24 15:14:24.346084 Runner(Flutter)[2657] <Notice>: dartnative: ##BENCH## {"tag":"feed1000","t_us":1790242164346005,"ev":"page_build","i":354}
Sep 24 15:14:24.346113 Runner(Flutter)[2657] <Notice>: dartnative: ##BENCH## {"tag":"feed1000","t_us":1790242164346054,"ev":"page_build","i":355}
Sep 24 15:14:24.346152 Runner(Flutter)[2657] <Notice>: dartnative: ##BENCH## {"tag":"feed1000","t_us":1790242164346086,"ev":"page_build","i":356}
Sep 24 15:14:24.346288 Runner(Flutter)[2657] <Notice>: dartnative: ##BENCH## {"tag":"feed1000","t_us":1790242164346155,"ev":"page_build","i":357}
Sep 24 15:14:24.346326 Runner(Flutter)[2657] <Notice>: dartnative: ##BENCH## {"tag":"feed1000","t_us":1790242164346203,"ev":"page_build","i":358}
Sep 24 15:14:24.346351 Runner(Flutter)[2657] <Notice>: dartnative: ##BENCH## {"tag":"feed1000","t_us":1790242164346268,"ev":"page_build","i":359}
Sep 24 15:14:24.346424 Runner(Flutter)[2657] <Notice>: dartnative: ##BENCH## {"tag":"feed1000","t_us":1790242164346369,"ev":"page_build","i":360}
Sep 24 15:14:24.346506 Runner(Flutter)[2657] <Notice>: dartnative: ##BENCH## {"tag":"feed1000","t_us":1790242164346450,"ev":"page_build","i":361}
Sep 24 15:14:24.346551 Runner(Flutter)[2657] <Notice>: dartnative: ##BENCH## {"tag":"feed1000","t_us":1790242164346499,"ev":"page_build","i":362}
Sep 24 15:14:24.346692 Runner(Flutter)[2657] <Notice>: dartnative: ##BENCH## {"tag":"feed1000","t_us":1790242164346590,"ev":"page_build","i":363}
Sep 24 15:14:24.346711 Runner(Flutter)[2657] <Notice>: dartnative: ##BENCH## {"tag":"feed1000","t_us":1790242164346642,"ev":"page_build","i":364}
Sep 24 15:14:24.346810 Runner(Flutter)[2657] <Notice>: dartnative: ##BENCH## {"tag":"feed1000","t_us":1790242164346722,"ev":"page_build","i":365}
Sep 24 15:14:24.346902 Runner(Flutter)[2657] <Notice>: dartnative: ##BENCH## {"tag":"feed1000","t_us":1790242164346849,"ev":"page_build","i":366}
Sep 24 15:14:24.346981 Runner(Flutter)[2657] <Notice>: dartnative: ##BENCH## {"tag":"feed1000","t_us":1790242164346935,"ev":"page_build","i":367}
Sep 24 15:14:24.347061 Runner(Flutter)[2657] <Notice>: dartnative: ##BENCH## {"tag":"feed1000","t_us":1790242164347001,"ev":"page_build","i":368}
Sep 24 15:14:24.347115 Runner(Flutter)[2657] <Notice>: dartnative: ##BENCH## {"tag":"feed1000","t_us":1790242164347052,"ev":"page_build","i":369}
Sep 24 15:14:24.347159 Runner(Flutter)[2657] <Notice>: dartnative: ##BENCH## {"tag":"feed1000","t_us":1790242164347087,"ev":"page_build","i":370}
Sep 24 15:14:24.347203 Runner(Flutter)[2657] <Notice>: dartnative: ##BENCH## {"tag":"feed1000","t_us":1790242164347135,"ev":"page_build","i":371}
Sep 24 15:14:24.347248 Runner(Flutter)[2657] <Notice>: dartnative: ##BENCH## {"tag":"feed1000","t_us":1790242164347210,"ev":"page_build","i":372}
Sep 24 15:14:24.347343 Runner(Flutter)[2657] <Notice>: dartnative: ##BENCH## {"tag":"feed1000","t_us":1790242164347260,"ev":"page_build","i":373}
Sep 24 15:14:24.347394 Runner(Flutter)[2657] <Notice>: dartnative: ##BENCH## {"tag":"feed1000","t_us":1790242164347329,"ev":"page_build","i":374}
Sep 24 15:14:24.347517 Runner(Flutter)[2657] <Notice>: dartnative: ##BENCH## {"tag":"feed1000","t_us":1790242164347448,"ev":"page_build","i":375}
Sep 24 15:14:24.347554 Runner(Flutter)[2657] <Notice>: dartnative: ##BENCH## {"tag":"feed1000","t_us":1790242164347485,"ev":"page_build","i":376}
Sep 24 15:14:24.347657 Runner(Flutter)[2657] <Notice>: dartnative: ##BENCH## {"tag":"feed1000","t_us":1790242164347613,"ev":"page_build","i":377}
Sep 24 15:14:24.347708 Runner(Flutter)[2657] <Notice>: dartnative: ##BENCH## {"tag":"feed1000","t_us":1790242164347648,"ev":"page_build","i":378}
Sep 24 15:14:24.347815 Runner(Flutter)[2657] <Notice>: dartnative: ##BENCH## {"tag":"feed1000","t_us":1790242164347736,"ev":"page_build","i":379}
Sep 24 15:14:24.347954 Runner(Flutter)[2657] <Notice>: dartnative: ##BENCH## {"tag":"feed1000","t_us":1790242164347874,"ev":"page_build","i":380}
Sep 24 15:14:24.348006 Runner(Flutter)[2657] <Notice>: dartnative: ##BENCH## {"tag":"feed1000","t_us":1790242164347910,"ev":"page_build","i":381}
Sep 24 15:14:24.348123 Runner(Flutter)[2657] <Notice>: dartnative: ##BENCH## {"tag":"feed1000","t_us":1790242164348020,"ev":"page_build","i":382}
Sep 24 15:14:24.348171 Runner(Flutter)[2657] <Notice>: dartnative: ##BENCH## {"tag":"feed1000","t_us":1790242164348129,"ev":"page_build","i":383}
Sep 24 15:14:24.348324 Runner(Flutter)[2657] <Notice>: dartnative: ##BENCH## {"tag":"feed1000","t_us":1790242164348219,"ev":"page_build","i":384}
Sep 24 15:14:24.348364 Runner(Flutter)[2657] <Notice>: dartnative: ##BENCH## {"tag":"feed1000","t_us":1790242164348290,"ev":"page_build","i":385}
Sep 24 15:14:24.348439 Runner(Flutter)[2657] <Notice>: dartnative: ##BENCH## {"tag":"feed1000","t_us":1790242164348375,"ev":"page_build","i":386}
Sep 24 15:14:24.348521 Runner(Flutter)[2657] <Notice>: dartnative: ##BENCH## {"tag":"feed1000","t_us":1790242164348428,"ev":"page_build","i":387}
Sep 24 15:14:24.348667 Runner(Flutter)[2657] <Notice>: dartnative: ##BENCH## {"tag":"feed1000","t_us":1790242164348606,"ev":"page_build","i":388}
Sep 24 15:14:24.348810 Runner(Flutter)[2657] <Notice>: dartnative: ##BENCH## {"tag":"feed1000","t_us":1790242164348734,"ev":"page_build","i":389}
Sep 24 15:14:24.348940 Runner(Flutter)[2657] <Notice>: dartnative: ##BENCH## {"tag":"feed1000","t_us":1790242164348857,"ev":"page_build","i":390}
Sep 24 15:14:24.349034 Runner(Flutter)[2657] <Notice>: dartnative: ##BENCH## {"tag":"feed1000","t_us":1790242164348942,"ev":"page_build","i":391}
Sep 24 15:14:24.349120 Runner(Flutter)[2657] <Notice>: dartnative: ##BENCH## {"tag":"feed1000","t_us":1790242164349083,"ev":"page_build","i":392}
Sep 24 15:14:24.349263 Runner(Flutter)[2657] <Notice>: dartnative: ##BENCH## {"tag":"feed1000","t_us":1790242164349144,"ev":"page_build","i":393}
Sep 24 15:14:24.349375 Runner(Flutter)[2657] <Notice>: dartnative: ##BENCH## {"tag":"feed1000","t_us":1790242164349311,"ev":"page_build","i":394}
Sep 24 15:14:24.349429 Runner(Flutter)[2657] <Notice>: dartnative: ##BENCH## {"tag":"feed1000","t_us":1790242164349380,"ev":"page_build","i":395}
Sep 24 15:14:24.349558 Runner(Flutter)[2657] <Notice>: dartnative: ##BENCH## {"tag":"feed1000","t_us":1790242164349490,"ev":"page_build","i":396}
Sep 24 15:14:24.349624 Runner(Flutter)[2657] <Notice>: dartnative: ##BENCH## {"tag":"feed1000","t_us":1790242164349563,"ev":"page_build","i":397}
Sep 24 15:14:24.349696 Runner(Flutter)[2657] <Notice>: dartnative: ##BENCH## {"tag":"feed1000","t_us":1790242164349633,"ev":"page_build","i":398}
Sep 24 15:14:24.349767 Runner(Flutter)[2657] <Notice>: dartnative: ##BENCH## {"tag":"feed1000","t_us":1790242164349723,"ev":"page_build","i":399}
Sep 24 15:14:24.349857 Runner(Flutter)[2657] <Notice>: dartnative: ##BENCH## {"tag":"feed1000","t_us":1790242164349774,"ev":"page_build","i":400}
Sep 24 15:14:24.349984 Runner(Flutter)[2657] <Notice>: dartnative: ##BENCH## {"tag":"feed1000","t_us":1790242164349895,"ev":"page_build","i":401}
Sep 24 15:14:24.350069 Runner(Flutter)[2657] <Notice>: dartnative: ##BENCH## {"tag":"feed1000","t_us":1790242164349973,"ev":"page_build","i":402}
Sep 24 15:14:24.350099 Runner(Flutter)[2657] <Notice>: dartnative: ##BENCH## {"tag":"feed1000","t_us":1790242164350031,"ev":"page_build","i":403}
Sep 24 15:14:24.350152 Runner(Flutter)[2657] <Notice>: dartnative: ##BENCH## {"tag":"feed1000","t_us":1790242164350095,"ev":"page_build","i":404}
Sep 24 15:14:24.350319 Runner(Flutter)[2657] <Notice>: dartnative: ##BENCH## {"tag":"feed1000","t_us":1790242164350160,"ev":"page_build","i":405}
Sep 24 15:14:24.350335 Runner(Flutter)[2657] <Notice>: dartnative: ##BENCH## {"tag":"feed1000","t_us":1790242164350209,"ev":"page_build","i":406}
Sep 24 15:14:24.350355 Runner(Flutter)[2657] <Notice>: dartnative: ##BENCH## {"tag":"feed1000","t_us":1790242164350278,"ev":"page_build","i":407}
Sep 24 15:14:24.350414 Runner(Flutter)[2657] <Notice>: dartnative: ##BENCH## {"tag":"feed1000","t_us":1790242164350356,"ev":"page_build","i":408}
Sep 24 15:14:24.350509 Runner(Flutter)[2657] <Notice>: dartnative: ##BENCH## {"tag":"feed1000","t_us":1790242164350453,"ev":"page_build","i":409}
Sep 24 15:14:24.350543 Runner(Flutter)[2657] <Notice>: dartnative: ##BENCH## {"tag":"feed1000","t_us":1790242164350488,"ev":"page_build","i":410}
Sep 24 15:14:24.350652 Runner(Flutter)[2657] <Notice>: dartnative: ##BENCH## {"tag":"feed1000","t_us":1790242164350580,"ev":"page_build","i":411}
Sep 24 15:14:24.350672 Runner(Flutter)[2657] <Notice>: dartnative: ##BENCH## {"tag":"feed1000","t_us":1790242164350617,"ev":"page_build","i":412}
Sep 24 15:14:24.350728 Runner(Flutter)[2657] <Notice>: dartnative: ##BENCH## {"tag":"feed1000","t_us":1790242164350654,"ev":"page_build","i":413}
Sep 24 15:14:24.350875 Runner(Flutter)[2657] <Notice>: dartnative: ##BENCH## {"tag":"feed1000","t_us":1790242164350791,"ev":"page_build","i":414}
Sep 24 15:14:24.351069 Runner(Flutter)[2657] <Notice>: dartnative: ##BENCH## {"tag":"feed1000","t_us":1790242164350981,"ev":"page_build","i":415}
Sep 24 15:14:24.351188 Runner(Flutter)[2657] <Notice>: dartnative: ##BENCH## {"tag":"feed1000","t_us":1790242164351081,"ev":"page_build","i":416}
Sep 24 15:14:24.351246 Runner(Flutter)[2657] <Notice>: dartnative: ##BENCH## {"tag":"feed1000","t_us":1790242164351174,"ev":"page_build","i":417}
Sep 24 15:14:24.351314 Runner(Flutter)[2657] <Notice>: dartnative: ##BENCH## {"tag":"feed1000","t_us":1790242164351258,"ev":"page_build","i":418}
Sep 24 15:14:24.351381 Runner(Flutter)[2657] <Notice>: dartnative: ##BENCH## {"tag":"feed1000","t_us":1790242164351324,"ev":"page_build","i":419}
Sep 24 15:14:24.351511 Runner(Flutter)[2657] <Notice>: dartnative: ##BENCH## {"tag":"feed1000","t_us":1790242164351441,"ev":"page_build","i":420}
Sep 24 15:14:24.351555 Runner(Flutter)[2657] <Notice>: dartnative: ##BENCH## {"tag":"feed1000","t_us":1790242164351497,"ev":"page_build","i":421}
Sep 24 15:14:24.351631 Runner(Flutter)[2657] <Notice>: dartnative: ##BENCH## {"tag":"feed1000","t_us":1790242164351589,"ev":"page_build","i":422}
Sep 24 15:14:24.351667 Runner(Flutter)[2657] <Notice>: dartnative: ##BENCH## {"tag":"feed1000","t_us":1790242164351625,"ev":"page_build","i":423}
Sep 24 15:14:24.351719 Runner(Flutter)[2657] <Notice>: dartnative: ##BENCH## {"tag":"feed1000","t_us":1790242164351672,"ev":"page_build","i":424}
Sep 24 15:14:24.351813 Runner(Flutter)[2657] <Notice>: dartnative: ##BENCH## {"tag":"feed1000","t_us":1790242164351763,"ev":"page_build","i":425}
Sep 24 15:14:24.351829 Runner(Flutter)[2657] <Notice>: dartnative: ##BENCH## {"tag":"feed1000","t_us":1790242164351797,"ev":"page_build","i":426}
Sep 24 15:14:24.351896 Runner(Flutter)[2657] <Notice>: dartnative: ##BENCH## {"tag":"feed1000","t_us":1790242164351829,"ev":"page_build","i":427}
Sep 24 15:14:24.352013 Runner(Flutter)[2657] <Notice>: dartnative: ##BENCH## {"tag":"feed1000","t_us":1790242164351943,"ev":"page_build","i":428}
Sep 24 15:14:24.352038 Runner(Flutter)[2657] <Notice>: dartnative: ##BENCH## {"tag":"feed1000","t_us":1790242164351985,"ev":"page_build","i":429}
Sep 24 15:14:24.360600 Runner(Flutter)[2657] <Notice>: dartnative: ##BENCH## {"tag":"feed1000","t_us":1790242164359993,"ev":"page_build","i":430}
Sep 24 15:14:24.360743 Runner(Flutter)[2657] <Notice>: dartnative: ##BENCH## {"tag":"feed1000","t_us":1790242164360130,"ev":"page_build","i":431}
Sep 24 15:14:24.360783 Runner(Flutter)[2657] <Notice>: dartnative: ##BENCH## {"tag":"feed1000","t_us":1790242164360170,"ev":"page_build","i":432}
Sep 24 15:14:24.360801 Runner(Flutter)[2657] <Notice>: dartnative: ##BENCH## {"tag":"feed1000","t_us":1790242164360261,"ev":"page_build","i":433}
Sep 24 15:14:24.360828 Runner(Flutter)[2657] <Notice>: dartnative: ##BENCH## {"tag":"feed1000","t_us":1790242164360371,"ev":"page_build","i":434}
Sep 24 15:14:24.360847 Runner(Flutter)[2657] <Notice>: dartnative: ##BENCH## {"tag":"feed1000","t_us":1790242164360439,"ev":"page_build","i":435}
Sep 24 15:14:24.360889 Runner(Flutter)[2657] <Notice>: dartnative: ##BENCH## {"tag":"feed1000","t_us":1790242164360622,"ev":"page_build","i":436}
Sep 24 15:14:24.360999 Runner(Flutter)[2657] <Notice>: dartnative: ##BENCH## {"tag":"feed1000","t_us":1790242164360696,"ev":"page_build","i":437}
Sep 24 15:14:24.361070 Runner(Flutter)[2657] <Notice>: dartnative: ##BENCH## {"tag":"feed1000","t_us":1790242164360748,"ev":"page_build","i":438}
Sep 24 15:14:24.361179 Runner(Flutter)[2657] <Notice>: dartnative: ##BENCH## {"tag":"feed1000","t_us":1790242164360830,"ev":"page_build","i":439}
Sep 24 15:14:24.361255 Runner(Flutter)[2657] <Notice>: dartnative: ##BENCH## {"tag":"feed1000","t_us":1790242164360862,"ev":"page_build","i":440}
Sep 24 15:14:24.361340 Runner(Flutter)[2657] <Notice>: dartnative: ##BENCH## {"tag":"feed1000","t_us":1790242164360911,"ev":"page_build","i":441}
Sep 24 15:14:24.361412 Runner(Flutter)[2657] <Notice>: dartnative: ##BENCH## {"tag":"feed1000","t_us":1790242164360982,"ev":"page_build","i":442}
Sep 24 15:14:24.361475 Runner(Flutter)[2657] <Notice>: dartnative: ##BENCH## {"tag":"feed1000","t_us":1790242164361050,"ev":"page_build","i":443}
Sep 24 15:14:24.361529 Runner(Flutter)[2657] <Notice>: dartnative: ##BENCH## {"tag":"feed1000","t_us":1790242164361111,"ev":"page_build","i":444}
Sep 24 15:14:24.361642 Runner(Flutter)[2657] <Notice>: dartnative: ##BENCH## {"tag":"feed1000","t_us":1790242164361196,"ev":"page_build","i":445}
Sep 24 15:14:24.361713 Runner(Flutter)[2657] <Notice>: dartnative: ##BENCH## {"tag":"feed1000","t_us":1790242164361260,"ev":"page_build","i":446}
Sep 24 15:14:24.361781 Runner(Flutter)[2657] <Notice>: dartnative: ##BENCH## {"tag":"feed1000","t_us":1790242164361343,"ev":"page_build","i":447}
Sep 24 15:14:24.361823 Runner(Flutter)[2657] <Notice>: dartnative: ##BENCH## {"tag":"feed1000","t_us":1790242164361375,"ev":"page_build","i":448}
Sep 24 15:14:24.361879 Runner(Flutter)[2657] <Notice>: dartnative: ##BENCH## {"tag":"feed1000","t_us":1790242164361450,"ev":"page_build","i":449}
Sep 24 15:14:24.361921 Runner(Flutter)[2657] <Notice>: dartnative: ##BENCH## {"tag":"feed1000","t_us":1790242164361561,"ev":"page_build","i":450}
Sep 24 15:14:24.361955 Runner(Flutter)[2657] <Notice>: dartnative: ##BENCH## {"tag":"feed1000","t_us":1790242164361609,"ev":"page_build","i":451}
Sep 24 15:14:24.361997 Runner(Flutter)[2657] <Notice>: dartnative: ##BENCH## {"tag":"feed1000","t_us":1790242164361673,"ev":"page_build","i":452}
Sep 24 15:14:24.362049 Runner(Flutter)[2657] <Notice>: dartnative: ##BENCH## {"tag":"feed1000","t_us":1790242164361759,"ev":"page_build","i":453}
Sep 24 15:14:24.362186 Runner(Flutter)[2657] <Notice>: dartnative: ##BENCH## {"tag":"feed1000","t_us":1790242164361815,"ev":"page_build","i":454}
Sep 24 15:14:24.362230 Runner(Flutter)[2657] <Notice>: dartnative: ##BENCH## {"tag":"feed1000","t_us":1790242164361922,"ev":"page_build","i":455}
Sep 24 15:14:24.362292 Runner(Flutter)[2657] <Notice>: dartnative: ##BENCH## {"tag":"feed1000","t_us":1790242164361985,"ev":"page_build","i":456}
Sep 24 15:14:24.362482 Runner(Flutter)[2657] <Notice>: dartnative: ##BENCH## {"tag":"feed1000","t_us":1790242164362081,"ev":"page_build","i":457}
Sep 24 15:14:24.362526 Runner(Flutter)[2657] <Notice>: dartnative: ##BENCH## {"tag":"feed1000","t_us":1790242164362114,"ev":"page_build","i":458}
Sep 24 15:14:24.362595 Runner(Flutter)[2657] <Notice>: dartnative: ##BENCH## {"tag":"feed1000","t_us":1790242164362174,"ev":"page_build","i":459}
Sep 24 15:14:24.362659 Runner(Flutter)[2657] <Notice>: dartnative: ##BENCH## {"tag":"feed1000","t_us":1790242164362235,"ev":"page_build","i":460}
Sep 24 15:14:24.362720 Runner(Flutter)[2657] <Notice>: dartnative: ##BENCH## {"tag":"feed1000","t_us":1790242164362328,"ev":"page_build","i":461}
Sep 24 15:14:24.362788 Runner(Flutter)[2657] <Notice>: dartnative: ##BENCH## {"tag":"feed1000","t_us":1790242164362381,"ev":"page_build","i":462}
Sep 24 15:14:24.362819 Runner(Flutter)[2657] <Notice>: dartnative: ##BENCH## {"tag":"feed1000","t_us":1790242164362498,"ev":"page_build","i":463}
Sep 24 15:14:24.362839 Runner(Flutter)[2657] <Notice>: dartnative: ##BENCH## {"tag":"feed1000","t_us":1790242164362606,"ev":"page_build","i":464}
Sep 24 15:14:24.362854 Runner(Flutter)[2657] <Notice>: dartnative: ##BENCH## {"tag":"feed1000","t_us":1790242164362677,"ev":"page_build","i":465}
Sep 24 15:14:24.362892 Runner(Flutter)[2657] <Notice>: dartnative: ##BENCH## {"tag":"feed1000","t_us":1790242164362763,"ev":"page_build","i":466}
Sep 24 15:14:24.362956 Runner(Flutter)[2657] <Notice>: dartnative: ##BENCH## {"tag":"feed1000","t_us":1790242164362851,"ev":"page_build","i":467}
Sep 24 15:14:24.363008 Runner(Flutter)[2657] <Notice>: dartnative: ##BENCH## {"tag":"feed1000","t_us":1790242164362938,"ev":"page_build","i":468}
Sep 24 15:14:24.363149 Runner(Flutter)[2657] <Notice>: dartnative: ##BENCH## {"tag":"feed1000","t_us":1790242164363009,"ev":"page_build","i":469}
Sep 24 15:14:24.363311 Runner(Flutter)[2657] <Notice>: dartnative: ##BENCH## {"tag":"feed1000","t_us":1790242164363081,"ev":"page_build","i":470}
Sep 24 15:14:24.363371 Runner(Flutter)[2657] <Notice>: dartnative: ##BENCH## {"tag":"feed1000","t_us":1790242164363147,"ev":"page_build","i":471}
Sep 24 15:14:24.363412 Runner(Flutter)[2657] <Notice>: dartnative: ##BENCH## {"tag":"feed1000","t_us":1790242164363208,"ev":"page_build","i":472}
Sep 24 15:14:24.363427 Runner(Flutter)[2657] <Notice>: dartnative: ##BENCH## {"tag":"feed1000","t_us":1790242164363240,"ev":"page_build","i":473}
Sep 24 15:14:24.363462 Runner(Flutter)[2657] <Notice>: dartnative: ##BENCH## {"tag":"feed1000","t_us":1790242164363314,"ev":"page_build","i":474}
Sep 24 15:14:24.363563 Runner(Flutter)[2657] <Notice>: dartnative: ##BENCH## {"tag":"feed1000","t_us":1790242164363368,"ev":"page_build","i":475}
Sep 24 15:14:24.363587 Runner(Flutter)[2657] <Notice>: dartnative: ##BENCH## {"tag":"feed1000","t_us":1790242164363456,"ev":"page_build","i":476}
Sep 24 15:14:24.363747 Runner(Flutter)[2657] <Notice>: dartnative: ##BENCH## {"tag":"feed1000","t_us":1790242164363553,"ev":"page_build","i":477}
Sep 24 15:14:24.363798 Runner(Flutter)[2657] <Notice>: dartnative: ##BENCH## {"tag":"feed1000","t_us":1790242164363645,"ev":"page_build","i":478}
Sep 24 15:14:24.363846 Runner(Flutter)[2657] <Notice>: dartnative: ##BENCH## {"tag":"feed1000","t_us":1790242164363706,"ev":"page_build","i":479}
Sep 24 15:14:24.363895 Runner(Flutter)[2657] <Notice>: dartnative: ##BENCH## {"tag":"feed1000","t_us":1790242164363803,"ev":"page_build","i":480}
Sep 24 15:14:24.363958 Runner(Flutter)[2657] <Notice>: dartnative: ##BENCH## {"tag":"feed1000","t_us":1790242164363883,"ev":"page_build","i":481}
Sep 24 15:14:24.364020 Runner(Flutter)[2657] <Notice>: dartnative: ##BENCH## {"tag":"feed1000","t_us":1790242164363950,"ev":"page_build","i":482}
Sep 24 15:14:24.364173 Runner(Flutter)[2657] <Notice>: dartnative: ##BENCH## {"tag":"feed1000","t_us":1790242164364027,"ev":"page_build","i":483}
Sep 24 15:14:24.364192 Runner(Flutter)[2657] <Notice>: dartnative: ##BENCH## {"tag":"feed1000","t_us":1790242164364058,"ev":"page_build","i":484}
Sep 24 15:14:24.364240 Runner(Flutter)[2657] <Notice>: dartnative: ##BENCH## {"tag":"feed1000","t_us":1790242164364168,"ev":"page_build","i":485}
Sep 24 15:14:24.364311 Runner(Flutter)[2657] <Notice>: dartnative: ##BENCH## {"tag":"feed1000","t_us":1790242164364245,"ev":"page_build","i":486}
Sep 24 15:14:24.364494 Runner(Flutter)[2657] <Notice>: dartnative: ##BENCH## {"tag":"feed1000","t_us":1790242164364404,"ev":"page_build","i":487}
Sep 24 15:14:24.364763 Runner(Flutter)[2657] <Notice>: dartnative: ##BENCH## {"tag":"feed1000","t_us":1790242164364580,"ev":"page_build","i":488}
Sep 24 15:14:24.364915 Runner(Flutter)[2657] <Notice>: dartnative: ##BENCH## {"tag":"feed1000","t_us":1790242164364665,"ev":"page_build","i":489}
Sep 24 15:14:24.364940 Runner(Flutter)[2657] <Notice>: dartnative: ##BENCH## {"tag":"feed1000","t_us":1790242164364731,"ev":"page_build","i":490}
Sep 24 15:14:24.364994 Runner(Flutter)[2657] <Notice>: dartnative: ##BENCH## {"tag":"feed1000","t_us":1790242164364821,"ev":"page_build","i":491}
Sep 24 15:14:24.365019 Runner(Flutter)[2657] <Notice>: dartnative: ##BENCH## {"tag":"feed1000","t_us":1790242164364940,"ev":"page_build","i":492}
Sep 24 15:14:24.365155 Runner(Flutter)[2657] <Notice>: dartnative: ##BENCH## {"tag":"feed1000","t_us":1790242164365091,"ev":"page_build","i":493}
Sep 24 15:14:24.365267 Runner(Flutter)[2657] <Notice>: dartnative: ##BENCH## {"tag":"feed1000","t_us":1790242164365142,"ev":"page_build","i":494}
Sep 24 15:14:24.365486 Runner(Flutter)[2657] <Notice>: dartnative: ##BENCH## {"tag":"feed1000","t_us":1790242164365418,"ev":"page_build","i":495}
Sep 24 15:14:24.365560 Runner(Flutter)[2657] <Notice>: dartnative: ##BENCH## {"tag":"feed1000","t_us":1790242164365496,"ev":"page_build","i":496}
Sep 24 15:14:24.365694 Runner(Flutter)[2657] <Notice>: dartnative: ##BENCH## {"tag":"feed1000","t_us":1790242164365632,"ev":"page_build","i":497}
Sep 24 15:14:24.365870 Runner(Flutter)[2657] <Notice>: dartnative: ##BENCH## {"tag":"feed1000","t_us":1790242164365743,"ev":"page_build","i":498}
Sep 24 15:14:24.365884 Runner(Flutter)[2657] <Notice>: dartnative: ##BENCH## {"tag":"feed1000","t_us":1790242164365799,"ev":"page_build","i":499}
Sep 24 15:14:24.365924 Runner(Flutter)[2657] <Notice>: dartnative: ##BENCH## {"tag":"feed1000","t_us":1790242164365875,"ev":"page_build","i":500}
Sep 24 15:14:24.365997 Runner(Flutter)[2657] <Notice>: dartnative: ##BENCH## {"tag":"feed1000","t_us":1790242164365968,"ev":"page_build","i":501}
Sep 24 15:14:24.366103 Runner(Flutter)[2657] <Notice>: dartnative: ##BENCH## {"tag":"feed1000","t_us":1790242164365999,"ev":"page_build","i":502}
Sep 24 15:14:24.366163 Runner(Flutter)[2657] <Notice>: dartnative: ##BENCH## {"tag":"feed1000","t_us":1790242164366066,"ev":"page_build","i":503}
Sep 24 15:14:24.366199 Runner(Flutter)[2657] <Notice>: dartnative: ##BENCH## {"tag":"feed1000","t_us":1790242164366097,"ev":"page_build","i":504}
Sep 24 15:14:24.366287 Runner(Flutter)[2657] <Notice>: dartnative: ##BENCH## {"tag":"feed1000","t_us":1790242164366188,"ev":"page_build","i":505}
Sep 24 15:14:24.366326 Runner(Flutter)[2657] <Notice>: dartnative: ##BENCH## {"tag":"feed1000","t_us":1790242164366268,"ev":"page_build","i":506}
Sep 24 15:14:24.366497 Runner(Flutter)[2657] <Notice>: dartnative: ##BENCH## {"tag":"feed1000","t_us":1790242164366330,"ev":"page_build","i":507}
Sep 24 15:14:24.367319 Runner(Flutter)[2657] <Notice>: dartnative: ##BENCH## {"tag":"feed1000","t_us":1790242164367193,"ev":"page_build","i":508}
Sep 24 15:14:24.367347 Runner(Flutter)[2657] <Notice>: dartnative: ##BENCH## {"tag":"feed1000","t_us":1790242164367231,"ev":"page_build","i":509}
Sep 24 15:14:24.367355 Runner(Flutter)[2657] <Notice>: dartnative: ##BENCH## {"tag":"feed1000","t_us":1790242164367263,"ev":"page_build","i":510}
Sep 24 15:14:24.367382 Runner(Flutter)[2657] <Notice>: dartnative: ##BENCH## {"tag":"feed1000","t_us":1790242164367293,"ev":"page_build","i":511}
Sep 24 15:14:24.367424 Runner(Flutter)[2657] <Notice>: dartnative: ##BENCH## {"tag":"feed1000","t_us":1790242164367354,"ev":"page_build","i":512}
Sep 24 15:14:24.367487 Runner(Flutter)[2657] <Notice>: dartnative: ##BENCH## {"tag":"feed1000","t_us":1790242164367440,"ev":"page_build","i":513}
Sep 24 15:14:24.367529 Runner(Flutter)[2657] <Notice>: dartnative: ##BENCH## {"tag":"feed1000","t_us":1790242164367479,"ev":"page_build","i":514}
Sep 24 15:14:24.367609 Runner(Flutter)[2657] <Notice>: dartnative: ##BENCH## {"tag":"feed1000","t_us":1790242164367542,"ev":"page_build","i":515}
Sep 24 15:14:24.367661 Runner(Flutter)[2657] <Notice>: dartnative: ##BENCH## {"tag":"feed1000","t_us":1790242164367619,"ev":"page_build","i":516}
Sep 24 15:14:24.367728 Runner(Flutter)[2657] <Notice>: dartnative: ##BENCH## {"tag":"feed1000","t_us":1790242164367668,"ev":"page_build","i":517}
Sep 24 15:14:24.367743 Runner(Flutter)[2657] <Notice>: dartnative: ##BENCH## {"tag":"feed1000","t_us":1790242164367708,"ev":"page_build","i":518}
Sep 24 15:14:24.367783 Runner(Flutter)[2657] <Notice>: dartnative: ##BENCH## {"tag":"feed1000","t_us":1790242164367739,"ev":"page_build","i":519}
Sep 24 15:14:24.367902 Runner(Flutter)[2657] <Notice>: dartnative: ##BENCH## {"tag":"feed1000","t_us":1790242164367809,"ev":"page_build","i":520}
Sep 24 15:14:24.367953 Runner(Flutter)[2657] <Notice>: dartnative: ##BENCH## {"tag":"feed1000","t_us":1790242164367858,"ev":"page_build","i":521}
Sep 24 15:14:24.367964 Runner(Flutter)[2657] <Notice>: dartnative: ##BENCH## {"tag":"feed1000","t_us":1790242164367890,"ev":"page_build","i":522}
Sep 24 15:14:24.368055 Runner(Flutter)[2657] <Notice>: dartnative: ##BENCH## {"tag":"feed1000","t_us":1790242164367962,"ev":"page_build","i":523}
Sep 24 15:14:24.368073 Runner(Flutter)[2657] <Notice>: dartnative: ##BENCH## {"tag":"feed1000","t_us":1790242164368008,"ev":"page_build","i":524}
Sep 24 15:14:24.368089 Runner(Flutter)[2657] <Notice>: dartnative: ##BENCH## {"tag":"feed1000","t_us":1790242164368040,"ev":"page_build","i":525}
Sep 24 15:14:24.368196 Runner(Flutter)[2657] <Notice>: dartnative: ##BENCH## {"tag":"feed1000","t_us":1790242164368071,"ev":"page_build","i":526}
Sep 24 15:14:24.368232 Runner(Flutter)[2657] <Notice>: dartnative: ##BENCH## {"tag":"feed1000","t_us":1790242164368141,"ev":"page_build","i":527}
Sep 24 15:14:24.368255 Runner(Flutter)[2657] <Notice>: dartnative: ##BENCH## {"tag":"feed1000","t_us":1790242164368171,"ev":"page_build","i":528}
Sep 24 15:14:24.368289 Runner(Flutter)[2657] <Notice>: dartnative: ##BENCH## {"tag":"feed1000","t_us":1790242164368201,"ev":"page_build","i":529}
Sep 24 15:14:24.368310 Runner(Flutter)[2657] <Notice>: dartnative: ##BENCH## {"tag":"feed1000","t_us":1790242164368264,"ev":"page_build","i":530}
Sep 24 15:14:24.368417 Runner(Flutter)[2657] <Notice>: dartnative: ##BENCH## {"tag":"feed1000","t_us":1790242164368350,"ev":"page_build","i":531}
Sep 24 15:14:24.368433 Runner(Flutter)[2657] <Notice>: dartnative: ##BENCH## {"tag":"feed1000","t_us":1790242164368382,"ev":"page_build","i":532}
Sep 24 15:14:24.368441 Runner(Flutter)[2657] <Notice>: dartnative: ##BENCH## {"tag":"feed1000","t_us":1790242164368412,"ev":"page_build","i":533}
Sep 24 15:14:24.368564 Runner(Flutter)[2657] <Notice>: dartnative: ##BENCH## {"tag":"feed1000","t_us":1790242164368477,"ev":"page_build","i":534}
Sep 24 15:14:24.368595 Runner(Flutter)[2657] <Notice>: dartnative: ##BENCH## {"tag":"feed1000","t_us":1790242164368508,"ev":"page_build","i":535}
Sep 24 15:14:24.368621 Runner(Flutter)[2657] <Notice>: dartnative: ##BENCH## {"tag":"feed1000","t_us":1790242164368541,"ev":"page_build","i":536}
Sep 24 15:14:24.368655 Runner(Flutter)[2657] <Notice>: dartnative: ##BENCH## {"tag":"feed1000","t_us":1790242164368572,"ev":"page_build","i":537}
Sep 24 15:14:24.368673 Runner(Flutter)[2657] <Notice>: dartnative: ##BENCH## {"tag":"feed1000","t_us":1790242164368624,"ev":"page_build","i":538}
Sep 24 15:14:24.368832 Runner(Flutter)[2657] <Notice>: dartnative: ##BENCH## {"tag":"feed1000","t_us":1790242164368713,"ev":"page_build","i":539}
Sep 24 15:14:24.368851 Runner(Flutter)[2657] <Notice>: dartnative: ##BENCH## {"tag":"feed1000","t_us":1790242164368747,"ev":"page_build","i":540}
Sep 24 15:14:24.368874 Runner(Flutter)[2657] <Notice>: dartnative: ##BENCH## {"tag":"feed1000","t_us":1790242164368776,"ev":"page_build","i":541}
Sep 24 15:14:24.368969 Runner(Flutter)[2657] <Notice>: dartnative: ##BENCH## {"tag":"feed1000","t_us":1790242164368805,"ev":"page_build","i":542}
Sep 24 15:14:24.368988 Runner(Flutter)[2657] <Notice>: dartnative: ##BENCH## {"tag":"feed1000","t_us":1790242164368865,"ev":"page_build","i":543}
Sep 24 15:14:24.369028 Runner(Flutter)[2657] <Notice>: dartnative: ##BENCH## {"tag":"feed1000","t_us":1790242164368913,"ev":"page_build","i":544}
Sep 24 15:14:24.369044 Runner(Flutter)[2657] <Notice>: dartnative: ##BENCH## {"tag":"feed1000","t_us":1790242164368975,"ev":"page_build","i":545}
Sep 24 15:14:24.369160 Runner(Flutter)[2657] <Notice>: dartnative: ##BENCH## {"tag":"feed1000","t_us":1790242164369098,"ev":"page_build","i":546}
Sep 24 15:14:24.369207 Runner(Flutter)[2657] <Notice>: dartnative: ##BENCH## {"tag":"feed1000","t_us":1790242164369163,"ev":"page_build","i":547}
Sep 24 15:14:24.369276 Runner(Flutter)[2657] <Notice>: dartnative: ##BENCH## {"tag":"feed1000","t_us":1790242164369236,"ev":"page_build","i":548}
Sep 24 15:14:24.369359 Runner(Flutter)[2657] <Notice>: dartnative: ##BENCH## {"tag":"feed1000","t_us":1790242164369269,"ev":"page_build","i":549}
Sep 24 15:14:24.369387 Runner(Flutter)[2657] <Notice>: dartnative: ##BENCH## {"tag":"feed1000","t_us":1790242164369325,"ev":"page_build","i":550}
Sep 24 15:14:24.369443 Runner(Flutter)[2657] <Notice>: dartnative: ##BENCH## {"tag":"feed1000","t_us":1790242164369357,"ev":"page_build","i":551}
Sep 24 15:14:24.369569 Runner(Flutter)[2657] <Notice>: dartnative: ##BENCH## {"tag":"feed1000","t_us":1790242164369474,"ev":"page_build","i":552}
Sep 24 15:14:24.369596 Runner(Flutter)[2657] <Notice>: dartnative: ##BENCH## {"tag":"feed1000","t_us":1790242164369507,"ev":"page_build","i":553}
Sep 24 15:14:24.369673 Runner(Flutter)[2657] <Notice>: dartnative: ##BENCH## {"tag":"feed1000","t_us":1790242164369538,"ev":"page_build","i":554}
Sep 24 15:14:24.369709 Runner(Flutter)[2657] <Notice>: dartnative: ##BENCH## {"tag":"feed1000","t_us":1790242164369567,"ev":"page_build","i":555}
Sep 24 15:14:24.369724 Runner(Flutter)[2657] <Notice>: dartnative: ##BENCH## {"tag":"feed1000","t_us":1790242164369628,"ev":"page_build","i":556}
Sep 24 15:14:24.369747 Runner(Flutter)[2657] <Notice>: dartnative: ##BENCH## {"tag":"feed1000","t_us":1790242164369681,"ev":"page_build","i":557}
Sep 24 15:14:24.369775 Runner(Flutter)[2657] <Notice>: dartnative: ##BENCH## {"tag":"feed1000","t_us":1790242164369732,"ev":"page_build","i":558}
Sep 24 15:14:24.369940 Runner(Flutter)[2657] <Notice>: dartnative: ##BENCH## {"tag":"feed1000","t_us":1790242164369882,"ev":"page_build","i":559}
Sep 24 15:14:24.369961 Runner(Flutter)[2657] <Notice>: dartnative: ##BENCH## {"tag":"feed1000","t_us":1790242164369918,"ev":"page_build","i":560}
Sep 24 15:14:24.370103 Runner(Flutter)[2657] <Notice>: dartnative: ##BENCH## {"tag":"feed1000","t_us":1790242164370006,"ev":"page_build","i":561}
Sep 24 15:14:24.370137 Runner(Flutter)[2657] <Notice>: dartnative: ##BENCH## {"tag":"feed1000","t_us":1790242164370064,"ev":"page_build","i":562}
Sep 24 15:14:24.370145 Runner(Flutter)[2657] <Notice>: dartnative: ##BENCH## {"tag":"feed1000","t_us":1790242164370094,"ev":"page_build","i":563}
Sep 24 15:14:24.370233 Runner(Flutter)[2657] <Notice>: dartnative: ##BENCH## {"tag":"feed1000","t_us":1790242164370136,"ev":"page_build","i":564}
Sep 24 15:14:24.370325 Runner(Flutter)[2657] <Notice>: dartnative: ##BENCH## {"tag":"feed1000","t_us":1790242164370273,"ev":"page_build","i":565}
Sep 24 15:14:24.370460 Runner(Flutter)[2657] <Notice>: dartnative: ##BENCH## {"tag":"feed1000","t_us":1790242164370373,"ev":"page_build","i":566}
Sep 24 15:14:24.370522 Runner(Flutter)[2657] <Notice>: dartnative: ##BENCH## {"tag":"feed1000","t_us":1790242164370409,"ev":"page_build","i":567}
Sep 24 15:14:24.370546 Runner(Flutter)[2657] <Notice>: dartnative: ##BENCH## {"tag":"feed1000","t_us":1790242164370446,"ev":"page_build","i":568}
Sep 24 15:14:24.370601 Runner(Flutter)[2657] <Notice>: dartnative: ##BENCH## {"tag":"feed1000","t_us":1790242164370524,"ev":"page_build","i":569}
Sep 24 15:14:24.370751 Runner(Flutter)[2657] <Notice>: dartnative: ##BENCH## {"tag":"feed1000","t_us":1790242164370690,"ev":"page_build","i":570}
Sep 24 15:14:24.370902 Runner(Flutter)[2657] <Notice>: dartnative: ##BENCH## {"tag":"feed1000","t_us":1790242164370787,"ev":"page_build","i":571}
Sep 24 15:14:24.370922 Runner(Flutter)[2657] <Notice>: dartnative: ##BENCH## {"tag":"feed1000","t_us":1790242164370843,"ev":"page_build","i":572}
Sep 24 15:14:24.371030 Runner(Flutter)[2657] <Notice>: dartnative: ##BENCH## {"tag":"feed1000","t_us":1790242164370993,"ev":"page_build","i":573}
Sep 24 15:14:24.371148 Runner(Flutter)[2657] <Notice>: dartnative: ##BENCH## {"tag":"feed1000","t_us":1790242164371096,"ev":"page_build","i":574}
Sep 24 15:14:24.371240 Runner(Flutter)[2657] <Notice>: dartnative: ##BENCH## {"tag":"feed1000","t_us":1790242164371182,"ev":"page_build","i":575}
Sep 24 15:14:24.371255 Runner(Flutter)[2657] <Notice>: dartnative: ##BENCH## {"tag":"feed1000","t_us":1790242164371217,"ev":"page_build","i":576}
Sep 24 15:14:24.371320 Runner(Flutter)[2657] <Notice>: dartnative: ##BENCH## {"tag":"feed1000","t_us":1790242164371248,"ev":"page_build","i":577}
Sep 24 15:14:24.371361 Runner(Flutter)[2657] <Notice>: dartnative: ##BENCH## {"tag":"feed1000","t_us":1790242164371304,"ev":"page_build","i":578}
Sep 24 15:14:24.371458 Runner(Flutter)[2657] <Notice>: dartnative: ##BENCH## {"tag":"feed1000","t_us":1790242164371381,"ev":"page_build","i":579}
Sep 24 15:14:24.371474 Runner(Flutter)[2657] <Notice>: dartnative: ##BENCH## {"tag":"feed1000","t_us":1790242164371420,"ev":"page_build","i":580}
Sep 24 15:14:24.371490 Runner(Flutter)[2657] <Notice>: dartnative: ##BENCH## {"tag":"feed1000","t_us":1790242164371451,"ev":"page_build","i":581}
Sep 24 15:14:24.371587 Runner(Flutter)[2657] <Notice>: dartnative: ##BENCH## {"tag":"feed1000","t_us":1790242164371517,"ev":"page_build","i":582}
Sep 24 15:14:24.371604 Runner(Flutter)[2657] <Notice>: dartnative: ##BENCH## {"tag":"feed1000","t_us":1790242164371554,"ev":"page_build","i":583}
Sep 24 15:14:24.371712 Runner(Flutter)[2657] <Notice>: dartnative: ##BENCH## {"tag":"feed1000","t_us":1790242164371588,"ev":"page_build","i":584}
Sep 24 15:14:24.371769 Runner(Flutter)[2657] <Notice>: dartnative: ##BENCH## {"tag":"feed1000","t_us":1790242164371676,"ev":"page_build","i":585}
Sep 24 15:14:24.371909 Runner(Flutter)[2657] <Notice>: dartnative: ##BENCH## {"tag":"feed1000","t_us":1790242164371791,"ev":"page_build","i":586}
Sep 24 15:14:24.372042 Runner(Flutter)[2657] <Notice>: dartnative: ##BENCH## {"tag":"feed1000","t_us":1790242164371906,"ev":"page_build","i":587}
Sep 24 15:14:24.372100 Runner(Flutter)[2657] <Notice>: dartnative: ##BENCH## {"tag":"feed1000","t_us":1790242164372001,"ev":"page_build","i":588}
Sep 24 15:14:24.372172 Runner(Flutter)[2657] <Notice>: dartnative: ##BENCH## {"tag":"feed1000","t_us":1790242164372078,"ev":"page_build","i":589}
Sep 24 15:14:24.372252 Runner(Flutter)[2657] <Notice>: dartnative: ##BENCH## {"tag":"feed1000","t_us":1790242164372198,"ev":"page_build","i":590}
Sep 24 15:14:24.372354 Runner(Flutter)[2657] <Notice>: dartnative: ##BENCH## {"tag":"feed1000","t_us":1790242164372297,"ev":"page_build","i":591}
Sep 24 15:14:24.372388 Runner(Flutter)[2657] <Notice>: dartnative: ##BENCH## {"tag":"feed1000","t_us":1790242164372333,"ev":"page_build","i":592}
Sep 24 15:14:24.372408 Runner(Flutter)[2657] <Notice>: dartnative: ##BENCH## {"tag":"feed1000","t_us":1790242164372364,"ev":"page_build","i":593}
Sep 24 15:14:24.372585 Runner(Flutter)[2657] <Notice>: dartnative: ##BENCH## {"tag":"feed1000","t_us":1790242164372431,"ev":"page_build","i":594}
Sep 24 15:14:24.372604 Runner(Flutter)[2657] <Notice>: dartnative: ##BENCH## {"tag":"feed1000","t_us":1790242164372495,"ev":"page_build","i":595}
Sep 24 15:14:24.372693 Runner(Flutter)[2657] <Notice>: dartnative: ##BENCH## {"tag":"feed1000","t_us":1790242164372532,"ev":"page_build","i":596}
Sep 24 15:14:24.372725 Runner(Flutter)[2657] <Notice>: dartnative: ##BENCH## {"tag":"feed1000","t_us":1790242164372564,"ev":"page_build","i":597}
Sep 24 15:14:24.372794 Runner(Flutter)[2657] <Notice>: dartnative: ##BENCH## {"tag":"feed1000","t_us":1790242164372700,"ev":"page_build","i":598}
Sep 24 15:14:24.372885 Runner(Flutter)[2657] <Notice>: dartnative: ##BENCH## {"tag":"feed1000","t_us":1790242164372796,"ev":"page_build","i":599}
Sep 24 15:14:24.372965 Runner(Flutter)[2657] <Notice>: dartnative: ##BENCH## {"tag":"feed1000","t_us":1790242164372901,"ev":"page_build","i":600}
Sep 24 15:14:24.373050 Runner(Flutter)[2657] <Notice>: dartnative: ##BENCH## {"tag":"feed1000","t_us":1790242164372963,"ev":"page_build","i":601}
Sep 24 15:14:24.373084 Runner(Flutter)[2657] <Notice>: dartnative: ##BENCH## {"tag":"feed1000","t_us":1790242164373005,"ev":"page_build","i":602}
Sep 24 15:14:24.373121 Runner(Flutter)[2657] <Notice>: dartnative: ##BENCH## {"tag":"feed1000","t_us":1790242164373036,"ev":"page_build","i":603}
Sep 24 15:14:24.373205 Runner(Flutter)[2657] <Notice>: dartnative: ##BENCH## {"tag":"feed1000","t_us":1790242164373120,"ev":"page_build","i":604}
Sep 24 15:14:24.373248 Runner(Flutter)[2657] <Notice>: dartnative: ##BENCH## {"tag":"feed1000","t_us":1790242164373189,"ev":"page_build","i":605}
Sep 24 15:14:24.373399 Runner(Flutter)[2657] <Notice>: dartnative: ##BENCH## {"tag":"feed1000","t_us":1790242164373267,"ev":"page_build","i":606}
Sep 24 15:14:24.373439 Runner(Flutter)[2657] <Notice>: dartnative: ##BENCH## {"tag":"feed1000","t_us":1790242164373343,"ev":"page_build","i":607}
Sep 24 15:14:24.373494 Runner(Flutter)[2657] <Notice>: dartnative: ##BENCH## {"tag":"feed1000","t_us":1790242164373404,"ev":"page_build","i":608}
Sep 24 15:14:24.373604 Runner(Flutter)[2657] <Notice>: dartnative: ##BENCH## {"tag":"feed1000","t_us":1790242164373543,"ev":"page_build","i":609}
Sep 24 15:14:24.373656 Runner(Flutter)[2657] <Notice>: dartnative: ##BENCH## {"tag":"feed1000","t_us":1790242164373609,"ev":"page_build","i":610}
Sep 24 15:14:24.373744 Runner(Flutter)[2657] <Notice>: dartnative: ##BENCH## {"tag":"feed1000","t_us":1790242164373696,"ev":"page_build","i":611}
Sep 24 15:14:24.373898 Runner(Flutter)[2657] <Notice>: dartnative: ##BENCH## {"tag":"feed1000","t_us":1790242164373796,"ev":"page_build","i":612}
Sep 24 15:14:24.373923 Runner(Flutter)[2657] <Notice>: dartnative: ##BENCH## {"tag":"feed1000","t_us":1790242164373884,"ev":"page_build","i":613}
Sep 24 15:14:24.374002 Runner(Flutter)[2657] <Notice>: dartnative: ##BENCH## {"tag":"feed1000","t_us":1790242164373951,"ev":"page_build","i":614}
Sep 24 15:14:24.374078 Runner(Flutter)[2657] <Notice>: dartnative: ##BENCH## {"tag":"feed1000","t_us":1790242164374040,"ev":"page_build","i":615}
Sep 24 15:14:24.374125 Runner(Flutter)[2657] <Notice>: dartnative: ##BENCH## {"tag":"feed1000","t_us":1790242164374076,"ev":"page_build","i":616}
Sep 24 15:14:24.374208 Runner(Flutter)[2657] <Notice>: dartnative: ##BENCH## {"tag":"feed1000","t_us":1790242164374143,"ev":"page_build","i":617}
Sep 24 15:14:24.374247 Runner(Flutter)[2657] <Notice>: dartnative: ##BENCH## {"tag":"feed1000","t_us":1790242164374197,"ev":"page_build","i":618}
Sep 24 15:14:24.374305 Runner(Flutter)[2657] <Notice>: dartnative: ##BENCH## {"tag":"feed1000","t_us":1790242164374253,"ev":"page_build","i":619}
Sep 24 15:14:24.374351 Runner(Flutter)[2657] <Notice>: dartnative: ##BENCH## {"tag":"feed1000","t_us":1790242164374310,"ev":"page_build","i":620}
Sep 24 15:14:24.374440 Runner(Flutter)[2657] <Notice>: dartnative: ##BENCH## {"tag":"feed1000","t_us":1790242164374362,"ev":"page_build","i":621}
Sep 24 15:14:24.374456 Runner(Flutter)[2657] <Notice>: dartnative: ##BENCH## {"tag":"feed1000","t_us":1790242164374414,"ev":"page_build","i":622}
Sep 24 15:14:24.374483 Runner(Flutter)[2657] <Notice>: dartnative: ##BENCH## {"tag":"feed1000","t_us":1790242164374448,"ev":"page_build","i":623}
Sep 24 15:14:24.374554 Runner(Flutter)[2657] <Notice>: dartnative: ##BENCH## {"tag":"feed1000","t_us":1790242164374503,"ev":"page_build","i":624}
Sep 24 15:14:24.374604 Runner(Flutter)[2657] <Notice>: dartnative: ##BENCH## {"tag":"feed1000","t_us":1790242164374556,"ev":"page_build","i":625}
Sep 24 15:14:24.374648 Runner(Flutter)[2657] <Notice>: dartnative: ##BENCH## {"tag":"feed1000","t_us":1790242164374612,"ev":"page_build","i":626}
Sep 24 15:14:24.374728 Runner(Flutter)[2657] <Notice>: dartnative: ##BENCH## {"tag":"feed1000","t_us":1790242164374663,"ev":"page_build","i":627}
Sep 24 15:14:24.374807 Runner(Flutter)[2657] <Notice>: dartnative: ##BENCH## {"tag":"feed1000","t_us":1790242164374720,"ev":"page_build","i":628}
Sep 24 15:14:24.374874 Runner(Flutter)[2657] <Notice>: dartnative: ##BENCH## {"tag":"feed1000","t_us":1790242164374782,"ev":"page_build","i":629}
Sep 24 15:14:24.374891 Runner(Flutter)[2657] <Notice>: dartnative: ##BENCH## {"tag":"feed1000","t_us":1790242164374835,"ev":"page_build","i":630}
Sep 24 15:14:24.375010 Runner(Flutter)[2657] <Notice>: dartnative: ##BENCH## {"tag":"feed1000","t_us":1790242164374938,"ev":"page_build","i":631}
Sep 24 15:14:24.375027 Runner(Flutter)[2657] <Notice>: dartnative: ##BENCH## {"tag":"feed1000","t_us":1790242164374972,"ev":"page_build","i":632}
Sep 24 15:14:24.375069 Runner(Flutter)[2657] <Notice>: dartnative: ##BENCH## {"tag":"feed1000","t_us":1790242164375003,"ev":"page_build","i":633}
Sep 24 15:14:24.375095 Runner(Flutter)[2657] <Notice>: dartnative: ##BENCH## {"tag":"feed1000","t_us":1790242164375061,"ev":"page_build","i":634}
Sep 24 15:14:24.375405 Runner(Flutter)[2657] <Notice>: dartnative: ##BENCH## {"tag":"feed1000","t_us":1790242164375134,"ev":"page_build","i":635}
Sep 24 15:14:24.375414 Runner(Flutter)[2657] <Notice>: dartnative: ##BENCH## {"tag":"feed1000","t_us":1790242164375170,"ev":"page_build","i":636}
Sep 24 15:14:24.375456 Runner(Flutter)[2657] <Notice>: dartnative: ##BENCH## {"tag":"feed1000","t_us":1790242164375202,"ev":"page_build","i":637}
Sep 24 15:14:24.375486 Runner(Flutter)[2657] <Notice>: dartnative: ##BENCH## {"tag":"feed1000","t_us":1790242164375292,"ev":"page_build","i":638}
Sep 24 15:14:24.375511 Runner(Flutter)[2657] <Notice>: dartnative: ##BENCH## {"tag":"feed1000","t_us":1790242164375323,"ev":"page_build","i":639}
Sep 24 15:14:24.383318 Runner(Flutter)[2657] <Notice>: dartnative: ##BENCH## {"tag":"feed1000","t_us":1790242164383246,"ev":"page_build","i":640}
Sep 24 15:14:24.383359 Runner(Flutter)[2657] <Notice>: dartnative: ##BENCH## {"tag":"feed1000","t_us":1790242164383314,"ev":"page_build","i":641}
Sep 24 15:14:24.383493 Runner(Flutter)[2657] <Notice>: dartnative: ##BENCH## {"tag":"feed1000","t_us":1790242164383383,"ev":"page_build","i":642}
Sep 24 15:14:24.383528 Runner(Flutter)[2657] <Notice>: dartnative: ##BENCH## {"tag":"feed1000","t_us":1790242164383424,"ev":"page_build","i":643}
Sep 24 15:14:24.383566 Runner(Flutter)[2657] <Notice>: dartnative: ##BENCH## {"tag":"feed1000","t_us":1790242164383461,"ev":"page_build","i":644}
Sep 24 15:14:24.383724 Runner(Flutter)[2657] <Notice>: dartnative: ##BENCH## {"tag":"feed1000","t_us":1790242164383580,"ev":"page_build","i":645}
Sep 24 15:14:24.383768 Runner(Flutter)[2657] <Notice>: dartnative: ##BENCH## {"tag":"feed1000","t_us":1790242164383684,"ev":"page_build","i":646}
Sep 24 15:14:24.383814 Runner(Flutter)[2657] <Notice>: dartnative: ##BENCH## {"tag":"feed1000","t_us":1790242164383726,"ev":"page_build","i":647}
Sep 24 15:14:24.383914 Runner(Flutter)[2657] <Notice>: dartnative: ##BENCH## {"tag":"feed1000","t_us":1790242164383762,"ev":"page_build","i":648}
Sep 24 15:14:24.383983 Runner(Flutter)[2657] <Notice>: dartnative: ##BENCH## {"tag":"feed1000","t_us":1790242164383795,"ev":"page_build","i":649}
Sep 24 15:14:24.384043 Runner(Flutter)[2657] <Notice>: dartnative: ##BENCH## {"tag":"feed1000","t_us":1790242164383921,"ev":"page_build","i":650}
Sep 24 15:14:24.384123 Runner(Flutter)[2657] <Notice>: dartnative: ##BENCH## {"tag":"feed1000","t_us":1790242164384023,"ev":"page_build","i":651}
Sep 24 15:14:24.384210 Runner(Flutter)[2657] <Notice>: dartnative: ##BENCH## {"tag":"feed1000","t_us":1790242164384122,"ev":"page_build","i":652}
Sep 24 15:14:24.384262 Runner(Flutter)[2657] <Notice>: dartnative: ##BENCH## {"tag":"feed1000","t_us":1790242164384203,"ev":"page_build","i":653}
Sep 24 15:14:24.384385 Runner(Flutter)[2657] <Notice>: dartnative: ##BENCH## {"tag":"feed1000","t_us":1790242164384279,"ev":"page_build","i":654}
Sep 24 15:14:24.384414 Runner(Flutter)[2657] <Notice>: dartnative: ##BENCH## {"tag":"feed1000","t_us":1790242164384332,"ev":"page_build","i":655}
Sep 24 15:14:24.384460 Runner(Flutter)[2657] <Notice>: dartnative: ##BENCH## {"tag":"feed1000","t_us":1790242164384365,"ev":"page_build","i":656}
Sep 24 15:14:24.384519 Runner(Flutter)[2657] <Notice>: dartnative: ##BENCH## {"tag":"feed1000","t_us":1790242164384398,"ev":"page_build","i":657}
Sep 24 15:14:24.384541 Runner(Flutter)[2657] <Notice>: dartnative: ##BENCH## {"tag":"feed1000","t_us":1790242164384499,"ev":"page_build","i":658}
Sep 24 15:14:24.384636 Runner(Flutter)[2657] <Notice>: dartnative: ##BENCH## {"tag":"feed1000","t_us":1790242164384574,"ev":"page_build","i":659}
Sep 24 15:14:24.384666 Runner(Flutter)[2657] <Notice>: dartnative: ##BENCH## {"tag":"feed1000","t_us":1790242164384624,"ev":"page_build","i":660}
Sep 24 15:14:24.384772 Runner(Flutter)[2657] <Notice>: dartnative: ##BENCH## {"tag":"feed1000","t_us":1790242164384679,"ev":"page_build","i":661}
Sep 24 15:14:24.384805 Runner(Flutter)[2657] <Notice>: dartnative: ##BENCH## {"tag":"feed1000","t_us":1790242164384736,"ev":"page_build","i":662}
Sep 24 15:14:24.384820 Runner(Flutter)[2657] <Notice>: dartnative: ##BENCH## {"tag":"feed1000","t_us":1790242164384768,"ev":"page_build","i":663}
Sep 24 15:14:24.384918 Runner(Flutter)[2657] <Notice>: dartnative: ##BENCH## {"tag":"feed1000","t_us":1790242164384859,"ev":"page_build","i":664}
Sep 24 15:14:24.384954 Runner(Flutter)[2657] <Notice>: dartnative: ##BENCH## {"tag":"feed1000","t_us":1790242164384896,"ev":"page_build","i":665}
Sep 24 15:14:24.384996 Runner(Flutter)[2657] <Notice>: dartnative: ##BENCH## {"tag":"feed1000","t_us":1790242164384957,"ev":"page_build","i":666}
Sep 24 15:14:24.385082 Runner(Flutter)[2657] <Notice>: dartnative: ##BENCH## {"tag":"feed1000","t_us":1790242164385039,"ev":"page_build","i":667}
Sep 24 15:14:24.385178 Runner(Flutter)[2657] <Notice>: dartnative: ##BENCH## {"tag":"feed1000","t_us":1790242164385097,"ev":"page_build","i":668}
Sep 24 15:14:24.385201 Runner(Flutter)[2657] <Notice>: dartnative: ##BENCH## {"tag":"feed1000","t_us":1790242164385146,"ev":"page_build","i":669}
Sep 24 15:14:24.385260 Runner(Flutter)[2657] <Notice>: dartnative: ##BENCH## {"tag":"feed1000","t_us":1790242164385178,"ev":"page_build","i":670}
Sep 24 15:14:24.385297 Runner(Flutter)[2657] <Notice>: dartnative: ##BENCH## {"tag":"feed1000","t_us":1790242164385258,"ev":"page_build","i":671}
Sep 24 15:14:24.385439 Runner(Flutter)[2657] <Notice>: dartnative: ##BENCH## {"tag":"feed1000","t_us":1790242164385350,"ev":"page_build","i":672}
Sep 24 15:14:24.385465 Runner(Flutter)[2657] <Notice>: dartnative: ##BENCH## {"tag":"feed1000","t_us":1790242164385383,"ev":"page_build","i":673}
Sep 24 15:14:24.385533 Runner(Flutter)[2657] <Notice>: dartnative: ##BENCH## {"tag":"feed1000","t_us":1790242164385495,"ev":"page_build","i":674}
Sep 24 15:14:24.385669 Runner(Flutter)[2657] <Notice>: dartnative: ##BENCH## {"tag":"feed1000","t_us":1790242164385585,"ev":"page_build","i":675}
Sep 24 15:14:24.385744 Runner(Flutter)[2657] <Notice>: dartnative: ##BENCH## {"tag":"feed1000","t_us":1790242164385626,"ev":"page_build","i":676}
Sep 24 15:14:24.385806 Runner(Flutter)[2657] <Notice>: dartnative: ##BENCH## {"tag":"feed1000","t_us":1790242164385657,"ev":"page_build","i":677}
Sep 24 15:14:24.385834 Runner(Flutter)[2657] <Notice>: dartnative: ##BENCH## {"tag":"feed1000","t_us":1790242164385711,"ev":"page_build","i":678}
Sep 24 15:14:24.385870 Runner(Flutter)[2657] <Notice>: dartnative: ##BENCH## {"tag":"feed1000","t_us":1790242164385759,"ev":"page_build","i":679}
Sep 24 15:14:24.385988 Runner(Flutter)[2657] <Notice>: dartnative: ##BENCH## {"tag":"feed1000","t_us":1790242164385907,"ev":"page_build","i":680}
Sep 24 15:14:24.386049 Runner(Flutter)[2657] <Notice>: dartnative: ##BENCH## {"tag":"feed1000","t_us":1790242164385955,"ev":"page_build","i":681}
Sep 24 15:14:24.386071 Runner(Flutter)[2657] <Notice>: dartnative: ##BENCH## {"tag":"feed1000","t_us":1790242164385989,"ev":"page_build","i":682}
Sep 24 15:14:24.386173 Runner(Flutter)[2657] <Notice>: dartnative: ##BENCH## {"tag":"feed1000","t_us":1790242164386114,"ev":"page_build","i":683}
Sep 24 15:14:24.386202 Runner(Flutter)[2657] <Notice>: dartnative: ##BENCH## {"tag":"feed1000","t_us":1790242164386171,"ev":"page_build","i":684}
Sep 24 15:14:24.386247 Runner(Flutter)[2657] <Notice>: dartnative: ##BENCH## {"tag":"feed1000","t_us":1790242164386205,"ev":"page_build","i":685}
Sep 24 15:14:24.386354 Runner(Flutter)[2657] <Notice>: dartnative: ##BENCH## {"tag":"feed1000","t_us":1790242164386260,"ev":"page_build","i":686}
Sep 24 15:14:24.386468 Runner(Flutter)[2657] <Notice>: dartnative: ##BENCH## {"tag":"feed1000","t_us":1790242164386366,"ev":"page_build","i":687}
Sep 24 15:14:24.386613 Runner(Flutter)[2657] <Notice>: dartnative: ##BENCH## {"tag":"feed1000","t_us":1790242164386525,"ev":"page_build","i":688}
Sep 24 15:14:24.386690 Runner(Flutter)[2657] <Notice>: dartnative: ##BENCH## {"tag":"feed1000","t_us":1790242164386606,"ev":"page_build","i":689}
Sep 24 15:14:24.386800 Runner(Flutter)[2657] <Notice>: dartnative: ##BENCH## {"tag":"feed1000","t_us":1790242164386680,"ev":"page_build","i":690}
Sep 24 15:14:24.386870 Runner(Flutter)[2657] <Notice>: dartnative: ##BENCH## {"tag":"feed1000","t_us":1790242164386782,"ev":"page_build","i":691}
Sep 24 15:14:24.386996 Runner(Flutter)[2657] <Notice>: dartnative: ##BENCH## {"tag":"feed1000","t_us":1790242164386885,"ev":"page_build","i":692}
Sep 24 15:14:24.387039 Runner(Flutter)[2657] <Notice>: dartnative: ##BENCH## {"tag":"feed1000","t_us":1790242164386944,"ev":"page_build","i":693}
Sep 24 15:14:24.387109 Runner(Flutter)[2657] <Notice>: dartnative: ##BENCH## {"tag":"feed1000","t_us":1790242164387008,"ev":"page_build","i":694}
Sep 24 15:14:24.387187 Runner(Flutter)[2657] <Notice>: dartnative: ##BENCH## {"tag":"feed1000","t_us":1790242164387079,"ev":"page_build","i":695}
Sep 24 15:14:24.387299 Runner(Flutter)[2657] <Notice>: dartnative: ##BENCH## {"tag":"feed1000","t_us":1790242164387138,"ev":"page_build","i":696}
Sep 24 15:14:24.387337 Runner(Flutter)[2657] <Notice>: dartnative: ##BENCH## {"tag":"feed1000","t_us":1790242164387172,"ev":"page_build","i":697}
Sep 24 15:14:24.387420 Runner(Flutter)[2657] <Notice>: dartnative: ##BENCH## {"tag":"feed1000","t_us":1790242164387232,"ev":"page_build","i":698}
Sep 24 15:14:24.387504 Runner(Flutter)[2657] <Notice>: dartnative: ##BENCH## {"tag":"feed1000","t_us":1790242164387291,"ev":"page_build","i":699}
Sep 24 15:14:24.387549 Runner(Flutter)[2657] <Notice>: dartnative: ##BENCH## {"tag":"feed1000","t_us":1790242164387419,"ev":"page_build","i":700}
Sep 24 15:14:24.387639 Runner(Flutter)[2657] <Notice>: dartnative: ##BENCH## {"tag":"feed1000","t_us":1790242164387478,"ev":"page_build","i":701}
Sep 24 15:14:24.387724 Runner(Flutter)[2657] <Notice>: dartnative: ##BENCH## {"tag":"feed1000","t_us":1790242164387513,"ev":"page_build","i":702}
Sep 24 15:14:24.387841 Runner(Flutter)[2657] <Notice>: dartnative: ##BENCH## {"tag":"feed1000","t_us":1790242164387586,"ev":"page_build","i":703}
Sep 24 15:14:24.387883 Runner(Flutter)[2657] <Notice>: dartnative: ##BENCH## {"tag":"feed1000","t_us":1790242164387797,"ev":"page_build","i":704}
Sep 24 15:14:24.388007 Runner(Flutter)[2657] <Notice>: dartnative: ##BENCH## {"tag":"feed1000","t_us":1790242164387906,"ev":"page_build","i":705}
Sep 24 15:14:24.388109 Runner(Flutter)[2657] <Notice>: dartnative: ##BENCH## {"tag":"feed1000","t_us":1790242164387971,"ev":"page_build","i":706}
Sep 24 15:14:24.388144 Runner(Flutter)[2657] <Notice>: dartnative: ##BENCH## {"tag":"feed1000","t_us":1790242164388005,"ev":"page_build","i":707}
Sep 24 15:14:24.388187 Runner(Flutter)[2657] <Notice>: dartnative: ##BENCH## {"tag":"feed1000","t_us":1790242164388088,"ev":"page_build","i":708}
Sep 24 15:14:24.388227 Runner(Flutter)[2657] <Notice>: dartnative: ##BENCH## {"tag":"feed1000","t_us":1790242164388152,"ev":"page_build","i":709}
Sep 24 15:14:24.388341 Runner(Flutter)[2657] <Notice>: dartnative: ##BENCH## {"tag":"feed1000","t_us":1790242164388253,"ev":"page_build","i":710}
Sep 24 15:14:24.388377 Runner(Flutter)[2657] <Notice>: dartnative: ##BENCH## {"tag":"feed1000","t_us":1790242164388312,"ev":"page_build","i":711}
Sep 24 15:14:24.388474 Runner(Flutter)[2657] <Notice>: dartnative: ##BENCH## {"tag":"feed1000","t_us":1790242164388380,"ev":"page_build","i":712}
Sep 24 15:14:24.388626 Runner(Flutter)[2657] <Notice>: dartnative: ##BENCH## {"tag":"feed1000","t_us":1790242164388526,"ev":"page_build","i":713}
Sep 24 15:14:24.388648 Runner(Flutter)[2657] <Notice>: dartnative: ##BENCH## {"tag":"feed1000","t_us":1790242164388567,"ev":"page_build","i":714}
Sep 24 15:14:24.388694 Runner(Flutter)[2657] <Notice>: dartnative: ##BENCH## {"tag":"feed1000","t_us":1790242164388600,"ev":"page_build","i":715}
Sep 24 15:14:24.388746 Runner(Flutter)[2657] <Notice>: dartnative: ##BENCH## {"tag":"feed1000","t_us":1790242164388695,"ev":"page_build","i":716}
Sep 24 15:14:24.388814 Runner(Flutter)[2657] <Notice>: dartnative: ##BENCH## {"tag":"feed1000","t_us":1790242164388758,"ev":"page_build","i":717}
Sep 24 15:14:24.388950 Runner(Flutter)[2657] <Notice>: dartnative: ##BENCH## {"tag":"feed1000","t_us":1790242164388829,"ev":"page_build","i":718}
Sep 24 15:14:24.389044 Runner(Flutter)[2657] <Notice>: dartnative: ##BENCH## {"tag":"feed1000","t_us":1790242164388979,"ev":"page_build","i":719}
Sep 24 15:14:24.389086 Runner(Flutter)[2657] <Notice>: dartnative: ##BENCH## {"tag":"feed1000","t_us":1790242164389039,"ev":"page_build","i":720}
Sep 24 15:14:24.389166 Runner(Flutter)[2657] <Notice>: dartnative: ##BENCH## {"tag":"feed1000","t_us":1790242164389091,"ev":"page_build","i":721}
Sep 24 15:14:24.389238 Runner(Flutter)[2657] <Notice>: dartnative: ##BENCH## {"tag":"feed1000","t_us":1790242164389207,"ev":"page_build","i":722}
Sep 24 15:14:24.389307 Runner(Flutter)[2657] <Notice>: dartnative: ##BENCH## {"tag":"feed1000","t_us":1790242164389242,"ev":"page_build","i":723}
Sep 24 15:14:24.389332 Runner(Flutter)[2657] <Notice>: dartnative: ##BENCH## {"tag":"feed1000","t_us":1790242164389281,"ev":"page_build","i":724}
Sep 24 15:14:24.389348 Runner(Flutter)[2657] <Notice>: dartnative: ##BENCH## {"tag":"feed1000","t_us":1790242164389312,"ev":"page_build","i":725}
Sep 24 15:14:24.389445 Runner(Flutter)[2657] <Notice>: dartnative: ##BENCH## {"tag":"feed1000","t_us":1790242164389380,"ev":"page_build","i":726}
Sep 24 15:14:24.389474 Runner(Flutter)[2657] <Notice>: dartnative: ##BENCH## {"tag":"feed1000","t_us":1790242164389428,"ev":"page_build","i":727}
Sep 24 15:14:24.389647 Runner(Flutter)[2657] <Notice>: dartnative: ##BENCH## {"tag":"feed1000","t_us":1790242164389515,"ev":"page_build","i":728}
Sep 24 15:14:24.389686 Runner(Flutter)[2657] <Notice>: dartnative: ##BENCH## {"tag":"feed1000","t_us":1790242164389548,"ev":"page_build","i":729}
Sep 24 15:14:24.389719 Runner(Flutter)[2657] <Notice>: dartnative: ##BENCH## {"tag":"feed1000","t_us":1790242164389580,"ev":"page_build","i":730}
Sep 24 15:14:24.389745 Runner(Flutter)[2657] <Notice>: dartnative: ##BENCH## {"tag":"feed1000","t_us":1790242164389610,"ev":"page_build","i":731}
Sep 24 15:14:24.389807 Runner(Flutter)[2657] <Notice>: dartnative: ##BENCH## {"tag":"feed1000","t_us":1790242164389643,"ev":"page_build","i":732}
Sep 24 15:14:24.389840 Runner(Flutter)[2657] <Notice>: dartnative: ##BENCH## {"tag":"feed1000","t_us":1790242164389691,"ev":"page_build","i":733}
Sep 24 15:14:24.389883 Runner(Flutter)[2657] <Notice>: dartnative: ##BENCH## {"tag":"feed1000","t_us":1790242164389791,"ev":"page_build","i":734}
Sep 24 15:14:24.389971 Runner(Flutter)[2657] <Notice>: dartnative: ##BENCH## {"tag":"feed1000","t_us":1790242164389893,"ev":"page_build","i":735}
Sep 24 15:14:24.390013 Runner(Flutter)[2657] <Notice>: dartnative: ##BENCH## {"tag":"feed1000","t_us":1790242164389948,"ev":"page_build","i":736}
Sep 24 15:14:24.390061 Runner(Flutter)[2657] <Notice>: dartnative: ##BENCH## {"tag":"feed1000","t_us":1790242164389983,"ev":"page_build","i":737}
Sep 24 15:14:24.390150 Runner(Flutter)[2657] <Notice>: dartnative: ##BENCH## {"tag":"feed1000","t_us":1790242164390081,"ev":"page_build","i":738}
Sep 24 15:14:24.390196 Runner(Flutter)[2657] <Notice>: dartnative: ##BENCH## {"tag":"feed1000","t_us":1790242164390143,"ev":"page_build","i":739}
Sep 24 15:14:24.390240 Runner(Flutter)[2657] <Notice>: dartnative: ##BENCH## {"tag":"feed1000","t_us":1790242164390200,"ev":"page_build","i":740}
Sep 24 15:14:24.390386 Runner(Flutter)[2657] <Notice>: dartnative: ##BENCH## {"tag":"feed1000","t_us":1790242164390272,"ev":"page_build","i":741}
Sep 24 15:14:24.390404 Runner(Flutter)[2657] <Notice>: dartnative: ##BENCH## {"tag":"feed1000","t_us":1790242164390322,"ev":"page_build","i":742}
Sep 24 15:14:24.390433 Runner(Flutter)[2657] <Notice>: dartnative: ##BENCH## {"tag":"feed1000","t_us":1790242164390357,"ev":"page_build","i":743}
Sep 24 15:14:24.390454 Runner(Flutter)[2657] <Notice>: dartnative: ##BENCH## {"tag":"feed1000","t_us":1790242164390389,"ev":"page_build","i":744}
Sep 24 15:14:24.390534 Runner(Flutter)[2657] <Notice>: dartnative: ##BENCH## {"tag":"feed1000","t_us":1790242164390447,"ev":"page_build","i":745}
Sep 24 15:14:24.390606 Runner(Flutter)[2657] <Notice>: dartnative: ##BENCH## {"tag":"feed1000","t_us":1790242164390536,"ev":"page_build","i":746}
Sep 24 15:14:24.390695 Runner(Flutter)[2657] <Notice>: dartnative: ##BENCH## {"tag":"feed1000","t_us":1790242164390619,"ev":"page_build","i":747}
Sep 24 15:14:24.390754 Runner(Flutter)[2657] <Notice>: dartnative: ##BENCH## {"tag":"feed1000","t_us":1790242164390693,"ev":"page_build","i":748}
Sep 24 15:14:24.390900 Runner(Flutter)[2657] <Notice>: dartnative: ##BENCH## {"tag":"feed1000","t_us":1790242164390753,"ev":"page_build","i":749}
Sep 24 15:14:24.390988 Runner(Flutter)[2657] <Notice>: dartnative: ##BENCH## {"tag":"feed1000","t_us":1790242164390820,"ev":"page_build","i":750}
Sep 24 15:14:24.391003 Runner(Flutter)[2657] <Notice>: dartnative: ##BENCH## {"tag":"feed1000","t_us":1790242164390861,"ev":"page_build","i":751}
Sep 24 15:14:24.391038 Runner(Flutter)[2657] <Notice>: dartnative: ##BENCH## {"tag":"feed1000","t_us":1790242164390945,"ev":"page_build","i":752}
Sep 24 15:14:24.391156 Runner(Flutter)[2657] <Notice>: dartnative: ##BENCH## {"tag":"feed1000","t_us":1790242164391107,"ev":"page_build","i":753}
Sep 24 15:14:24.391205 Runner(Flutter)[2657] <Notice>: dartnative: ##BENCH## {"tag":"feed1000","t_us":1790242164391152,"ev":"page_build","i":754}
Sep 24 15:14:24.391279 Runner(Flutter)[2657] <Notice>: dartnative: ##BENCH## {"tag":"feed1000","t_us":1790242164391206,"ev":"page_build","i":755}
Sep 24 15:14:24.391325 Runner(Flutter)[2657] <Notice>: dartnative: ##BENCH## {"tag":"feed1000","t_us":1790242164391254,"ev":"page_build","i":756}
Sep 24 15:14:24.391343 Runner(Flutter)[2657] <Notice>: dartnative: ##BENCH## {"tag":"feed1000","t_us":1790242164391288,"ev":"page_build","i":757}
Sep 24 15:14:24.391448 Runner(Flutter)[2657] <Notice>: dartnative: ##BENCH## {"tag":"feed1000","t_us":1790242164391397,"ev":"page_build","i":758}
Sep 24 15:14:24.391518 Runner(Flutter)[2657] <Notice>: dartnative: ##BENCH## {"tag":"feed1000","t_us":1790242164391459,"ev":"page_build","i":759}
Sep 24 15:14:24.391624 Runner(Flutter)[2657] <Notice>: dartnative: ##BENCH## {"tag":"feed1000","t_us":1790242164391552,"ev":"page_build","i":760}
Sep 24 15:14:24.391728 Runner(Flutter)[2657] <Notice>: dartnative: ##BENCH## {"tag":"feed1000","t_us":1790242164391634,"ev":"page_build","i":761}
Sep 24 15:14:24.391763 Runner(Flutter)[2657] <Notice>: dartnative: ##BENCH## {"tag":"feed1000","t_us":1790242164391675,"ev":"page_build","i":762}
Sep 24 15:14:24.391831 Runner(Flutter)[2657] <Notice>: dartnative: ##BENCH## {"tag":"feed1000","t_us":1790242164391747,"ev":"page_build","i":763}
Sep 24 15:14:24.391943 Runner(Flutter)[2657] <Notice>: dartnative: ##BENCH## {"tag":"feed1000","t_us":1790242164391840,"ev":"page_build","i":764}
Sep 24 15:14:24.392004 Runner(Flutter)[2657] <Notice>: dartnative: ##BENCH## {"tag":"feed1000","t_us":1790242164391890,"ev":"page_build","i":765}
Sep 24 15:14:24.392044 Runner(Flutter)[2657] <Notice>: dartnative: ##BENCH## {"tag":"feed1000","t_us":1790242164391971,"ev":"page_build","i":766}
Sep 24 15:14:24.392087 Runner(Flutter)[2657] <Notice>: dartnative: ##BENCH## {"tag":"feed1000","t_us":1790242164392041,"ev":"page_build","i":767}
Sep 24 15:14:24.392193 Runner(Flutter)[2657] <Notice>: dartnative: ##BENCH## {"tag":"feed1000","t_us":1790242164392124,"ev":"page_build","i":768}
Sep 24 15:14:24.392346 Runner(Flutter)[2657] <Notice>: dartnative: ##BENCH## {"tag":"feed1000","t_us":1790242164392256,"ev":"page_build","i":769}
Sep 24 15:14:24.392436 Runner(Flutter)[2657] <Notice>: dartnative: ##BENCH## {"tag":"feed1000","t_us":1790242164392369,"ev":"page_build","i":770}
Sep 24 15:14:24.392474 Runner(Flutter)[2657] <Notice>: dartnative: ##BENCH## {"tag":"feed1000","t_us":1790242164392404,"ev":"page_build","i":771}
Sep 24 15:14:24.392584 Runner(Flutter)[2657] <Notice>: dartnative: ##BENCH## {"tag":"feed1000","t_us":1790242164392451,"ev":"page_build","i":772}
Sep 24 15:14:24.392688 Runner(Flutter)[2657] <Notice>: dartnative: ##BENCH## {"tag":"feed1000","t_us":1790242164392630,"ev":"page_build","i":773}
Sep 24 15:14:24.392883 Runner(Flutter)[2657] <Notice>: dartnative: ##BENCH## {"tag":"feed1000","t_us":1790242164392685,"ev":"page_build","i":774}
Sep 24 15:14:24.392903 Runner(Flutter)[2657] <Notice>: dartnative: ##BENCH## {"tag":"feed1000","t_us":1790242164392748,"ev":"page_build","i":775}
Sep 24 15:14:24.392971 Runner(Flutter)[2657] <Notice>: dartnative: ##BENCH## {"tag":"feed1000","t_us":1790242164392778,"ev":"page_build","i":776}
Sep 24 15:14:24.393058 Runner(Flutter)[2657] <Notice>: dartnative: ##BENCH## {"tag":"feed1000","t_us":1790242164392837,"ev":"page_build","i":777}
Sep 24 15:14:24.393131 Runner(Flutter)[2657] <Notice>: dartnative: ##BENCH## {"tag":"feed1000","t_us":1790242164392943,"ev":"page_build","i":778}
Sep 24 15:14:24.393189 Runner(Flutter)[2657] <Notice>: dartnative: ##BENCH## {"tag":"feed1000","t_us":1790242164393034,"ev":"page_build","i":779}
Sep 24 15:14:24.393232 Runner(Flutter)[2657] <Notice>: dartnative: ##BENCH## {"tag":"feed1000","t_us":1790242164393144,"ev":"page_build","i":780}
Sep 24 15:14:24.393314 Runner(Flutter)[2657] <Notice>: dartnative: ##BENCH## {"tag":"feed1000","t_us":1790242164393212,"ev":"page_build","i":781}
Sep 24 15:14:24.393349 Runner(Flutter)[2657] <Notice>: dartnative: ##BENCH## {"tag":"feed1000","t_us":1790242164393271,"ev":"page_build","i":782}
Sep 24 15:14:24.393447 Runner(Flutter)[2657] <Notice>: dartnative: ##BENCH## {"tag":"feed1000","t_us":1790242164393360,"ev":"page_build","i":783}
Sep 24 15:14:24.393480 Runner(Flutter)[2657] <Notice>: dartnative: ##BENCH## {"tag":"feed1000","t_us":1790242164393409,"ev":"page_build","i":784}
Sep 24 15:14:24.393612 Runner(Flutter)[2657] <Notice>: dartnative: ##BENCH## {"tag":"feed1000","t_us":1790242164393508,"ev":"page_build","i":785}
Sep 24 15:14:24.393685 Runner(Flutter)[2657] <Notice>: dartnative: ##BENCH## {"tag":"feed1000","t_us":1790242164393549,"ev":"page_build","i":786}
Sep 24 15:14:24.393707 Runner(Flutter)[2657] <Notice>: dartnative: ##BENCH## {"tag":"feed1000","t_us":1790242164393635,"ev":"page_build","i":787}
Sep 24 15:14:24.393802 Runner(Flutter)[2657] <Notice>: dartnative: ##BENCH## {"tag":"feed1000","t_us":1790242164393685,"ev":"page_build","i":788}
Sep 24 15:14:24.393823 Runner(Flutter)[2657] <Notice>: dartnative: ##BENCH## {"tag":"feed1000","t_us":1790242164393760,"ev":"page_build","i":789}
Sep 24 15:14:24.393902 Runner(Flutter)[2657] <Notice>: dartnative: ##BENCH## {"tag":"feed1000","t_us":1790242164393808,"ev":"page_build","i":790}
Sep 24 15:14:24.393940 Runner(Flutter)[2657] <Notice>: dartnative: ##BENCH## {"tag":"feed1000","t_us":1790242164393883,"ev":"page_build","i":791}
Sep 24 15:14:24.394061 Runner(Flutter)[2657] <Notice>: dartnative: ##BENCH## {"tag":"feed1000","t_us":1790242164393935,"ev":"page_build","i":792}
Sep 24 15:14:24.394092 Runner(Flutter)[2657] <Notice>: dartnative: ##BENCH## {"tag":"feed1000","t_us":1790242164393988,"ev":"page_build","i":793}
Sep 24 15:14:24.394190 Runner(Flutter)[2657] <Notice>: dartnative: ##BENCH## {"tag":"feed1000","t_us":1790242164394023,"ev":"page_build","i":794}
Sep 24 15:14:24.394245 Runner(Flutter)[2657] <Notice>: dartnative: ##BENCH## {"tag":"feed1000","t_us":1790242164394145,"ev":"page_build","i":795}
Sep 24 15:14:24.394302 Runner(Flutter)[2657] <Notice>: dartnative: ##BENCH## {"tag":"feed1000","t_us":1790242164394179,"ev":"page_build","i":796}
Sep 24 15:14:24.394369 Runner(Flutter)[2657] <Notice>: dartnative: ##BENCH## {"tag":"feed1000","t_us":1790242164394252,"ev":"page_build","i":797}
Sep 24 15:14:24.394482 Runner(Flutter)[2657] <Notice>: dartnative: ##BENCH## {"tag":"feed1000","t_us":1790242164394395,"ev":"page_build","i":798}
Sep 24 15:14:24.394573 Runner(Flutter)[2657] <Notice>: dartnative: ##BENCH## {"tag":"feed1000","t_us":1790242164394444,"ev":"page_build","i":799}
Sep 24 15:14:24.394621 Runner(Flutter)[2657] <Notice>: dartnative: ##BENCH## {"tag":"feed1000","t_us":1790242164394521,"ev":"page_build","i":800}
Sep 24 15:14:24.394693 Runner(Flutter)[2657] <Notice>: dartnative: ##BENCH## {"tag":"feed1000","t_us":1790242164394568,"ev":"page_build","i":801}
Sep 24 15:14:24.394760 Runner(Flutter)[2657] <Notice>: dartnative: ##BENCH## {"tag":"feed1000","t_us":1790242164394650,"ev":"page_build","i":802}
Sep 24 15:14:24.394828 Runner(Flutter)[2657] <Notice>: dartnative: ##BENCH## {"tag":"feed1000","t_us":1790242164394729,"ev":"page_build","i":803}
Sep 24 15:14:24.394880 Runner(Flutter)[2657] <Notice>: dartnative: ##BENCH## {"tag":"feed1000","t_us":1790242164394795,"ev":"page_build","i":804}
Sep 24 15:14:24.394934 Runner(Flutter)[2657] <Notice>: dartnative: ##BENCH## {"tag":"feed1000","t_us":1790242164394844,"ev":"page_build","i":805}
Sep 24 15:14:24.394981 Runner(Flutter)[2657] <Notice>: dartnative: ##BENCH## {"tag":"feed1000","t_us":1790242164394883,"ev":"page_build","i":806}
Sep 24 15:14:24.395068 Runner(Flutter)[2657] <Notice>: dartnative: ##BENCH## {"tag":"feed1000","t_us":1790242164394941,"ev":"page_build","i":807}
Sep 24 15:14:24.395093 Runner(Flutter)[2657] <Notice>: dartnative: ##BENCH## {"tag":"feed1000","t_us":1790242164394998,"ev":"page_build","i":808}
Sep 24 15:14:24.395121 Runner(Flutter)[2657] <Notice>: dartnative: ##BENCH## {"tag":"feed1000","t_us":1790242164395043,"ev":"page_build","i":809}
Sep 24 15:14:24.395167 Runner(Flutter)[2657] <Notice>: dartnative: ##BENCH## {"tag":"feed1000","t_us":1790242164395078,"ev":"page_build","i":810}
Sep 24 15:14:24.395208 Runner(Flutter)[2657] <Notice>: dartnative: ##BENCH## {"tag":"feed1000","t_us":1790242164395138,"ev":"page_build","i":811}
Sep 24 15:14:24.395341 Runner(Flutter)[2657] <Notice>: dartnative: ##BENCH## {"tag":"feed1000","t_us":1790242164395254,"ev":"page_build","i":812}
Sep 24 15:14:24.395372 Runner(Flutter)[2657] <Notice>: dartnative: ##BENCH## {"tag":"feed1000","t_us":1790242164395293,"ev":"page_build","i":813}
Sep 24 15:14:24.395449 Runner(Flutter)[2657] <Notice>: dartnative: ##BENCH## {"tag":"feed1000","t_us":1790242164395378,"ev":"page_build","i":814}
Sep 24 15:14:24.395505 Runner(Flutter)[2657] <Notice>: dartnative: ##BENCH## {"tag":"feed1000","t_us":1790242164395421,"ev":"page_build","i":815}
Sep 24 15:14:24.395664 Runner(Flutter)[2657] <Notice>: dartnative: ##BENCH## {"tag":"feed1000","t_us":1790242164395568,"ev":"page_build","i":816}
Sep 24 15:14:24.395740 Runner(Flutter)[2657] <Notice>: dartnative: ##BENCH## {"tag":"feed1000","t_us":1790242164395610,"ev":"page_build","i":817}
Sep 24 15:14:24.395794 Runner(Flutter)[2657] <Notice>: dartnative: ##BENCH## {"tag":"feed1000","t_us":1790242164395655,"ev":"page_build","i":818}
Sep 24 15:14:24.395826 Runner(Flutter)[2657] <Notice>: dartnative: ##BENCH## {"tag":"feed1000","t_us":1790242164395722,"ev":"page_build","i":819}
Sep 24 15:14:24.395880 Runner(Flutter)[2657] <Notice>: dartnative: ##BENCH## {"tag":"feed1000","t_us":1790242164395794,"ev":"page_build","i":820}
Sep 24 15:14:24.396013 Runner(Flutter)[2657] <Notice>: dartnative: ##BENCH## {"tag":"feed1000","t_us":1790242164395893,"ev":"page_build","i":821}
Sep 24 15:14:24.396069 Runner(Flutter)[2657] <Notice>: dartnative: ##BENCH## {"tag":"feed1000","t_us":1790242164395984,"ev":"page_build","i":822}
Sep 24 15:14:24.396101 Runner(Flutter)[2657] <Notice>: dartnative: ##BENCH## {"tag":"feed1000","t_us":1790242164396018,"ev":"page_build","i":823}
Sep 24 15:14:24.396152 Runner(Flutter)[2657] <Notice>: dartnative: ##BENCH## {"tag":"feed1000","t_us":1790242164396096,"ev":"page_build","i":824}
Sep 24 15:14:24.396259 Runner(Flutter)[2657] <Notice>: dartnative: ##BENCH## {"tag":"feed1000","t_us":1790242164396162,"ev":"page_build","i":825}
Sep 24 15:14:24.396384 Runner(Flutter)[2657] <Notice>: dartnative: ##BENCH## {"tag":"feed1000","t_us":1790242164396284,"ev":"page_build","i":826}
Sep 24 15:14:24.396428 Runner(Flutter)[2657] <Notice>: dartnative: ##BENCH## {"tag":"feed1000","t_us":1790242164396367,"ev":"page_build","i":827}
Sep 24 15:14:24.396521 Runner(Flutter)[2657] <Notice>: dartnative: ##BENCH## {"tag":"feed1000","t_us":1790242164396447,"ev":"page_build","i":828}
Sep 24 15:14:24.396607 Runner(Flutter)[2657] <Notice>: dartnative: ##BENCH## {"tag":"feed1000","t_us":1790242164396517,"ev":"page_build","i":829}
Sep 24 15:14:24.396706 Runner(Flutter)[2657] <Notice>: dartnative: ##BENCH## {"tag":"feed1000","t_us":1790242164396587,"ev":"page_build","i":830}
Sep 24 15:14:24.396804 Runner(Flutter)[2657] <Notice>: dartnative: ##BENCH## {"tag":"feed1000","t_us":1790242164396620,"ev":"page_build","i":831}
Sep 24 15:14:24.396856 Runner(Flutter)[2657] <Notice>: dartnative: ##BENCH## {"tag":"feed1000","t_us":1790242164396664,"ev":"page_build","i":832}
Sep 24 15:14:24.396925 Runner(Flutter)[2657] <Notice>: dartnative: ##BENCH## {"tag":"feed1000","t_us":1790242164396712,"ev":"page_build","i":833}
Sep 24 15:14:24.396990 Runner(Flutter)[2657] <Notice>: dartnative: ##BENCH## {"tag":"feed1000","t_us":1790242164396774,"ev":"page_build","i":834}
Sep 24 15:14:24.397036 Runner(Flutter)[2657] <Notice>: dartnative: ##BENCH## {"tag":"feed1000","t_us":1790242164396911,"ev":"page_build","i":835}
Sep 24 15:14:24.397125 Runner(Flutter)[2657] <Notice>: dartnative: ##BENCH## {"tag":"feed1000","t_us":1790242164397061,"ev":"page_build","i":836}
Sep 24 15:14:24.397194 Runner(Flutter)[2657] <Notice>: dartnative: ##BENCH## {"tag":"feed1000","t_us":1790242164397124,"ev":"page_build","i":837}
Sep 24 15:14:24.397354 Runner(Flutter)[2657] <Notice>: dartnative: ##BENCH## {"tag":"feed1000","t_us":1790242164397263,"ev":"page_build","i":838}
Sep 24 15:14:24.397386 Runner(Flutter)[2657] <Notice>: dartnative: ##BENCH## {"tag":"feed1000","t_us":1790242164397304,"ev":"page_build","i":839}
Sep 24 15:14:24.397395 Runner(Flutter)[2657] <Notice>: dartnative: ##BENCH## {"tag":"feed1000","t_us":1790242164397337,"ev":"page_build","i":840}
Sep 24 15:14:24.397484 Runner(Flutter)[2657] <Notice>: dartnative: ##BENCH## {"tag":"feed1000","t_us":1790242164397390,"ev":"page_build","i":841}
Sep 24 15:14:24.397523 Runner(Flutter)[2657] <Notice>: dartnative: ##BENCH## {"tag":"feed1000","t_us":1790242164397468,"ev":"page_build","i":842}
Sep 24 15:14:24.397596 Runner(Flutter)[2657] <Notice>: dartnative: ##BENCH## {"tag":"feed1000","t_us":1790242164397528,"ev":"page_build","i":843}
Sep 24 15:14:24.397715 Runner(Flutter)[2657] <Notice>: dartnative: ##BENCH## {"tag":"feed1000","t_us":1790242164397594,"ev":"page_build","i":844}
Sep 24 15:14:24.397757 Runner(Flutter)[2657] <Notice>: dartnative: ##BENCH## {"tag":"feed1000","t_us":1790242164397640,"ev":"page_build","i":845}
Sep 24 15:14:24.397837 Runner(Flutter)[2657] <Notice>: dartnative: ##BENCH## {"tag":"feed1000","t_us":1790242164397693,"ev":"page_build","i":846}
Sep 24 15:14:24.397898 Runner(Flutter)[2657] <Notice>: dartnative: ##BENCH## {"tag":"feed1000","t_us":1790242164397796,"ev":"page_build","i":847}
Sep 24 15:14:24.398015 Runner(Flutter)[2657] <Notice>: dartnative: ##BENCH## {"tag":"feed1000","t_us":1790242164397908,"ev":"page_build","i":848}
Sep 24 15:14:24.398047 Runner(Flutter)[2657] <Notice>: dartnative: ##BENCH## {"tag":"feed1000","t_us":1790242164397983,"ev":"page_build","i":849}
Sep 24 15:14:24.398108 Runner(Flutter)[2657] <Notice>: dartnative: ##BENCH## {"tag":"feed1000","t_us":1790242164398059,"ev":"page_build","i":850}
Sep 24 15:14:24.398251 Runner(Flutter)[2657] <Notice>: dartnative: ##BENCH## {"tag":"feed1000","t_us":1790242164398164,"ev":"page_build","i":851}
Sep 24 15:14:24.398293 Runner(Flutter)[2657] <Notice>: dartnative: ##BENCH## {"tag":"feed1000","t_us":1790242164398217,"ev":"page_build","i":852}
Sep 24 15:14:24.398369 Runner(Flutter)[2657] <Notice>: dartnative: ##BENCH## {"tag":"feed1000","t_us":1790242164398293,"ev":"page_build","i":853}
Sep 24 15:14:24.398476 Runner(Flutter)[2657] <Notice>: dartnative: ##BENCH## {"tag":"feed1000","t_us":1790242164398426,"ev":"page_build","i":854}
Sep 24 15:14:24.398569 Runner(Flutter)[2657] <Notice>: dartnative: ##BENCH## {"tag":"feed1000","t_us":1790242164398481,"ev":"page_build","i":855}
Sep 24 15:14:24.398623 Runner(Flutter)[2657] <Notice>: dartnative: ##BENCH## {"tag":"feed1000","t_us":1790242164398533,"ev":"page_build","i":856}
Sep 24 15:14:24.398647 Runner(Flutter)[2657] <Notice>: dartnative: ##BENCH## {"tag":"feed1000","t_us":1790242164398564,"ev":"page_build","i":857}
Sep 24 15:14:24.398762 Runner(Flutter)[2657] <Notice>: dartnative: ##BENCH## {"tag":"feed1000","t_us":1790242164398699,"ev":"page_build","i":858}
Sep 24 15:14:24.398788 Runner(Flutter)[2657] <Notice>: dartnative: ##BENCH## {"tag":"feed1000","t_us":1790242164398740,"ev":"page_build","i":859}
Sep 24 15:14:24.398877 Runner(Flutter)[2657] <Notice>: dartnative: ##BENCH## {"tag":"feed1000","t_us":1790242164398811,"ev":"page_build","i":860}
Sep 24 15:14:24.398973 Runner(Flutter)[2657] <Notice>: dartnative: ##BENCH## {"tag":"feed1000","t_us":1790242164398880,"ev":"page_build","i":861}
Sep 24 15:14:24.398983 Runner(Flutter)[2657] <Notice>: dartnative: ##BENCH## {"tag":"feed1000","t_us":1790242164398925,"ev":"page_build","i":862}
Sep 24 15:14:24.399037 Runner(Flutter)[2657] <Notice>: dartnative: ##BENCH## {"tag":"feed1000","t_us":1790242164398957,"ev":"page_build","i":863}
Sep 24 15:14:24.399081 Runner(Flutter)[2657] <Notice>: dartnative: ##BENCH## {"tag":"feed1000","t_us":1790242164399020,"ev":"page_build","i":864}
Sep 24 15:14:24.399121 Runner(Flutter)[2657] <Notice>: dartnative: ##BENCH## {"tag":"feed1000","t_us":1790242164399072,"ev":"page_build","i":865}
Sep 24 15:14:24.399170 Runner(Flutter)[2657] <Notice>: dartnative: ##BENCH## {"tag":"feed1000","t_us":1790242164399129,"ev":"page_build","i":866}
Sep 24 15:14:24.399288 Runner(Flutter)[2657] <Notice>: dartnative: ##BENCH## {"tag":"feed1000","t_us":1790242164399208,"ev":"page_build","i":867}
Sep 24 15:14:24.399315 Runner(Flutter)[2657] <Notice>: dartnative: ##BENCH## {"tag":"feed1000","t_us":1790242164399240,"ev":"page_build","i":868}
Sep 24 15:14:24.399334 Runner(Flutter)[2657] <Notice>: dartnative: ##BENCH## {"tag":"feed1000","t_us":1790242164399271,"ev":"page_build","i":869}
Sep 24 15:14:24.399346 Runner(Flutter)[2657] <Notice>: dartnative: ##BENCH## {"tag":"feed1000","t_us":1790242164399302,"ev":"page_build","i":870}
Sep 24 15:14:24.399471 Runner(Flutter)[2657] <Notice>: dartnative: ##BENCH## {"tag":"feed1000","t_us":1790242164399387,"ev":"page_build","i":871}
Sep 24 15:14:24.399507 Runner(Flutter)[2657] <Notice>: dartnative: ##BENCH## {"tag":"feed1000","t_us":1790242164399420,"ev":"page_build","i":872}
Sep 24 15:14:24.399528 Runner(Flutter)[2657] <Notice>: dartnative: ##BENCH## {"tag":"feed1000","t_us":1790242164399450,"ev":"page_build","i":873}
Sep 24 15:14:24.399544 Runner(Flutter)[2657] <Notice>: dartnative: ##BENCH## {"tag":"feed1000","t_us":1790242164399480,"ev":"page_build","i":874}
Sep 24 15:14:24.399633 Runner(Flutter)[2657] <Notice>: dartnative: ##BENCH## {"tag":"feed1000","t_us":1790242164399582,"ev":"page_build","i":875}
Sep 24 15:14:24.399662 Runner(Flutter)[2657] <Notice>: dartnative: ##BENCH## {"tag":"feed1000","t_us":1790242164399613,"ev":"page_build","i":876}
Sep 24 15:14:24.399699 Runner(Flutter)[2657] <Notice>: dartnative: ##BENCH## {"tag":"feed1000","t_us":1790242164399643,"ev":"page_build","i":877}
Sep 24 15:14:24.399721 Runner(Flutter)[2657] <Notice>: dartnative: ##BENCH## {"tag":"feed1000","t_us":1790242164399681,"ev":"page_build","i":878}
Sep 24 15:14:24.399750 Runner(Flutter)[2657] <Notice>: dartnative: ##BENCH## {"tag":"feed1000","t_us":1790242164399712,"ev":"page_build","i":879}
Sep 24 15:14:24.399864 Runner(Flutter)[2657] <Notice>: dartnative: ##BENCH## {"tag":"feed1000","t_us":1790242164399745,"ev":"page_build","i":880}
Sep 24 15:14:24.399900 Runner(Flutter)[2657] <Notice>: dartnative: ##BENCH## {"tag":"feed1000","t_us":1790242164399821,"ev":"page_build","i":881}
Sep 24 15:14:24.399953 Runner(Flutter)[2657] <Notice>: dartnative: ##BENCH## {"tag":"feed1000","t_us":1790242164399870,"ev":"page_build","i":882}
Sep 24 15:14:24.400097 Runner(Flutter)[2657] <Notice>: dartnative: ##BENCH## {"tag":"feed1000","t_us":1790242164399985,"ev":"page_build","i":883}
Sep 24 15:14:24.400115 Runner(Flutter)[2657] <Notice>: dartnative: ##BENCH## {"tag":"feed1000","t_us":1790242164400020,"ev":"page_build","i":884}
Sep 24 15:14:24.400123 Runner(Flutter)[2657] <Notice>: dartnative: ##BENCH## {"tag":"feed1000","t_us":1790242164400052,"ev":"page_build","i":885}
Sep 24 15:14:24.400147 Runner(Flutter)[2657] <Notice>: dartnative: ##BENCH## {"tag":"feed1000","t_us":1790242164400085,"ev":"page_build","i":886}
Sep 24 15:14:24.400191 Runner(Flutter)[2657] <Notice>: dartnative: ##BENCH## {"tag":"feed1000","t_us":1790242164400114,"ev":"page_build","i":887}
Sep 24 15:14:24.400297 Runner(Flutter)[2657] <Notice>: dartnative: ##BENCH## {"tag":"feed1000","t_us":1790242164400242,"ev":"page_build","i":888}
Sep 24 15:14:24.400320 Runner(Flutter)[2657] <Notice>: dartnative: ##BENCH## {"tag":"feed1000","t_us":1790242164400276,"ev":"page_build","i":889}
Sep 24 15:14:24.400369 Runner(Flutter)[2657] <Notice>: dartnative: ##BENCH## {"tag":"feed1000","t_us":1790242164400308,"ev":"page_build","i":890}
Sep 24 15:14:24.400542 Runner(Flutter)[2657] <Notice>: dartnative: ##BENCH## {"tag":"feed1000","t_us":1790242164400425,"ev":"page_build","i":891}
Sep 24 15:14:24.400708 Runner(Flutter)[2657] <Notice>: dartnative: ##BENCH## {"tag":"feed1000","t_us":1790242164400488,"ev":"page_build","i":892}
Sep 24 15:14:24.400725 Runner(Flutter)[2657] <Notice>: dartnative: ##BENCH## {"tag":"feed1000","t_us":1790242164400519,"ev":"page_build","i":893}
Sep 24 15:14:24.403460 Runner(Flutter)[2657] <Notice>: dartnative: ##BENCH## {"tag":"feed1000","t_us":1790242164403209,"ev":"page_build","i":894}
Sep 24 15:14:24.403479 Runner(Flutter)[2657] <Notice>: dartnative: ##BENCH## {"tag":"feed1000","t_us":1790242164403351,"ev":"page_build","i":895}
Sep 24 15:14:24.403487 Runner(Flutter)[2657] <Notice>: dartnative: ##BENCH## {"tag":"feed1000","t_us":1790242164403404,"ev":"page_build","i":896}
Sep 24 15:14:24.403640 Runner(Flutter)[2657] <Notice>: dartnative: ##BENCH## {"tag":"feed1000","t_us":1790242164403525,"ev":"page_build","i":897}
Sep 24 15:14:24.403668 Runner(Flutter)[2657] <Notice>: dartnative: ##BENCH## {"tag":"feed1000","t_us":1790242164403566,"ev":"page_build","i":898}
Sep 24 15:14:24.403700 Runner(Flutter)[2657] <Notice>: dartnative: ##BENCH## {"tag":"feed1000","t_us":1790242164403613,"ev":"page_build","i":899}
Sep 24 15:14:24.403861 Runner(Flutter)[2657] <Notice>: dartnative: ##BENCH## {"tag":"feed1000","t_us":1790242164403720,"ev":"page_build","i":900}
Sep 24 15:14:24.403897 Runner(Flutter)[2657] <Notice>: dartnative: ##BENCH## {"tag":"feed1000","t_us":1790242164403826,"ev":"page_build","i":901}
Sep 24 15:14:24.404109 Runner(Flutter)[2657] <Notice>: dartnative: ##BENCH## {"tag":"feed1000","t_us":1790242164403960,"ev":"page_build","i":902}
Sep 24 15:14:24.404139 Runner(Flutter)[2657] <Notice>: dartnative: ##BENCH## {"tag":"feed1000","t_us":1790242164404025,"ev":"page_build","i":903}
Sep 24 15:14:24.404155 Runner(Flutter)[2657] <Notice>: dartnative: ##BENCH## {"tag":"feed1000","t_us":1790242164404059,"ev":"page_build","i":904}
Sep 24 15:14:24.404193 Runner(Flutter)[2657] <Notice>: dartnative: ##BENCH## {"tag":"feed1000","t_us":1790242164404121,"ev":"page_build","i":905}
Sep 24 15:14:24.404293 Runner(Flutter)[2657] <Notice>: dartnative: ##BENCH## {"tag":"feed1000","t_us":1790242164404222,"ev":"page_build","i":906}
Sep 24 15:14:24.404378 Runner(Flutter)[2657] <Notice>: dartnative: ##BENCH## {"tag":"feed1000","t_us":1790242164404262,"ev":"page_build","i":907}
Sep 24 15:14:24.404436 Runner(Flutter)[2657] <Notice>: dartnative: ##BENCH## {"tag":"feed1000","t_us":1790242164404297,"ev":"page_build","i":908}
Sep 24 15:14:24.404454 Runner(Flutter)[2657] <Notice>: dartnative: ##BENCH## {"tag":"feed1000","t_us":1790242164404385,"ev":"page_build","i":909}
Sep 24 15:14:24.404480 Runner(Flutter)[2657] <Notice>: dartnative: ##BENCH## {"tag":"feed1000","t_us":1790242164404430,"ev":"page_build","i":910}
Sep 24 15:14:24.404615 Runner(Flutter)[2657] <Notice>: dartnative: ##BENCH## {"tag":"feed1000","t_us":1790242164404544,"ev":"page_build","i":911}
Sep 24 15:14:24.404630 Runner(Flutter)[2657] <Notice>: dartnative: ##BENCH## {"tag":"feed1000","t_us":1790242164404587,"ev":"page_build","i":912}
Sep 24 15:14:24.404664 Runner(Flutter)[2657] <Notice>: dartnative: ##BENCH## {"tag":"feed1000","t_us":1790242164404623,"ev":"page_build","i":913}
Sep 24 15:14:24.404761 Runner(Flutter)[2657] <Notice>: dartnative: ##BENCH## {"tag":"feed1000","t_us":1790242164404693,"ev":"page_build","i":914}
Sep 24 15:14:24.404776 Runner(Flutter)[2657] <Notice>: dartnative: ##BENCH## {"tag":"feed1000","t_us":1790242164404738,"ev":"page_build","i":915}
Sep 24 15:14:24.404834 Runner(Flutter)[2657] <Notice>: dartnative: ##BENCH## {"tag":"feed1000","t_us":1790242164404772,"ev":"page_build","i":916}
Sep 24 15:14:24.404919 Runner(Flutter)[2657] <Notice>: dartnative: ##BENCH## {"tag":"feed1000","t_us":1790242164404832,"ev":"page_build","i":917}
Sep 24 15:14:24.404936 Runner(Flutter)[2657] <Notice>: dartnative: ##BENCH## {"tag":"feed1000","t_us":1790242164404882,"ev":"page_build","i":918}
Sep 24 15:14:24.405055 Runner(Flutter)[2657] <Notice>: dartnative: ##BENCH## {"tag":"feed1000","t_us":1790242164404942,"ev":"page_build","i":919}
Sep 24 15:14:24.405070 Runner(Flutter)[2657] <Notice>: dartnative: ##BENCH## {"tag":"feed1000","t_us":1790242164405016,"ev":"page_build","i":920}
Sep 24 15:14:24.405110 Runner(Flutter)[2657] <Notice>: dartnative: ##BENCH## {"tag":"feed1000","t_us":1790242164405051,"ev":"page_build","i":921}
Sep 24 15:14:24.405160 Runner(Flutter)[2657] <Notice>: dartnative: ##BENCH## {"tag":"feed1000","t_us":1790242164405102,"ev":"page_build","i":922}
Sep 24 15:14:24.405216 Runner(Flutter)[2657] <Notice>: dartnative: ##BENCH## {"tag":"feed1000","t_us":1790242164405152,"ev":"page_build","i":923}
Sep 24 15:14:24.405262 Runner(Flutter)[2657] <Notice>: dartnative: ##BENCH## {"tag":"feed1000","t_us":1790242164405213,"ev":"page_build","i":924}
Sep 24 15:14:24.405344 Runner(Flutter)[2657] <Notice>: dartnative: ##BENCH## {"tag":"feed1000","t_us":1790242164405292,"ev":"page_build","i":925}
Sep 24 15:14:24.405396 Runner(Flutter)[2657] <Notice>: dartnative: ##BENCH## {"tag":"feed1000","t_us":1790242164405338,"ev":"page_build","i":926}
Sep 24 15:14:24.405443 Runner(Flutter)[2657] <Notice>: dartnative: ##BENCH## {"tag":"feed1000","t_us":1790242164405385,"ev":"page_build","i":927}
Sep 24 15:14:24.405583 Runner(Flutter)[2657] <Notice>: dartnative: ##BENCH## {"tag":"feed1000","t_us":1790242164405482,"ev":"page_build","i":928}
Sep 24 15:14:24.405599 Runner(Flutter)[2657] <Notice>: dartnative: ##BENCH## {"tag":"feed1000","t_us":1790242164405540,"ev":"page_build","i":929}
Sep 24 15:14:24.405732 Runner(Flutter)[2657] <Notice>: dartnative: ##BENCH## {"tag":"feed1000","t_us":1790242164405577,"ev":"page_build","i":930}
Sep 24 15:14:24.405781 Runner(Flutter)[2657] <Notice>: dartnative: ##BENCH## {"tag":"feed1000","t_us":1790242164405661,"ev":"page_build","i":931}
Sep 24 15:14:24.405801 Runner(Flutter)[2657] <Notice>: dartnative: ##BENCH## {"tag":"feed1000","t_us":1790242164405697,"ev":"page_build","i":932}
Sep 24 15:14:24.405808 Runner(Flutter)[2657] <Notice>: dartnative: ##BENCH## {"tag":"feed1000","t_us":1790242164405731,"ev":"page_build","i":933}
Sep 24 15:14:24.405822 Runner(Flutter)[2657] <Notice>: dartnative: ##BENCH## {"tag":"feed1000","t_us":1790242164405782,"ev":"page_build","i":934}
Sep 24 15:14:24.405947 Runner(Flutter)[2657] <Notice>: dartnative: ##BENCH## {"tag":"feed1000","t_us":1790242164405881,"ev":"page_build","i":935}
Sep 24 15:14:24.405971 Runner(Flutter)[2657] <Notice>: dartnative: ##BENCH## {"tag":"feed1000","t_us":1790242164405918,"ev":"page_build","i":936}
Sep 24 15:14:24.405994 Runner(Flutter)[2657] <Notice>: dartnative: ##BENCH## {"tag":"feed1000","t_us":1790242164405949,"ev":"page_build","i":937}
Sep 24 15:14:24.406068 Runner(Flutter)[2657] <Notice>: dartnative: ##BENCH## {"tag":"feed1000","t_us":1790242164406004,"ev":"page_build","i":938}
Sep 24 15:14:24.406115 Runner(Flutter)[2657] <Notice>: dartnative: ##BENCH## {"tag":"feed1000","t_us":1790242164406058,"ev":"page_build","i":939}
Sep 24 15:14:24.406217 Runner(Flutter)[2657] <Notice>: dartnative: ##BENCH## {"tag":"feed1000","t_us":1790242164406159,"ev":"page_build","i":940}
Sep 24 15:14:24.406274 Runner(Flutter)[2657] <Notice>: dartnative: ##BENCH## {"tag":"feed1000","t_us":1790242164406216,"ev":"page_build","i":941}
Sep 24 15:14:24.406362 Runner(Flutter)[2657] <Notice>: dartnative: ##BENCH## {"tag":"feed1000","t_us":1790242164406276,"ev":"page_build","i":942}
Sep 24 15:14:24.406384 Runner(Flutter)[2657] <Notice>: dartnative: ##BENCH## {"tag":"feed1000","t_us":1790242164406319,"ev":"page_build","i":943}
Sep 24 15:14:24.406448 Runner(Flutter)[2657] <Notice>: dartnative: ##BENCH## {"tag":"feed1000","t_us":1790242164406389,"ev":"page_build","i":944}
Sep 24 15:14:24.406488 Runner(Flutter)[2657] <Notice>: dartnative: ##BENCH## {"tag":"feed1000","t_us":1790242164406441,"ev":"page_build","i":945}
Sep 24 15:14:24.406568 Runner(Flutter)[2657] <Notice>: dartnative: ##BENCH## {"tag":"feed1000","t_us":1790242164406523,"ev":"page_build","i":946}
Sep 24 15:14:24.406634 Runner(Flutter)[2657] <Notice>: dartnative: ##BENCH## {"tag":"feed1000","t_us":1790242164406579,"ev":"page_build","i":947}
Sep 24 15:14:24.406741 Runner(Flutter)[2657] <Notice>: dartnative: ##BENCH## {"tag":"feed1000","t_us":1790242164406634,"ev":"page_build","i":948}
Sep 24 15:14:24.406773 Runner(Flutter)[2657] <Notice>: dartnative: ##BENCH## {"tag":"feed1000","t_us":1790242164406697,"ev":"page_build","i":949}
Sep 24 15:14:24.406792 Runner(Flutter)[2657] <Notice>: dartnative: ##BENCH## {"tag":"feed1000","t_us":1790242164406734,"ev":"page_build","i":950}
Sep 24 15:14:24.406833 Runner(Flutter)[2657] <Notice>: dartnative: ##BENCH## {"tag":"feed1000","t_us":1790242164406784,"ev":"page_build","i":951}
Sep 24 15:14:24.406907 Runner(Flutter)[2657] <Notice>: dartnative: ##BENCH## {"tag":"feed1000","t_us":1790242164406860,"ev":"page_build","i":952}
Sep 24 15:14:24.406952 Runner(Flutter)[2657] <Notice>: dartnative: ##BENCH## {"tag":"feed1000","t_us":1790242164406898,"ev":"page_build","i":953}
Sep 24 15:14:24.407037 Runner(Flutter)[2657] <Notice>: dartnative: ##BENCH## {"tag":"feed1000","t_us":1790242164406959,"ev":"page_build","i":954}
Sep 24 15:14:24.407067 Runner(Flutter)[2657] <Notice>: dartnative: ##BENCH## {"tag":"feed1000","t_us":1790242164407027,"ev":"page_build","i":955}
Sep 24 15:14:24.407145 Runner(Flutter)[2657] <Notice>: dartnative: ##BENCH## {"tag":"feed1000","t_us":1790242164407088,"ev":"page_build","i":956}
Sep 24 15:14:24.407194 Runner(Flutter)[2657] <Notice>: dartnative: ##BENCH## {"tag":"feed1000","t_us":1790242164407129,"ev":"page_build","i":957}
Sep 24 15:14:24.407259 Runner(Flutter)[2657] <Notice>: dartnative: ##BENCH## {"tag":"feed1000","t_us":1790242164407184,"ev":"page_build","i":958}
Sep 24 15:14:24.407289 Runner(Flutter)[2657] <Notice>: dartnative: ##BENCH## {"tag":"feed1000","t_us":1790242164407236,"ev":"page_build","i":959}
Sep 24 15:14:24.407327 Runner(Flutter)[2657] <Notice>: dartnative: ##BENCH## {"tag":"feed1000","t_us":1790242164407268,"ev":"page_build","i":960}
Sep 24 15:14:24.407427 Runner(Flutter)[2657] <Notice>: dartnative: ##BENCH## {"tag":"feed1000","t_us":1790242164407362,"ev":"page_build","i":961}
Sep 24 15:14:24.407441 Runner(Flutter)[2657] <Notice>: dartnative: ##BENCH## {"tag":"feed1000","t_us":1790242164407401,"ev":"page_build","i":962}
Sep 24 15:14:24.407480 Runner(Flutter)[2657] <Notice>: dartnative: ##BENCH## {"tag":"feed1000","t_us":1790242164407434,"ev":"page_build","i":963}
Sep 24 15:14:24.407547 Runner(Flutter)[2657] <Notice>: dartnative: ##BENCH## {"tag":"feed1000","t_us":1790242164407487,"ev":"page_build","i":964}
Sep 24 15:14:24.407592 Runner(Flutter)[2657] <Notice>: dartnative: ##BENCH## {"tag":"feed1000","t_us":1790242164407549,"ev":"page_build","i":965}
Sep 24 15:14:24.407653 Runner(Flutter)[2657] <Notice>: dartnative: ##BENCH## {"tag":"feed1000","t_us":1790242164407589,"ev":"page_build","i":966}
Sep 24 15:14:24.407698 Runner(Flutter)[2657] <Notice>: dartnative: ##BENCH## {"tag":"feed1000","t_us":1790242164407644,"ev":"page_build","i":967}
Sep 24 15:14:24.407809 Runner(Flutter)[2657] <Notice>: dartnative: ##BENCH## {"tag":"feed1000","t_us":1790242164407715,"ev":"page_build","i":968}
Sep 24 15:14:24.407825 Runner(Flutter)[2657] <Notice>: dartnative: ##BENCH## {"tag":"feed1000","t_us":1790242164407766,"ev":"page_build","i":969}
Sep 24 15:14:24.407920 Runner(Flutter)[2657] <Notice>: dartnative: ##BENCH## {"tag":"feed1000","t_us":1790242164407856,"ev":"page_build","i":970}
Sep 24 15:14:24.407954 Runner(Flutter)[2657] <Notice>: dartnative: ##BENCH## {"tag":"feed1000","t_us":1790242164407899,"ev":"page_build","i":971}
Sep 24 15:14:24.407999 Runner(Flutter)[2657] <Notice>: dartnative: ##BENCH## {"tag":"feed1000","t_us":1790242164407947,"ev":"page_build","i":972}
Sep 24 15:14:24.408089 Runner(Flutter)[2657] <Notice>: dartnative: ##BENCH## {"tag":"feed1000","t_us":1790242164408050,"ev":"page_build","i":973}
Sep 24 15:14:24.408145 Runner(Flutter)[2657] <Notice>: dartnative: ##BENCH## {"tag":"feed1000","t_us":1790242164408092,"ev":"page_build","i":974}
Sep 24 15:14:24.408202 Runner(Flutter)[2657] <Notice>: dartnative: ##BENCH## {"tag":"feed1000","t_us":1790242164408144,"ev":"page_build","i":975}
Sep 24 15:14:24.408270 Runner(Flutter)[2657] <Notice>: dartnative: ##BENCH## {"tag":"feed1000","t_us":1790242164408204,"ev":"page_build","i":976}
Sep 24 15:14:24.408329 Runner(Flutter)[2657] <Notice>: dartnative: ##BENCH## {"tag":"feed1000","t_us":1790242164408258,"ev":"page_build","i":977}
Sep 24 15:14:24.408344 Runner(Flutter)[2657] <Notice>: dartnative: ##BENCH## {"tag":"feed1000","t_us":1790242164408298,"ev":"page_build","i":978}
Sep 24 15:14:24.408381 Runner(Flutter)[2657] <Notice>: dartnative: ##BENCH## {"tag":"feed1000","t_us":1790242164408332,"ev":"page_build","i":979}
Sep 24 15:14:24.408448 Runner(Flutter)[2657] <Notice>: dartnative: ##BENCH## {"tag":"feed1000","t_us":1790242164408383,"ev":"page_build","i":980}
Sep 24 15:14:24.408485 Runner(Flutter)[2657] <Notice>: dartnative: ##BENCH## {"tag":"feed1000","t_us":1790242164408445,"ev":"page_build","i":981}
Sep 24 15:14:24.408550 Runner(Flutter)[2657] <Notice>: dartnative: ##BENCH## {"tag":"feed1000","t_us":1790242164408499,"ev":"page_build","i":982}
Sep 24 15:14:24.408615 Runner(Flutter)[2657] <Notice>: dartnative: ##BENCH## {"tag":"feed1000","t_us":1790242164408549,"ev":"page_build","i":983}
Sep 24 15:14:24.408641 Runner(Flutter)[2657] <Notice>: dartnative: ##BENCH## {"tag":"feed1000","t_us":1790242164408596,"ev":"page_build","i":984}
Sep 24 15:14:24.408693 Runner(Flutter)[2657] <Notice>: dartnative: ##BENCH## {"tag":"feed1000","t_us":1790242164408629,"ev":"page_build","i":985}
Sep 24 15:14:24.408749 Runner(Flutter)[2657] <Notice>: dartnative: ##BENCH## {"tag":"feed1000","t_us":1790242164408685,"ev":"page_build","i":986}
Sep 24 15:14:24.408773 Runner(Flutter)[2657] <Notice>: dartnative: ##BENCH## {"tag":"feed1000","t_us":1790242164408735,"ev":"page_build","i":987}
Sep 24 15:14:24.408877 Runner(Flutter)[2657] <Notice>: dartnative: ##BENCH## {"tag":"feed1000","t_us":1790242164408813,"ev":"page_build","i":988}
Sep 24 15:14:24.408891 Runner(Flutter)[2657] <Notice>: dartnative: ##BENCH## {"tag":"feed1000","t_us":1790242164408848,"ev":"page_build","i":989}
Sep 24 15:14:24.408930 Runner(Flutter)[2657] <Notice>: dartnative: ##BENCH## {"tag":"feed1000","t_us":1790242164408880,"ev":"page_build","i":990}
Sep 24 15:14:24.409102 Runner(Flutter)[2657] <Notice>: dartnative: ##BENCH## {"tag":"feed1000","t_us":1790242164408971,"ev":"page_build","i":991}
Sep 24 15:14:24.409116 Runner(Flutter)[2657] <Notice>: dartnative: ##BENCH## {"tag":"feed1000","t_us":1790242164409005,"ev":"page_build","i":992}
Sep 24 15:14:24.409138 Runner(Flutter)[2657] <Notice>: dartnative: ##BENCH## {"tag":"feed1000","t_us":1790242164409067,"ev":"page_build","i":993}
Sep 24 15:14:24.409180 Runner(Flutter)[2657] <Notice>: dartnative: ##BENCH## {"tag":"feed1000","t_us":1790242164409100,"ev":"page_build","i":994}
Sep 24 15:14:24.409198 Runner(Flutter)[2657] <Notice>: dartnative: ##BENCH## {"tag":"feed1000","t_us":1790242164409145,"ev":"page_build","i":995}
Sep 24 15:14:24.409331 Runner(Flutter)[2657] <Notice>: dartnative: ##BENCH## {"tag":"feed1000","t_us":1790242164409235,"ev":"page_build","i":996}
Sep 24 15:14:24.409346 Runner(Flutter)[2657] <Notice>: dartnative: ##BENCH## {"tag":"feed1000","t_us":1790242164409292,"ev":"page_build","i":997}
Sep 24 15:14:24.409392 Runner(Flutter)[2657] <Notice>: dartnative: ##BENCH## {"tag":"feed1000","t_us":1790242164409322,"ev":"page_build","i":998}
Sep 24 15:14:24.409441 Runner(Flutter)[2657] <Notice>: dartnative: ##BENCH## {"tag":"feed1000","t_us":1790242164409390,"ev":"page_build","i":999}

Exiting...
[disconnected:00008140-001A2D4136BB001C]
