[connected:00008140-001A2D4136BB001C]
Sep 24 15:14:05.600235 Runner(Flutter)[2656] <Notice>: dartnative: ##BENCH## {"tag":"feed1000","t_us":1790242145598521,"ev":"main_enter"}
Sep 24 15:14:05.603629 Runner(Flutter)[2656] <Notice>: dartnative: ##BENCH## {"tag":"feed1000","t_us":1790242145603566,"ev":"media_configure_start"}
Sep 24 15:14:05.693266 Runner(Flutter)[2656] <Notice>: dartnative: ##BENCH## {"tag":"feed1000","t_us":1790242145687047,"ev":"media_configure_end"}
Sep 24 15:14:05.693341 Runner(Flutter)[2656] <Notice>: dartnative: ##BENCH## {"tag":"feed1000","t_us":1790242145687135,"ev":"run_app"}
Sep 24 15:14:05.708031 Runner(Flutter)[2656] <Notice>: dartnative: ##BENCH## {"tag":"feed1000","t_us":1790242145697295,"ev":"ctrl_create","i":0,"src":"network"}
Sep 24 15:14:05.764003 Runner(Flutter)[2656] <Notice>: dartnative: ##BENCH## {"tag":"feed1000","t_us":1790242145745196,"ev":"ctrl_create","i":1,"src":"network"}
Sep 24 15:14:05.775890 Runner(Flutter)[2656] <Notice>: dartnative: ##BENCH## {"tag":"feed1000","t_us":1790242145758183,"ev":"ctrl_create","i":2,"src":"network"}
Sep 24 15:14:05.784239 Runner(Flutter)[2656] <Notice>: dartnative: ##BENCH## {"tag":"feed1000","t_us":1790242145779051,"ev":"page_build","i":0}
Sep 24 15:14:05.784293 Runner(Flutter)[2656] <Notice>: dartnative: ##BENCH## {"tag":"feed1000","t_us":1790242145779120,"ev":"page_build","i":1}
Sep 24 15:14:05.784312 Runner(Flutter)[2656] <Notice>: dartnative: ##BENCH## {"tag":"feed1000","t_us":1790242145779166,"ev":"page_build","i":2}
Sep 24 15:14:05.784321 Runner(Flutter)[2656] <Notice>: dartnative: ##BENCH## {"tag":"feed1000","t_us":1790242145779210,"ev":"page_build","i":3}
Sep 24 15:14:05.784345 Runner(Flutter)[2656] <Notice>: dartnative: ##BENCH## {"tag":"feed1000","t_us":1790242145779259,"ev":"page_build","i":4}
Sep 24 15:14:05.784372 Runner(Flutter)[2656] <Notice>: dartnative: ##BENCH## {"tag":"feed1000","t_us":1790242145779294,"ev":"page_build","i":5}
Sep 24 15:14:05.784403 Runner(Flutter)[2656] <Notice>: dartnative: ##BENCH## {"tag":"feed1000","t_us":1790242145779368,"ev":"page_build","i":6}
Sep 24 15:14:05.784427 Runner(Flutter)[2656] <Notice>: dartnative: ##BENCH## {"tag":"feed1000","t_us":1790242145779457,"ev":"page_build","i":7}
Sep 24 15:14:05.784446 Runner(Flutter)[2656] <Notice>: dartnative: ##BENCH## {"tag":"feed1000","t_us":1790242145779513,"ev":"page_build","i":8}
Sep 24 15:14:05.784511 Runner(Flutter)[2656] <Notice>: dartnative: ##BENCH## {"tag":"feed1000","t_us":1790242145779586,"ev":"page_build","i":9}
Sep 24 15:14:05.784530 Runner(Flutter)[2656] <Notice>: dartnative: ##BENCH## {"tag":"feed1000","t_us":1790242145779707,"ev":"page_build","i":10}
Sep 24 15:14:05.784546 Runner(Flutter)[2656] <Notice>: dartnative: ##BENCH## {"tag":"feed1000","t_us":1790242145779777,"ev":"page_build","i":11}
Sep 24 15:14:05.784566 Runner(Flutter)[2656] <Notice>: dartnative: ##BENCH## {"tag":"feed1000","t_us":1790242145779827,"ev":"page_build","i":12}
Sep 24 15:14:05.784593 Runner(Flutter)[2656] <Notice>: dartnative: ##BENCH## {"tag":"feed1000","t_us":1790242145779858,"ev":"page_build","i":13}
Sep 24 15:14:05.784616 Runner(Flutter)[2656] <Notice>: dartnative: ##BENCH## {"tag":"feed1000","t_us":1790242145779889,"ev":"page_build","i":14}
Sep 24 15:14:05.784653 Runner(Flutter)[2656] <Notice>: dartnative: ##BENCH## {"tag":"feed1000","t_us":1790242145779925,"ev":"page_build","i":15}
Sep 24 15:14:05.784674 Runner(Flutter)[2656] <Notice>: dartnative: ##BENCH## {"tag":"feed1000","t_us":1790242145779970,"ev":"page_build","i":16}
Sep 24 15:14:05.784708 Runner(Flutter)[2656] <Notice>: dartnative: ##BENCH## {"tag":"feed1000","t_us":1790242145780016,"ev":"page_build","i":17}
Sep 24 15:14:05.784755 Runner(Flutter)[2656] <Notice>: dartnative: ##BENCH## {"tag":"feed1000","t_us":1790242145780063,"ev":"page_build","i":18}
Sep 24 15:14:05.784797 Runner(Flutter)[2656] <Notice>: dartnative: ##BENCH## {"tag":"feed1000","t_us":1790242145780120,"ev":"page_build","i":19}
Sep 24 15:14:05.784844 Runner(Flutter)[2656] <Notice>: dartnative: ##BENCH## {"tag":"feed1000","t_us":1790242145780177,"ev":"page_build","i":20}
Sep 24 15:14:05.784863 Runner(Flutter)[2656] <Notice>: dartnative: ##BENCH## {"tag":"feed1000","t_us":1790242145780296,"ev":"page_build","i":21}
Sep 24 15:14:05.784885 Runner(Flutter)[2656] <Notice>: dartnative: ##BENCH## {"tag":"feed1000","t_us":1790242145780343,"ev":"page_build","i":22}
Sep 24 15:14:05.784912 Runner(Flutter)[2656] <Notice>: dartnative: ##BENCH## {"tag":"feed1000","t_us":1790242145780383,"ev":"page_build","i":23}
Sep 24 15:14:05.784958 Runner(Flutter)[2656] <Notice>: dartnative: ##BENCH## {"tag":"feed1000","t_us":1790242145780446,"ev":"page_build","i":24}
Sep 24 15:14:05.784988 Runner(Flutter)[2656] <Notice>: dartnative: ##BENCH## {"tag":"feed1000","t_us":1790242145780521,"ev":"page_build","i":25}
Sep 24 15:14:05.785011 Runner(Flutter)[2656] <Notice>: dartnative: ##BENCH## {"tag":"feed1000","t_us":1790242145780588,"ev":"page_build","i":26}
Sep 24 15:14:05.785022 Runner(Flutter)[2656] <Notice>: dartnative: ##BENCH## {"tag":"feed1000","t_us":1790242145780639,"ev":"page_build","i":27}
Sep 24 15:14:05.785064 Runner(Flutter)[2656] <Notice>: dartnative: ##BENCH## {"tag":"feed1000","t_us":1790242145780705,"ev":"page_build","i":28}
Sep 24 15:14:05.785090 Runner(Flutter)[2656] <Notice>: dartnative: ##BENCH## {"tag":"feed1000","t_us":1790242145780747,"ev":"page_build","i":29}
Sep 24 15:14:05.785171 Runner(Flutter)[2656] <Notice>: dartnative: ##BENCH## {"tag":"feed1000","t_us":1790242145780796,"ev":"page_build","i":30}
Sep 24 15:14:05.785232 Runner(Flutter)[2656] <Notice>: dartnative: ##BENCH## {"tag":"feed1000","t_us":1790242145780864,"ev":"page_build","i":31}
Sep 24 15:14:05.785288 Runner(Flutter)[2656] <Notice>: dartnative: ##BENCH## {"tag":"feed1000","t_us":1790242145780952,"ev":"page_build","i":32}
Sep 24 15:14:05.785354 Runner(Flutter)[2656] <Notice>: dartnative: ##BENCH## {"tag":"feed1000","t_us":1790242145781052,"ev":"page_build","i":33}
Sep 24 15:14:05.785397 Runner(Flutter)[2656] <Notice>: dartnative: ##BENCH## {"tag":"feed1000","t_us":1790242145781115,"ev":"page_build","i":34}
Sep 24 15:14:05.785412 Runner(Flutter)[2656] <Notice>: dartnative: ##BENCH## {"tag":"feed1000","t_us":1790242145781202,"ev":"page_build","i":35}
Sep 24 15:14:05.785450 Runner(Flutter)[2656] <Notice>: dartnative: ##BENCH## {"tag":"feed1000","t_us":1790242145781283,"ev":"page_build","i":36}
Sep 24 15:14:05.785477 Runner(Flutter)[2656] <Notice>: dartnative: ##BENCH## {"tag":"feed1000","t_us":1790242145781363,"ev":"page_build","i":37}
Sep 24 15:14:05.785485 Runner(Flutter)[2656] <Notice>: dartnative: ##BENCH## {"tag":"feed1000","t_us":1790242145781490,"ev":"page_build","i":38}
Sep 24 15:14:05.785516 Runner(Flutter)[2656] <Notice>: dartnative: ##BENCH## {"tag":"feed1000","t_us":1790242145781586,"ev":"page_build","i":39}
Sep 24 15:14:05.785599 Runner(Flutter)[2656] <Notice>: dartnative: ##BENCH## {"tag":"feed1000","t_us":1790242145781665,"ev":"page_build","i":40}
Sep 24 15:14:05.785659 Runner(Flutter)[2656] <Notice>: dartnative: ##BENCH## {"tag":"feed1000","t_us":1790242145781778,"ev":"page_build","i":41}
Sep 24 15:14:05.785705 Runner(Flutter)[2656] <Notice>: dartnative: ##BENCH## {"tag":"feed1000","t_us":1790242145781887,"ev":"page_build","i":42}
Sep 24 15:14:05.785737 Runner(Flutter)[2656] <Notice>: dartnative: ##BENCH## {"tag":"feed1000","t_us":1790242145781944,"ev":"page_build","i":43}
Sep 24 15:14:05.785799 Runner(Flutter)[2656] <Notice>: dartnative: ##BENCH## {"tag":"feed1000","t_us":1790242145782045,"ev":"page_build","i":44}
Sep 24 15:14:05.785807 Runner(Flutter)[2656] <Notice>: dartnative: ##BENCH## {"tag":"feed1000","t_us":1790242145782091,"ev":"page_build","i":45}
Sep 24 15:14:05.785882 Runner(Flutter)[2656] <Notice>: dartnative: ##BENCH## {"tag":"feed1000","t_us":1790242145782147,"ev":"page_build","i":46}
Sep 24 15:14:05.785941 Runner(Flutter)[2656] <Notice>: dartnative: ##BENCH## {"tag":"feed1000","t_us":1790242145782243,"ev":"page_build","i":47}
Sep 24 15:14:05.785967 Runner(Flutter)[2656] <Notice>: dartnative: ##BENCH## {"tag":"feed1000","t_us":1790242145782377,"ev":"page_build","i":48}
Sep 24 15:14:05.785993 Runner(Flutter)[2656] <Notice>: dartnative: ##BENCH## {"tag":"feed1000","t_us":1790242145782485,"ev":"page_build","i":49}
Sep 24 15:14:05.786020 Runner(Flutter)[2656] <Notice>: dartnative: ##BENCH## {"tag":"feed1000","t_us":1790242145782576,"ev":"page_build","i":50}
Sep 24 15:14:05.786044 Runner(Flutter)[2656] <Notice>: dartnative: ##BENCH## {"tag":"feed1000","t_us":1790242145782642,"ev":"page_build","i":51}
Sep 24 15:14:05.786072 Runner(Flutter)[2656] <Notice>: dartnative: ##BENCH## {"tag":"feed1000","t_us":1790242145782670,"ev":"page_build","i":52}
Sep 24 15:14:05.786110 Runner(Flutter)[2656] <Notice>: dartnative: ##BENCH## {"tag":"feed1000","t_us":1790242145782728,"ev":"page_build","i":53}
Sep 24 15:14:05.786148 Runner(Flutter)[2656] <Notice>: dartnative: ##BENCH## {"tag":"feed1000","t_us":1790242145782804,"ev":"page_build","i":54}
Sep 24 15:14:05.786202 Runner(Flutter)[2656] <Notice>: dartnative: ##BENCH## {"tag":"feed1000","t_us":1790242145782853,"ev":"page_build","i":55}
Sep 24 15:14:05.786235 Runner(Flutter)[2656] <Notice>: dartnative: ##BENCH## {"tag":"feed1000","t_us":1790242145782941,"ev":"page_build","i":56}
Sep 24 15:14:05.786256 Runner(Flutter)[2656] <Notice>: dartnative: ##BENCH## {"tag":"feed1000","t_us":1790242145782970,"ev":"page_build","i":57}
Sep 24 15:14:05.786282 Runner(Flutter)[2656] <Notice>: dartnative: ##BENCH## {"tag":"feed1000","t_us":1790242145783050,"ev":"page_build","i":58}
Sep 24 15:14:05.786301 Runner(Flutter)[2656] <Notice>: dartnative: ##BENCH## {"tag":"feed1000","t_us":1790242145783247,"ev":"page_build","i":59}
Sep 24 15:14:05.786330 Runner(Flutter)[2656] <Notice>: dartnative: ##BENCH## {"tag":"feed1000","t_us":1790242145783313,"ev":"page_build","i":60}
Sep 24 15:14:05.786349 Runner(Flutter)[2656] <Notice>: dartnative: ##BENCH## {"tag":"feed1000","t_us":1790242145783396,"ev":"page_build","i":61}
Sep 24 15:14:05.786363 Runner(Flutter)[2656] <Notice>: dartnative: ##BENCH## {"tag":"feed1000","t_us":1790242145783487,"ev":"page_build","i":62}
Sep 24 15:14:05.786371 Runner(Flutter)[2656] <Notice>: dartnative: ##BENCH## {"tag":"feed1000","t_us":1790242145783575,"ev":"page_build","i":63}
Sep 24 15:14:05.786400 Runner(Flutter)[2656] <Notice>: dartnative: ##BENCH## {"tag":"feed1000","t_us":1790242145783642,"ev":"page_build","i":64}
Sep 24 15:14:05.786413 Runner(Flutter)[2656] <Notice>: dartnative: ##BENCH## {"tag":"feed1000","t_us":1790242145783730,"ev":"page_build","i":65}
Sep 24 15:14:05.786421 Runner(Flutter)[2656] <Notice>: dartnative: ##BENCH## {"tag":"feed1000","t_us":1790242145783817,"ev":"page_build","i":66}
Sep 24 15:14:05.786428 Runner(Flutter)[2656] <Notice>: dartnative: ##BENCH## {"tag":"feed1000","t_us":1790242145783847,"ev":"page_build","i":67}
Sep 24 15:14:05.786444 Runner(Flutter)[2656] <Notice>: dartnative: ##BENCH## {"tag":"feed1000","t_us":1790242145783891,"ev":"page_build","i":68}
Sep 24 15:14:05.786459 Runner(Flutter)[2656] <Notice>: dartnative: ##BENCH## {"tag":"feed1000","t_us":1790242145783979,"ev":"page_build","i":69}
Sep 24 15:14:05.786466 Runner(Flutter)[2656] <Notice>: dartnative: ##BENCH## {"tag":"feed1000","t_us":1790242145784011,"ev":"page_build","i":70}
Sep 24 15:14:05.786476 Runner(Flutter)[2656] <Notice>: dartnative: ##BENCH## {"tag":"feed1000","t_us":1790242145784106,"ev":"page_build","i":71}
Sep 24 15:14:05.786503 Runner(Flutter)[2656] <Notice>: dartnative: ##BENCH## {"tag":"feed1000","t_us":1790242145784210,"ev":"page_build","i":72}
Sep 24 15:14:05.786511 Runner(Flutter)[2656] <Notice>: dartnative: ##BENCH## {"tag":"feed1000","t_us":1790242145784273,"ev":"page_build","i":73}
Sep 24 15:14:05.786519 Runner(Flutter)[2656] <Notice>: dartnative: ##BENCH## {"tag":"feed1000","t_us":1790242145784322,"ev":"page_build","i":74}
Sep 24 15:14:05.786536 Runner(Flutter)[2656] <Notice>: dartnative: ##BENCH## {"tag":"feed1000","t_us":1790242145784375,"ev":"page_build","i":75}
Sep 24 15:14:05.786543 Runner(Flutter)[2656] <Notice>: dartnative: ##BENCH## {"tag":"feed1000","t_us":1790242145784428,"ev":"page_build","i":76}
Sep 24 15:14:05.786558 Runner(Flutter)[2656] <Notice>: dartnative: ##BENCH## {"tag":"feed1000","t_us":1790242145784490,"ev":"page_build","i":77}
Sep 24 15:14:05.786572 Runner(Flutter)[2656] <Notice>: dartnative: ##BENCH## {"tag":"feed1000","t_us":1790242145784527,"ev":"page_build","i":78}
Sep 24 15:14:05.786584 Runner(Flutter)[2656] <Notice>: dartnative: ##BENCH## {"tag":"feed1000","t_us":1790242145784580,"ev":"page_build","i":79}
Sep 24 15:14:05.786591 Runner(Flutter)[2656] <Notice>: dartnative: ##BENCH## {"tag":"feed1000","t_us":1790242145784639,"ev":"page_build","i":80}
Sep 24 15:14:05.786622 Runner(Flutter)[2656] <Notice>: dartnative: ##BENCH## {"tag":"feed1000","t_us":1790242145784670,"ev":"page_build","i":81}
Sep 24 15:14:05.786631 Runner(Flutter)[2656] <Notice>: dartnative: ##BENCH## {"tag":"feed1000","t_us":1790242145784720,"ev":"page_build","i":82}
Sep 24 15:14:05.786638 Runner(Flutter)[2656] <Notice>: dartnative: ##BENCH## {"tag":"feed1000","t_us":1790242145784756,"ev":"page_build","i":83}
Sep 24 15:14:05.786645 Runner(Flutter)[2656] <Notice>: dartnative: ##BENCH## {"tag":"feed1000","t_us":1790242145784807,"ev":"page_build","i":84}
Sep 24 15:14:05.786652 Runner(Flutter)[2656] <Notice>: dartnative: ##BENCH## {"tag":"feed1000","t_us":1790242145784860,"ev":"page_build","i":85}
Sep 24 15:14:05.786678 Runner(Flutter)[2656] <Notice>: dartnative: ##BENCH## {"tag":"feed1000","t_us":1790242145784988,"ev":"page_build","i":86}
Sep 24 15:14:05.786706 Runner(Flutter)[2656] <Notice>: dartnative: ##BENCH## {"tag":"feed1000","t_us":1790242145785017,"ev":"page_build","i":87}
Sep 24 15:14:05.786713 Runner(Flutter)[2656] <Notice>: dartnative: ##BENCH## {"tag":"feed1000","t_us":1790242145785064,"ev":"page_build","i":88}
Sep 24 15:14:05.786720 Runner(Flutter)[2656] <Notice>: dartnative: ##BENCH## {"tag":"feed1000","t_us":1790242145785133,"ev":"page_build","i":89}
Sep 24 15:14:05.786735 Runner(Flutter)[2656] <Notice>: dartnative: ##BENCH## {"tag":"feed1000","t_us":1790242145785156,"ev":"page_build","i":90}
Sep 24 15:14:05.786756 Runner(Flutter)[2656] <Notice>: dartnative: ##BENCH## {"tag":"feed1000","t_us":1790242145785177,"ev":"page_build","i":91}
Sep 24 15:14:05.786763 Runner(Flutter)[2656] <Notice>: dartnative: ##BENCH## {"tag":"feed1000","t_us":1790242145785229,"ev":"page_build","i":92}
Sep 24 15:14:05.786770 Runner(Flutter)[2656] <Notice>: dartnative: ##BENCH## {"tag":"feed1000","t_us":1790242145785236,"ev":"page_build","i":93}
Sep 24 15:14:05.786780 Runner(Flutter)[2656] <Notice>: dartnative: ##BENCH## {"tag":"feed1000","t_us":1790242145785293,"ev":"page_build","i":94}
Sep 24 15:14:05.786788 Runner(Flutter)[2656] <Notice>: dartnative: ##BENCH## {"tag":"feed1000","t_us":1790242145785344,"ev":"page_build","i":95}
Sep 24 15:14:05.786803 Runner(Flutter)[2656] <Notice>: dartnative: ##BENCH## {"tag":"feed1000","t_us":1790242145785384,"ev":"page_build","i":96}
Sep 24 15:14:05.786817 Runner(Flutter)[2656] <Notice>: dartnative: ##BENCH## {"tag":"feed1000","t_us":1790242145785451,"ev":"page_build","i":97}
Sep 24 15:14:05.786824 Runner(Flutter)[2656] <Notice>: dartnative: ##BENCH## {"tag":"feed1000","t_us":1790242145785483,"ev":"page_build","i":98}
Sep 24 15:14:05.786844 Runner(Flutter)[2656] <Notice>: dartnative: ##BENCH## {"tag":"feed1000","t_us":1790242145785534,"ev":"page_build","i":99}
Sep 24 15:14:05.786852 Runner(Flutter)[2656] <Notice>: dartnative: ##BENCH## {"tag":"feed1000","t_us":1790242145785617,"ev":"page_build","i":100}
Sep 24 15:14:05.786859 Runner(Flutter)[2656] <Notice>: dartnative: ##BENCH## {"tag":"feed1000","t_us":1790242145785651,"ev":"page_build","i":101}
Sep 24 15:14:05.786885 Runner(Flutter)[2656] <Notice>: dartnative: ##BENCH## {"tag":"feed1000","t_us":1790242145785682,"ev":"page_build","i":102}
Sep 24 15:14:05.786893 Runner(Flutter)[2656] <Notice>: dartnative: ##BENCH## {"tag":"feed1000","t_us":1790242145785711,"ev":"page_build","i":103}
Sep 24 15:14:05.786910 Runner(Flutter)[2656] <Notice>: dartnative: ##BENCH## {"tag":"feed1000","t_us":1790242145785771,"ev":"page_build","i":104}
Sep 24 15:14:05.786928 Runner(Flutter)[2656] <Notice>: dartnative: ##BENCH## {"tag":"feed1000","t_us":1790242145785829,"ev":"page_build","i":105}
Sep 24 15:14:05.786935 Runner(Flutter)[2656] <Notice>: dartnative: ##BENCH## {"tag":"feed1000","t_us":1790242145785855,"ev":"page_build","i":106}
Sep 24 15:14:05.786949 Runner(Flutter)[2656] <Notice>: dartnative: ##BENCH## {"tag":"feed1000","t_us":1790242145785911,"ev":"page_build","i":107}
Sep 24 15:14:05.786969 Runner(Flutter)[2656] <Notice>: dartnative: ##BENCH## {"tag":"feed1000","t_us":1790242145785943,"ev":"page_build","i":108}
Sep 24 15:14:05.786986 Runner(Flutter)[2656] <Notice>: dartnative: ##BENCH## {"tag":"feed1000","t_us":1790242145785968,"ev":"page_build","i":109}
Sep 24 15:14:05.787000 Runner(Flutter)[2656] <Notice>: dartnative: ##BENCH## {"tag":"feed1000","t_us":1790242145786015,"ev":"page_build","i":110}
Sep 24 15:14:05.787007 Runner(Flutter)[2656] <Notice>: dartnative: ##BENCH## {"tag":"feed1000","t_us":1790242145786038,"ev":"page_build","i":111}
Sep 24 15:14:05.787014 Runner(Flutter)[2656] <Notice>: dartnative: ##BENCH## {"tag":"feed1000","t_us":1790242145786084,"ev":"page_build","i":112}
Sep 24 15:14:05.787024 Runner(Flutter)[2656] <Notice>: dartnative: ##BENCH## {"tag":"feed1000","t_us":1790242145786145,"ev":"page_build","i":113}
Sep 24 15:14:05.787031 Runner(Flutter)[2656] <Notice>: dartnative: ##BENCH## {"tag":"feed1000","t_us":1790242145786166,"ev":"page_build","i":114}
Sep 24 15:14:05.787038 Runner(Flutter)[2656] <Notice>: dartnative: ##BENCH## {"tag":"feed1000","t_us":1790242145786230,"ev":"page_build","i":115}
Sep 24 15:14:05.787049 Runner(Flutter)[2656] <Notice>: dartnative: ##BENCH## {"tag":"feed1000","t_us":1790242145786269,"ev":"page_build","i":116}
Sep 24 15:14:05.787075 Runner(Flutter)[2656] <Notice>: dartnative: ##BENCH## {"tag":"feed1000","t_us":1790242145786321,"ev":"page_build","i":117}
Sep 24 15:14:05.787102 Runner(Flutter)[2656] <Notice>: dartnative: ##BENCH## {"tag":"feed1000","t_us":1790242145786356,"ev":"page_build","i":118}
Sep 24 15:14:05.787117 Runner(Flutter)[2656] <Notice>: dartnative: ##BENCH## {"tag":"feed1000","t_us":1790242145786381,"ev":"page_build","i":119}
Sep 24 15:14:05.787169 Runner(Flutter)[2656] <Notice>: dartnative: ##BENCH## {"tag":"feed1000","t_us":1790242145786426,"ev":"page_build","i":120}
Sep 24 15:14:05.787176 Runner(Flutter)[2656] <Notice>: dartnative: ##BENCH## {"tag":"feed1000","t_us":1790242145786458,"ev":"page_build","i":121}
Sep 24 15:14:05.787190 Runner(Flutter)[2656] <Notice>: dartnative: ##BENCH## {"tag":"feed1000","t_us":1790242145786506,"ev":"page_build","i":122}
Sep 24 15:14:05.787209 Runner(Flutter)[2656] <Notice>: dartnative: ##BENCH## {"tag":"feed1000","t_us":1790242145786563,"ev":"page_build","i":123}
Sep 24 15:14:05.787226 Runner(Flutter)[2656] <Notice>: dartnative: ##BENCH## {"tag":"feed1000","t_us":1790242145786606,"ev":"page_build","i":124}
Sep 24 15:14:05.787240 Runner(Flutter)[2656] <Notice>: dartnative: ##BENCH## {"tag":"feed1000","t_us":1790242145786648,"ev":"page_build","i":125}
Sep 24 15:14:05.787253 Runner(Flutter)[2656] <Notice>: dartnative: ##BENCH## {"tag":"feed1000","t_us":1790242145786690,"ev":"page_build","i":126}
Sep 24 15:14:05.787267 Runner(Flutter)[2656] <Notice>: dartnative: ##BENCH## {"tag":"feed1000","t_us":1790242145786762,"ev":"page_build","i":127}
Sep 24 15:14:05.787273 Runner(Flutter)[2656] <Notice>: dartnative: ##BENCH## {"tag":"feed1000","t_us":1790242145786845,"ev":"page_build","i":128}
Sep 24 15:14:05.787284 Runner(Flutter)[2656] <Notice>: dartnative: ##BENCH## {"tag":"feed1000","t_us":1790242145786878,"ev":"page_build","i":129}
Sep 24 15:14:05.787298 Runner(Flutter)[2656] <Notice>: dartnative: ##BENCH## {"tag":"feed1000","t_us":1790242145786939,"ev":"page_build","i":130}
Sep 24 15:14:05.787304 Runner(Flutter)[2656] <Notice>: dartnative: ##BENCH## {"tag":"feed1000","t_us":1790242145786995,"ev":"page_build","i":131}
Sep 24 15:14:05.787356 Runner(Flutter)[2656] <Notice>: dartnative: ##BENCH## {"tag":"feed1000","t_us":1790242145787047,"ev":"page_build","i":132}
Sep 24 15:14:05.787491 Runner(Flutter)[2656] <Notice>: dartnative: ##BENCH## {"tag":"feed1000","t_us":1790242145787082,"ev":"page_build","i":133}
Sep 24 15:14:05.787594 Runner(Flutter)[2656] <Notice>: dartnative: ##BENCH## {"tag":"feed1000","t_us":1790242145787120,"ev":"page_build","i":134}
Sep 24 15:14:05.788834 Runner(Flutter)[2656] <Notice>: dartnative: ##BENCH## {"tag":"feed1000","t_us":1790242145787158,"ev":"page_build","i":135}
Sep 24 15:14:05.788911 Runner(Flutter)[2656] <Notice>: dartnative: ##BENCH## {"tag":"feed1000","t_us":1790242145787180,"ev":"page_build","i":136}
Sep 24 15:14:05.788945 Runner(Flutter)[2656] <Notice>: dartnative: ##BENCH## {"tag":"feed1000","t_us":1790242145787224,"ev":"page_build","i":137}
Sep 24 15:14:05.788992 Runner(Flutter)[2656] <Notice>: dartnative: ##BENCH## {"tag":"feed1000","t_us":1790242145787266,"ev":"page_build","i":138}
Sep 24 15:14:05.789025 Runner(Flutter)[2656] <Notice>: dartnative: ##BENCH## {"tag":"feed1000","t_us":1790242145787313,"ev":"page_build","i":139}
Sep 24 15:14:05.789121 Runner(Flutter)[2656] <Notice>: dartnative: ##BENCH## {"tag":"feed1000","t_us":1790242145787360,"ev":"page_build","i":140}
Sep 24 15:14:05.789147 Runner(Flutter)[2656] <Notice>: dartnative: ##BENCH## {"tag":"feed1000","t_us":1790242145787455,"ev":"page_build","i":141}
Sep 24 15:14:05.789216 Runner(Flutter)[2656] <Notice>: dartnative: ##BENCH## {"tag":"feed1000","t_us":1790242145787564,"ev":"page_build","i":142}
Sep 24 15:14:05.789251 Runner(Flutter)[2656] <Notice>: dartnative: ##BENCH## {"tag":"feed1000","t_us":1790242145787681,"ev":"page_build","i":143}
Sep 24 15:14:05.789283 Runner(Flutter)[2656] <Notice>: dartnative: ##BENCH## {"tag":"feed1000","t_us":1790242145787710,"ev":"page_build","i":144}
Sep 24 15:14:05.789301 Runner(Flutter)[2656] <Notice>: dartnative: ##BENCH## {"tag":"feed1000","t_us":1790242145787763,"ev":"page_build","i":145}
Sep 24 15:14:05.789333 Runner(Flutter)[2656] <Notice>: dartnative: ##BENCH## {"tag":"feed1000","t_us":1790242145787845,"ev":"page_build","i":146}
Sep 24 15:14:05.789381 Runner(Flutter)[2656] <Notice>: dartnative: ##BENCH## {"tag":"feed1000","t_us":1790242145787904,"ev":"page_build","i":147}
Sep 24 15:14:05.789398 Runner(Flutter)[2656] <Notice>: dartnative: ##BENCH## {"tag":"feed1000","t_us":1790242145787971,"ev":"page_build","i":148}
Sep 24 15:14:05.789445 Runner(Flutter)[2656] <Notice>: dartnative: ##BENCH## {"tag":"feed1000","t_us":1790242145788006,"ev":"page_build","i":149}
Sep 24 15:14:05.789477 Runner(Flutter)[2656] <Notice>: dartnative: ##BENCH## {"tag":"feed1000","t_us":1790242145788033,"ev":"page_build","i":150}
Sep 24 15:14:05.789560 Runner(Flutter)[2656] <Notice>: dartnative: ##BENCH## {"tag":"feed1000","t_us":1790242145788068,"ev":"page_build","i":151}
Sep 24 15:14:05.789582 Runner(Flutter)[2656] <Notice>: dartnative: ##BENCH## {"tag":"feed1000","t_us":1790242145788117,"ev":"page_build","i":152}
Sep 24 15:14:05.789609 Runner(Flutter)[2656] <Notice>: dartnative: ##BENCH## {"tag":"feed1000","t_us":1790242145788148,"ev":"page_build","i":153}
Sep 24 15:14:05.789661 Runner(Flutter)[2656] <Notice>: dartnative: ##BENCH## {"tag":"feed1000","t_us":1790242145788207,"ev":"page_build","i":154}
Sep 24 15:14:05.789684 Runner(Flutter)[2656] <Notice>: dartnative: ##BENCH## {"tag":"feed1000","t_us":1790242145788253,"ev":"page_build","i":155}
Sep 24 15:14:05.789708 Runner(Flutter)[2656] <Notice>: dartnative: ##BENCH## {"tag":"feed1000","t_us":1790242145788305,"ev":"page_build","i":156}
Sep 24 15:14:05.789734 Runner(Flutter)[2656] <Notice>: dartnative: ##BENCH## {"tag":"feed1000","t_us":1790242145788375,"ev":"page_build","i":157}
Sep 24 15:14:05.789798 Runner(Flutter)[2656] <Notice>: dartnative: ##BENCH## {"tag":"feed1000","t_us":1790242145788449,"ev":"page_build","i":158}
Sep 24 15:14:05.789821 Runner(Flutter)[2656] <Notice>: dartnative: ##BENCH## {"tag":"feed1000","t_us":1790242145788523,"ev":"page_build","i":159}
Sep 24 15:14:05.789842 Runner(Flutter)[2656] <Notice>: dartnative: ##BENCH## {"tag":"feed1000","t_us":1790242145788580,"ev":"page_build","i":160}
Sep 24 15:14:05.789858 Runner(Flutter)[2656] <Notice>: dartnative: ##BENCH## {"tag":"feed1000","t_us":1790242145788639,"ev":"page_build","i":161}
Sep 24 15:14:05.789896 Runner(Flutter)[2656] <Notice>: dartnative: ##BENCH## {"tag":"feed1000","t_us":1790242145788735,"ev":"page_build","i":162}
Sep 24 15:14:05.789917 Runner(Flutter)[2656] <Notice>: dartnative: ##BENCH## {"tag":"feed1000","t_us":1790242145788789,"ev":"page_build","i":163}
Sep 24 15:14:05.789951 Runner(Flutter)[2656] <Notice>: dartnative: ##BENCH## {"tag":"feed1000","t_us":1790242145788848,"ev":"page_build","i":164}
Sep 24 15:14:05.789967 Runner(Flutter)[2656] <Notice>: dartnative: ##BENCH## {"tag":"feed1000","t_us":1790242145788924,"ev":"page_build","i":165}
Sep 24 15:14:05.790000 Runner(Flutter)[2656] <Notice>: dartnative: ##BENCH## {"tag":"feed1000","t_us":1790242145789039,"ev":"page_build","i":166}
Sep 24 15:14:05.790007 Runner(Flutter)[2656] <Notice>: dartnative: ##BENCH## {"tag":"feed1000","t_us":1790242145789115,"ev":"page_build","i":167}
Sep 24 15:14:05.790051 Runner(Flutter)[2656] <Notice>: dartnative: ##BENCH## {"tag":"feed1000","t_us":1790242145789170,"ev":"page_build","i":168}
Sep 24 15:14:05.790087 Runner(Flutter)[2656] <Notice>: dartnative: ##BENCH## {"tag":"feed1000","t_us":1790242145789205,"ev":"page_build","i":169}
Sep 24 15:14:05.790128 Runner(Flutter)[2656] <Notice>: dartnative: ##BENCH## {"tag":"feed1000","t_us":1790242145789311,"ev":"page_build","i":170}
Sep 24 15:14:05.790165 Runner(Flutter)[2656] <Notice>: dartnative: ##BENCH## {"tag":"feed1000","t_us":1790242145789389,"ev":"page_build","i":171}
Sep 24 15:14:05.790206 Runner(Flutter)[2656] <Notice>: dartnative: ##BENCH## {"tag":"feed1000","t_us":1790242145789450,"ev":"page_build","i":172}
Sep 24 15:14:05.790306 Runner(Flutter)[2656] <Notice>: dartnative: ##BENCH## {"tag":"feed1000","t_us":1790242145789493,"ev":"page_build","i":173}
Sep 24 15:14:05.790514 Runner(Flutter)[2656] <Notice>: dartnative: ##BENCH## {"tag":"feed1000","t_us":1790242145789562,"ev":"page_build","i":174}
Sep 24 15:14:05.790733 Runner(Flutter)[2656] <Notice>: dartnative: ##BENCH## {"tag":"feed1000","t_us":1790242145789679,"ev":"page_build","i":175}
Sep 24 15:14:05.790923 Runner(Flutter)[2656] <Notice>: dartnative: ##BENCH## {"tag":"feed1000","t_us":1790242145789714,"ev":"page_build","i":176}
Sep 24 15:14:05.791099 Runner(Flutter)[2656] <Notice>: dartnative: ##BENCH## {"tag":"feed1000","t_us":1790242145789837,"ev":"page_build","i":177}
Sep 24 15:14:05.791227 Runner(Flutter)[2656] <Notice>: dartnative: ##BENCH## {"tag":"feed1000","t_us":1790242145789926,"ev":"page_build","i":178}
Sep 24 15:14:05.791314 Runner(Flutter)[2656] <Notice>: dartnative: ##BENCH## {"tag":"feed1000","t_us":1790242145790061,"ev":"page_build","i":179}
Sep 24 15:14:05.791376 Runner(Flutter)[2656] <Notice>: dartnative: ##BENCH## {"tag":"feed1000","t_us":1790242145790150,"ev":"page_build","i":180}
Sep 24 15:14:05.791931 Runner(Flutter)[2656] <Notice>: dartnative: ##BENCH## {"tag":"feed1000","t_us":1790242145790288,"ev":"page_build","i":181}
Sep 24 15:14:05.792198 Runner(Flutter)[2656] <Notice>: dartnative: ##BENCH## {"tag":"feed1000","t_us":1790242145790517,"ev":"page_build","i":182}
Sep 24 15:14:05.792209 Runner(Flutter)[2656] <Notice>: dartnative: ##BENCH## {"tag":"feed1000","t_us":1790242145790734,"ev":"page_build","i":183}
Sep 24 15:14:05.792235 Runner(Flutter)[2656] <Notice>: dartnative: ##BENCH## {"tag":"feed1000","t_us":1790242145790921,"ev":"page_build","i":184}
Sep 24 15:14:05.792258 Runner(Flutter)[2656] <Notice>: dartnative: ##BENCH## {"tag":"feed1000","t_us":1790242145791076,"ev":"page_build","i":185}
Sep 24 15:14:05.792281 Runner(Flutter)[2656] <Notice>: dartnative: ##BENCH## {"tag":"feed1000","t_us":1790242145791167,"ev":"page_build","i":186}
Sep 24 15:14:05.792322 Runner(Flutter)[2656] <Notice>: dartnative: ##BENCH## {"tag":"feed1000","t_us":1790242145791228,"ev":"page_build","i":187}
Sep 24 15:14:05.792430 Runner(Flutter)[2656] <Notice>: dartnative: ##BENCH## {"tag":"feed1000","t_us":1790242145791313,"ev":"page_build","i":188}
Sep 24 15:14:05.792560 Runner(Flutter)[2656] <Notice>: dartnative: ##BENCH## {"tag":"feed1000","t_us":1790242145791424,"ev":"page_build","i":189}
Sep 24 15:14:05.792705 Runner(Flutter)[2656] <Notice>: dartnative: ##BENCH## {"tag":"feed1000","t_us":1790242145791540,"ev":"page_build","i":190}
Sep 24 15:14:05.792849 Runner(Flutter)[2656] <Notice>: dartnative: ##BENCH## {"tag":"feed1000","t_us":1790242145791613,"ev":"page_build","i":191}
Sep 24 15:14:05.792929 Runner(Flutter)[2656] <Notice>: dartnative: ##BENCH## {"tag":"feed1000","t_us":1790242145791664,"ev":"page_build","i":192}
Sep 24 15:14:05.792998 Runner(Flutter)[2656] <Notice>: dartnative: ##BENCH## {"tag":"feed1000","t_us":1790242145791706,"ev":"page_build","i":193}
Sep 24 15:14:05.793018 Runner(Flutter)[2656] <Notice>: dartnative: ##BENCH## {"tag":"feed1000","t_us":1790242145791762,"ev":"page_build","i":194}
Sep 24 15:14:05.793066 Runner(Flutter)[2656] <Notice>: dartnative: ##BENCH## {"tag":"feed1000","t_us":1790242145791869,"ev":"page_build","i":195}
Sep 24 15:14:05.793101 Runner(Flutter)[2656] <Notice>: dartnative: ##BENCH## {"tag":"feed1000","t_us":1790242145791961,"ev":"page_build","i":196}
Sep 24 15:14:05.793261 Runner(Flutter)[2656] <Notice>: dartnative: ##BENCH## {"tag":"feed1000","t_us":1790242145792013,"ev":"page_build","i":197}
Sep 24 15:14:05.793316 Runner(Flutter)[2656] <Notice>: dartnative: ##BENCH## {"tag":"feed1000","t_us":1790242145792097,"ev":"page_build","i":198}
Sep 24 15:14:05.793324 Runner(Flutter)[2656] <Notice>: dartnative: ##BENCH## {"tag":"feed1000","t_us":1790242145792221,"ev":"page_build","i":199}
Sep 24 15:14:05.793344 Runner(Flutter)[2656] <Notice>: dartnative: ##BENCH## {"tag":"feed1000","t_us":1790242145792339,"ev":"page_build","i":200}
Sep 24 15:14:05.793370 Runner(Flutter)[2656] <Notice>: dartnative: ##BENCH## {"tag":"feed1000","t_us":1790242145792369,"ev":"page_build","i":201}
Sep 24 15:14:05.793392 Runner(Flutter)[2656] <Notice>: dartnative: ##BENCH## {"tag":"feed1000","t_us":1790242145792466,"ev":"page_build","i":202}
Sep 24 15:14:05.793428 Runner(Flutter)[2656] <Notice>: dartnative: ##BENCH## {"tag":"feed1000","t_us":1790242145792521,"ev":"page_build","i":203}
Sep 24 15:14:05.793468 Runner(Flutter)[2656] <Notice>: dartnative: ##BENCH## {"tag":"feed1000","t_us":1790242145792618,"ev":"page_build","i":204}
Sep 24 15:14:05.793501 Runner(Flutter)[2656] <Notice>: dartnative: ##BENCH## {"tag":"feed1000","t_us":1790242145792728,"ev":"page_build","i":205}
Sep 24 15:14:05.793524 Runner(Flutter)[2656] <Notice>: dartnative: ##BENCH## {"tag":"feed1000","t_us":1790242145792772,"ev":"page_build","i":206}
Sep 24 15:14:05.793566 Runner(Flutter)[2656] <Notice>: dartnative: ##BENCH## {"tag":"feed1000","t_us":1790242145792798,"ev":"page_build","i":207}
Sep 24 15:14:05.793594 Runner(Flutter)[2656] <Notice>: dartnative: ##BENCH## {"tag":"feed1000","t_us":1790242145792871,"ev":"page_build","i":208}
Sep 24 15:14:05.793654 Runner(Flutter)[2656] <Notice>: dartnative: ##BENCH## {"tag":"feed1000","t_us":1790242145792935,"ev":"page_build","i":209}
Sep 24 15:14:05.793682 Runner(Flutter)[2656] <Notice>: dartnative: ##BENCH## {"tag":"feed1000","t_us":1790242145793046,"ev":"page_build","i":210}
Sep 24 15:14:05.793712 Runner(Flutter)[2656] <Notice>: dartnative: ##BENCH## {"tag":"feed1000","t_us":1790242145793120,"ev":"page_build","i":211}
Sep 24 15:14:05.793731 Runner(Flutter)[2656] <Notice>: dartnative: ##BENCH## {"tag":"feed1000","t_us":1790242145793205,"ev":"page_build","i":212}
Sep 24 15:14:05.793787 Runner(Flutter)[2656] <Notice>: dartnative: ##BENCH## {"tag":"feed1000","t_us":1790242145793243,"ev":"page_build","i":213}
Sep 24 15:14:05.793819 Runner(Flutter)[2656] <Notice>: dartnative: ##BENCH## {"tag":"feed1000","t_us":1790242145793306,"ev":"page_build","i":214}
Sep 24 15:14:05.793862 Runner(Flutter)[2656] <Notice>: dartnative: ##BENCH## {"tag":"feed1000","t_us":1790242145793379,"ev":"page_build","i":215}
Sep 24 15:14:05.793883 Runner(Flutter)[2656] <Notice>: dartnative: ##BENCH## {"tag":"feed1000","t_us":1790242145793450,"ev":"page_build","i":216}
Sep 24 15:14:05.793902 Runner(Flutter)[2656] <Notice>: dartnative: ##BENCH## {"tag":"feed1000","t_us":1790242145793515,"ev":"page_build","i":217}
Sep 24 15:14:05.793953 Runner(Flutter)[2656] <Notice>: dartnative: ##BENCH## {"tag":"feed1000","t_us":1790242145793565,"ev":"page_build","i":218}
Sep 24 15:14:05.793997 Runner(Flutter)[2656] <Notice>: dartnative: ##BENCH## {"tag":"feed1000","t_us":1790242145793639,"ev":"page_build","i":219}
Sep 24 15:14:05.794028 Runner(Flutter)[2656] <Notice>: dartnative: ##BENCH## {"tag":"feed1000","t_us":1790242145793692,"ev":"page_build","i":220}
Sep 24 15:14:05.794069 Runner(Flutter)[2656] <Notice>: dartnative: ##BENCH## {"tag":"feed1000","t_us":1790242145793728,"ev":"page_build","i":221}
Sep 24 15:14:05.794228 Runner(Flutter)[2656] <Notice>: dartnative: ##BENCH## {"tag":"feed1000","t_us":1790242145793798,"ev":"page_build","i":222}
Sep 24 15:14:05.794340 Runner(Flutter)[2656] <Notice>: dartnative: ##BENCH## {"tag":"feed1000","t_us":1790242145793838,"ev":"page_build","i":223}
Sep 24 15:14:05.794423 Runner(Flutter)[2656] <Notice>: dartnative: ##BENCH## {"tag":"feed1000","t_us":1790242145793925,"ev":"page_build","i":224}
Sep 24 15:14:05.794450 Runner(Flutter)[2656] <Notice>: dartnative: ##BENCH## {"tag":"feed1000","t_us":1790242145793955,"ev":"page_build","i":225}
Sep 24 15:14:05.794466 Runner(Flutter)[2656] <Notice>: dartnative: ##BENCH## {"tag":"feed1000","t_us":1790242145793988,"ev":"page_build","i":226}
Sep 24 15:14:05.794553 Runner(Flutter)[2656] <Notice>: dartnative: ##BENCH## {"tag":"feed1000","t_us":1790242145794034,"ev":"page_build","i":227}
Sep 24 15:14:05.794586 Runner(Flutter)[2656] <Notice>: dartnative: ##BENCH## {"tag":"feed1000","t_us":1790242145794072,"ev":"page_build","i":228}
Sep 24 15:14:05.794669 Runner(Flutter)[2656] <Notice>: dartnative: ##BENCH## {"tag":"feed1000","t_us":1790242145794159,"ev":"page_build","i":229}
Sep 24 15:14:05.794677 Runner(Flutter)[2656] <Notice>: dartnative: ##BENCH## {"tag":"feed1000","t_us":1790242145794229,"ev":"page_build","i":230}
Sep 24 15:14:05.794725 Runner(Flutter)[2656] <Notice>: dartnative: ##BENCH## {"tag":"feed1000","t_us":1790242145794331,"ev":"page_build","i":231}
Sep 24 15:14:05.794790 Runner(Flutter)[2656] <Notice>: dartnative: ##BENCH## {"tag":"feed1000","t_us":1790242145794397,"ev":"page_build","i":232}
Sep 24 15:14:05.794834 Runner(Flutter)[2656] <Notice>: dartnative: ##BENCH## {"tag":"feed1000","t_us":1790242145794466,"ev":"page_build","i":233}
Sep 24 15:14:05.794889 Runner(Flutter)[2656] <Notice>: dartnative: ##BENCH## {"tag":"feed1000","t_us":1790242145794530,"ev":"page_build","i":234}
Sep 24 15:14:05.794926 Runner(Flutter)[2656] <Notice>: dartnative: ##BENCH## {"tag":"feed1000","t_us":1790242145794575,"ev":"page_build","i":235}
Sep 24 15:14:05.794950 Runner(Flutter)[2656] <Notice>: dartnative: ##BENCH## {"tag":"feed1000","t_us":1790242145794642,"ev":"page_build","i":236}
Sep 24 15:14:05.795048 Runner(Flutter)[2656] <Notice>: dartnative: ##BENCH## {"tag":"feed1000","t_us":1790242145794696,"ev":"page_build","i":237}
Sep 24 15:14:05.795105 Runner(Flutter)[2656] <Notice>: dartnative: ##BENCH## {"tag":"feed1000","t_us":1790242145794762,"ev":"page_build","i":238}
Sep 24 15:14:05.795160 Runner(Flutter)[2656] <Notice>: dartnative: ##BENCH## {"tag":"feed1000","t_us":1790242145794803,"ev":"page_build","i":239}
Sep 24 15:14:05.795226 Runner(Flutter)[2656] <Notice>: dartnative: ##BENCH## {"tag":"feed1000","t_us":1790242145794840,"ev":"page_build","i":240}
Sep 24 15:14:05.795326 Runner(Flutter)[2656] <Notice>: dartnative: ##BENCH## {"tag":"feed1000","t_us":1790242145794891,"ev":"page_build","i":241}
Sep 24 15:14:05.795461 Runner(Flutter)[2656] <Notice>: dartnative: ##BENCH## {"tag":"feed1000","t_us":1790242145794925,"ev":"page_build","i":242}
Sep 24 15:14:05.795488 Runner(Flutter)[2656] <Notice>: dartnative: ##BENCH## {"tag":"feed1000","t_us":1790242145794958,"ev":"page_build","i":243}
Sep 24 15:14:05.795591 Runner(Flutter)[2656] <Notice>: dartnative: ##BENCH## {"tag":"feed1000","t_us":1790242145795016,"ev":"page_build","i":244}
Sep 24 15:14:05.795687 Runner(Flutter)[2656] <Notice>: dartnative: ##BENCH## {"tag":"feed1000","t_us":1790242145795078,"ev":"page_build","i":245}
Sep 24 15:14:05.795709 Runner(Flutter)[2656] <Notice>: dartnative: ##BENCH## {"tag":"feed1000","t_us":1790242145795118,"ev":"page_build","i":246}
Sep 24 15:14:05.795725 Runner(Flutter)[2656] <Notice>: dartnative: ##BENCH## {"tag":"feed1000","t_us":1790242145795162,"ev":"page_build","i":247}
Sep 24 15:14:05.795773 Runner(Flutter)[2656] <Notice>: dartnative: ##BENCH## {"tag":"feed1000","t_us":1790242145795220,"ev":"page_build","i":248}
Sep 24 15:14:05.795811 Runner(Flutter)[2656] <Notice>: dartnative: ##BENCH## {"tag":"feed1000","t_us":1790242145795258,"ev":"page_build","i":249}
Sep 24 15:14:05.795833 Runner(Flutter)[2656] <Notice>: dartnative: ##BENCH## {"tag":"feed1000","t_us":1790242145795325,"ev":"page_build","i":250}
Sep 24 15:14:05.795850 Runner(Flutter)[2656] <Notice>: dartnative: ##BENCH## {"tag":"feed1000","t_us":1790242145795361,"ev":"page_build","i":251}
Sep 24 15:14:05.795898 Runner(Flutter)[2656] <Notice>: dartnative: ##BENCH## {"tag":"feed1000","t_us":1790242145795428,"ev":"page_build","i":252}
Sep 24 15:14:05.795916 Runner(Flutter)[2656] <Notice>: dartnative: ##BENCH## {"tag":"feed1000","t_us":1790242145795494,"ev":"page_build","i":253}
Sep 24 15:14:05.795935 Runner(Flutter)[2656] <Notice>: dartnative: ##BENCH## {"tag":"feed1000","t_us":1790242145795546,"ev":"page_build","i":254}
Sep 24 15:14:05.795956 Runner(Flutter)[2656] <Notice>: dartnative: ##BENCH## {"tag":"feed1000","t_us":1790242145795590,"ev":"page_build","i":255}
Sep 24 15:14:05.795984 Runner(Flutter)[2656] <Notice>: dartnative: ##BENCH## {"tag":"feed1000","t_us":1790242145795626,"ev":"page_build","i":256}
Sep 24 15:14:05.796004 Runner(Flutter)[2656] <Notice>: dartnative: ##BENCH## {"tag":"feed1000","t_us":1790242145795664,"ev":"page_build","i":257}
Sep 24 15:14:05.796063 Runner(Flutter)[2656] <Notice>: dartnative: ##BENCH## {"tag":"feed1000","t_us":1790242145795709,"ev":"page_build","i":258}
Sep 24 15:14:05.796102 Runner(Flutter)[2656] <Notice>: dartnative: ##BENCH## {"tag":"feed1000","t_us":1790242145795755,"ev":"page_build","i":259}
Sep 24 15:14:05.796148 Runner(Flutter)[2656] <Notice>: dartnative: ##BENCH## {"tag":"feed1000","t_us":1790242145795793,"ev":"page_build","i":260}
Sep 24 15:14:05.796220 Runner(Flutter)[2656] <Notice>: dartnative: ##BENCH## {"tag":"feed1000","t_us":1790242145795815,"ev":"page_build","i":261}
Sep 24 15:14:05.796265 Runner(Flutter)[2656] <Notice>: dartnative: ##BENCH## {"tag":"feed1000","t_us":1790242145795847,"ev":"page_build","i":262}
Sep 24 15:14:05.796311 Runner(Flutter)[2656] <Notice>: dartnative: ##BENCH## {"tag":"feed1000","t_us":1790242145795913,"ev":"page_build","i":263}
Sep 24 15:14:05.796351 Runner(Flutter)[2656] <Notice>: dartnative: ##BENCH## {"tag":"feed1000","t_us":1790242145795946,"ev":"page_build","i":264}
Sep 24 15:14:05.796391 Runner(Flutter)[2656] <Notice>: dartnative: ##BENCH## {"tag":"feed1000","t_us":1790242145796016,"ev":"page_build","i":265}
Sep 24 15:14:05.796438 Runner(Flutter)[2656] <Notice>: dartnative: ##BENCH## {"tag":"feed1000","t_us":1790242145796034,"ev":"page_build","i":266}
Sep 24 15:14:05.796454 Runner(Flutter)[2656] <Notice>: dartnative: ##BENCH## {"tag":"feed1000","t_us":1790242145796090,"ev":"page_build","i":267}
Sep 24 15:14:05.796564 Runner(Flutter)[2656] <Notice>: dartnative: ##BENCH## {"tag":"feed1000","t_us":1790242145796143,"ev":"page_build","i":268}
Sep 24 15:14:05.796637 Runner(Flutter)[2656] <Notice>: dartnative: ##BENCH## {"tag":"feed1000","t_us":1790242145796258,"ev":"page_build","i":269}
Sep 24 15:14:05.796743 Runner(Flutter)[2656] <Notice>: dartnative: ##BENCH## {"tag":"feed1000","t_us":1790242145796312,"ev":"page_build","i":270}
Sep 24 15:14:05.796802 Runner(Flutter)[2656] <Notice>: dartnative: ##BENCH## {"tag":"feed1000","t_us":1790242145796393,"ev":"page_build","i":271}
Sep 24 15:14:05.796851 Runner(Flutter)[2656] <Notice>: dartnative: ##BENCH## {"tag":"feed1000","t_us":1790242145796431,"ev":"page_build","i":272}
Sep 24 15:14:05.796899 Runner(Flutter)[2656] <Notice>: dartnative: ##BENCH## {"tag":"feed1000","t_us":1790242145796455,"ev":"page_build","i":273}
Sep 24 15:14:05.796953 Runner(Flutter)[2656] <Notice>: dartnative: ##BENCH## {"tag":"feed1000","t_us":1790242145796505,"ev":"page_build","i":274}
Sep 24 15:14:05.796987 Runner(Flutter)[2656] <Notice>: dartnative: ##BENCH## {"tag":"feed1000","t_us":1790242145796578,"ev":"page_build","i":275}
Sep 24 15:14:05.797019 Runner(Flutter)[2656] <Notice>: dartnative: ##BENCH## {"tag":"feed1000","t_us":1790242145796631,"ev":"page_build","i":276}
Sep 24 15:14:05.797027 Runner(Flutter)[2656] <Notice>: dartnative: ##BENCH## {"tag":"feed1000","t_us":1790242145796697,"ev":"page_build","i":277}
Sep 24 15:14:05.797107 Runner(Flutter)[2656] <Notice>: dartnative: ##BENCH## {"tag":"feed1000","t_us":1790242145796757,"ev":"page_build","i":278}
Sep 24 15:14:05.797225 Runner(Flutter)[2656] <Notice>: dartnative: ##BENCH## {"tag":"feed1000","t_us":1790242145796814,"ev":"page_build","i":279}
Sep 24 15:14:05.797270 Runner(Flutter)[2656] <Notice>: dartnative: ##BENCH## {"tag":"feed1000","t_us":1790242145796863,"ev":"page_build","i":280}
Sep 24 15:14:05.797289 Runner(Flutter)[2656] <Notice>: dartnative: ##BENCH## {"tag":"feed1000","t_us":1790242145796893,"ev":"page_build","i":281}
Sep 24 15:14:05.797312 Runner(Flutter)[2656] <Notice>: dartnative: ##BENCH## {"tag":"feed1000","t_us":1790242145796945,"ev":"page_build","i":282}
Sep 24 15:14:05.797364 Runner(Flutter)[2656] <Notice>: dartnative: ##BENCH## {"tag":"feed1000","t_us":1790242145796982,"ev":"page_build","i":283}
Sep 24 15:14:05.797401 Runner(Flutter)[2656] <Notice>: dartnative: ##BENCH## {"tag":"feed1000","t_us":1790242145797025,"ev":"page_build","i":284}
Sep 24 15:14:05.797482 Runner(Flutter)[2656] <Notice>: dartnative: ##BENCH## {"tag":"feed1000","t_us":1790242145797054,"ev":"page_build","i":285}
Sep 24 15:14:05.797532 Runner(Flutter)[2656] <Notice>: dartnative: ##BENCH## {"tag":"feed1000","t_us":1790242145797121,"ev":"page_build","i":286}
Sep 24 15:14:05.797594 Runner(Flutter)[2656] <Notice>: dartnative: ##BENCH## {"tag":"feed1000","t_us":1790242145797226,"ev":"page_build","i":287}
Sep 24 15:14:05.797625 Runner(Flutter)[2656] <Notice>: dartnative: ##BENCH## {"tag":"feed1000","t_us":1790242145797262,"ev":"page_build","i":288}
Sep 24 15:14:05.797672 Runner(Flutter)[2656] <Notice>: dartnative: ##BENCH## {"tag":"feed1000","t_us":1790242145797308,"ev":"page_build","i":289}
Sep 24 15:14:05.797728 Runner(Flutter)[2656] <Notice>: dartnative: ##BENCH## {"tag":"feed1000","t_us":1790242145797366,"ev":"page_build","i":290}
Sep 24 15:14:05.797750 Runner(Flutter)[2656] <Notice>: dartnative: ##BENCH## {"tag":"feed1000","t_us":1790242145797412,"ev":"page_build","i":291}
Sep 24 15:14:05.797795 Runner(Flutter)[2656] <Notice>: dartnative: ##BENCH## {"tag":"feed1000","t_us":1790242145797448,"ev":"page_build","i":292}
Sep 24 15:14:05.797879 Runner(Flutter)[2656] <Notice>: dartnative: ##BENCH## {"tag":"feed1000","t_us":1790242145797495,"ev":"page_build","i":293}
Sep 24 15:14:05.797926 Runner(Flutter)[2656] <Notice>: dartnative: ##BENCH## {"tag":"feed1000","t_us":1790242145797532,"ev":"page_build","i":294}
Sep 24 15:14:05.797949 Runner(Flutter)[2656] <Notice>: dartnative: ##BENCH## {"tag":"feed1000","t_us":1790242145797573,"ev":"page_build","i":295}
Sep 24 15:14:05.798008 Runner(Flutter)[2656] <Notice>: dartnative: ##BENCH## {"tag":"feed1000","t_us":1790242145797596,"ev":"page_build","i":296}
Sep 24 15:14:05.798033 Runner(Flutter)[2656] <Notice>: dartnative: ##BENCH## {"tag":"feed1000","t_us":1790242145797640,"ev":"page_build","i":297}
Sep 24 15:14:05.798077 Runner(Flutter)[2656] <Notice>: dartnative: ##BENCH## {"tag":"feed1000","t_us":1790242145797681,"ev":"page_build","i":298}
Sep 24 15:14:05.798114 Runner(Flutter)[2656] <Notice>: dartnative: ##BENCH## {"tag":"feed1000","t_us":1790242145797726,"ev":"page_build","i":299}
Sep 24 15:14:05.798150 Runner(Flutter)[2656] <Notice>: dartnative: ##BENCH## {"tag":"feed1000","t_us":1790242145797783,"ev":"page_build","i":300}
Sep 24 15:14:05.798193 Runner(Flutter)[2656] <Notice>: dartnative: ##BENCH## {"tag":"feed1000","t_us":1790242145797842,"ev":"page_build","i":301}
Sep 24 15:14:05.798238 Runner(Flutter)[2656] <Notice>: dartnative: ##BENCH## {"tag":"feed1000","t_us":1790242145797880,"ev":"page_build","i":302}
Sep 24 15:14:05.798269 Runner(Flutter)[2656] <Notice>: dartnative: ##BENCH## {"tag":"feed1000","t_us":1790242145797944,"ev":"page_build","i":303}
Sep 24 15:14:05.798314 Runner(Flutter)[2656] <Notice>: dartnative: ##BENCH## {"tag":"feed1000","t_us":1790242145798011,"ev":"page_build","i":304}
Sep 24 15:14:05.798365 Runner(Flutter)[2656] <Notice>: dartnative: ##BENCH## {"tag":"feed1000","t_us":1790242145798040,"ev":"page_build","i":305}
Sep 24 15:14:05.798436 Runner(Flutter)[2656] <Notice>: dartnative: ##BENCH## {"tag":"feed1000","t_us":1790242145798080,"ev":"page_build","i":306}
Sep 24 15:14:05.798476 Runner(Flutter)[2656] <Notice>: dartnative: ##BENCH## {"tag":"feed1000","t_us":1790242145798120,"ev":"page_build","i":307}
Sep 24 15:14:05.798515 Runner(Flutter)[2656] <Notice>: dartnative: ##BENCH## {"tag":"feed1000","t_us":1790242145798156,"ev":"page_build","i":308}
Sep 24 15:14:05.798554 Runner(Flutter)[2656] <Notice>: dartnative: ##BENCH## {"tag":"feed1000","t_us":1790242145798199,"ev":"page_build","i":309}
Sep 24 15:14:05.798596 Runner(Flutter)[2656] <Notice>: dartnative: ##BENCH## {"tag":"feed1000","t_us":1790242145798238,"ev":"page_build","i":310}
Sep 24 15:14:05.798676 Runner(Flutter)[2656] <Notice>: dartnative: ##BENCH## {"tag":"feed1000","t_us":1790242145798276,"ev":"page_build","i":311}
Sep 24 15:14:05.798709 Runner(Flutter)[2656] <Notice>: dartnative: ##BENCH## {"tag":"feed1000","t_us":1790242145798329,"ev":"page_build","i":312}
Sep 24 15:14:05.798741 Runner(Flutter)[2656] <Notice>: dartnative: ##BENCH## {"tag":"feed1000","t_us":1790242145798369,"ev":"page_build","i":313}
Sep 24 15:14:05.798809 Runner(Flutter)[2656] <Notice>: dartnative: ##BENCH## {"tag":"feed1000","t_us":1790242145798437,"ev":"page_build","i":314}
Sep 24 15:14:05.798931 Runner(Flutter)[2656] <Notice>: dartnative: ##BENCH## {"tag":"feed1000","t_us":1790242145798479,"ev":"page_build","i":315}
Sep 24 15:14:05.798970 Runner(Flutter)[2656] <Notice>: dartnative: ##BENCH## {"tag":"feed1000","t_us":1790242145798525,"ev":"page_build","i":316}
Sep 24 15:14:05.799020 Runner(Flutter)[2656] <Notice>: dartnative: ##BENCH## {"tag":"feed1000","t_us":1790242145798552,"ev":"page_build","i":317}
Sep 24 15:14:05.799070 Runner(Flutter)[2656] <Notice>: dartnative: ##BENCH## {"tag":"feed1000","t_us":1790242145798591,"ev":"page_build","i":318}
Sep 24 15:14:05.799098 Runner(Flutter)[2656] <Notice>: dartnative: ##BENCH## {"tag":"feed1000","t_us":1790242145798622,"ev":"page_build","i":319}
Sep 24 15:14:05.799129 Runner(Flutter)[2656] <Notice>: dartnative: ##BENCH## {"tag":"feed1000","t_us":1790242145798666,"ev":"page_build","i":320}
Sep 24 15:14:05.799178 Runner(Flutter)[2656] <Notice>: dartnative: ##BENCH## {"tag":"feed1000","t_us":1790242145798738,"ev":"page_build","i":321}
Sep 24 15:14:05.799223 Runner(Flutter)[2656] <Notice>: dartnative: ##BENCH## {"tag":"feed1000","t_us":1790242145798805,"ev":"page_build","i":322}
Sep 24 15:14:05.799376 Runner(Flutter)[2656] <Notice>: dartnative: ##BENCH## {"tag":"feed1000","t_us":1790242145798899,"ev":"page_build","i":323}
Sep 24 15:14:05.799408 Runner(Flutter)[2656] <Notice>: dartnative: ##BENCH## {"tag":"feed1000","t_us":1790242145798989,"ev":"page_build","i":324}
Sep 24 15:14:05.799458 Runner(Flutter)[2656] <Notice>: dartnative: ##BENCH## {"tag":"feed1000","t_us":1790242145799058,"ev":"page_build","i":325}
Sep 24 15:14:05.799558 Runner(Flutter)[2656] <Notice>: dartnative: ##BENCH## {"tag":"feed1000","t_us":1790242145799088,"ev":"page_build","i":326}
Sep 24 15:14:05.799594 Runner(Flutter)[2656] <Notice>: dartnative: ##BENCH## {"tag":"feed1000","t_us":1790242145799138,"ev":"page_build","i":327}
Sep 24 15:14:05.799635 Runner(Flutter)[2656] <Notice>: dartnative: ##BENCH## {"tag":"feed1000","t_us":1790242145799200,"ev":"page_build","i":328}
Sep 24 15:14:05.799743 Runner(Flutter)[2656] <Notice>: dartnative: ##BENCH## {"tag":"feed1000","t_us":1790242145799240,"ev":"page_build","i":329}
Sep 24 15:14:05.799777 Runner(Flutter)[2656] <Notice>: dartnative: ##BENCH## {"tag":"feed1000","t_us":1790242145799315,"ev":"page_build","i":330}
Sep 24 15:14:05.799802 Runner(Flutter)[2656] <Notice>: dartnative: ##BENCH## {"tag":"feed1000","t_us":1790242145799370,"ev":"page_build","i":331}
Sep 24 15:14:05.799834 Runner(Flutter)[2656] <Notice>: dartnative: ##BENCH## {"tag":"feed1000","t_us":1790242145799414,"ev":"page_build","i":332}
Sep 24 15:14:05.799872 Runner(Flutter)[2656] <Notice>: dartnative: ##BENCH## {"tag":"feed1000","t_us":1790242145799465,"ev":"page_build","i":333}
Sep 24 15:14:05.799925 Runner(Flutter)[2656] <Notice>: dartnative: ##BENCH## {"tag":"feed1000","t_us":1790242145799501,"ev":"page_build","i":334}
Sep 24 15:14:05.799972 Runner(Flutter)[2656] <Notice>: dartnative: ##BENCH## {"tag":"feed1000","t_us":1790242145799546,"ev":"page_build","i":335}
Sep 24 15:14:05.800072 Runner(Flutter)[2656] <Notice>: dartnative: ##BENCH## {"tag":"feed1000","t_us":1790242145799586,"ev":"page_build","i":336}
Sep 24 15:14:05.800116 Runner(Flutter)[2656] <Notice>: dartnative: ##BENCH## {"tag":"feed1000","t_us":1790242145799657,"ev":"page_build","i":337}
Sep 24 15:14:05.800210 Runner(Flutter)[2656] <Notice>: dartnative: ##BENCH## {"tag":"feed1000","t_us":1790242145799719,"ev":"page_build","i":338}
Sep 24 15:14:05.800296 Runner(Flutter)[2656] <Notice>: dartnative: ##BENCH## {"tag":"feed1000","t_us":1790242145799798,"ev":"page_build","i":339}
Sep 24 15:14:05.800334 Runner(Flutter)[2656] <Notice>: dartnative: ##BENCH## {"tag":"feed1000","t_us":1790242145799831,"ev":"page_build","i":340}
Sep 24 15:14:05.800367 Runner(Flutter)[2656] <Notice>: dartnative: ##BENCH## {"tag":"feed1000","t_us":1790242145799881,"ev":"page_build","i":341}
Sep 24 15:14:05.800454 Runner(Flutter)[2656] <Notice>: dartnative: ##BENCH## {"tag":"feed1000","t_us":1790242145799937,"ev":"page_build","i":342}
Sep 24 15:14:05.800471 Runner(Flutter)[2656] <Notice>: dartnative: ##BENCH## {"tag":"feed1000","t_us":1790242145800008,"ev":"page_build","i":343}
Sep 24 15:14:05.800546 Runner(Flutter)[2656] <Notice>: dartnative: ##BENCH## {"tag":"feed1000","t_us":1790242145800074,"ev":"page_build","i":344}
Sep 24 15:14:05.800573 Runner(Flutter)[2656] <Notice>: dartnative: ##BENCH## {"tag":"feed1000","t_us":1790242145800101,"ev":"page_build","i":345}
Sep 24 15:14:05.800605 Runner(Flutter)[2656] <Notice>: dartnative: ##BENCH## {"tag":"feed1000","t_us":1790242145800189,"ev":"page_build","i":346}
Sep 24 15:14:05.800695 Runner(Flutter)[2656] <Notice>: dartnative: ##BENCH## {"tag":"feed1000","t_us":1790242145800250,"ev":"page_build","i":347}
Sep 24 15:14:05.800735 Runner(Flutter)[2656] <Notice>: dartnative: ##BENCH## {"tag":"feed1000","t_us":1790242145800355,"ev":"page_build","i":348}
Sep 24 15:14:05.800832 Runner(Flutter)[2656] <Notice>: dartnative: ##BENCH## {"tag":"feed1000","t_us":1790242145800448,"ev":"page_build","i":349}
Sep 24 15:14:05.800885 Runner(Flutter)[2656] <Notice>: dartnative: ##BENCH## {"tag":"feed1000","t_us":1790242145800481,"ev":"page_build","i":350}
Sep 24 15:14:05.800936 Runner(Flutter)[2656] <Notice>: dartnative: ##BENCH## {"tag":"feed1000","t_us":1790242145800522,"ev":"page_build","i":351}
Sep 24 15:14:05.800987 Runner(Flutter)[2656] <Notice>: dartnative: ##BENCH## {"tag":"feed1000","t_us":1790242145800568,"ev":"page_build","i":352}
Sep 24 15:14:05.801281 Runner(Flutter)[2656] <Notice>: dartnative: ##BENCH## {"tag":"feed1000","t_us":1790242145800605,"ev":"page_build","i":353}
Sep 24 15:14:05.801339 Runner(Flutter)[2656] <Notice>: dartnative: ##BENCH## {"tag":"feed1000","t_us":1790242145800657,"ev":"page_build","i":354}
Sep 24 15:14:05.801356 Runner(Flutter)[2656] <Notice>: dartnative: ##BENCH## {"tag":"feed1000","t_us":1790242145800687,"ev":"page_build","i":355}
Sep 24 15:14:05.801423 Runner(Flutter)[2656] <Notice>: dartnative: ##BENCH## {"tag":"feed1000","t_us":1790242145800737,"ev":"page_build","i":356}
Sep 24 15:14:05.801468 Runner(Flutter)[2656] <Notice>: dartnative: ##BENCH## {"tag":"feed1000","t_us":1790242145800782,"ev":"page_build","i":357}
Sep 24 15:14:05.801584 Runner(Flutter)[2656] <Notice>: dartnative: ##BENCH## {"tag":"feed1000","t_us":1790242145800842,"ev":"page_build","i":358}
Sep 24 15:14:05.801686 Runner(Flutter)[2656] <Notice>: dartnative: ##BENCH## {"tag":"feed1000","t_us":1790242145800880,"ev":"page_build","i":359}
Sep 24 15:14:05.801757 Runner(Flutter)[2656] <Notice>: dartnative: ##BENCH## {"tag":"feed1000","t_us":1790242145800927,"ev":"page_build","i":360}
Sep 24 15:14:05.802037 Runner(Flutter)[2656] <Notice>: dartnative: ##BENCH## {"tag":"feed1000","t_us":1790242145800986,"ev":"page_build","i":361}
Sep 24 15:14:05.802266 Runner(Flutter)[2656] <Notice>: dartnative: ##BENCH## {"tag":"feed1000","t_us":1790242145801081,"ev":"page_build","i":362}
Sep 24 15:14:05.802327 Runner(Flutter)[2656] <Notice>: dartnative: ##BENCH## {"tag":"feed1000","t_us":1790242145801139,"ev":"page_build","i":363}
Sep 24 15:14:05.802447 Runner(Flutter)[2656] <Notice>: dartnative: ##BENCH## {"tag":"feed1000","t_us":1790242145801185,"ev":"page_build","i":364}
Sep 24 15:14:05.802472 Runner(Flutter)[2656] <Notice>: dartnative: ##BENCH## {"tag":"feed1000","t_us":1790242145801236,"ev":"page_build","i":365}
Sep 24 15:14:05.802581 Runner(Flutter)[2656] <Notice>: dartnative: ##BENCH## {"tag":"feed1000","t_us":1790242145801271,"ev":"page_build","i":366}
Sep 24 15:14:05.802767 Runner(Flutter)[2656] <Notice>: dartnative: ##BENCH## {"tag":"feed1000","t_us":1790242145801330,"ev":"page_build","i":367}
Sep 24 15:14:05.802797 Runner(Flutter)[2656] <Notice>: dartnative: ##BENCH## {"tag":"feed1000","t_us":1790242145801393,"ev":"page_build","i":368}
Sep 24 15:14:05.802890 Runner(Flutter)[2656] <Notice>: dartnative: ##BENCH## {"tag":"feed1000","t_us":1790242145801466,"ev":"page_build","i":369}
Sep 24 15:14:05.802900 Runner(Flutter)[2656] <Notice>: dartnative: ##BENCH## {"tag":"feed1000","t_us":1790242145801504,"ev":"page_build","i":370}
Sep 24 15:14:05.803234 Runner(Flutter)[2656] <Notice>: dartnative: ##BENCH## {"tag":"feed1000","t_us":1790242145801536,"ev":"page_build","i":371}
Sep 24 15:14:05.803290 Runner(Flutter)[2656] <Notice>: dartnative: ##BENCH## {"tag":"feed1000","t_us":1790242145801582,"ev":"page_build","i":372}
Sep 24 15:14:05.803443 Runner(Flutter)[2656] <Notice>: dartnative: ##BENCH## {"tag":"feed1000","t_us":1790242145801638,"ev":"page_build","i":373}
Sep 24 15:14:05.803520 Runner(Flutter)[2656] <Notice>: dartnative: ##BENCH## {"tag":"feed1000","t_us":1790242145801676,"ev":"page_build","i":374}
Sep 24 15:14:05.803595 Runner(Flutter)[2656] <Notice>: dartnative: ##BENCH## {"tag":"feed1000","t_us":1790242145801717,"ev":"page_build","i":375}
Sep 24 15:14:05.803662 Runner(Flutter)[2656] <Notice>: dartnative: ##BENCH## {"tag":"feed1000","t_us":1790242145801743,"ev":"page_build","i":376}
Sep 24 15:14:05.803730 Runner(Flutter)[2656] <Notice>: dartnative: ##BENCH## {"tag":"feed1000","t_us":1790242145801805,"ev":"page_build","i":377}
Sep 24 15:14:05.803879 Runner(Flutter)[2656] <Notice>: dartnative: ##BENCH## {"tag":"feed1000","t_us":1790242145801884,"ev":"page_build","i":378}
Sep 24 15:14:05.804034 Runner(Flutter)[2656] <Notice>: dartnative: ##BENCH## {"tag":"feed1000","t_us":1790242145801909,"ev":"page_build","i":379}
Sep 24 15:14:05.804100 Runner(Flutter)[2656] <Notice>: dartnative: ##BENCH## {"tag":"feed1000","t_us":1790242145801945,"ev":"page_build","i":380}
Sep 24 15:14:05.804139 Runner(Flutter)[2656] <Notice>: dartnative: ##BENCH## {"tag":"feed1000","t_us":1790242145801979,"ev":"page_build","i":381}
Sep 24 15:14:05.804185 Runner(Flutter)[2656] <Notice>: dartnative: ##BENCH## {"tag":"feed1000","t_us":1790242145802028,"ev":"page_build","i":382}
Sep 24 15:14:05.804234 Runner(Flutter)[2656] <Notice>: dartnative: ##BENCH## {"tag":"feed1000","t_us":1790242145802085,"ev":"page_build","i":383}
Sep 24 15:14:05.806263 Runner(Flutter)[2656] <Notice>: dartnative: ##BENCH## {"tag":"feed1000","t_us":1790242145802167,"ev":"page_build","i":384}
Sep 24 15:14:05.806298 Runner(Flutter)[2656] <Notice>: dartnative: ##BENCH## {"tag":"feed1000","t_us":1790242145802244,"ev":"page_build","i":385}
Sep 24 15:14:05.806325 Runner(Flutter)[2656] <Notice>: dartnative: ##BENCH## {"tag":"feed1000","t_us":1790242145802316,"ev":"page_build","i":386}
Sep 24 15:14:05.806344 Runner(Flutter)[2656] <Notice>: dartnative: ##BENCH## {"tag":"feed1000","t_us":1790242145802365,"ev":"page_build","i":387}
Sep 24 15:14:05.806393 Runner(Flutter)[2656] <Notice>: dartnative: ##BENCH## {"tag":"feed1000","t_us":1790242145802411,"ev":"page_build","i":388}
Sep 24 15:14:05.806413 Runner(Flutter)[2656] <Notice>: dartnative: ##BENCH## {"tag":"feed1000","t_us":1790242145802458,"ev":"page_build","i":389}
Sep 24 15:14:05.806424 Runner(Flutter)[2656] <Notice>: dartnative: ##BENCH## {"tag":"feed1000","t_us":1790242145802517,"ev":"page_build","i":390}
Sep 24 15:14:05.806469 Runner(Flutter)[2656] <Notice>: dartnative: ##BENCH## {"tag":"feed1000","t_us":1790242145802578,"ev":"page_build","i":391}
Sep 24 15:14:05.806760 Runner(Flutter)[2656] <Notice>: dartnative: ##BENCH## {"tag":"feed1000","t_us":1790242145802640,"ev":"page_build","i":392}
Sep 24 15:14:05.806769 Runner(Flutter)[2656] <Notice>: dartnative: ##BENCH## {"tag":"feed1000","t_us":1790242145802688,"ev":"page_build","i":393}
Sep 24 15:14:05.807237 Runner(Flutter)[2656] <Notice>: dartnative: ##BENCH## {"tag":"feed1000","t_us":1790242145802745,"ev":"page_build","i":394}
Sep 24 15:14:05.807284 Runner(Flutter)[2656] <Notice>: dartnative: ##BENCH## {"tag":"feed1000","t_us":1790242145802779,"ev":"page_build","i":395}
Sep 24 15:14:05.807389 Runner(Flutter)[2656] <Notice>: dartnative: ##BENCH## {"tag":"feed1000","t_us":1790242145802838,"ev":"page_build","i":396}
Sep 24 15:14:05.807474 Runner(Flutter)[2656] <Notice>: dartnative: ##BENCH## {"tag":"feed1000","t_us":1790242145802878,"ev":"page_build","i":397}
Sep 24 15:14:05.807606 Runner(Flutter)[2656] <Notice>: dartnative: ##BENCH## {"tag":"feed1000","t_us":1790242145802927,"ev":"page_build","i":398}
Sep 24 15:14:05.807741 Runner(Flutter)[2656] <Notice>: dartnative: ##BENCH## {"tag":"feed1000","t_us":1790242145802985,"ev":"page_build","i":399}
Sep 24 15:14:05.807795 Runner(Flutter)[2656] <Notice>: dartnative: ##BENCH## {"tag":"feed1000","t_us":1790242145803021,"ev":"page_build","i":400}
Sep 24 15:14:05.807937 Runner(Flutter)[2656] <Notice>: dartnative: ##BENCH## {"tag":"feed1000","t_us":1790242145803046,"ev":"page_build","i":401}
Sep 24 15:14:05.807972 Runner(Flutter)[2656] <Notice>: dartnative: ##BENCH## {"tag":"feed1000","t_us":1790242145803219,"ev":"page_build","i":402}
Sep 24 15:14:05.808267 Runner(Flutter)[2656] <Notice>: dartnative: ##BENCH## {"tag":"feed1000","t_us":1790242145803305,"ev":"page_build","i":403}
Sep 24 15:14:05.808661 Runner(Flutter)[2656] <Notice>: dartnative: ##BENCH## {"tag":"feed1000","t_us":1790242145803419,"ev":"page_build","i":404}
Sep 24 15:14:05.808692 Runner(Flutter)[2656] <Notice>: dartnative: ##BENCH## {"tag":"feed1000","t_us":1790242145803505,"ev":"page_build","i":405}
Sep 24 15:14:05.808828 Runner(Flutter)[2656] <Notice>: dartnative: ##BENCH## {"tag":"feed1000","t_us":1790242145803573,"ev":"page_build","i":406}
Sep 24 15:14:05.808900 Runner(Flutter)[2656] <Notice>: dartnative: ##BENCH## {"tag":"feed1000","t_us":1790242145803649,"ev":"page_build","i":407}
Sep 24 15:14:05.808954 Runner(Flutter)[2656] <Notice>: dartnative: ##BENCH## {"tag":"feed1000","t_us":1790242145803679,"ev":"page_build","i":408}
Sep 24 15:14:05.808974 Runner(Flutter)[2656] <Notice>: dartnative: ##BENCH## {"tag":"feed1000","t_us":1790242145803782,"ev":"page_build","i":409}
Sep 24 15:14:05.809070 Runner(Flutter)[2656] <Notice>: dartnative: ##BENCH## {"tag":"feed1000","t_us":1790242145803823,"ev":"page_build","i":410}
Sep 24 15:14:05.809113 Runner(Flutter)[2656] <Notice>: dartnative: ##BENCH## {"tag":"feed1000","t_us":1790242145803941,"ev":"page_build","i":411}
Sep 24 15:14:05.809125 Runner(Flutter)[2656] <Notice>: dartnative: ##BENCH## {"tag":"feed1000","t_us":1790242145804004,"ev":"page_build","i":412}
Sep 24 15:14:05.809151 Runner(Flutter)[2656] <Notice>: dartnative: ##BENCH## {"tag":"feed1000","t_us":1790242145804075,"ev":"page_build","i":413}
Sep 24 15:14:05.809298 Runner(Flutter)[2656] <Notice>: dartnative: ##BENCH## {"tag":"feed1000","t_us":1790242145804122,"ev":"page_build","i":414}
Sep 24 15:14:05.809331 Runner(Flutter)[2656] <Notice>: dartnative: ##BENCH## {"tag":"feed1000","t_us":1790242145804184,"ev":"page_build","i":415}
Sep 24 15:14:05.809545 Runner(Flutter)[2656] <Notice>: dartnative: ##BENCH## {"tag":"feed1000","t_us":1790242145804273,"ev":"page_build","i":416}
Sep 24 15:14:05.809591 Runner(Flutter)[2656] <Notice>: dartnative: ##BENCH## {"tag":"feed1000","t_us":1790242145804309,"ev":"page_build","i":417}
Sep 24 15:14:05.809600 Runner(Flutter)[2656] <Notice>: dartnative: ##BENCH## {"tag":"feed1000","t_us":1790242145804391,"ev":"page_build","i":418}
Sep 24 15:14:05.809647 Runner(Flutter)[2656] <Notice>: dartnative: ##BENCH## {"tag":"feed1000","t_us":1790242145804522,"ev":"page_build","i":419}
Sep 24 15:14:05.809688 Runner(Flutter)[2656] <Notice>: dartnative: ##BENCH## {"tag":"feed1000","t_us":1790242145804586,"ev":"page_build","i":420}
Sep 24 15:14:05.809785 Runner(Flutter)[2656] <Notice>: dartnative: ##BENCH## {"tag":"feed1000","t_us":1790242145804650,"ev":"page_build","i":421}
Sep 24 15:14:05.809837 Runner(Flutter)[2656] <Notice>: dartnative: ##BENCH## {"tag":"feed1000","t_us":1790242145804734,"ev":"page_build","i":422}
Sep 24 15:14:05.809876 Runner(Flutter)[2656] <Notice>: dartnative: ##BENCH## {"tag":"feed1000","t_us":1790242145804751,"ev":"page_build","i":423}
Sep 24 15:14:05.809898 Runner(Flutter)[2656] <Notice>: dartnative: ##BENCH## {"tag":"feed1000","t_us":1790242145804811,"ev":"page_build","i":424}
Sep 24 15:14:05.809940 Runner(Flutter)[2656] <Notice>: dartnative: ##BENCH## {"tag":"feed1000","t_us":1790242145804860,"ev":"page_build","i":425}
Sep 24 15:14:05.809957 Runner(Flutter)[2656] <Notice>: dartnative: ##BENCH## {"tag":"feed1000","t_us":1790242145804899,"ev":"page_build","i":426}
Sep 24 15:14:05.810033 Runner(Flutter)[2656] <Notice>: dartnative: ##BENCH## {"tag":"feed1000","t_us":1790242145804933,"ev":"page_build","i":427}
Sep 24 15:14:05.810056 Runner(Flutter)[2656] <Notice>: dartnative: ##BENCH## {"tag":"feed1000","t_us":1790242145804987,"ev":"page_build","i":428}
Sep 24 15:14:05.810097 Runner(Flutter)[2656] <Notice>: dartnative: ##BENCH## {"tag":"feed1000","t_us":1790242145805036,"ev":"page_build","i":429}
Sep 24 15:14:05.810136 Runner(Flutter)[2656] <Notice>: dartnative: ##BENCH## {"tag":"feed1000","t_us":1790242145805119,"ev":"page_build","i":430}
Sep 24 15:14:05.810154 Runner(Flutter)[2656] <Notice>: dartnative: ##BENCH## {"tag":"feed1000","t_us":1790242145805174,"ev":"page_build","i":431}
Sep 24 15:14:05.810182 Runner(Flutter)[2656] <Notice>: dartnative: ##BENCH## {"tag":"feed1000","t_us":1790242145805212,"ev":"page_build","i":432}
Sep 24 15:14:05.810198 Runner(Flutter)[2656] <Notice>: dartnative: ##BENCH## {"tag":"feed1000","t_us":1790242145805309,"ev":"page_build","i":433}
Sep 24 15:14:05.810206 Runner(Flutter)[2656] <Notice>: dartnative: ##BENCH## {"tag":"feed1000","t_us":1790242145805338,"ev":"page_build","i":434}
Sep 24 15:14:05.810270 Runner(Flutter)[2656] <Notice>: dartnative: ##BENCH## {"tag":"feed1000","t_us":1790242145805376,"ev":"page_build","i":435}
Sep 24 15:14:05.810351 Runner(Flutter)[2656] <Notice>: dartnative: ##BENCH## {"tag":"feed1000","t_us":1790242145805421,"ev":"page_build","i":436}
Sep 24 15:14:05.810368 Runner(Flutter)[2656] <Notice>: dartnative: ##BENCH## {"tag":"feed1000","t_us":1790242145805467,"ev":"page_build","i":437}
Sep 24 15:14:05.810391 Runner(Flutter)[2656] <Notice>: dartnative: ##BENCH## {"tag":"feed1000","t_us":1790242145805504,"ev":"page_build","i":438}
Sep 24 15:14:05.810412 Runner(Flutter)[2656] <Notice>: dartnative: ##BENCH## {"tag":"feed1000","t_us":1790242145805537,"ev":"page_build","i":439}
Sep 24 15:14:05.810462 Runner(Flutter)[2656] <Notice>: dartnative: ##BENCH## {"tag":"feed1000","t_us":1790242145805571,"ev":"page_build","i":440}
Sep 24 15:14:05.810533 Runner(Flutter)[2656] <Notice>: dartnative: ##BENCH## {"tag":"feed1000","t_us":1790242145805616,"ev":"page_build","i":441}
Sep 24 15:14:05.810733 Runner(Flutter)[2656] <Notice>: dartnative: ##BENCH## {"tag":"feed1000","t_us":1790242145805656,"ev":"page_build","i":442}
Sep 24 15:14:05.810791 Runner(Flutter)[2656] <Notice>: dartnative: ##BENCH## {"tag":"feed1000","t_us":1790242145805691,"ev":"page_build","i":443}
Sep 24 15:14:05.811022 Runner(Flutter)[2656] <Notice>: dartnative: ##BENCH## {"tag":"feed1000","t_us":1790242145805741,"ev":"page_build","i":444}
Sep 24 15:14:05.811125 Runner(Flutter)[2656] <Notice>: dartnative: ##BENCH## {"tag":"feed1000","t_us":1790242145805789,"ev":"page_build","i":445}
Sep 24 15:14:05.811269 Runner(Flutter)[2656] <Notice>: dartnative: ##BENCH## {"tag":"feed1000","t_us":1790242145805837,"ev":"page_build","i":446}
Sep 24 15:14:05.811390 Runner(Flutter)[2656] <Notice>: dartnative: ##BENCH## {"tag":"feed1000","t_us":1790242145805888,"ev":"page_build","i":447}
Sep 24 15:14:05.811419 Runner(Flutter)[2656] <Notice>: dartnative: ##BENCH## {"tag":"feed1000","t_us":1790242145805989,"ev":"page_build","i":448}
Sep 24 15:14:05.811451 Runner(Flutter)[2656] <Notice>: dartnative: ##BENCH## {"tag":"feed1000","t_us":1790242145806062,"ev":"page_build","i":449}
Sep 24 15:14:05.811515 Runner(Flutter)[2656] <Notice>: dartnative: ##BENCH## {"tag":"feed1000","t_us":1790242145806177,"ev":"page_build","i":450}
Sep 24 15:14:05.811560 Runner(Flutter)[2656] <Notice>: dartnative: ##BENCH## {"tag":"feed1000","t_us":1790242145806228,"ev":"page_build","i":451}
Sep 24 15:14:05.811579 Runner(Flutter)[2656] <Notice>: dartnative: ##BENCH## {"tag":"feed1000","t_us":1790242145806405,"ev":"page_build","i":452}
Sep 24 15:14:05.811653 Runner(Flutter)[2656] <Notice>: dartnative: ##BENCH## {"tag":"feed1000","t_us":1790242145806498,"ev":"page_build","i":453}
Sep 24 15:14:05.811684 Runner(Flutter)[2656] <Notice>: dartnative: ##BENCH## {"tag":"feed1000","t_us":1790242145806581,"ev":"page_build","i":454}
Sep 24 15:14:05.811713 Runner(Flutter)[2656] <Notice>: dartnative: ##BENCH## {"tag":"feed1000","t_us":1790242145806616,"ev":"page_build","i":455}
Sep 24 15:14:05.811733 Runner(Flutter)[2656] <Notice>: dartnative: ##BENCH## {"tag":"feed1000","t_us":1790242145806662,"ev":"page_build","i":456}
Sep 24 15:14:05.811750 Runner(Flutter)[2656] <Notice>: dartnative: ##BENCH## {"tag":"feed1000","t_us":1790242145806715,"ev":"page_build","i":457}
Sep 24 15:14:05.811794 Runner(Flutter)[2656] <Notice>: dartnative: ##BENCH## {"tag":"feed1000","t_us":1790242145806789,"ev":"page_build","i":458}
Sep 24 15:14:05.811810 Runner(Flutter)[2656] <Notice>: dartnative: ##BENCH## {"tag":"feed1000","t_us":1790242145806845,"ev":"page_build","i":459}
Sep 24 15:14:05.811923 Runner(Flutter)[2656] <Notice>: dartnative: ##BENCH## {"tag":"feed1000","t_us":1790242145806887,"ev":"page_build","i":460}
Sep 24 15:14:05.812010 Runner(Flutter)[2656] <Notice>: dartnative: ##BENCH## {"tag":"feed1000","t_us":1790242145806924,"ev":"page_build","i":461}
Sep 24 15:14:05.812198 Runner(Flutter)[2656] <Notice>: dartnative: ##BENCH## {"tag":"feed1000","t_us":1790242145806956,"ev":"page_build","i":462}
Sep 24 15:14:05.812449 Runner(Flutter)[2656] <Notice>: dartnative: ##BENCH## {"tag":"feed1000","t_us":1790242145806997,"ev":"page_build","i":463}
Sep 24 15:14:05.812484 Runner(Flutter)[2656] <Notice>: dartnative: ##BENCH## {"tag":"feed1000","t_us":1790242145807031,"ev":"page_build","i":464}
Sep 24 15:14:05.812586 Runner(Flutter)[2656] <Notice>: dartnative: ##BENCH## {"tag":"feed1000","t_us":1790242145807074,"ev":"page_build","i":465}
Sep 24 15:14:05.812608 Runner(Flutter)[2656] <Notice>: dartnative: ##BENCH## {"tag":"feed1000","t_us":1790242145807127,"ev":"page_build","i":466}
Sep 24 15:14:05.812660 Runner(Flutter)[2656] <Notice>: dartnative: ##BENCH## {"tag":"feed1000","t_us":1790242145807182,"ev":"page_build","i":467}
Sep 24 15:14:05.812800 Runner(Flutter)[2656] <Notice>: dartnative: ##BENCH## {"tag":"feed1000","t_us":1790242145807308,"ev":"page_build","i":468}
Sep 24 15:14:05.812838 Runner(Flutter)[2656] <Notice>: dartnative: ##BENCH## {"tag":"feed1000","t_us":1790242145807429,"ev":"page_build","i":469}
Sep 24 15:14:05.812967 Runner(Flutter)[2656] <Notice>: dartnative: ##BENCH## {"tag":"feed1000","t_us":1790242145807485,"ev":"page_build","i":470}
Sep 24 15:14:05.813083 Runner(Flutter)[2656] <Notice>: dartnative: ##BENCH## {"tag":"feed1000","t_us":1790242145807658,"ev":"page_build","i":471}
Sep 24 15:14:05.813094 Runner(Flutter)[2656] <Notice>: dartnative: ##BENCH## {"tag":"feed1000","t_us":1790242145807751,"ev":"page_build","i":472}
Sep 24 15:14:05.813169 Runner(Flutter)[2656] <Notice>: dartnative: ##BENCH## {"tag":"feed1000","t_us":1790242145807787,"ev":"page_build","i":473}
Sep 24 15:14:05.813241 Runner(Flutter)[2656] <Notice>: dartnative: ##BENCH## {"tag":"feed1000","t_us":1790242145807858,"ev":"page_build","i":474}
Sep 24 15:14:05.813309 Runner(Flutter)[2656] <Notice>: dartnative: ##BENCH## {"tag":"feed1000","t_us":1790242145807937,"ev":"page_build","i":475}
Sep 24 15:14:05.813327 Runner(Flutter)[2656] <Notice>: dartnative: ##BENCH## {"tag":"feed1000","t_us":1790242145808041,"ev":"page_build","i":476}
Sep 24 15:14:05.813386 Runner(Flutter)[2656] <Notice>: dartnative: ##BENCH## {"tag":"feed1000","t_us":1790242145808098,"ev":"page_build","i":477}
Sep 24 15:14:05.813394 Runner(Flutter)[2656] <Notice>: dartnative: ##BENCH## {"tag":"feed1000","t_us":1790242145808162,"ev":"page_build","i":478}
Sep 24 15:14:05.813530 Runner(Flutter)[2656] <Notice>: dartnative: ##BENCH## {"tag":"feed1000","t_us":1790242145808197,"ev":"page_build","i":479}
Sep 24 15:14:05.813681 Runner(Flutter)[2656] <Notice>: dartnative: ##BENCH## {"tag":"feed1000","t_us":1790242145808231,"ev":"page_build","i":480}
Sep 24 15:14:05.813727 Runner(Flutter)[2656] <Notice>: dartnative: ##BENCH## {"tag":"feed1000","t_us":1790242145808283,"ev":"page_build","i":481}
Sep 24 15:14:05.813795 Runner(Flutter)[2656] <Notice>: dartnative: ##BENCH## {"tag":"feed1000","t_us":1790242145808374,"ev":"page_build","i":482}
Sep 24 15:14:05.813914 Runner(Flutter)[2656] <Notice>: dartnative: ##BENCH## {"tag":"feed1000","t_us":1790242145808410,"ev":"page_build","i":483}
Sep 24 15:14:05.813947 Runner(Flutter)[2656] <Notice>: dartnative: ##BENCH## {"tag":"feed1000","t_us":1790242145808442,"ev":"page_build","i":484}
Sep 24 15:14:05.813976 Runner(Flutter)[2656] <Notice>: dartnative: ##BENCH## {"tag":"feed1000","t_us":1790242145808479,"ev":"page_build","i":485}
Sep 24 15:14:05.814035 Runner(Flutter)[2656] <Notice>: dartnative: ##BENCH## {"tag":"feed1000","t_us":1790242145808514,"ev":"page_build","i":486}
Sep 24 15:14:05.814110 Runner(Flutter)[2656] <Notice>: dartnative: ##BENCH## {"tag":"feed1000","t_us":1790242145808546,"ev":"page_build","i":487}
Sep 24 15:14:05.814239 Runner(Flutter)[2656] <Notice>: dartnative: ##BENCH## {"tag":"feed1000","t_us":1790242145808612,"ev":"page_build","i":488}
Sep 24 15:14:05.814291 Runner(Flutter)[2656] <Notice>: dartnative: ##BENCH## {"tag":"feed1000","t_us":1790242145808676,"ev":"page_build","i":489}
Sep 24 15:14:05.814329 Runner(Flutter)[2656] <Notice>: dartnative: ##BENCH## {"tag":"feed1000","t_us":1790242145808750,"ev":"page_build","i":490}
Sep 24 15:14:05.814401 Runner(Flutter)[2656] <Notice>: dartnative: ##BENCH## {"tag":"feed1000","t_us":1790242145808824,"ev":"page_build","i":491}
Sep 24 15:14:05.814430 Runner(Flutter)[2656] <Notice>: dartnative: ##BENCH## {"tag":"feed1000","t_us":1790242145808892,"ev":"page_build","i":492}
Sep 24 15:14:05.814458 Runner(Flutter)[2656] <Notice>: dartnative: ##BENCH## {"tag":"feed1000","t_us":1790242145808935,"ev":"page_build","i":493}
Sep 24 15:14:05.814491 Runner(Flutter)[2656] <Notice>: dartnative: ##BENCH## {"tag":"feed1000","t_us":1790242145809043,"ev":"page_build","i":494}
Sep 24 15:14:05.814563 Runner(Flutter)[2656] <Notice>: dartnative: ##BENCH## {"tag":"feed1000","t_us":1790242145809108,"ev":"page_build","i":495}
Sep 24 15:14:05.814575 Runner(Flutter)[2656] <Notice>: dartnative: ##BENCH## {"tag":"feed1000","t_us":1790242145809209,"ev":"page_build","i":496}
Sep 24 15:14:05.814624 Runner(Flutter)[2656] <Notice>: dartnative: ##BENCH## {"tag":"feed1000","t_us":1790242145809265,"ev":"page_build","i":497}
Sep 24 15:14:05.814679 Runner(Flutter)[2656] <Notice>: dartnative: ##BENCH## {"tag":"feed1000","t_us":1790242145809331,"ev":"page_build","i":498}
Sep 24 15:14:05.814697 Runner(Flutter)[2656] <Notice>: dartnative: ##BENCH## {"tag":"feed1000","t_us":1790242145809407,"ev":"page_build","i":499}
Sep 24 15:14:05.814772 Runner(Flutter)[2656] <Notice>: dartnative: ##BENCH## {"tag":"feed1000","t_us":1790242145809470,"ev":"page_build","i":500}
Sep 24 15:14:05.814852 Runner(Flutter)[2656] <Notice>: dartnative: ##BENCH## {"tag":"feed1000","t_us":1790242145809533,"ev":"page_build","i":501}
Sep 24 15:14:05.815020 Runner(Flutter)[2656] <Notice>: dartnative: ##BENCH## {"tag":"feed1000","t_us":1790242145809594,"ev":"page_build","i":502}
Sep 24 15:14:05.815210 Runner(Flutter)[2656] <Notice>: dartnative: ##BENCH## {"tag":"feed1000","t_us":1790242145809669,"ev":"page_build","i":503}
Sep 24 15:14:05.815361 Runner(Flutter)[2656] <Notice>: dartnative: ##BENCH## {"tag":"feed1000","t_us":1790242145809712,"ev":"page_build","i":504}
Sep 24 15:14:05.815457 Runner(Flutter)[2656] <Notice>: dartnative: ##BENCH## {"tag":"feed1000","t_us":1790242145809765,"ev":"page_build","i":505}
Sep 24 15:14:05.815514 Runner(Flutter)[2656] <Notice>: dartnative: ##BENCH## {"tag":"feed1000","t_us":1790242145809860,"ev":"page_build","i":506}
Sep 24 15:14:05.815537 Runner(Flutter)[2656] <Notice>: dartnative: ##BENCH## {"tag":"feed1000","t_us":1790242145809937,"ev":"page_build","i":507}
Sep 24 15:14:05.815767 Runner(Flutter)[2656] <Notice>: dartnative: ##BENCH## {"tag":"feed1000","t_us":1790242145809985,"ev":"page_build","i":508}
Sep 24 15:14:05.815788 Runner(Flutter)[2656] <Notice>: dartnative: ##BENCH## {"tag":"feed1000","t_us":1790242145810112,"ev":"page_build","i":509}
Sep 24 15:14:05.815802 Runner(Flutter)[2656] <Notice>: dartnative: ##BENCH## {"tag":"feed1000","t_us":1790242145810152,"ev":"page_build","i":510}
Sep 24 15:14:05.816059 Runner(Flutter)[2656] <Notice>: dartnative: ##BENCH## {"tag":"feed1000","t_us":1790242145810246,"ev":"page_build","i":511}
Sep 24 15:14:05.816175 Runner(Flutter)[2656] <Notice>: dartnative: ##BENCH## {"tag":"feed1000","t_us":1790242145810389,"ev":"page_build","i":512}
Sep 24 15:14:05.816208 Runner(Flutter)[2656] <Notice>: dartnative: ##BENCH## {"tag":"feed1000","t_us":1790242145810486,"ev":"page_build","i":513}
Sep 24 15:14:05.816229 Runner(Flutter)[2656] <Notice>: dartnative: ##BENCH## {"tag":"feed1000","t_us":1790242145810554,"ev":"page_build","i":514}
Sep 24 15:14:05.816282 Runner(Flutter)[2656] <Notice>: dartnative: ##BENCH## {"tag":"feed1000","t_us":1790242145810636,"ev":"page_build","i":515}
Sep 24 15:14:05.816440 Runner(Flutter)[2656] <Notice>: dartnative: ##BENCH## {"tag":"feed1000","t_us":1790242145810677,"ev":"page_build","i":516}
Sep 24 15:14:05.816473 Runner(Flutter)[2656] <Notice>: dartnative: ##BENCH## {"tag":"feed1000","t_us":1790242145810725,"ev":"page_build","i":517}
Sep 24 15:14:05.816642 Runner(Flutter)[2656] <Notice>: dartnative: ##BENCH## {"tag":"feed1000","t_us":1790242145810834,"ev":"page_build","i":518}
Sep 24 15:14:05.816748 Runner(Flutter)[2656] <Notice>: dartnative: ##BENCH## {"tag":"feed1000","t_us":1790242145810894,"ev":"page_build","i":519}
Sep 24 15:14:05.816850 Runner(Flutter)[2656] <Notice>: dartnative: ##BENCH## {"tag":"feed1000","t_us":1790242145810959,"ev":"page_build","i":520}
Sep 24 15:14:05.817014 Runner(Flutter)[2656] <Notice>: dartnative: ##BENCH## {"tag":"feed1000","t_us":1790242145811006,"ev":"page_build","i":521}
Sep 24 15:14:05.817148 Runner(Flutter)[2656] <Notice>: dartnative: ##BENCH## {"tag":"feed1000","t_us":1790242145811055,"ev":"page_build","i":522}
Sep 24 15:14:05.817454 Runner(Flutter)[2656] <Notice>: dartnative: ##BENCH## {"tag":"feed1000","t_us":1790242145811123,"ev":"page_build","i":523}
Sep 24 15:14:05.817541 Runner(Flutter)[2656] <Notice>: dartnative: ##BENCH## {"tag":"feed1000","t_us":1790242145811214,"ev":"page_build","i":524}
Sep 24 15:14:05.817709 Runner(Flutter)[2656] <Notice>: dartnative: ##BENCH## {"tag":"feed1000","t_us":1790242145811276,"ev":"page_build","i":525}
Sep 24 15:14:05.818028 Runner(Flutter)[2656] <Notice>: dartnative: ##BENCH## {"tag":"feed1000","t_us":1790242145811381,"ev":"page_build","i":526}
Sep 24 15:14:05.818159 Runner(Flutter)[2656] <Notice>: dartnative: ##BENCH## {"tag":"feed1000","t_us":1790242145811445,"ev":"page_build","i":527}
Sep 24 15:14:05.818330 Runner(Flutter)[2656] <Notice>: dartnative: ##BENCH## {"tag":"feed1000","t_us":1790242145811512,"ev":"page_build","i":528}
Sep 24 15:14:05.818438 Runner(Flutter)[2656] <Notice>: dartnative: ##BENCH## {"tag":"feed1000","t_us":1790242145811627,"ev":"page_build","i":529}
Sep 24 15:14:05.818516 Runner(Flutter)[2656] <Notice>: dartnative: ##BENCH## {"tag":"feed1000","t_us":1790242145811690,"ev":"page_build","i":530}
Sep 24 15:14:05.818724 Runner(Flutter)[2656] <Notice>: dartnative: ##BENCH## {"tag":"feed1000","t_us":1790242145811794,"ev":"page_build","i":531}
Sep 24 15:14:05.818808 Runner(Flutter)[2656] <Notice>: dartnative: ##BENCH## {"tag":"feed1000","t_us":1790242145811846,"ev":"page_build","i":532}
Sep 24 15:14:05.818998 Runner(Flutter)[2656] <Notice>: dartnative: ##BENCH## {"tag":"feed1000","t_us":1790242145811926,"ev":"page_build","i":533}
Sep 24 15:14:05.819164 Runner(Flutter)[2656] <Notice>: dartnative: ##BENCH## {"tag":"feed1000","t_us":1790242145812065,"ev":"page_build","i":534}
Sep 24 15:14:05.819551 Runner(Flutter)[2656] <Notice>: dartnative: ##BENCH## {"tag":"feed1000","t_us":1790242145812136,"ev":"page_build","i":535}
Sep 24 15:14:05.819859 Runner(Flutter)[2656] <Notice>: dartnative: ##BENCH## {"tag":"feed1000","t_us":1790242145812204,"ev":"page_build","i":536}
Sep 24 15:14:05.820022 Runner(Flutter)[2656] <Notice>: dartnative: ##BENCH## {"tag":"feed1000","t_us":1790242145812271,"ev":"page_build","i":537}
Sep 24 15:14:05.820166 Runner(Flutter)[2656] <Notice>: dartnative: ##BENCH## {"tag":"feed1000","t_us":1790242145812350,"ev":"page_build","i":538}
Sep 24 15:14:05.820332 Runner(Flutter)[2656] <Notice>: dartnative: ##BENCH## {"tag":"feed1000","t_us":1790242145812410,"ev":"page_build","i":539}
Sep 24 15:14:05.820525 Runner(Flutter)[2656] <Notice>: dartnative: ##BENCH## {"tag":"feed1000","t_us":1790242145812499,"ev":"page_build","i":540}
Sep 24 15:14:05.820782 Runner(Flutter)[2656] <Notice>: dartnative: ##BENCH## {"tag":"feed1000","t_us":1790242145812616,"ev":"page_build","i":541}
Sep 24 15:14:05.820854 Runner(Flutter)[2656] <Notice>: dartnative: ##BENCH## {"tag":"feed1000","t_us":1790242145812710,"ev":"page_build","i":542}
Sep 24 15:14:05.821204 Runner(Flutter)[2656] <Notice>: dartnative: ##BENCH## {"tag":"feed1000","t_us":1790242145812784,"ev":"page_build","i":543}
Sep 24 15:14:05.821249 Runner(Flutter)[2656] <Notice>: dartnative: ##BENCH## {"tag":"feed1000","t_us":1790242145812864,"ev":"page_build","i":544}
Sep 24 15:14:05.821313 Runner(Flutter)[2656] <Notice>: dartnative: ##BENCH## {"tag":"feed1000","t_us":1790242145812944,"ev":"page_build","i":545}
Sep 24 15:14:05.821463 Runner(Flutter)[2656] <Notice>: dartnative: ##BENCH## {"tag":"feed1000","t_us":1790242145813035,"ev":"page_build","i":546}
Sep 24 15:14:05.821557 Runner(Flutter)[2656] <Notice>: dartnative: ##BENCH## {"tag":"feed1000","t_us":1790242145813106,"ev":"page_build","i":547}
Sep 24 15:14:05.821634 Runner(Flutter)[2656] <Notice>: dartnative: ##BENCH## {"tag":"feed1000","t_us":1790242145813184,"ev":"page_build","i":548}
Sep 24 15:14:05.821953 Runner(Flutter)[2656] <Notice>: dartnative: ##BENCH## {"tag":"feed1000","t_us":1790242145813260,"ev":"page_build","i":549}
Sep 24 15:14:05.821982 Runner(Flutter)[2656] <Notice>: dartnative: ##BENCH## {"tag":"feed1000","t_us":1790242145813330,"ev":"page_build","i":550}
Sep 24 15:14:05.822013 Runner(Flutter)[2656] <Notice>: dartnative: ##BENCH## {"tag":"feed1000","t_us":1790242145813433,"ev":"page_build","i":551}
Sep 24 15:14:05.822108 Runner(Flutter)[2656] <Notice>: dartnative: ##BENCH## {"tag":"feed1000","t_us":1790242145813472,"ev":"page_build","i":552}
Sep 24 15:14:05.822252 Runner(Flutter)[2656] <Notice>: dartnative: ##BENCH## {"tag":"feed1000","t_us":1790242145813562,"ev":"page_build","i":553}
Sep 24 15:14:05.822289 Runner(Flutter)[2656] <Notice>: dartnative: ##BENCH## {"tag":"feed1000","t_us":1790242145813615,"ev":"page_build","i":554}
Sep 24 15:14:05.822373 Runner(Flutter)[2656] <Notice>: dartnative: ##BENCH## {"tag":"feed1000","t_us":1790242145813715,"ev":"page_build","i":555}
Sep 24 15:14:05.822411 Runner(Flutter)[2656] <Notice>: dartnative: ##BENCH## {"tag":"feed1000","t_us":1790242145813759,"ev":"page_build","i":556}
Sep 24 15:14:05.822575 Runner(Flutter)[2656] <Notice>: dartnative: ##BENCH## {"tag":"feed1000","t_us":1790242145813823,"ev":"page_build","i":557}
Sep 24 15:14:05.822591 Runner(Flutter)[2656] <Notice>: dartnative: ##BENCH## {"tag":"feed1000","t_us":1790242145813893,"ev":"page_build","i":558}
Sep 24 15:14:05.822687 Runner(Flutter)[2656] <Notice>: dartnative: ##BENCH## {"tag":"feed1000","t_us":1790242145813964,"ev":"page_build","i":559}
Sep 24 15:14:05.822804 Runner(Flutter)[2656] <Notice>: dartnative: ##BENCH## {"tag":"feed1000","t_us":1790242145814041,"ev":"page_build","i":560}
Sep 24 15:14:05.822854 Runner(Flutter)[2656] <Notice>: dartnative: ##BENCH## {"tag":"feed1000","t_us":1790242145814101,"ev":"page_build","i":561}
Sep 24 15:14:05.822950 Runner(Flutter)[2656] <Notice>: dartnative: ##BENCH## {"tag":"feed1000","t_us":1790242145814192,"ev":"page_build","i":562}
Sep 24 15:14:05.823002 Runner(Flutter)[2656] <Notice>: dartnative: ##BENCH## {"tag":"feed1000","t_us":1790242145814262,"ev":"page_build","i":563}
Sep 24 15:14:05.823146 Runner(Flutter)[2656] <Notice>: dartnative: ##BENCH## {"tag":"feed1000","t_us":1790242145814307,"ev":"page_build","i":564}
Sep 24 15:14:05.823199 Runner(Flutter)[2656] <Notice>: dartnative: ##BENCH## {"tag":"feed1000","t_us":1790242145814357,"ev":"page_build","i":565}
Sep 24 15:14:05.823216 Runner(Flutter)[2656] <Notice>: dartnative: ##BENCH## {"tag":"feed1000","t_us":1790242145814396,"ev":"page_build","i":566}
Sep 24 15:14:05.823284 Runner(Flutter)[2656] <Notice>: dartnative: ##BENCH## {"tag":"feed1000","t_us":1790242145814462,"ev":"page_build","i":567}
Sep 24 15:14:05.823314 Runner(Flutter)[2656] <Notice>: dartnative: ##BENCH## {"tag":"feed1000","t_us":1790242145814540,"ev":"page_build","i":568}
Sep 24 15:14:05.823330 Runner(Flutter)[2656] <Notice>: dartnative: ##BENCH## {"tag":"feed1000","t_us":1790242145814569,"ev":"page_build","i":569}
Sep 24 15:14:05.823338 Runner(Flutter)[2656] <Notice>: dartnative: ##BENCH## {"tag":"feed1000","t_us":1790242145814647,"ev":"page_build","i":570}
Sep 24 15:14:05.823357 Runner(Flutter)[2656] <Notice>: dartnative: ##BENCH## {"tag":"feed1000","t_us":1790242145814704,"ev":"page_build","i":571}
Sep 24 15:14:05.823365 Runner(Flutter)[2656] <Notice>: dartnative: ##BENCH## {"tag":"feed1000","t_us":1790242145814768,"ev":"page_build","i":572}
Sep 24 15:14:05.823374 Runner(Flutter)[2656] <Notice>: dartnative: ##BENCH## {"tag":"feed1000","t_us":1790242145814838,"ev":"page_build","i":573}
Sep 24 15:14:05.823432 Runner(Flutter)[2656] <Notice>: dartnative: ##BENCH## {"tag":"feed1000","t_us":1790242145814894,"ev":"page_build","i":574}
Sep 24 15:14:05.823462 Runner(Flutter)[2656] <Notice>: dartnative: ##BENCH## {"tag":"feed1000","t_us":1790242145814949,"ev":"page_build","i":575}
Sep 24 15:14:05.823471 Runner(Flutter)[2656] <Notice>: dartnative: ##BENCH## {"tag":"feed1000","t_us":1790242145815013,"ev":"page_build","i":576}
Sep 24 15:14:05.823505 Runner(Flutter)[2656] <Notice>: dartnative: ##BENCH## {"tag":"feed1000","t_us":1790242145815070,"ev":"page_build","i":577}
Sep 24 15:14:05.823513 Runner(Flutter)[2656] <Notice>: dartnative: ##BENCH## {"tag":"feed1000","t_us":1790242145815106,"ev":"page_build","i":578}
Sep 24 15:14:05.823544 Runner(Flutter)[2656] <Notice>: dartnative: ##BENCH## {"tag":"feed1000","t_us":1790242145815153,"ev":"page_build","i":579}
Sep 24 15:14:05.823566 Runner(Flutter)[2656] <Notice>: dartnative: ##BENCH## {"tag":"feed1000","t_us":1790242145815186,"ev":"page_build","i":580}
Sep 24 15:14:05.823583 Runner(Flutter)[2656] <Notice>: dartnative: ##BENCH## {"tag":"feed1000","t_us":1790242145815224,"ev":"page_build","i":581}
Sep 24 15:14:05.823614 Runner(Flutter)[2656] <Notice>: dartnative: ##BENCH## {"tag":"feed1000","t_us":1790242145815298,"ev":"page_build","i":582}
Sep 24 15:14:05.823651 Runner(Flutter)[2656] <Notice>: dartnative: ##BENCH## {"tag":"feed1000","t_us":1790242145815392,"ev":"page_build","i":583}
Sep 24 15:14:05.823675 Runner(Flutter)[2656] <Notice>: dartnative: ##BENCH## {"tag":"feed1000","t_us":1790242145815445,"ev":"page_build","i":584}
Sep 24 15:14:05.823690 Runner(Flutter)[2656] <Notice>: dartnative: ##BENCH## {"tag":"feed1000","t_us":1790242145815502,"ev":"page_build","i":585}
Sep 24 15:14:05.823723 Runner(Flutter)[2656] <Notice>: dartnative: ##BENCH## {"tag":"feed1000","t_us":1790242145815551,"ev":"page_build","i":586}
Sep 24 15:14:05.823757 Runner(Flutter)[2656] <Notice>: dartnative: ##BENCH## {"tag":"feed1000","t_us":1790242145815615,"ev":"page_build","i":587}
Sep 24 15:14:05.823769 Runner(Flutter)[2656] <Notice>: dartnative: ##BENCH## {"tag":"feed1000","t_us":1790242145815673,"ev":"page_build","i":588}
Sep 24 15:14:05.823787 Runner(Flutter)[2656] <Notice>: dartnative: ##BENCH## {"tag":"feed1000","t_us":1790242145815709,"ev":"page_build","i":589}
Sep 24 15:14:05.823803 Runner(Flutter)[2656] <Notice>: dartnative: ##BENCH## {"tag":"feed1000","t_us":1790242145815754,"ev":"page_build","i":590}
Sep 24 15:14:05.823845 Runner(Flutter)[2656] <Notice>: dartnative: ##BENCH## {"tag":"feed1000","t_us":1790242145815805,"ev":"page_build","i":591}
Sep 24 15:14:05.823862 Runner(Flutter)[2656] <Notice>: dartnative: ##BENCH## {"tag":"feed1000","t_us":1790242145815865,"ev":"page_build","i":592}
Sep 24 15:14:05.823911 Runner(Flutter)[2656] <Notice>: dartnative: ##BENCH## {"tag":"feed1000","t_us":1790242145815920,"ev":"page_build","i":593}
Sep 24 15:14:05.823935 Runner(Flutter)[2656] <Notice>: dartnative: ##BENCH## {"tag":"feed1000","t_us":1790242145815995,"ev":"page_build","i":594}
Sep 24 15:14:05.823951 Runner(Flutter)[2656] <Notice>: dartnative: ##BENCH## {"tag":"feed1000","t_us":1790242145816031,"ev":"page_build","i":595}
Sep 24 15:14:05.823970 Runner(Flutter)[2656] <Notice>: dartnative: ##BENCH## {"tag":"feed1000","t_us":1790242145816057,"ev":"page_build","i":596}
Sep 24 15:14:05.823987 Runner(Flutter)[2656] <Notice>: dartnative: ##BENCH## {"tag":"feed1000","t_us":1790242145816108,"ev":"page_build","i":597}
Sep 24 15:14:05.824072 Runner(Flutter)[2656] <Notice>: dartnative: ##BENCH## {"tag":"feed1000","t_us":1790242145816176,"ev":"page_build","i":598}
Sep 24 15:14:05.824106 Runner(Flutter)[2656] <Notice>: dartnative: ##BENCH## {"tag":"feed1000","t_us":1790242145816254,"ev":"page_build","i":599}
Sep 24 15:14:05.824118 Runner(Flutter)[2656] <Notice>: dartnative: ##BENCH## {"tag":"feed1000","t_us":1790242145816290,"ev":"page_build","i":600}
Sep 24 15:14:05.824149 Runner(Flutter)[2656] <Notice>: dartnative: ##BENCH## {"tag":"feed1000","t_us":1790242145816351,"ev":"page_build","i":601}
Sep 24 15:14:05.824207 Runner(Flutter)[2656] <Notice>: dartnative: ##BENCH## {"tag":"feed1000","t_us":1790242145816412,"ev":"page_build","i":602}
Sep 24 15:14:05.824239 Runner(Flutter)[2656] <Notice>: dartnative: ##BENCH## {"tag":"feed1000","t_us":1790242145816476,"ev":"page_build","i":603}
Sep 24 15:14:05.824276 Runner(Flutter)[2656] <Notice>: dartnative: ##BENCH## {"tag":"feed1000","t_us":1790242145816520,"ev":"page_build","i":604}
Sep 24 15:14:05.824306 Runner(Flutter)[2656] <Notice>: dartnative: ##BENCH## {"tag":"feed1000","t_us":1790242145816602,"ev":"page_build","i":605}
Sep 24 15:14:05.824329 Runner(Flutter)[2656] <Notice>: dartnative: ##BENCH## {"tag":"feed1000","t_us":1790242145816641,"ev":"page_build","i":606}
Sep 24 15:14:05.824361 Runner(Flutter)[2656] <Notice>: dartnative: ##BENCH## {"tag":"feed1000","t_us":1790242145816714,"ev":"page_build","i":607}
Sep 24 15:14:05.824387 Runner(Flutter)[2656] <Notice>: dartnative: ##BENCH## {"tag":"feed1000","t_us":1790242145816750,"ev":"page_build","i":608}
Sep 24 15:14:05.824403 Runner(Flutter)[2656] <Notice>: dartnative: ##BENCH## {"tag":"feed1000","t_us":1790242145816839,"ev":"page_build","i":609}
Sep 24 15:14:05.824420 Runner(Flutter)[2656] <Notice>: dartnative: ##BENCH## {"tag":"feed1000","t_us":1790242145816887,"ev":"page_build","i":610}
Sep 24 15:14:05.824440 Runner(Flutter)[2656] <Notice>: dartnative: ##BENCH## {"tag":"feed1000","t_us":1790242145817004,"ev":"page_build","i":611}
Sep 24 15:14:05.824451 Runner(Flutter)[2656] <Notice>: dartnative: ##BENCH## {"tag":"feed1000","t_us":1790242145817076,"ev":"page_build","i":612}
Sep 24 15:14:05.824499 Runner(Flutter)[2656] <Notice>: dartnative: ##BENCH## {"tag":"feed1000","t_us":1790242145817113,"ev":"page_build","i":613}
Sep 24 15:14:05.824509 Runner(Flutter)[2656] <Notice>: dartnative: ##BENCH## {"tag":"feed1000","t_us":1790242145817145,"ev":"page_build","i":614}
Sep 24 15:14:05.824517 Runner(Flutter)[2656] <Notice>: dartnative: ##BENCH## {"tag":"feed1000","t_us":1790242145817242,"ev":"page_build","i":615}
Sep 24 15:14:05.824533 Runner(Flutter)[2656] <Notice>: dartnative: ##BENCH## {"tag":"feed1000","t_us":1790242145817304,"ev":"page_build","i":616}
Sep 24 15:14:05.824570 Runner(Flutter)[2656] <Notice>: dartnative: ##BENCH## {"tag":"feed1000","t_us":1790242145817340,"ev":"page_build","i":617}
Sep 24 15:14:05.824605 Runner(Flutter)[2656] <Notice>: dartnative: ##BENCH## {"tag":"feed1000","t_us":1790242145817393,"ev":"page_build","i":618}
Sep 24 15:14:05.824641 Runner(Flutter)[2656] <Notice>: dartnative: ##BENCH## {"tag":"feed1000","t_us":1790242145817433,"ev":"page_build","i":619}
Sep 24 15:14:05.824658 Runner(Flutter)[2656] <Notice>: dartnative: ##BENCH## {"tag":"feed1000","t_us":1790242145817473,"ev":"page_build","i":620}
Sep 24 15:14:05.824674 Runner(Flutter)[2656] <Notice>: dartnative: ##BENCH## {"tag":"feed1000","t_us":1790242145817517,"ev":"page_build","i":621}
Sep 24 15:14:05.824691 Runner(Flutter)[2656] <Notice>: dartnative: ##BENCH## {"tag":"feed1000","t_us":1790242145817563,"ev":"page_build","i":622}
Sep 24 15:14:05.824735 Runner(Flutter)[2656] <Notice>: dartnative: ##BENCH## {"tag":"feed1000","t_us":1790242145817589,"ev":"page_build","i":623}
Sep 24 15:14:05.824815 Runner(Flutter)[2656] <Notice>: dartnative: ##BENCH## {"tag":"feed1000","t_us":1790242145817631,"ev":"page_build","i":624}
Sep 24 15:14:05.824871 Runner(Flutter)[2656] <Notice>: dartnative: ##BENCH## {"tag":"feed1000","t_us":1790242145817666,"ev":"page_build","i":625}
Sep 24 15:14:05.824928 Runner(Flutter)[2656] <Notice>: dartnative: ##BENCH## {"tag":"feed1000","t_us":1790242145817742,"ev":"page_build","i":626}
Sep 24 15:14:05.824938 Runner(Flutter)[2656] <Notice>: dartnative: ##BENCH## {"tag":"feed1000","t_us":1790242145817786,"ev":"page_build","i":627}
Sep 24 15:14:05.824954 Runner(Flutter)[2656] <Notice>: dartnative: ##BENCH## {"tag":"feed1000","t_us":1790242145817818,"ev":"page_build","i":628}
Sep 24 15:14:05.824971 Runner(Flutter)[2656] <Notice>: dartnative: ##BENCH## {"tag":"feed1000","t_us":1790242145817856,"ev":"page_build","i":629}
Sep 24 15:14:05.824986 Runner(Flutter)[2656] <Notice>: dartnative: ##BENCH## {"tag":"feed1000","t_us":1790242145817924,"ev":"page_build","i":630}
Sep 24 15:14:05.825023 Runner(Flutter)[2656] <Notice>: dartnative: ##BENCH## {"tag":"feed1000","t_us":1790242145817972,"ev":"page_build","i":631}
Sep 24 15:14:05.825079 Runner(Flutter)[2656] <Notice>: dartnative: ##BENCH## {"tag":"feed1000","t_us":1790242145818020,"ev":"page_build","i":632}
Sep 24 15:14:05.825119 Runner(Flutter)[2656] <Notice>: dartnative: ##BENCH## {"tag":"feed1000","t_us":1790242145818115,"ev":"page_build","i":633}
Sep 24 15:14:05.825213 Runner(Flutter)[2656] <Notice>: dartnative: ##BENCH## {"tag":"feed1000","t_us":1790242145818223,"ev":"page_build","i":634}
Sep 24 15:14:05.825262 Runner(Flutter)[2656] <Notice>: dartnative: ##BENCH## {"tag":"feed1000","t_us":1790242145818263,"ev":"page_build","i":635}
Sep 24 15:14:05.825307 Runner(Flutter)[2656] <Notice>: dartnative: ##BENCH## {"tag":"feed1000","t_us":1790242145818300,"ev":"page_build","i":636}
Sep 24 15:14:05.825377 Runner(Flutter)[2656] <Notice>: dartnative: ##BENCH## {"tag":"feed1000","t_us":1790242145818337,"ev":"page_build","i":637}
Sep 24 15:14:05.825402 Runner(Flutter)[2656] <Notice>: dartnative: ##BENCH## {"tag":"feed1000","t_us":1790242145818393,"ev":"page_build","i":638}
Sep 24 15:14:05.825444 Runner(Flutter)[2656] <Notice>: dartnative: ##BENCH## {"tag":"feed1000","t_us":1790242145818450,"ev":"page_build","i":639}
Sep 24 15:14:05.825472 Runner(Flutter)[2656] <Notice>: dartnative: ##BENCH## {"tag":"feed1000","t_us":1790242145818535,"ev":"page_build","i":640}
Sep 24 15:14:05.825552 Runner(Flutter)[2656] <Notice>: dartnative: ##BENCH## {"tag":"feed1000","t_us":1790242145818601,"ev":"page_build","i":641}
Sep 24 15:14:05.825573 Runner(Flutter)[2656] <Notice>: dartnative: ##BENCH## {"tag":"feed1000","t_us":1790242145818660,"ev":"page_build","i":642}
Sep 24 15:14:05.825661 Runner(Flutter)[2656] <Notice>: dartnative: ##BENCH## {"tag":"feed1000","t_us":1790242145818706,"ev":"page_build","i":643}
Sep 24 15:14:05.825832 Runner(Flutter)[2656] <Notice>: dartnative: ##BENCH## {"tag":"feed1000","t_us":1790242145818778,"ev":"page_build","i":644}
Sep 24 15:14:05.825973 Runner(Flutter)[2656] <Notice>: dartnative: ##BENCH## {"tag":"feed1000","t_us":1790242145818871,"ev":"page_build","i":645}
Sep 24 15:14:05.826063 Runner(Flutter)[2656] <Notice>: dartnative: ##BENCH## {"tag":"feed1000","t_us":1790242145818949,"ev":"page_build","i":646}
Sep 24 15:14:05.826175 Runner(Flutter)[2656] <Notice>: dartnative: ##BENCH## {"tag":"feed1000","t_us":1790242145818974,"ev":"page_build","i":647}
Sep 24 15:14:05.826190 Runner(Flutter)[2656] <Notice>: dartnative: ##BENCH## {"tag":"feed1000","t_us":1790242145819037,"ev":"page_build","i":648}
Sep 24 15:14:05.826310 Runner(Flutter)[2656] <Notice>: dartnative: ##BENCH## {"tag":"feed1000","t_us":1790242145819103,"ev":"page_build","i":649}
Sep 24 15:14:05.826349 Runner(Flutter)[2656] <Notice>: dartnative: ##BENCH## {"tag":"feed1000","t_us":1790242145819151,"ev":"page_build","i":650}
Sep 24 15:14:05.826450 Runner(Flutter)[2656] <Notice>: dartnative: ##BENCH## {"tag":"feed1000","t_us":1790242145819241,"ev":"page_build","i":651}
Sep 24 15:14:05.826569 Runner(Flutter)[2656] <Notice>: dartnative: ##BENCH## {"tag":"feed1000","t_us":1790242145819293,"ev":"page_build","i":652}
Sep 24 15:14:05.826742 Runner(Flutter)[2656] <Notice>: dartnative: ##BENCH## {"tag":"feed1000","t_us":1790242145819339,"ev":"page_build","i":653}
Sep 24 15:14:05.826803 Runner(Flutter)[2656] <Notice>: dartnative: ##BENCH## {"tag":"feed1000","t_us":1790242145819384,"ev":"page_build","i":654}
Sep 24 15:14:05.826888 Runner(Flutter)[2656] <Notice>: dartnative: ##BENCH## {"tag":"feed1000","t_us":1790242145819445,"ev":"page_build","i":655}
Sep 24 15:14:05.826956 Runner(Flutter)[2656] <Notice>: dartnative: ##BENCH## {"tag":"feed1000","t_us":1790242145819483,"ev":"page_build","i":656}
Sep 24 15:14:05.826980 Runner(Flutter)[2656] <Notice>: dartnative: ##BENCH## {"tag":"feed1000","t_us":1790242145819512,"ev":"page_build","i":657}
Sep 24 15:14:05.827020 Runner(Flutter)[2656] <Notice>: dartnative: ##BENCH## {"tag":"feed1000","t_us":1790242145819560,"ev":"page_build","i":658}
Sep 24 15:14:05.827059 Runner(Flutter)[2656] <Notice>: dartnative: ##BENCH## {"tag":"feed1000","t_us":1790242145819610,"ev":"page_build","i":659}
Sep 24 15:14:05.827082 Runner(Flutter)[2656] <Notice>: dartnative: ##BENCH## {"tag":"feed1000","t_us":1790242145819654,"ev":"page_build","i":660}
Sep 24 15:14:05.827122 Runner(Flutter)[2656] <Notice>: dartnative: ##BENCH## {"tag":"feed1000","t_us":1790242145819702,"ev":"page_build","i":661}
Sep 24 15:14:05.827155 Runner(Flutter)[2656] <Notice>: dartnative: ##BENCH## {"tag":"feed1000","t_us":1790242145819746,"ev":"page_build","i":662}
Sep 24 15:14:05.827186 Runner(Flutter)[2656] <Notice>: dartnative: ##BENCH## {"tag":"feed1000","t_us":1790242145819786,"ev":"page_build","i":663}
Sep 24 15:14:05.827215 Runner(Flutter)[2656] <Notice>: dartnative: ##BENCH## {"tag":"feed1000","t_us":1790242145819841,"ev":"page_build","i":664}
Sep 24 15:14:05.827239 Runner(Flutter)[2656] <Notice>: dartnative: ##BENCH## {"tag":"feed1000","t_us":1790242145819900,"ev":"page_build","i":665}
Sep 24 15:14:05.827260 Runner(Flutter)[2656] <Notice>: dartnative: ##BENCH## {"tag":"feed1000","t_us":1790242145819938,"ev":"page_build","i":666}
Sep 24 15:14:05.827344 Runner(Flutter)[2656] <Notice>: dartnative: ##BENCH## {"tag":"feed1000","t_us":1790242145819990,"ev":"page_build","i":667}
Sep 24 15:14:05.827359 Runner(Flutter)[2656] <Notice>: dartnative: ##BENCH## {"tag":"feed1000","t_us":1790242145820037,"ev":"page_build","i":668}
Sep 24 15:14:05.827387 Runner(Flutter)[2656] <Notice>: dartnative: ##BENCH## {"tag":"feed1000","t_us":1790242145820107,"ev":"page_build","i":669}
Sep 24 15:14:05.827400 Runner(Flutter)[2656] <Notice>: dartnative: ##BENCH## {"tag":"feed1000","t_us":1790242145820186,"ev":"page_build","i":670}
Sep 24 15:14:05.827433 Runner(Flutter)[2656] <Notice>: dartnative: ##BENCH## {"tag":"feed1000","t_us":1790242145820232,"ev":"page_build","i":671}
Sep 24 15:14:05.827453 Runner(Flutter)[2656] <Notice>: dartnative: ##BENCH## {"tag":"feed1000","t_us":1790242145820257,"ev":"page_build","i":672}
Sep 24 15:14:05.827470 Runner(Flutter)[2656] <Notice>: dartnative: ##BENCH## {"tag":"feed1000","t_us":1790242145820312,"ev":"page_build","i":673}
Sep 24 15:14:05.827520 Runner(Flutter)[2656] <Notice>: dartnative: ##BENCH## {"tag":"feed1000","t_us":1790242145820373,"ev":"page_build","i":674}
Sep 24 15:14:05.827550 Runner(Flutter)[2656] <Notice>: dartnative: ##BENCH## {"tag":"feed1000","t_us":1790242145820458,"ev":"page_build","i":675}
Sep 24 15:14:05.827568 Runner(Flutter)[2656] <Notice>: dartnative: ##BENCH## {"tag":"feed1000","t_us":1790242145820513,"ev":"page_build","i":676}
Sep 24 15:14:05.827593 Runner(Flutter)[2656] <Notice>: dartnative: ##BENCH## {"tag":"feed1000","t_us":1790242145820551,"ev":"page_build","i":677}
Sep 24 15:14:05.827637 Runner(Flutter)[2656] <Notice>: dartnative: ##BENCH## {"tag":"feed1000","t_us":1790242145820605,"ev":"page_build","i":678}
Sep 24 15:14:05.827656 Runner(Flutter)[2656] <Notice>: dartnative: ##BENCH## {"tag":"feed1000","t_us":1790242145820662,"ev":"page_build","i":679}
Sep 24 15:14:05.827700 Runner(Flutter)[2656] <Notice>: dartnative: ##BENCH## {"tag":"feed1000","t_us":1790242145820713,"ev":"page_build","i":680}
Sep 24 15:14:05.827723 Runner(Flutter)[2656] <Notice>: dartnative: ##BENCH## {"tag":"feed1000","t_us":1790242145820749,"ev":"page_build","i":681}
Sep 24 15:14:05.827740 Runner(Flutter)[2656] <Notice>: dartnative: ##BENCH## {"tag":"feed1000","t_us":1790242145820810,"ev":"page_build","i":682}
Sep 24 15:14:05.827762 Runner(Flutter)[2656] <Notice>: dartnative: ##BENCH## {"tag":"feed1000","t_us":1790242145820906,"ev":"page_build","i":683}
Sep 24 15:14:05.827792 Runner(Flutter)[2656] <Notice>: dartnative: ##BENCH## {"tag":"feed1000","t_us":1790242145820965,"ev":"page_build","i":684}
Sep 24 15:14:05.827801 Runner(Flutter)[2656] <Notice>: dartnative: ##BENCH## {"tag":"feed1000","t_us":1790242145820989,"ev":"page_build","i":685}
Sep 24 15:14:05.827827 Runner(Flutter)[2656] <Notice>: dartnative: ##BENCH## {"tag":"feed1000","t_us":1790242145821025,"ev":"page_build","i":686}
Sep 24 15:14:05.827855 Runner(Flutter)[2656] <Notice>: dartnative: ##BENCH## {"tag":"feed1000","t_us":1790242145821105,"ev":"page_build","i":687}
Sep 24 15:14:05.827939 Runner(Flutter)[2656] <Notice>: dartnative: ##BENCH## {"tag":"feed1000","t_us":1790242145821157,"ev":"page_build","i":688}
Sep 24 15:14:05.827975 Runner(Flutter)[2656] <Notice>: dartnative: ##BENCH## {"tag":"feed1000","t_us":1790242145821208,"ev":"page_build","i":689}
Sep 24 15:14:05.827998 Runner(Flutter)[2656] <Notice>: dartnative: ##BENCH## {"tag":"feed1000","t_us":1790242145821261,"ev":"page_build","i":690}
Sep 24 15:14:05.828057 Runner(Flutter)[2656] <Notice>: dartnative: ##BENCH## {"tag":"feed1000","t_us":1790242145821324,"ev":"page_build","i":691}
Sep 24 15:14:05.828095 Runner(Flutter)[2656] <Notice>: dartnative: ##BENCH## {"tag":"feed1000","t_us":1790242145821359,"ev":"page_build","i":692}
Sep 24 15:14:05.828144 Runner(Flutter)[2656] <Notice>: dartnative: ##BENCH## {"tag":"feed1000","t_us":1790242145821394,"ev":"page_build","i":693}
Sep 24 15:14:05.828179 Runner(Flutter)[2656] <Notice>: dartnative: ##BENCH## {"tag":"feed1000","t_us":1790242145821455,"ev":"page_build","i":694}
Sep 24 15:14:05.828285 Runner(Flutter)[2656] <Notice>: dartnative: ##BENCH## {"tag":"feed1000","t_us":1790242145821513,"ev":"page_build","i":695}
Sep 24 15:14:05.828314 Runner(Flutter)[2656] <Notice>: dartnative: ##BENCH## {"tag":"feed1000","t_us":1790242145821614,"ev":"page_build","i":696}
Sep 24 15:14:05.828370 Runner(Flutter)[2656] <Notice>: dartnative: ##BENCH## {"tag":"feed1000","t_us":1790242145821657,"ev":"page_build","i":697}
Sep 24 15:14:05.828417 Runner(Flutter)[2656] <Notice>: dartnative: ##BENCH## {"tag":"feed1000","t_us":1790242145821709,"ev":"page_build","i":698}
Sep 24 15:14:05.828478 Runner(Flutter)[2656] <Notice>: dartnative: ##BENCH## {"tag":"feed1000","t_us":1790242145821814,"ev":"page_build","i":699}
Sep 24 15:14:05.828497 Runner(Flutter)[2656] <Notice>: dartnative: ##BENCH## {"tag":"feed1000","t_us":1790242145821868,"ev":"page_build","i":700}
Sep 24 15:14:05.828549 Runner(Flutter)[2656] <Notice>: dartnative: ##BENCH## {"tag":"feed1000","t_us":1790242145821941,"ev":"page_build","i":701}
Sep 24 15:14:05.828584 Runner(Flutter)[2656] <Notice>: dartnative: ##BENCH## {"tag":"feed1000","t_us":1790242145822021,"ev":"page_build","i":702}
Sep 24 15:14:05.828606 Runner(Flutter)[2656] <Notice>: dartnative: ##BENCH## {"tag":"feed1000","t_us":1790242145822091,"ev":"page_build","i":703}
Sep 24 15:14:05.828663 Runner(Flutter)[2656] <Notice>: dartnative: ##BENCH## {"tag":"feed1000","t_us":1790242145822172,"ev":"page_build","i":704}
Sep 24 15:14:05.828681 Runner(Flutter)[2656] <Notice>: dartnative: ##BENCH## {"tag":"feed1000","t_us":1790242145822262,"ev":"page_build","i":705}
Sep 24 15:14:05.828698 Runner(Flutter)[2656] <Notice>: dartnative: ##BENCH## {"tag":"feed1000","t_us":1790242145822361,"ev":"page_build","i":706}
Sep 24 15:14:05.828775 Runner(Flutter)[2656] <Notice>: dartnative: ##BENCH## {"tag":"feed1000","t_us":1790242145822436,"ev":"page_build","i":707}
Sep 24 15:14:05.828811 Runner(Flutter)[2656] <Notice>: dartnative: ##BENCH## {"tag":"feed1000","t_us":1790242145822477,"ev":"page_build","i":708}
Sep 24 15:14:05.828830 Runner(Flutter)[2656] <Notice>: dartnative: ##BENCH## {"tag":"feed1000","t_us":1790242145822554,"ev":"page_build","i":709}
Sep 24 15:14:05.828882 Runner(Flutter)[2656] <Notice>: dartnative: ##BENCH## {"tag":"feed1000","t_us":1790242145822602,"ev":"page_build","i":710}
Sep 24 15:14:05.828928 Runner(Flutter)[2656] <Notice>: dartnative: ##BENCH## {"tag":"feed1000","t_us":1790242145822662,"ev":"page_build","i":711}
Sep 24 15:14:05.828965 Runner(Flutter)[2656] <Notice>: dartnative: ##BENCH## {"tag":"feed1000","t_us":1790242145822738,"ev":"page_build","i":712}
Sep 24 15:14:05.829025 Runner(Flutter)[2656] <Notice>: dartnative: ##BENCH## {"tag":"feed1000","t_us":1790242145822790,"ev":"page_build","i":713}
Sep 24 15:14:05.829083 Runner(Flutter)[2656] <Notice>: dartnative: ##BENCH## {"tag":"feed1000","t_us":1790242145822857,"ev":"page_build","i":714}
Sep 24 15:14:05.829125 Runner(Flutter)[2656] <Notice>: dartnative: ##BENCH## {"tag":"feed1000","t_us":1790242145823050,"ev":"page_build","i":715}
Sep 24 15:14:05.829163 Runner(Flutter)[2656] <Notice>: dartnative: ##BENCH## {"tag":"feed1000","t_us":1790242145823093,"ev":"page_build","i":716}
Sep 24 15:14:05.829225 Runner(Flutter)[2656] <Notice>: dartnative: ##BENCH## {"tag":"feed1000","t_us":1790242145823164,"ev":"page_build","i":717}
Sep 24 15:14:05.829264 Runner(Flutter)[2656] <Notice>: dartnative: ##BENCH## {"tag":"feed1000","t_us":1790242145823237,"ev":"page_build","i":718}
Sep 24 15:14:05.829318 Runner(Flutter)[2656] <Notice>: dartnative: ##BENCH## {"tag":"feed1000","t_us":1790242145823329,"ev":"page_build","i":719}
Sep 24 15:14:05.829346 Runner(Flutter)[2656] <Notice>: dartnative: ##BENCH## {"tag":"feed1000","t_us":1790242145823404,"ev":"page_build","i":720}
Sep 24 15:14:05.829386 Runner(Flutter)[2656] <Notice>: dartnative: ##BENCH## {"tag":"feed1000","t_us":1790242145823469,"ev":"page_build","i":721}
Sep 24 15:14:05.829421 Runner(Flutter)[2656] <Notice>: dartnative: ##BENCH## {"tag":"feed1000","t_us":1790242145823550,"ev":"page_build","i":722}
Sep 24 15:14:05.829455 Runner(Flutter)[2656] <Notice>: dartnative: ##BENCH## {"tag":"feed1000","t_us":1790242145823593,"ev":"page_build","i":723}
Sep 24 15:14:05.829482 Runner(Flutter)[2656] <Notice>: dartnative: ##BENCH## {"tag":"feed1000","t_us":1790242145823667,"ev":"page_build","i":724}
Sep 24 15:14:05.829511 Runner(Flutter)[2656] <Notice>: dartnative: ##BENCH## {"tag":"feed1000","t_us":1790242145823713,"ev":"page_build","i":725}
Sep 24 15:14:05.829536 Runner(Flutter)[2656] <Notice>: dartnative: ##BENCH## {"tag":"feed1000","t_us":1790242145823795,"ev":"page_build","i":726}
Sep 24 15:14:05.829583 Runner(Flutter)[2656] <Notice>: dartnative: ##BENCH## {"tag":"feed1000","t_us":1790242145823845,"ev":"page_build","i":727}
Sep 24 15:14:05.829606 Runner(Flutter)[2656] <Notice>: dartnative: ##BENCH## {"tag":"feed1000","t_us":1790242145823914,"ev":"page_build","i":728}
Sep 24 15:14:05.829622 Runner(Flutter)[2656] <Notice>: dartnative: ##BENCH## {"tag":"feed1000","t_us":1790242145823974,"ev":"page_build","i":729}
Sep 24 15:14:05.829647 Runner(Flutter)[2656] <Notice>: dartnative: ##BENCH## {"tag":"feed1000","t_us":1790242145824020,"ev":"page_build","i":730}
Sep 24 15:14:05.829707 Runner(Flutter)[2656] <Notice>: dartnative: ##BENCH## {"tag":"feed1000","t_us":1790242145824063,"ev":"page_build","i":731}
Sep 24 15:14:05.829731 Runner(Flutter)[2656] <Notice>: dartnative: ##BENCH## {"tag":"feed1000","t_us":1790242145824117,"ev":"page_build","i":732}
Sep 24 15:14:05.829767 Runner(Flutter)[2656] <Notice>: dartnative: ##BENCH## {"tag":"feed1000","t_us":1790242145824161,"ev":"page_build","i":733}
Sep 24 15:14:05.829800 Runner(Flutter)[2656] <Notice>: dartnative: ##BENCH## {"tag":"feed1000","t_us":1790242145824214,"ev":"page_build","i":734}
Sep 24 15:14:05.829820 Runner(Flutter)[2656] <Notice>: dartnative: ##BENCH## {"tag":"feed1000","t_us":1790242145824279,"ev":"page_build","i":735}
Sep 24 15:14:05.829876 Runner(Flutter)[2656] <Notice>: dartnative: ##BENCH## {"tag":"feed1000","t_us":1790242145824332,"ev":"page_build","i":736}
Sep 24 15:14:05.829956 Runner(Flutter)[2656] <Notice>: dartnative: ##BENCH## {"tag":"feed1000","t_us":1790242145824371,"ev":"page_build","i":737}
Sep 24 15:14:05.829995 Runner(Flutter)[2656] <Notice>: dartnative: ##BENCH## {"tag":"feed1000","t_us":1790242145824409,"ev":"page_build","i":738}
Sep 24 15:14:05.830019 Runner(Flutter)[2656] <Notice>: dartnative: ##BENCH## {"tag":"feed1000","t_us":1790242145824496,"ev":"page_build","i":739}
Sep 24 15:14:05.830066 Runner(Flutter)[2656] <Notice>: dartnative: ##BENCH## {"tag":"feed1000","t_us":1790242145824531,"ev":"page_build","i":740}
Sep 24 15:14:05.830107 Runner(Flutter)[2656] <Notice>: dartnative: ##BENCH## {"tag":"feed1000","t_us":1790242145824580,"ev":"page_build","i":741}
Sep 24 15:14:05.830183 Runner(Flutter)[2656] <Notice>: dartnative: ##BENCH## {"tag":"feed1000","t_us":1790242145824646,"ev":"page_build","i":742}
Sep 24 15:14:05.830191 Runner(Flutter)[2656] <Notice>: dartnative: ##BENCH## {"tag":"feed1000","t_us":1790242145824692,"ev":"page_build","i":743}
Sep 24 15:14:05.830225 Runner(Flutter)[2656] <Notice>: dartnative: ##BENCH## {"tag":"feed1000","t_us":1790242145824759,"ev":"page_build","i":744}
Sep 24 15:14:05.830262 Runner(Flutter)[2656] <Notice>: dartnative: ##BENCH## {"tag":"feed1000","t_us":1790242145824841,"ev":"page_build","i":745}
Sep 24 15:14:05.830308 Runner(Flutter)[2656] <Notice>: dartnative: ##BENCH## {"tag":"feed1000","t_us":1790242145824901,"ev":"page_build","i":746}
Sep 24 15:14:05.830334 Runner(Flutter)[2656] <Notice>: dartnative: ##BENCH## {"tag":"feed1000","t_us":1790242145824968,"ev":"page_build","i":747}
Sep 24 15:14:05.830362 Runner(Flutter)[2656] <Notice>: dartnative: ##BENCH## {"tag":"feed1000","t_us":1790242145825039,"ev":"page_build","i":748}
Sep 24 15:14:05.830425 Runner(Flutter)[2656] <Notice>: dartnative: ##BENCH## {"tag":"feed1000","t_us":1790242145825110,"ev":"page_build","i":749}
Sep 24 15:14:05.830463 Runner(Flutter)[2656] <Notice>: dartnative: ##BENCH## {"tag":"feed1000","t_us":1790242145825324,"ev":"page_build","i":750}
Sep 24 15:14:05.830479 Runner(Flutter)[2656] <Notice>: dartnative: ##BENCH## {"tag":"feed1000","t_us":1790242145825399,"ev":"page_build","i":751}
Sep 24 15:14:05.830520 Runner(Flutter)[2656] <Notice>: dartnative: ##BENCH## {"tag":"feed1000","t_us":1790242145825460,"ev":"page_build","i":752}
Sep 24 15:14:05.830541 Runner(Flutter)[2656] <Notice>: dartnative: ##BENCH## {"tag":"feed1000","t_us":1790242145825552,"ev":"page_build","i":753}
Sep 24 15:14:05.830597 Runner(Flutter)[2656] <Notice>: dartnative: ##BENCH## {"tag":"feed1000","t_us":1790242145825617,"ev":"page_build","i":754}
Sep 24 15:14:05.830614 Runner(Flutter)[2656] <Notice>: dartnative: ##BENCH## {"tag":"feed1000","t_us":1790242145825797,"ev":"page_build","i":755}
Sep 24 15:14:05.830659 Runner(Flutter)[2656] <Notice>: dartnative: ##BENCH## {"tag":"feed1000","t_us":1790242145825859,"ev":"page_build","i":756}
Sep 24 15:14:05.830696 Runner(Flutter)[2656] <Notice>: dartnative: ##BENCH## {"tag":"feed1000","t_us":1790242145825930,"ev":"page_build","i":757}
Sep 24 15:14:05.830730 Runner(Flutter)[2656] <Notice>: dartnative: ##BENCH## {"tag":"feed1000","t_us":1790242145825986,"ev":"page_build","i":758}
Sep 24 15:14:05.830756 Runner(Flutter)[2656] <Notice>: dartnative: ##BENCH## {"tag":"feed1000","t_us":1790242145826049,"ev":"page_build","i":759}
Sep 24 15:14:05.830805 Runner(Flutter)[2656] <Notice>: dartnative: ##BENCH## {"tag":"feed1000","t_us":1790242145826130,"ev":"page_build","i":760}
Sep 24 15:14:05.830826 Runner(Flutter)[2656] <Notice>: dartnative: ##BENCH## {"tag":"feed1000","t_us":1790242145826182,"ev":"page_build","i":761}
Sep 24 15:14:05.830844 Runner(Flutter)[2656] <Notice>: dartnative: ##BENCH## {"tag":"feed1000","t_us":1790242145826243,"ev":"page_build","i":762}
Sep 24 15:14:05.830877 Runner(Flutter)[2656] <Notice>: dartnative: ##BENCH## {"tag":"feed1000","t_us":1790242145826313,"ev":"page_build","i":763}
Sep 24 15:14:05.830969 Runner(Flutter)[2656] <Notice>: dartnative: ##BENCH## {"tag":"feed1000","t_us":1790242145826361,"ev":"page_build","i":764}
Sep 24 15:14:05.830985 Runner(Flutter)[2656] <Notice>: dartnative: ##BENCH## {"tag":"feed1000","t_us":1790242145826462,"ev":"page_build","i":765}
Sep 24 15:14:05.831004 Runner(Flutter)[2656] <Notice>: dartnative: ##BENCH## {"tag":"feed1000","t_us":1790242145826559,"ev":"page_build","i":766}
Sep 24 15:14:05.831034 Runner(Flutter)[2656] <Notice>: dartnative: ##BENCH## {"tag":"feed1000","t_us":1790242145826627,"ev":"page_build","i":767}
Sep 24 15:14:05.831091 Runner(Flutter)[2656] <Notice>: dartnative: ##BENCH## {"tag":"feed1000","t_us":1790242145826676,"ev":"page_build","i":768}
Sep 24 15:14:05.831116 Runner(Flutter)[2656] <Notice>: dartnative: ##BENCH## {"tag":"feed1000","t_us":1790242145826718,"ev":"page_build","i":769}
Sep 24 15:14:05.831156 Runner(Flutter)[2656] <Notice>: dartnative: ##BENCH## {"tag":"feed1000","t_us":1790242145826755,"ev":"page_build","i":770}
Sep 24 15:14:05.831181 Runner(Flutter)[2656] <Notice>: dartnative: ##BENCH## {"tag":"feed1000","t_us":1790242145826843,"ev":"page_build","i":771}
Sep 24 15:14:05.831226 Runner(Flutter)[2656] <Notice>: dartnative: ##BENCH## {"tag":"feed1000","t_us":1790242145826902,"ev":"page_build","i":772}
Sep 24 15:14:05.831276 Runner(Flutter)[2656] <Notice>: dartnative: ##BENCH## {"tag":"feed1000","t_us":1790242145826943,"ev":"page_build","i":773}
Sep 24 15:14:05.831294 Runner(Flutter)[2656] <Notice>: dartnative: ##BENCH## {"tag":"feed1000","t_us":1790242145826983,"ev":"page_build","i":774}
Sep 24 15:14:05.831319 Runner(Flutter)[2656] <Notice>: dartnative: ##BENCH## {"tag":"feed1000","t_us":1790242145827034,"ev":"page_build","i":775}
Sep 24 15:14:05.831343 Runner(Flutter)[2656] <Notice>: dartnative: ##BENCH## {"tag":"feed1000","t_us":1790242145827110,"ev":"page_build","i":776}
Sep 24 15:14:05.831369 Runner(Flutter)[2656] <Notice>: dartnative: ##BENCH## {"tag":"feed1000","t_us":1790242145827153,"ev":"page_build","i":777}
Sep 24 15:14:05.831403 Runner(Flutter)[2656] <Notice>: dartnative: ##BENCH## {"tag":"feed1000","t_us":1790242145827229,"ev":"page_build","i":778}
Sep 24 15:14:05.831465 Runner(Flutter)[2656] <Notice>: dartnative: ##BENCH## {"tag":"feed1000","t_us":1790242145827284,"ev":"page_build","i":779}
Sep 24 15:14:05.831521 Runner(Flutter)[2656] <Notice>: dartnative: ##BENCH## {"tag":"feed1000","t_us":1790242145827350,"ev":"page_build","i":780}
Sep 24 15:14:05.831555 Runner(Flutter)[2656] <Notice>: dartnative: ##BENCH## {"tag":"feed1000","t_us":1790242145827406,"ev":"page_build","i":781}
Sep 24 15:14:05.831579 Runner(Flutter)[2656] <Notice>: dartnative: ##BENCH## {"tag":"feed1000","t_us":1790242145827444,"ev":"page_build","i":782}
Sep 24 15:14:05.831587 Runner(Flutter)[2656] <Notice>: dartnative: ##BENCH## {"tag":"feed1000","t_us":1790242145827501,"ev":"page_build","i":783}
Sep 24 15:14:05.831621 Runner(Flutter)[2656] <Notice>: dartnative: ##BENCH## {"tag":"feed1000","t_us":1790242145827553,"ev":"page_build","i":784}
Sep 24 15:14:05.831659 Runner(Flutter)[2656] <Notice>: dartnative: ##BENCH## {"tag":"feed1000","t_us":1790242145827631,"ev":"page_build","i":785}
Sep 24 15:14:05.831688 Runner(Flutter)[2656] <Notice>: dartnative: ##BENCH## {"tag":"feed1000","t_us":1790242145827697,"ev":"page_build","i":786}
Sep 24 15:14:05.831712 Runner(Flutter)[2656] <Notice>: dartnative: ##BENCH## {"tag":"feed1000","t_us":1790242145827800,"ev":"page_build","i":787}
Sep 24 15:14:05.831720 Runner(Flutter)[2656] <Notice>: dartnative: ##BENCH## {"tag":"feed1000","t_us":1790242145827886,"ev":"page_build","i":788}
Sep 24 15:14:05.831770 Runner(Flutter)[2656] <Notice>: dartnative: ##BENCH## {"tag":"feed1000","t_us":1790242145827958,"ev":"page_build","i":789}
Sep 24 15:14:05.831787 Runner(Flutter)[2656] <Notice>: dartnative: ##BENCH## {"tag":"feed1000","t_us":1790242145828005,"ev":"page_build","i":790}
Sep 24 15:14:05.831825 Runner(Flutter)[2656] <Notice>: dartnative: ##BENCH## {"tag":"feed1000","t_us":1790242145828058,"ev":"page_build","i":791}
Sep 24 15:14:05.831857 Runner(Flutter)[2656] <Notice>: dartnative: ##BENCH## {"tag":"feed1000","t_us":1790242145828109,"ev":"page_build","i":792}
Sep 24 15:14:05.831887 Runner(Flutter)[2656] <Notice>: dartnative: ##BENCH## {"tag":"feed1000","t_us":1790242145828180,"ev":"page_build","i":793}
Sep 24 15:14:05.831909 Runner(Flutter)[2656] <Notice>: dartnative: ##BENCH## {"tag":"feed1000","t_us":1790242145828242,"ev":"page_build","i":794}
Sep 24 15:14:05.831968 Runner(Flutter)[2656] <Notice>: dartnative: ##BENCH## {"tag":"feed1000","t_us":1790242145828306,"ev":"page_build","i":795}
Sep 24 15:14:05.832013 Runner(Flutter)[2656] <Notice>: dartnative: ##BENCH## {"tag":"feed1000","t_us":1790242145828382,"ev":"page_build","i":796}
Sep 24 15:14:05.832039 Runner(Flutter)[2656] <Notice>: dartnative: ##BENCH## {"tag":"feed1000","t_us":1790242145828411,"ev":"page_build","i":797}
Sep 24 15:14:05.832061 Runner(Flutter)[2656] <Notice>: dartnative: ##BENCH## {"tag":"feed1000","t_us":1790242145828467,"ev":"page_build","i":798}
Sep 24 15:14:05.832084 Runner(Flutter)[2656] <Notice>: dartnative: ##BENCH## {"tag":"feed1000","t_us":1790242145828524,"ev":"page_build","i":799}
Sep 24 15:14:05.832123 Runner(Flutter)[2656] <Notice>: dartnative: ##BENCH## {"tag":"feed1000","t_us":1790242145828583,"ev":"page_build","i":800}
Sep 24 15:14:05.832182 Runner(Flutter)[2656] <Notice>: dartnative: ##BENCH## {"tag":"feed1000","t_us":1790242145828648,"ev":"page_build","i":801}
Sep 24 15:14:05.832217 Runner(Flutter)[2656] <Notice>: dartnative: ##BENCH## {"tag":"feed1000","t_us":1790242145828707,"ev":"page_build","i":802}
Sep 24 15:14:05.832228 Runner(Flutter)[2656] <Notice>: dartnative: ##BENCH## {"tag":"feed1000","t_us":1790242145828766,"ev":"page_build","i":803}
Sep 24 15:14:05.832263 Runner(Flutter)[2656] <Notice>: dartnative: ##BENCH## {"tag":"feed1000","t_us":1790242145828824,"ev":"page_build","i":804}
Sep 24 15:14:05.832280 Runner(Flutter)[2656] <Notice>: dartnative: ##BENCH## {"tag":"feed1000","t_us":1790242145828877,"ev":"page_build","i":805}
Sep 24 15:14:05.832316 Runner(Flutter)[2656] <Notice>: dartnative: ##BENCH## {"tag":"feed1000","t_us":1790242145828945,"ev":"page_build","i":806}
Sep 24 15:14:05.832349 Runner(Flutter)[2656] <Notice>: dartnative: ##BENCH## {"tag":"feed1000","t_us":1790242145829030,"ev":"page_build","i":807}
Sep 24 15:14:05.832393 Runner(Flutter)[2656] <Notice>: dartnative: ##BENCH## {"tag":"feed1000","t_us":1790242145829085,"ev":"page_build","i":808}
Sep 24 15:14:05.832416 Runner(Flutter)[2656] <Notice>: dartnative: ##BENCH## {"tag":"feed1000","t_us":1790242145829156,"ev":"page_build","i":809}
Sep 24 15:14:05.832446 Runner(Flutter)[2656] <Notice>: dartnative: ##BENCH## {"tag":"feed1000","t_us":1790242145829246,"ev":"page_build","i":810}
Sep 24 15:14:05.832496 Runner(Flutter)[2656] <Notice>: dartnative: ##BENCH## {"tag":"feed1000","t_us":1790242145829274,"ev":"page_build","i":811}
Sep 24 15:14:05.832516 Runner(Flutter)[2656] <Notice>: dartnative: ##BENCH## {"tag":"feed1000","t_us":1790242145829333,"ev":"page_build","i":812}
Sep 24 15:14:05.832529 Runner(Flutter)[2656] <Notice>: dartnative: ##BENCH## {"tag":"feed1000","t_us":1790242145829385,"ev":"page_build","i":813}
Sep 24 15:14:05.832544 Runner(Flutter)[2656] <Notice>: dartnative: ##BENCH## {"tag":"feed1000","t_us":1790242145829431,"ev":"page_build","i":814}
Sep 24 15:14:05.832594 Runner(Flutter)[2656] <Notice>: dartnative: ##BENCH## {"tag":"feed1000","t_us":1790242145829499,"ev":"page_build","i":815}
Sep 24 15:14:05.832623 Runner(Flutter)[2656] <Notice>: dartnative: ##BENCH## {"tag":"feed1000","t_us":1790242145829584,"ev":"page_build","i":816}
Sep 24 15:14:05.832911 Runner(Flutter)[2656] <Notice>: dartnative: ##BENCH## {"tag":"feed1000","t_us":1790242145829623,"ev":"page_build","i":817}
Sep 24 15:14:05.833082 Runner(Flutter)[2656] <Notice>: dartnative: ##BENCH## {"tag":"feed1000","t_us":1790242145829698,"ev":"page_build","i":818}
Sep 24 15:14:05.833168 Runner(Flutter)[2656] <Notice>: dartnative: ##BENCH## {"tag":"feed1000","t_us":1790242145829750,"ev":"page_build","i":819}
Sep 24 15:14:05.833267 Runner(Flutter)[2656] <Notice>: dartnative: ##BENCH## {"tag":"feed1000","t_us":1790242145829843,"ev":"page_build","i":820}
Sep 24 15:14:05.833342 Runner(Flutter)[2656] <Notice>: dartnative: ##BENCH## {"tag":"feed1000","t_us":1790242145829921,"ev":"page_build","i":821}
Sep 24 15:14:05.833363 Runner(Flutter)[2656] <Notice>: dartnative: ##BENCH## {"tag":"feed1000","t_us":1790242145829956,"ev":"page_build","i":822}
Sep 24 15:14:05.833389 Runner(Flutter)[2656] <Notice>: dartnative: ##BENCH## {"tag":"feed1000","t_us":1790242145830034,"ev":"page_build","i":823}
Sep 24 15:14:05.833428 Runner(Flutter)[2656] <Notice>: dartnative: ##BENCH## {"tag":"feed1000","t_us":1790242145830116,"ev":"page_build","i":824}
Sep 24 15:14:05.833479 Runner(Flutter)[2656] <Notice>: dartnative: ##BENCH## {"tag":"feed1000","t_us":1790242145830143,"ev":"page_build","i":825}
Sep 24 15:14:05.833510 Runner(Flutter)[2656] <Notice>: dartnative: ##BENCH## {"tag":"feed1000","t_us":1790242145830228,"ev":"page_build","i":826}
Sep 24 15:14:05.833533 Runner(Flutter)[2656] <Notice>: dartnative: ##BENCH## {"tag":"feed1000","t_us":1790242145830298,"ev":"page_build","i":827}
Sep 24 15:14:05.833583 Runner(Flutter)[2656] <Notice>: dartnative: ##BENCH## {"tag":"feed1000","t_us":1790242145830334,"ev":"page_build","i":828}
Sep 24 15:14:05.833673 Runner(Flutter)[2656] <Notice>: dartnative: ##BENCH## {"tag":"feed1000","t_us":1790242145830417,"ev":"page_build","i":829}
Sep 24 15:14:05.833700 Runner(Flutter)[2656] <Notice>: dartnative: ##BENCH## {"tag":"feed1000","t_us":1790242145830439,"ev":"page_build","i":830}
Sep 24 15:14:05.833721 Runner(Flutter)[2656] <Notice>: dartnative: ##BENCH## {"tag":"feed1000","t_us":1790242145830497,"ev":"page_build","i":831}
Sep 24 15:14:05.833843 Runner(Flutter)[2656] <Notice>: dartnative: ##BENCH## {"tag":"feed1000","t_us":1790242145830577,"ev":"page_build","i":832}
Sep 24 15:14:05.833961 Runner(Flutter)[2656] <Notice>: dartnative: ##BENCH## {"tag":"feed1000","t_us":1790242145830708,"ev":"page_build","i":833}
Sep 24 15:14:05.834038 Runner(Flutter)[2656] <Notice>: dartnative: ##BENCH## {"tag":"feed1000","t_us":1790242145830796,"ev":"page_build","i":834}
Sep 24 15:14:05.834577 Runner(Flutter)[2656] <Notice>: dartnative: ##BENCH## {"tag":"feed1000","t_us":1790242145830857,"ev":"page_build","i":835}
Sep 24 15:14:05.835177 Runner(Flutter)[2656] <Notice>: dartnative: ##BENCH## {"tag":"feed1000","t_us":1790242145830904,"ev":"page_build","i":836}
Sep 24 15:14:05.835319 Runner(Flutter)[2656] <Notice>: dartnative: ##BENCH## {"tag":"feed1000","t_us":1790242145831071,"ev":"page_build","i":837}
Sep 24 15:14:05.835459 Runner(Flutter)[2656] <Notice>: dartnative: ##BENCH## {"tag":"feed1000","t_us":1790242145831160,"ev":"page_build","i":838}
Sep 24 15:14:05.835714 Runner(Flutter)[2656] <Notice>: dartnative: ##BENCH## {"tag":"feed1000","t_us":1790242145831193,"ev":"page_build","i":839}
Sep 24 15:14:05.836024 Runner(Flutter)[2656] <Notice>: dartnative: ##BENCH## {"tag":"feed1000","t_us":1790242145831288,"ev":"page_build","i":840}
Sep 24 15:14:05.836156 Runner(Flutter)[2656] <Notice>: dartnative: ##BENCH## {"tag":"feed1000","t_us":1790242145831326,"ev":"page_build","i":841}
Sep 24 15:14:05.836307 Runner(Flutter)[2656] <Notice>: dartnative: ##BENCH## {"tag":"feed1000","t_us":1790242145831388,"ev":"page_build","i":842}
Sep 24 15:14:05.836440 Runner(Flutter)[2656] <Notice>: dartnative: ##BENCH## {"tag":"feed1000","t_us":1790242145831451,"ev":"page_build","i":843}
Sep 24 15:14:05.836563 Runner(Flutter)[2656] <Notice>: dartnative: ##BENCH## {"tag":"feed1000","t_us":1790242145831519,"ev":"page_build","i":844}
Sep 24 15:14:05.836645 Runner(Flutter)[2656] <Notice>: dartnative: ##BENCH## {"tag":"feed1000","t_us":1790242145831575,"ev":"page_build","i":845}
Sep 24 15:14:05.836684 Runner(Flutter)[2656] <Notice>: dartnative: ##BENCH## {"tag":"feed1000","t_us":1790242145831597,"ev":"page_build","i":846}
Sep 24 15:14:05.836991 Runner(Flutter)[2656] <Notice>: dartnative: ##BENCH## {"tag":"feed1000","t_us":1790242145831646,"ev":"page_build","i":847}
Sep 24 15:14:05.837298 Runner(Flutter)[2656] <Notice>: dartnative: ##BENCH## {"tag":"feed1000","t_us":1790242145831698,"ev":"page_build","i":848}
Sep 24 15:14:05.837436 Runner(Flutter)[2656] <Notice>: dartnative: ##BENCH## {"tag":"feed1000","t_us":1790242145831757,"ev":"page_build","i":849}
Sep 24 15:14:05.837540 Runner(Flutter)[2656] <Notice>: dartnative: ##BENCH## {"tag":"feed1000","t_us":1790242145831818,"ev":"page_build","i":850}
Sep 24 15:14:05.837595 Runner(Flutter)[2656] <Notice>: dartnative: ##BENCH## {"tag":"feed1000","t_us":1790242145831903,"ev":"page_build","i":851}
Sep 24 15:14:05.837627 Runner(Flutter)[2656] <Notice>: dartnative: ##BENCH## {"tag":"feed1000","t_us":1790242145831967,"ev":"page_build","i":852}
Sep 24 15:14:05.837667 Runner(Flutter)[2656] <Notice>: dartnative: ##BENCH## {"tag":"feed1000","t_us":1790242145832036,"ev":"page_build","i":853}
Sep 24 15:14:05.837722 Runner(Flutter)[2656] <Notice>: dartnative: ##BENCH## {"tag":"feed1000","t_us":1790242145832076,"ev":"page_build","i":854}
Sep 24 15:14:05.837920 Runner(Flutter)[2656] <Notice>: dartnative: ##BENCH## {"tag":"feed1000","t_us":1790242145832141,"ev":"page_build","i":855}
Sep 24 15:14:05.838119 Runner(Flutter)[2656] <Notice>: dartnative: ##BENCH## {"tag":"feed1000","t_us":1790242145832191,"ev":"page_build","i":856}
Sep 24 15:14:05.838275 Runner(Flutter)[2656] <Notice>: dartnative: ##BENCH## {"tag":"feed1000","t_us":1790242145832257,"ev":"page_build","i":857}
Sep 24 15:14:05.838637 Runner(Flutter)[2656] <Notice>: dartnative: ##BENCH## {"tag":"feed1000","t_us":1790242145832294,"ev":"page_build","i":858}
Sep 24 15:14:05.838686 Runner(Flutter)[2656] <Notice>: dartnative: ##BENCH## {"tag":"feed1000","t_us":1790242145832340,"ev":"page_build","i":859}
Sep 24 15:14:05.838713 Runner(Flutter)[2656] <Notice>: dartnative: ##BENCH## {"tag":"feed1000","t_us":1790242145832412,"ev":"page_build","i":860}
Sep 24 15:14:05.838803 Runner(Flutter)[2656] <Notice>: dartnative: ##BENCH## {"tag":"feed1000","t_us":1790242145832464,"ev":"page_build","i":861}
Sep 24 15:14:05.838978 Runner(Flutter)[2656] <Notice>: dartnative: ##BENCH## {"tag":"feed1000","t_us":1790242145832522,"ev":"page_build","i":862}
Sep 24 15:14:05.839064 Runner(Flutter)[2656] <Notice>: dartnative: ##BENCH## {"tag":"feed1000","t_us":1790242145832585,"ev":"page_build","i":863}
Sep 24 15:14:05.839162 Runner(Flutter)[2656] <Notice>: dartnative: ##BENCH## {"tag":"feed1000","t_us":1790242145832644,"ev":"page_build","i":864}
Sep 24 15:14:05.839312 Runner(Flutter)[2656] <Notice>: dartnative: ##BENCH## {"tag":"feed1000","t_us":1790242145832696,"ev":"page_build","i":865}
Sep 24 15:14:05.839663 Runner(Flutter)[2656] <Notice>: dartnative: ##BENCH## {"tag":"feed1000","t_us":1790242145832830,"ev":"page_build","i":866}
Sep 24 15:14:05.840013 Runner(Flutter)[2656] <Notice>: dartnative: ##BENCH## {"tag":"feed1000","t_us":1790242145832886,"ev":"page_build","i":867}
Sep 24 15:14:05.840101 Runner(Flutter)[2656] <Notice>: dartnative: ##BENCH## {"tag":"feed1000","t_us":1790242145832908,"ev":"page_build","i":868}
Sep 24 15:14:05.840165 Runner(Flutter)[2656] <Notice>: dartnative: ##BENCH## {"tag":"feed1000","t_us":1790242145832992,"ev":"page_build","i":869}
Sep 24 15:14:05.840305 Runner(Flutter)[2656] <Notice>: dartnative: ##BENCH## {"tag":"feed1000","t_us":1790242145833117,"ev":"page_build","i":870}
Sep 24 15:14:05.840496 Runner(Flutter)[2656] <Notice>: dartnative: ##BENCH## {"tag":"feed1000","t_us":1790242145833145,"ev":"page_build","i":871}
Sep 24 15:14:05.840773 Runner(Flutter)[2656] <Notice>: dartnative: ##BENCH## {"tag":"feed1000","t_us":1790242145833194,"ev":"page_build","i":872}
Sep 24 15:14:05.840985 Runner(Flutter)[2656] <Notice>: dartnative: ##BENCH## {"tag":"feed1000","t_us":1790242145833289,"ev":"page_build","i":873}
Sep 24 15:14:05.841044 Runner(Flutter)[2656] <Notice>: dartnative: ##BENCH## {"tag":"feed1000","t_us":1790242145833314,"ev":"page_build","i":874}
Sep 24 15:14:05.841114 Runner(Flutter)[2656] <Notice>: dartnative: ##BENCH## {"tag":"feed1000","t_us":1790242145833378,"ev":"page_build","i":875}
Sep 24 15:14:05.841152 Runner(Flutter)[2656] <Notice>: dartnative: ##BENCH## {"tag":"feed1000","t_us":1790242145833432,"ev":"page_build","i":876}
Sep 24 15:14:05.841179 Runner(Flutter)[2656] <Notice>: dartnative: ##BENCH## {"tag":"feed1000","t_us":1790242145833470,"ev":"page_build","i":877}
Sep 24 15:14:05.841263 Runner(Flutter)[2656] <Notice>: dartnative: ##BENCH## {"tag":"feed1000","t_us":1790242145833527,"ev":"page_build","i":878}
Sep 24 15:14:05.841300 Runner(Flutter)[2656] <Notice>: dartnative: ##BENCH## {"tag":"feed1000","t_us":1790242145833580,"ev":"page_build","i":879}
Sep 24 15:14:05.841607 Runner(Flutter)[2656] <Notice>: dartnative: ##BENCH## {"tag":"feed1000","t_us":1790242145833613,"ev":"page_build","i":880}
Sep 24 15:14:05.841762 Runner(Flutter)[2656] <Notice>: dartnative: ##BENCH## {"tag":"feed1000","t_us":1790242145833670,"ev":"page_build","i":881}
Sep 24 15:14:05.841875 Runner(Flutter)[2656] <Notice>: dartnative: ##BENCH## {"tag":"feed1000","t_us":1790242145833715,"ev":"page_build","i":882}
Sep 24 15:14:05.841977 Runner(Flutter)[2656] <Notice>: dartnative: ##BENCH## {"tag":"feed1000","t_us":1790242145833786,"ev":"page_build","i":883}
Sep 24 15:14:05.842093 Runner(Flutter)[2656] <Notice>: dartnative: ##BENCH## {"tag":"feed1000","t_us":1790242145833836,"ev":"page_build","i":884}
Sep 24 15:14:05.842294 Runner(Flutter)[2656] <Notice>: dartnative: ##BENCH## {"tag":"feed1000","t_us":1790242145833871,"ev":"page_build","i":885}
Sep 24 15:14:05.842393 Runner(Flutter)[2656] <Notice>: dartnative: ##BENCH## {"tag":"feed1000","t_us":1790242145833918,"ev":"page_build","i":886}
Sep 24 15:14:05.842482 Runner(Flutter)[2656] <Notice>: dartnative: ##BENCH## {"tag":"feed1000","t_us":1790242145834001,"ev":"page_build","i":887}
Sep 24 15:14:05.842618 Runner(Flutter)[2656] <Notice>: dartnative: ##BENCH## {"tag":"feed1000","t_us":1790242145834117,"ev":"page_build","i":888}
Sep 24 15:14:05.842638 Runner(Flutter)[2656] <Notice>: dartnative: ##BENCH## {"tag":"feed1000","t_us":1790242145834180,"ev":"page_build","i":889}
Sep 24 15:14:05.842731 Runner(Flutter)[2656] <Notice>: dartnative: ##BENCH## {"tag":"feed1000","t_us":1790242145834218,"ev":"page_build","i":890}
Sep 24 15:14:05.842749 Runner(Flutter)[2656] <Notice>: dartnative: ##BENCH## {"tag":"feed1000","t_us":1790242145834287,"ev":"page_build","i":891}
Sep 24 15:14:05.842843 Runner(Flutter)[2656] <Notice>: dartnative: ##BENCH## {"tag":"feed1000","t_us":1790242145834339,"ev":"page_build","i":892}
Sep 24 15:14:05.842911 Runner(Flutter)[2656] <Notice>: dartnative: ##BENCH## {"tag":"feed1000","t_us":1790242145834407,"ev":"page_build","i":893}
Sep 24 15:14:05.843706 Runner(Flutter)[2656] <Notice>: dartnative: ##BENCH## {"tag":"feed1000","t_us":1790242145834552,"ev":"page_build","i":894}
Sep 24 15:14:05.843735 Runner(Flutter)[2656] <Notice>: dartnative: ##BENCH## {"tag":"feed1000","t_us":1790242145834605,"ev":"page_build","i":895}
Sep 24 15:14:05.843778 Runner(Flutter)[2656] <Notice>: dartnative: ##BENCH## {"tag":"feed1000","t_us":1790242145834659,"ev":"page_build","i":896}
Sep 24 15:14:05.844142 Runner(Flutter)[2656] <Notice>: dartnative: ##BENCH## {"tag":"feed1000","t_us":1790242145834694,"ev":"page_build","i":897}
Sep 24 15:14:05.844344 Runner(Flutter)[2656] <Notice>: dartnative: ##BENCH## {"tag":"feed1000","t_us":1790242145834751,"ev":"page_build","i":898}
Sep 24 15:14:05.844354 Runner(Flutter)[2656] <Notice>: dartnative: ##BENCH## {"tag":"feed1000","t_us":1790242145834811,"ev":"page_build","i":899}
Sep 24 15:14:05.844646 Runner(Flutter)[2656] <Notice>: dartnative: ##BENCH## {"tag":"feed1000","t_us":1790242145834866,"ev":"page_build","i":900}
Sep 24 15:14:05.844655 Runner(Flutter)[2656] <Notice>: dartnative: ##BENCH## {"tag":"feed1000","t_us":1790242145834912,"ev":"page_build","i":901}
Sep 24 15:14:05.844688 Runner(Flutter)[2656] <Notice>: dartnative: ##BENCH## {"tag":"feed1000","t_us":1790242145835037,"ev":"page_build","i":902}
Sep 24 15:14:05.844723 Runner(Flutter)[2656] <Notice>: dartnative: ##BENCH## {"tag":"feed1000","t_us":1790242145835081,"ev":"page_build","i":903}
Sep 24 15:14:05.844826 Runner(Flutter)[2656] <Notice>: dartnative: ##BENCH## {"tag":"feed1000","t_us":1790242145835141,"ev":"page_build","i":904}
Sep 24 15:14:05.844877 Runner(Flutter)[2656] <Notice>: dartnative: ##BENCH## {"tag":"feed1000","t_us":1790242145835194,"ev":"page_build","i":905}
Sep 24 15:14:05.844934 Runner(Flutter)[2656] <Notice>: dartnative: ##BENCH## {"tag":"feed1000","t_us":1790242145835280,"ev":"page_build","i":906}
Sep 24 15:14:05.845109 Runner(Flutter)[2656] <Notice>: dartnative: ##BENCH## {"tag":"feed1000","t_us":1790242145835301,"ev":"page_build","i":907}
Sep 24 15:14:05.845163 Runner(Flutter)[2656] <Notice>: dartnative: ##BENCH## {"tag":"feed1000","t_us":1790242145835354,"ev":"page_build","i":908}
Sep 24 15:14:05.845223 Runner(Flutter)[2656] <Notice>: dartnative: ##BENCH## {"tag":"feed1000","t_us":1790242145835373,"ev":"page_build","i":909}
Sep 24 15:14:05.845261 Runner(Flutter)[2656] <Notice>: dartnative: ##BENCH## {"tag":"feed1000","t_us":1790242145835440,"ev":"page_build","i":910}
Sep 24 15:14:05.845340 Runner(Flutter)[2656] <Notice>: dartnative: ##BENCH## {"tag":"feed1000","t_us":1790242145835489,"ev":"page_build","i":911}
Sep 24 15:14:05.845484 Runner(Flutter)[2656] <Notice>: dartnative: ##BENCH## {"tag":"feed1000","t_us":1790242145835525,"ev":"page_build","i":912}
Sep 24 15:14:05.845518 Runner(Flutter)[2656] <Notice>: dartnative: ##BENCH## {"tag":"feed1000","t_us":1790242145835561,"ev":"page_build","i":913}
Sep 24 15:14:05.845536 Runner(Flutter)[2656] <Notice>: dartnative: ##BENCH## {"tag":"feed1000","t_us":1790242145835611,"ev":"page_build","i":914}
Sep 24 15:14:05.845559 Runner(Flutter)[2656] <Notice>: dartnative: ##BENCH## {"tag":"feed1000","t_us":1790242145835659,"ev":"page_build","i":915}
Sep 24 15:14:05.845591 Runner(Flutter)[2656] <Notice>: dartnative: ##BENCH## {"tag":"feed1000","t_us":1790242145835713,"ev":"page_build","i":916}
Sep 24 15:14:05.845608 Runner(Flutter)[2656] <Notice>: dartnative: ##BENCH## {"tag":"feed1000","t_us":1790242145835778,"ev":"page_build","i":917}
Sep 24 15:14:05.845627 Runner(Flutter)[2656] <Notice>: dartnative: ##BENCH## {"tag":"feed1000","t_us":1790242145835817,"ev":"page_build","i":918}
Sep 24 15:14:05.845654 Runner(Flutter)[2656] <Notice>: dartnative: ##BENCH## {"tag":"feed1000","t_us":1790242145835860,"ev":"page_build","i":919}
Sep 24 15:14:05.845686 Runner(Flutter)[2656] <Notice>: dartnative: ##BENCH## {"tag":"feed1000","t_us":1790242145835916,"ev":"page_build","i":920}
Sep 24 15:14:05.845703 Runner(Flutter)[2656] <Notice>: dartnative: ##BENCH## {"tag":"feed1000","t_us":1790242145835972,"ev":"page_build","i":921}
Sep 24 15:14:05.845718 Runner(Flutter)[2656] <Notice>: dartnative: ##BENCH## {"tag":"feed1000","t_us":1790242145836012,"ev":"page_build","i":922}
Sep 24 15:14:05.845760 Runner(Flutter)[2656] <Notice>: dartnative: ##BENCH## {"tag":"feed1000","t_us":1790242145836062,"ev":"page_build","i":923}
Sep 24 15:14:05.845767 Runner(Flutter)[2656] <Notice>: dartnative: ##BENCH## {"tag":"feed1000","t_us":1790242145836135,"ev":"page_build","i":924}
Sep 24 15:14:05.845800 Runner(Flutter)[2656] <Notice>: dartnative: ##BENCH## {"tag":"feed1000","t_us":1790242145836179,"ev":"page_build","i":925}
Sep 24 15:14:05.845828 Runner(Flutter)[2656] <Notice>: dartnative: ##BENCH## {"tag":"feed1000","t_us":1790242145836232,"ev":"page_build","i":926}
Sep 24 15:14:05.845865 Runner(Flutter)[2656] <Notice>: dartnative: ##BENCH## {"tag":"feed1000","t_us":1790242145836254,"ev":"page_build","i":927}
Sep 24 15:14:05.845892 Runner(Flutter)[2656] <Notice>: dartnative: ##BENCH## {"tag":"feed1000","t_us":1790242145836334,"ev":"page_build","i":928}
Sep 24 15:14:05.845915 Runner(Flutter)[2656] <Notice>: dartnative: ##BENCH## {"tag":"feed1000","t_us":1790242145836369,"ev":"page_build","i":929}
Sep 24 15:14:05.845923 Runner(Flutter)[2656] <Notice>: dartnative: ##BENCH## {"tag":"feed1000","t_us":1790242145836424,"ev":"page_build","i":930}
Sep 24 15:14:05.845948 Runner(Flutter)[2656] <Notice>: dartnative: ##BENCH## {"tag":"feed1000","t_us":1790242145836523,"ev":"page_build","i":931}
Sep 24 15:14:05.845970 Runner(Flutter)[2656] <Notice>: dartnative: ##BENCH## {"tag":"feed1000","t_us":1790242145836570,"ev":"page_build","i":932}
Sep 24 15:14:05.845985 Runner(Flutter)[2656] <Notice>: dartnative: ##BENCH## {"tag":"feed1000","t_us":1790242145836681,"ev":"page_build","i":933}
Sep 24 15:14:05.846012 Runner(Flutter)[2656] <Notice>: dartnative: ##BENCH## {"tag":"feed1000","t_us":1790242145836745,"ev":"page_build","i":934}
Sep 24 15:14:05.846035 Runner(Flutter)[2656] <Notice>: dartnative: ##BENCH## {"tag":"feed1000","t_us":1790242145836841,"ev":"page_build","i":935}
Sep 24 15:14:05.846059 Runner(Flutter)[2656] <Notice>: dartnative: ##BENCH## {"tag":"feed1000","t_us":1790242145836920,"ev":"page_build","i":936}
Sep 24 15:14:05.846073 Runner(Flutter)[2656] <Notice>: dartnative: ##BENCH## {"tag":"feed1000","t_us":1790242145836974,"ev":"page_build","i":937}
Sep 24 15:14:05.846097 Runner(Flutter)[2656] <Notice>: dartnative: ##BENCH## {"tag":"feed1000","t_us":1790242145837020,"ev":"page_build","i":938}
Sep 24 15:14:05.846112 Runner(Flutter)[2656] <Notice>: dartnative: ##BENCH## {"tag":"feed1000","t_us":1790242145837069,"ev":"page_build","i":939}
Sep 24 15:14:05.846143 Runner(Flutter)[2656] <Notice>: dartnative: ##BENCH## {"tag":"feed1000","t_us":1790242145837159,"ev":"page_build","i":940}
Sep 24 15:14:05.846173 Runner(Flutter)[2656] <Notice>: dartnative: ##BENCH## {"tag":"feed1000","t_us":1790242145837210,"ev":"page_build","i":941}
Sep 24 15:14:05.846199 Runner(Flutter)[2656] <Notice>: dartnative: ##BENCH## {"tag":"feed1000","t_us":1790242145837251,"ev":"page_build","i":942}
Sep 24 15:14:05.846221 Runner(Flutter)[2656] <Notice>: dartnative: ##BENCH## {"tag":"feed1000","t_us":1790242145837321,"ev":"page_build","i":943}
Sep 24 15:14:05.846252 Runner(Flutter)[2656] <Notice>: dartnative: ##BENCH## {"tag":"feed1000","t_us":1790242145837368,"ev":"page_build","i":944}
Sep 24 15:14:05.846267 Runner(Flutter)[2656] <Notice>: dartnative: ##BENCH## {"tag":"feed1000","t_us":1790242145837406,"ev":"page_build","i":945}
Sep 24 15:14:05.846289 Runner(Flutter)[2656] <Notice>: dartnative: ##BENCH## {"tag":"feed1000","t_us":1790242145837475,"ev":"page_build","i":946}
Sep 24 15:14:05.846304 Runner(Flutter)[2656] <Notice>: dartnative: ##BENCH## {"tag":"feed1000","t_us":1790242145837534,"ev":"page_build","i":947}
Sep 24 15:14:05.846326 Runner(Flutter)[2656] <Notice>: dartnative: ##BENCH## {"tag":"feed1000","t_us":1790242145837618,"ev":"page_build","i":948}
Sep 24 15:14:05.846351 Runner(Flutter)[2656] <Notice>: dartnative: ##BENCH## {"tag":"feed1000","t_us":1790242145837708,"ev":"page_build","i":949}
Sep 24 15:14:05.846373 Runner(Flutter)[2656] <Notice>: dartnative: ##BENCH## {"tag":"feed1000","t_us":1790242145837777,"ev":"page_build","i":950}
Sep 24 15:14:05.846380 Runner(Flutter)[2656] <Notice>: dartnative: ##BENCH## {"tag":"feed1000","t_us":1790242145837825,"ev":"page_build","i":951}
Sep 24 15:14:05.846400 Runner(Flutter)[2656] <Notice>: dartnative: ##BENCH## {"tag":"feed1000","t_us":1790242145837877,"ev":"page_build","i":952}
Sep 24 15:14:05.846424 Runner(Flutter)[2656] <Notice>: dartnative: ##BENCH## {"tag":"feed1000","t_us":1790242145837917,"ev":"page_build","i":953}
Sep 24 15:14:05.846459 Runner(Flutter)[2656] <Notice>: dartnative: ##BENCH## {"tag":"feed1000","t_us":1790242145837991,"ev":"page_build","i":954}
Sep 24 15:14:05.846483 Runner(Flutter)[2656] <Notice>: dartnative: ##BENCH## {"tag":"feed1000","t_us":1790242145838027,"ev":"page_build","i":955}
Sep 24 15:14:05.846520 Runner(Flutter)[2656] <Notice>: dartnative: ##BENCH## {"tag":"feed1000","t_us":1790242145838086,"ev":"page_build","i":956}
Sep 24 15:14:05.846542 Runner(Flutter)[2656] <Notice>: dartnative: ##BENCH## {"tag":"feed1000","t_us":1790242145838171,"ev":"page_build","i":957}
Sep 24 15:14:05.846563 Runner(Flutter)[2656] <Notice>: dartnative: ##BENCH## {"tag":"feed1000","t_us":1790242145838230,"ev":"page_build","i":958}
Sep 24 15:14:05.846577 Runner(Flutter)[2656] <Notice>: dartnative: ##BENCH## {"tag":"feed1000","t_us":1790242145838249,"ev":"page_build","i":959}
Sep 24 15:14:05.846597 Runner(Flutter)[2656] <Notice>: dartnative: ##BENCH## {"tag":"feed1000","t_us":1790242145838326,"ev":"page_build","i":960}
Sep 24 15:14:05.846604 Runner(Flutter)[2656] <Notice>: dartnative: ##BENCH## {"tag":"feed1000","t_us":1790242145838360,"ev":"page_build","i":961}
Sep 24 15:14:05.846628 Runner(Flutter)[2656] <Notice>: dartnative: ##BENCH## {"tag":"feed1000","t_us":1790242145838457,"ev":"page_build","i":962}
Sep 24 15:14:05.846634 Runner(Flutter)[2656] <Notice>: dartnative: ##BENCH## {"tag":"feed1000","t_us":1790242145838505,"ev":"page_build","i":963}
Sep 24 15:14:05.846649 Runner(Flutter)[2656] <Notice>: dartnative: ##BENCH## {"tag":"feed1000","t_us":1790242145838606,"ev":"page_build","i":964}
Sep 24 15:14:05.846663 Runner(Flutter)[2656] <Notice>: dartnative: ##BENCH## {"tag":"feed1000","t_us":1790242145838665,"ev":"page_build","i":965}
Sep 24 15:14:05.846679 Runner(Flutter)[2656] <Notice>: dartnative: ##BENCH## {"tag":"feed1000","t_us":1790242145838736,"ev":"page_build","i":966}
Sep 24 15:14:05.846716 Runner(Flutter)[2656] <Notice>: dartnative: ##BENCH## {"tag":"feed1000","t_us":1790242145838805,"ev":"page_build","i":967}
Sep 24 15:14:05.846742 Runner(Flutter)[2656] <Notice>: dartnative: ##BENCH## {"tag":"feed1000","t_us":1790242145838876,"ev":"page_build","i":968}
Sep 24 15:14:05.846763 Runner(Flutter)[2656] <Notice>: dartnative: ##BENCH## {"tag":"feed1000","t_us":1790242145838939,"ev":"page_build","i":969}
Sep 24 15:14:05.846787 Runner(Flutter)[2656] <Notice>: dartnative: ##BENCH## {"tag":"feed1000","t_us":1790242145838975,"ev":"page_build","i":970}
Sep 24 15:14:05.846814 Runner(Flutter)[2656] <Notice>: dartnative: ##BENCH## {"tag":"feed1000","t_us":1790242145839033,"ev":"page_build","i":971}
Sep 24 15:14:05.846830 Runner(Flutter)[2656] <Notice>: dartnative: ##BENCH## {"tag":"feed1000","t_us":1790242145839073,"ev":"page_build","i":972}
Sep 24 15:14:05.846845 Runner(Flutter)[2656] <Notice>: dartnative: ##BENCH## {"tag":"feed1000","t_us":1790242145839122,"ev":"page_build","i":973}
Sep 24 15:14:05.846860 Runner(Flutter)[2656] <Notice>: dartnative: ##BENCH## {"tag":"feed1000","t_us":1790242145839181,"ev":"page_build","i":974}
Sep 24 15:14:05.846887 Runner(Flutter)[2656] <Notice>: dartnative: ##BENCH## {"tag":"feed1000","t_us":1790242145839273,"ev":"page_build","i":975}
Sep 24 15:14:05.846911 Runner(Flutter)[2656] <Notice>: dartnative: ##BENCH## {"tag":"feed1000","t_us":1790242145839353,"ev":"page_build","i":976}
Sep 24 15:14:05.846918 Runner(Flutter)[2656] <Notice>: dartnative: ##BENCH## {"tag":"feed1000","t_us":1790242145839436,"ev":"page_build","i":977}
Sep 24 15:14:05.846924 Runner(Flutter)[2656] <Notice>: dartnative: ##BENCH## {"tag":"feed1000","t_us":1790242145839586,"ev":"page_build","i":978}
Sep 24 15:14:05.846954 Runner(Flutter)[2656] <Notice>: dartnative: ##BENCH## {"tag":"feed1000","t_us":1790242145839630,"ev":"page_build","i":979}
Sep 24 15:14:05.846967 Runner(Flutter)[2656] <Notice>: dartnative: ##BENCH## {"tag":"feed1000","t_us":1790242145839680,"ev":"page_build","i":980}
Sep 24 15:14:05.846989 Runner(Flutter)[2656] <Notice>: dartnative: ##BENCH## {"tag":"feed1000","t_us":1790242145839722,"ev":"page_build","i":981}
Sep 24 15:14:05.847020 Runner(Flutter)[2656] <Notice>: dartnative: ##BENCH## {"tag":"feed1000","t_us":1790242145839862,"ev":"page_build","i":982}
Sep 24 15:14:05.847070 Runner(Flutter)[2656] <Notice>: dartnative: ##BENCH## {"tag":"feed1000","t_us":1790242145839898,"ev":"page_build","i":983}
Sep 24 15:14:05.847077 Runner(Flutter)[2656] <Notice>: dartnative: ##BENCH## {"tag":"feed1000","t_us":1790242145839929,"ev":"page_build","i":984}
Sep 24 15:14:05.847106 Runner(Flutter)[2656] <Notice>: dartnative: ##BENCH## {"tag":"feed1000","t_us":1790242145839968,"ev":"page_build","i":985}
Sep 24 15:14:05.847130 Runner(Flutter)[2656] <Notice>: dartnative: ##BENCH## {"tag":"feed1000","t_us":1790242145840003,"ev":"page_build","i":986}
Sep 24 15:14:05.847161 Runner(Flutter)[2656] <Notice>: dartnative: ##BENCH## {"tag":"feed1000","t_us":1790242145840067,"ev":"page_build","i":987}
Sep 24 15:14:05.847197 Runner(Flutter)[2656] <Notice>: dartnative: ##BENCH## {"tag":"feed1000","t_us":1790242145840120,"ev":"page_build","i":988}
Sep 24 15:14:05.847220 Runner(Flutter)[2656] <Notice>: dartnative: ##BENCH## {"tag":"feed1000","t_us":1790242145840209,"ev":"page_build","i":989}
Sep 24 15:14:05.847247 Runner(Flutter)[2656] <Notice>: dartnative: ##BENCH## {"tag":"feed1000","t_us":1790242145840308,"ev":"page_build","i":990}
Sep 24 15:14:05.847269 Runner(Flutter)[2656] <Notice>: dartnative: ##BENCH## {"tag":"feed1000","t_us":1790242145840383,"ev":"page_build","i":991}
Sep 24 15:14:05.847293 Runner(Flutter)[2656] <Notice>: dartnative: ##BENCH## {"tag":"feed1000","t_us":1790242145840442,"ev":"page_build","i":992}
Sep 24 15:14:05.847314 Runner(Flutter)[2656] <Notice>: dartnative: ##BENCH## {"tag":"feed1000","t_us":1790242145840492,"ev":"page_build","i":993}
Sep 24 15:14:05.849212 Runner(Flutter)[2656] <Notice>: dartnative: ##BENCH## {"tag":"feed1000","t_us":1790242145840602,"ev":"page_build","i":994}
Sep 24 15:14:05.849247 Runner(Flutter)[2656] <Notice>: dartnative: ##BENCH## {"tag":"feed1000","t_us":1790242145840683,"ev":"page_build","i":995}
Sep 24 15:14:05.849310 Runner(Flutter)[2656] <Notice>: dartnative: ##BENCH## {"tag":"feed1000","t_us":1790242145840776,"ev":"page_build","i":996}
Sep 24 15:14:05.849324 Runner(Flutter)[2656] <Notice>: dartnative: ##BENCH## {"tag":"feed1000","t_us":1790242145840821,"ev":"page_build","i":997}
Sep 24 15:14:05.853257 Runner(Flutter)[2656] <Notice>: dartnative: ##BENCH## {"tag":"feed1000","t_us":1790242145840914,"ev":"page_build","i":998}
Sep 24 15:14:05.856415 Runner(Flutter)[2656] <Notice>: dartnative: ##BENCH## {"tag":"feed1000","t_us":1790242145840992,"ev":"page_build","i":999}
Sep 24 15:14:07.819917 Runner(Flutter)[2656] <Notice>: dartnative: ##BENCH## {"tag":"feed1000","t_us":1790242147819869,"ev":"first_frame"}
Sep 24 15:14:08.291845 Runner(Flutter)[2656] <Notice>: dartnative: ##BENCH## {"tag":"feed1000","t_us":1790242148291066,"ev":"ctrl_ready","i":2}
Sep 24 15:14:08.291871 Runner(Flutter)[2656] <Notice>: dartnative: ##BENCH## {"tag":"feed1000","t_us":1790242148291134,"ev":"ctrl_ready","i":1}
Sep 24 15:14:08.291896 Runner(Flutter)[2656] <Notice>: dartnative: ##BENCH## {"tag":"feed1000","t_us":1790242148291224,"ev":"page_build","i":0}
Sep 24 15:14:08.291904 Runner(Flutter)[2656] <Notice>: dartnative: ##BENCH## {"tag":"feed1000","t_us":1790242148291358,"ev":"page_build","i":1}
Sep 24 15:14:08.606071 Runner(Flutter)[2656] <Notice>: dartnative: ##BENCH## {"tag":"feed1000","t_us":1790242148605993,"ev":"page_build","i":2}
Sep 24 15:14:08.607055 Runner(Flutter)[2656] <Notice>: dartnative: ##BENCH## {"tag":"feed1000","t_us":1790242148606933,"ev":"page_build","i":3}
Sep 24 15:14:08.607077 Runner(Flutter)[2656] <Notice>: dartnative: ##BENCH## {"tag":"feed1000","t_us":1790242148606981,"ev":"page_build","i":4}
Sep 24 15:14:08.607085 Runner(Flutter)[2656] <Notice>: dartnative: ##BENCH## {"tag":"feed1000","t_us":1790242148607013,"ev":"page_build","i":5}
Sep 24 15:14:08.607093 Runner(Flutter)[2656] <Notice>: dartnative: ##BENCH## {"tag":"feed1000","t_us":1790242148607047,"ev":"page_build","i":6}
Sep 24 15:14:08.607200 Runner(Flutter)[2656] <Notice>: dartnative: ##BENCH## {"tag":"feed1000","t_us":1790242148607106,"ev":"page_build","i":7}
Sep 24 15:14:08.607373 Runner(Flutter)[2656] <Notice>: dartnative: ##BENCH## {"tag":"feed1000","t_us":1790242148607161,"ev":"page_build","i":8}
Sep 24 15:14:08.607397 Runner(Flutter)[2656] <Notice>: dartnative: ##BENCH## {"tag":"feed1000","t_us":1790242148607201,"ev":"page_build","i":9}
Sep 24 15:14:08.607421 Runner(Flutter)[2656] <Notice>: dartnative: ##BENCH## {"tag":"feed1000","t_us":1790242148607254,"ev":"page_build","i":10}
Sep 24 15:14:08.607443 Runner(Flutter)[2656] <Notice>: dartnative: ##BENCH## {"tag":"feed1000","t_us":1790242148607303,"ev":"page_build","i":11}
Sep 24 15:14:08.607489 Runner(Flutter)[2656] <Notice>: dartnative: ##BENCH## {"tag":"feed1000","t_us":1790242148607340,"ev":"page_build","i":12}
Sep 24 15:14:08.607585 Runner(Flutter)[2656] <Notice>: dartnative: ##BENCH## {"tag":"feed1000","t_us":1790242148607370,"ev":"page_build","i":13}
Sep 24 15:14:08.607620 Runner(Flutter)[2656] <Notice>: dartnative: ##BENCH## {"tag":"feed1000","t_us":1790242148607476,"ev":"page_build","i":14}
Sep 24 15:14:08.607661 Runner(Flutter)[2656] <Notice>: dartnative: ##BENCH## {"tag":"feed1000","t_us":1790242148607549,"ev":"page_build","i":15}
Sep 24 15:14:08.607749 Runner(Flutter)[2656] <Notice>: dartnative: ##BENCH## {"tag":"feed1000","t_us":1790242148607581,"ev":"page_build","i":16}
Sep 24 15:14:08.607829 Runner(Flutter)[2656] <Notice>: dartnative: ##BENCH## {"tag":"feed1000","t_us":1790242148607643,"ev":"page_build","i":17}
Sep 24 15:14:08.607868 Runner(Flutter)[2656] <Notice>: dartnative: ##BENCH## {"tag":"feed1000","t_us":1790242148607713,"ev":"page_build","i":18}
Sep 24 15:14:08.607991 Runner(Flutter)[2656] <Notice>: dartnative: ##BENCH## {"tag":"feed1000","t_us":1790242148607792,"ev":"page_build","i":19}
Sep 24 15:14:08.608089 Runner(Flutter)[2656] <Notice>: dartnative: ##BENCH## {"tag":"feed1000","t_us":1790242148607837,"ev":"page_build","i":20}
Sep 24 15:14:08.608135 Runner(Flutter)[2656] <Notice>: dartnative: ##BENCH## {"tag":"feed1000","t_us":1790242148607900,"ev":"page_build","i":21}
Sep 24 15:14:08.608221 Runner(Flutter)[2656] <Notice>: dartnative: ##BENCH## {"tag":"feed1000","t_us":1790242148607951,"ev":"page_build","i":22}
Sep 24 15:14:08.608282 Runner(Flutter)[2656] <Notice>: dartnative: ##BENCH## {"tag":"feed1000","t_us":1790242148607982,"ev":"page_build","i":23}
Sep 24 15:14:08.608332 Runner(Flutter)[2656] <Notice>: dartnative: ##BENCH## {"tag":"feed1000","t_us":1790242148608067,"ev":"page_build","i":24}
Sep 24 15:14:08.608425 Runner(Flutter)[2656] <Notice>: dartnative: ##BENCH## {"tag":"feed1000","t_us":1790242148608118,"ev":"page_build","i":25}
Sep 24 15:14:08.608486 Runner(Flutter)[2656] <Notice>: dartnative: ##BENCH## {"tag":"feed1000","t_us":1790242148608196,"ev":"page_build","i":26}
Sep 24 15:14:08.608526 Runner(Flutter)[2656] <Notice>: dartnative: ##BENCH## {"tag":"feed1000","t_us":1790242148608250,"ev":"page_build","i":27}
Sep 24 15:14:08.608553 Runner(Flutter)[2656] <Notice>: dartnative: ##BENCH## {"tag":"feed1000","t_us":1790242148608281,"ev":"page_build","i":28}
Sep 24 15:14:08.608565 Runner(Flutter)[2656] <Notice>: dartnative: ##BENCH## {"tag":"feed1000","t_us":1790242148608366,"ev":"page_build","i":29}
Sep 24 15:14:08.608622 Runner(Flutter)[2656] <Notice>: dartnative: ##BENCH## {"tag":"feed1000","t_us":1790242148608413,"ev":"page_build","i":30}
Sep 24 15:14:08.608640 Runner(Flutter)[2656] <Notice>: dartnative: ##BENCH## {"tag":"feed1000","t_us":1790242148608454,"ev":"page_build","i":31}
Sep 24 15:14:08.608731 Runner(Flutter)[2656] <Notice>: dartnative: ##BENCH## {"tag":"feed1000","t_us":1790242148608485,"ev":"page_build","i":32}
Sep 24 15:14:08.608746 Runner(Flutter)[2656] <Notice>: dartnative: ##BENCH## {"tag":"feed1000","t_us":1790242148608548,"ev":"page_build","i":33}
Sep 24 15:14:08.608753 Runner(Flutter)[2656] <Notice>: dartnative: ##BENCH## {"tag":"feed1000","t_us":1790242148608590,"ev":"page_build","i":34}
Sep 24 15:14:08.608762 Runner(Flutter)[2656] <Notice>: dartnative: ##BENCH## {"tag":"feed1000","t_us":1790242148608636,"ev":"page_build","i":35}
Sep 24 15:14:08.608769 Runner(Flutter)[2656] <Notice>: dartnative: ##BENCH## {"tag":"feed1000","t_us":1790242148608678,"ev":"page_build","i":36}
Sep 24 15:14:08.608777 Runner(Flutter)[2656] <Notice>: dartnative: ##BENCH## {"tag":"feed1000","t_us":1790242148608714,"ev":"page_build","i":37}
Sep 24 15:14:08.608815 Runner(Flutter)[2656] <Notice>: dartnative: ##BENCH## {"tag":"feed1000","t_us":1790242148608745,"ev":"page_build","i":38}
Sep 24 15:14:08.608909 Runner(Flutter)[2656] <Notice>: dartnative: ##BENCH## {"tag":"feed1000","t_us":1790242148608841,"ev":"page_build","i":39}
Sep 24 15:14:08.608928 Runner(Flutter)[2656] <Notice>: dartnative: ##BENCH## {"tag":"feed1000","t_us":1790242148608882,"ev":"page_build","i":40}
Sep 24 15:14:08.608951 Runner(Flutter)[2656] <Notice>: dartnative: ##BENCH## {"tag":"feed1000","t_us":1790242148608918,"ev":"page_build","i":41}
Sep 24 15:14:08.609035 Runner(Flutter)[2656] <Notice>: dartnative: ##BENCH## {"tag":"feed1000","t_us":1790242148608994,"ev":"page_build","i":42}
Sep 24 15:14:08.609063 Runner(Flutter)[2656] <Notice>: dartnative: ##BENCH## {"tag":"feed1000","t_us":1790242148609026,"ev":"page_build","i":43}
Sep 24 15:14:08.609109 Runner(Flutter)[2656] <Notice>: dartnative: ##BENCH## {"tag":"feed1000","t_us":1790242148609065,"ev":"page_build","i":44}
Sep 24 15:14:08.609161 Runner(Flutter)[2656] <Notice>: dartnative: ##BENCH## {"tag":"feed1000","t_us":1790242148609104,"ev":"page_build","i":45}
Sep 24 15:14:08.609192 Runner(Flutter)[2656] <Notice>: dartnative: ##BENCH## {"tag":"feed1000","t_us":1790242148609139,"ev":"page_build","i":46}
Sep 24 15:14:08.610531 Runner(Flutter)[2656] <Notice>: dartnative: ##BENCH## {"tag":"feed1000","t_us":1790242148610472,"ev":"page_build","i":47}
Sep 24 15:14:08.610642 Runner(Flutter)[2656] <Notice>: dartnative: ##BENCH## {"tag":"feed1000","t_us":1790242148610529,"ev":"page_build","i":48}
Sep 24 15:14:08.610664 Runner(Flutter)[2656] <Notice>: dartnative: ##BENCH## {"tag":"feed1000","t_us":1790242148610570,"ev":"page_build","i":49}
Sep 24 15:14:08.610683 Runner(Flutter)[2656] <Notice>: dartnative: ##BENCH## {"tag":"feed1000","t_us":1790242148610609,"ev":"page_build","i":50}
Sep 24 15:14:08.610701 Runner(Flutter)[2656] <Notice>: dartnative: ##BENCH## {"tag":"feed1000","t_us":1790242148610647,"ev":"page_build","i":51}
Sep 24 15:14:08.610774 Runner(Flutter)[2656] <Notice>: dartnative: ##BENCH## {"tag":"feed1000","t_us":1790242148610715,"ev":"page_build","i":52}
Sep 24 15:14:08.610851 Runner(Flutter)[2656] <Notice>: dartnative: ##BENCH## {"tag":"feed1000","t_us":1790242148610764,"ev":"page_build","i":53}
Sep 24 15:14:08.610866 Runner(Flutter)[2656] <Notice>: dartnative: ##BENCH## {"tag":"feed1000","t_us":1790242148610816,"ev":"page_build","i":54}
Sep 24 15:14:08.610892 Runner(Flutter)[2656] <Notice>: dartnative: ##BENCH## {"tag":"feed1000","t_us":1790242148610849,"ev":"page_build","i":55}
Sep 24 15:14:08.610963 Runner(Flutter)[2656] <Notice>: dartnative: ##BENCH## {"tag":"feed1000","t_us":1790242148610907,"ev":"page_build","i":56}
Sep 24 15:14:08.611011 Runner(Flutter)[2656] <Notice>: dartnative: ##BENCH## {"tag":"feed1000","t_us":1790242148610964,"ev":"page_build","i":57}
Sep 24 15:14:08.611055 Runner(Flutter)[2656] <Notice>: dartnative: ##BENCH## {"tag":"feed1000","t_us":1790242148611008,"ev":"page_build","i":58}
Sep 24 15:14:08.611109 Runner(Flutter)[2656] <Notice>: dartnative: ##BENCH## {"tag":"feed1000","t_us":1790242148611048,"ev":"page_build","i":59}
Sep 24 15:14:08.611183 Runner(Flutter)[2656] <Notice>: dartnative: ##BENCH## {"tag":"feed1000","t_us":1790242148611105,"ev":"page_build","i":60}
Sep 24 15:14:08.611197 Runner(Flutter)[2656] <Notice>: dartnative: ##BENCH## {"tag":"feed1000","t_us":1790242148611151,"ev":"page_build","i":61}
Sep 24 15:14:08.611236 Runner(Flutter)[2656] <Notice>: dartnative: ##BENCH## {"tag":"feed1000","t_us":1790242148611183,"ev":"page_build","i":62}
Sep 24 15:14:08.611301 Runner(Flutter)[2656] <Notice>: dartnative: ##BENCH## {"tag":"feed1000","t_us":1790242148611236,"ev":"page_build","i":63}
Sep 24 15:14:08.611350 Runner(Flutter)[2656] <Notice>: dartnative: ##BENCH## {"tag":"feed1000","t_us":1790242148611296,"ev":"page_build","i":64}
Sep 24 15:14:08.611394 Runner(Flutter)[2656] <Notice>: dartnative: ##BENCH## {"tag":"feed1000","t_us":1790242148611343,"ev":"page_build","i":65}
Sep 24 15:14:08.611475 Runner(Flutter)[2656] <Notice>: dartnative: ##BENCH## {"tag":"feed1000","t_us":1790242148611440,"ev":"page_build","i":66}
Sep 24 15:14:08.611522 Runner(Flutter)[2656] <Notice>: dartnative: ##BENCH## {"tag":"feed1000","t_us":1790242148611474,"ev":"page_build","i":67}
Sep 24 15:14:08.611558 Runner(Flutter)[2656] <Notice>: dartnative: ##BENCH## {"tag":"feed1000","t_us":1790242148611514,"ev":"page_build","i":68}
Sep 24 15:14:08.611638 Runner(Flutter)[2656] <Notice>: dartnative: ##BENCH## {"tag":"feed1000","t_us":1790242148611558,"ev":"page_build","i":69}
Sep 24 15:14:08.611654 Runner(Flutter)[2656] <Notice>: dartnative: ##BENCH## {"tag":"feed1000","t_us":1790242148611615,"ev":"page_build","i":70}
Sep 24 15:14:08.611729 Runner(Flutter)[2656] <Notice>: dartnative: ##BENCH## {"tag":"feed1000","t_us":1790242148611646,"ev":"page_build","i":71}
Sep 24 15:14:08.611744 Runner(Flutter)[2656] <Notice>: dartnative: ##BENCH## {"tag":"feed1000","t_us":1790242148611706,"ev":"page_build","i":72}
Sep 24 15:14:08.611785 Runner(Flutter)[2656] <Notice>: dartnative: ##BENCH## {"tag":"feed1000","t_us":1790242148611736,"ev":"page_build","i":73}
Sep 24 15:14:08.611842 Runner(Flutter)[2656] <Notice>: dartnative: ##BENCH## {"tag":"feed1000","t_us":1790242148611786,"ev":"page_build","i":74}
Sep 24 15:14:08.611886 Runner(Flutter)[2656] <Notice>: dartnative: ##BENCH## {"tag":"feed1000","t_us":1790242148611844,"ev":"page_build","i":75}
Sep 24 15:14:08.611930 Runner(Flutter)[2656] <Notice>: dartnative: ##BENCH## {"tag":"feed1000","t_us":1790242148611888,"ev":"page_build","i":76}
Sep 24 15:14:08.611979 Runner(Flutter)[2656] <Notice>: dartnative: ##BENCH## {"tag":"feed1000","t_us":1790242148611929,"ev":"page_build","i":77}
Sep 24 15:14:08.612022 Runner(Flutter)[2656] <Notice>: dartnative: ##BENCH## {"tag":"feed1000","t_us":1790242148611976,"ev":"page_build","i":78}
Sep 24 15:14:08.612083 Runner(Flutter)[2656] <Notice>: dartnative: ##BENCH## {"tag":"feed1000","t_us":1790242148612021,"ev":"page_build","i":79}
Sep 24 15:14:08.612123 Runner(Flutter)[2656] <Notice>: dartnative: ##BENCH## {"tag":"feed1000","t_us":1790242148612076,"ev":"page_build","i":80}
Sep 24 15:14:08.612196 Runner(Flutter)[2656] <Notice>: dartnative: ##BENCH## {"tag":"feed1000","t_us":1790242148612121,"ev":"page_build","i":81}
Sep 24 15:14:08.612209 Runner(Flutter)[2656] <Notice>: dartnative: ##BENCH## {"tag":"feed1000","t_us":1790242148612165,"ev":"page_build","i":82}
Sep 24 15:14:08.612271 Runner(Flutter)[2656] <Notice>: dartnative: ##BENCH## {"tag":"feed1000","t_us":1790242148612196,"ev":"page_build","i":83}
Sep 24 15:14:08.612280 Runner(Flutter)[2656] <Notice>: dartnative: ##BENCH## {"tag":"feed1000","t_us":1790242148612234,"ev":"page_build","i":84}
Sep 24 15:14:08.612303 Runner(Flutter)[2656] <Notice>: dartnative: ##BENCH## {"tag":"feed1000","t_us":1790242148612265,"ev":"page_build","i":85}
Sep 24 15:14:08.612344 Runner(Flutter)[2656] <Notice>: dartnative: ##BENCH## {"tag":"feed1000","t_us":1790242148612296,"ev":"page_build","i":86}
Sep 24 15:14:08.612365 Runner(Flutter)[2656] <Notice>: dartnative: ##BENCH## {"tag":"feed1000","t_us":1790242148612327,"ev":"page_build","i":87}
Sep 24 15:14:08.612404 Runner(Flutter)[2656] <Notice>: dartnative: ##BENCH## {"tag":"feed1000","t_us":1790242148612358,"ev":"page_build","i":88}
Sep 24 15:14:08.612478 Runner(Flutter)[2656] <Notice>: dartnative: ##BENCH## {"tag":"feed1000","t_us":1790242148612405,"ev":"page_build","i":89}
Sep 24 15:14:08.612488 Runner(Flutter)[2656] <Notice>: dartnative: ##BENCH## {"tag":"feed1000","t_us":1790242148612437,"ev":"page_build","i":90}
Sep 24 15:14:08.612515 Runner(Flutter)[2656] <Notice>: dartnative: ##BENCH## {"tag":"feed1000","t_us":1790242148612475,"ev":"page_build","i":91}
Sep 24 15:14:08.612557 Runner(Flutter)[2656] <Notice>: dartnative: ##BENCH## {"tag":"feed1000","t_us":1790242148612507,"ev":"page_build","i":92}
Sep 24 15:14:08.612567 Runner(Flutter)[2656] <Notice>: dartnative: ##BENCH## {"tag":"feed1000","t_us":1790242148612539,"ev":"page_build","i":93}
Sep 24 15:14:08.612600 Runner(Flutter)[2656] <Notice>: dartnative: ##BENCH## {"tag":"feed1000","t_us":1790242148612569,"ev":"page_build","i":94}
Sep 24 15:14:08.612638 Runner(Flutter)[2656] <Notice>: dartnative: ##BENCH## {"tag":"feed1000","t_us":1790242148612602,"ev":"page_build","i":95}
Sep 24 15:14:08.612674 Runner(Flutter)[2656] <Notice>: dartnative: ##BENCH## {"tag":"feed1000","t_us":1790242148612633,"ev":"page_build","i":96}
Sep 24 15:14:08.612712 Runner(Flutter)[2656] <Notice>: dartnative: ##BENCH## {"tag":"feed1000","t_us":1790242148612666,"ev":"page_build","i":97}
Sep 24 15:14:08.612747 Runner(Flutter)[2656] <Notice>: dartnative: ##BENCH## {"tag":"feed1000","t_us":1790242148612698,"ev":"page_build","i":98}
Sep 24 15:14:08.612778 Runner(Flutter)[2656] <Notice>: dartnative: ##BENCH## {"tag":"feed1000","t_us":1790242148612734,"ev":"page_build","i":99}
Sep 24 15:14:08.612795 Runner(Flutter)[2656] <Notice>: dartnative: ##BENCH## {"tag":"feed1000","t_us":1790242148612762,"ev":"page_build","i":100}
Sep 24 15:14:08.612857 Runner(Flutter)[2656] <Notice>: dartnative: ##BENCH## {"tag":"feed1000","t_us":1790242148612792,"ev":"page_build","i":101}
Sep 24 15:14:08.612866 Runner(Flutter)[2656] <Notice>: dartnative: ##BENCH## {"tag":"feed1000","t_us":1790242148612824,"ev":"page_build","i":102}
Sep 24 15:14:08.612902 Runner(Flutter)[2656] <Notice>: dartnative: ##BENCH## {"tag":"feed1000","t_us":1790242148612855,"ev":"page_build","i":103}
Sep 24 15:14:08.612919 Runner(Flutter)[2656] <Notice>: dartnative: ##BENCH## {"tag":"feed1000","t_us":1790242148612888,"ev":"page_build","i":104}
Sep 24 15:14:08.613013 Runner(Flutter)[2656] <Notice>: dartnative: ##BENCH## {"tag":"feed1000","t_us":1790242148612917,"ev":"page_build","i":105}
Sep 24 15:14:08.613022 Runner(Flutter)[2656] <Notice>: dartnative: ##BENCH## {"tag":"feed1000","t_us":1790242148612950,"ev":"page_build","i":106}
Sep 24 15:14:08.613029 Runner(Flutter)[2656] <Notice>: dartnative: ##BENCH## {"tag":"feed1000","t_us":1790242148612979,"ev":"page_build","i":107}
Sep 24 15:14:08.613086 Runner(Flutter)[2656] <Notice>: dartnative: ##BENCH## {"tag":"feed1000","t_us":1790242148613018,"ev":"page_build","i":108}
Sep 24 15:14:08.613095 Runner(Flutter)[2656] <Notice>: dartnative: ##BENCH## {"tag":"feed1000","t_us":1790242148613051,"ev":"page_build","i":109}
Sep 24 15:14:08.613119 Runner(Flutter)[2656] <Notice>: dartnative: ##BENCH## {"tag":"feed1000","t_us":1790242148613080,"ev":"page_build","i":110}
Sep 24 15:14:08.613162 Runner(Flutter)[2656] <Notice>: dartnative: ##BENCH## {"tag":"feed1000","t_us":1790242148613112,"ev":"page_build","i":111}
Sep 24 15:14:08.613171 Runner(Flutter)[2656] <Notice>: dartnative: ##BENCH## {"tag":"feed1000","t_us":1790242148613142,"ev":"page_build","i":112}
Sep 24 15:14:08.613209 Runner(Flutter)[2656] <Notice>: dartnative: ##BENCH## {"tag":"feed1000","t_us":1790242148613170,"ev":"page_build","i":113}
Sep 24 15:14:08.613275 Runner(Flutter)[2656] <Notice>: dartnative: ##BENCH## {"tag":"feed1000","t_us":1790242148613202,"ev":"page_build","i":114}
Sep 24 15:14:08.613285 Runner(Flutter)[2656] <Notice>: dartnative: ##BENCH## {"tag":"feed1000","t_us":1790242148613233,"ev":"page_build","i":115}
Sep 24 15:14:08.613305 Runner(Flutter)[2656] <Notice>: dartnative: ##BENCH## {"tag":"feed1000","t_us":1790242148613268,"ev":"page_build","i":116}
Sep 24 15:14:08.613342 Runner(Flutter)[2656] <Notice>: dartnative: ##BENCH## {"tag":"feed1000","t_us":1790242148613301,"ev":"page_build","i":117}
Sep 24 15:14:08.613371 Runner(Flutter)[2656] <Notice>: dartnative: ##BENCH## {"tag":"feed1000","t_us":1790242148613333,"ev":"page_build","i":118}
Sep 24 15:14:08.613393 Runner(Flutter)[2656] <Notice>: dartnative: ##BENCH## {"tag":"feed1000","t_us":1790242148613366,"ev":"page_build","i":119}
Sep 24 15:14:08.613462 Runner(Flutter)[2656] <Notice>: dartnative: ##BENCH## {"tag":"feed1000","t_us":1790242148613398,"ev":"page_build","i":120}
Sep 24 15:14:08.613473 Runner(Flutter)[2656] <Notice>: dartnative: ##BENCH## {"tag":"feed1000","t_us":1790242148613429,"ev":"page_build","i":121}
Sep 24 15:14:08.613506 Runner(Flutter)[2656] <Notice>: dartnative: ##BENCH## {"tag":"feed1000","t_us":1790242148613457,"ev":"page_build","i":122}
Sep 24 15:14:08.613523 Runner(Flutter)[2656] <Notice>: dartnative: ##BENCH## {"tag":"feed1000","t_us":1790242148613488,"ev":"page_build","i":123}
Sep 24 15:14:08.613584 Runner(Flutter)[2656] <Notice>: dartnative: ##BENCH## {"tag":"feed1000","t_us":1790242148613518,"ev":"page_build","i":124}
Sep 24 15:14:08.613594 Runner(Flutter)[2656] <Notice>: dartnative: ##BENCH## {"tag":"feed1000","t_us":1790242148613550,"ev":"page_build","i":125}
Sep 24 15:14:08.613616 Runner(Flutter)[2656] <Notice>: dartnative: ##BENCH## {"tag":"feed1000","t_us":1790242148613579,"ev":"page_build","i":126}
Sep 24 15:14:08.613644 Runner(Flutter)[2656] <Notice>: dartnative: ##BENCH## {"tag":"feed1000","t_us":1790242148613613,"ev":"page_build","i":127}
Sep 24 15:14:08.613688 Runner(Flutter)[2656] <Notice>: dartnative: ##BENCH## {"tag":"feed1000","t_us":1790242148613648,"ev":"page_build","i":128}
Sep 24 15:14:08.613900 Runner(Flutter)[2656] <Notice>: dartnative: ##BENCH## {"tag":"feed1000","t_us":1790242148613870,"ev":"page_build","i":129}
Sep 24 15:14:08.613926 Runner(Flutter)[2656] <Notice>: dartnative: ##BENCH## {"tag":"feed1000","t_us":1790242148613904,"ev":"page_build","i":130}
Sep 24 15:14:08.613954 Runner(Flutter)[2656] <Notice>: dartnative: ##BENCH## {"tag":"feed1000","t_us":1790242148613934,"ev":"page_build","i":131}
Sep 24 15:14:08.613984 Runner(Flutter)[2656] <Notice>: dartnative: ##BENCH## {"tag":"feed1000","t_us":1790242148613963,"ev":"page_build","i":132}
Sep 24 15:14:08.614015 Runner(Flutter)[2656] <Notice>: dartnative: ##BENCH## {"tag":"feed1000","t_us":1790242148613994,"ev":"page_build","i":133}
Sep 24 15:14:08.614047 Runner(Flutter)[2656] <Notice>: dartnative: ##BENCH## {"tag":"feed1000","t_us":1790242148614025,"ev":"page_build","i":134}
Sep 24 15:14:08.614080 Runner(Flutter)[2656] <Notice>: dartnative: ##BENCH## {"tag":"feed1000","t_us":1790242148614058,"ev":"page_build","i":135}
Sep 24 15:14:08.614110 Runner(Flutter)[2656] <Notice>: dartnative: ##BENCH## {"tag":"feed1000","t_us":1790242148614088,"ev":"page_build","i":136}
Sep 24 15:14:08.614140 Runner(Flutter)[2656] <Notice>: dartnative: ##BENCH## {"tag":"feed1000","t_us":1790242148614118,"ev":"page_build","i":137}
Sep 24 15:14:08.614171 Runner(Flutter)[2656] <Notice>: dartnative: ##BENCH## {"tag":"feed1000","t_us":1790242148614149,"ev":"page_build","i":138}
Sep 24 15:14:08.614202 Runner(Flutter)[2656] <Notice>: dartnative: ##BENCH## {"tag":"feed1000","t_us":1790242148614180,"ev":"page_build","i":139}
Sep 24 15:14:08.614234 Runner(Flutter)[2656] <Notice>: dartnative: ##BENCH## {"tag":"feed1000","t_us":1790242148614211,"ev":"page_build","i":140}
Sep 24 15:14:08.614266 Runner(Flutter)[2656] <Notice>: dartnative: ##BENCH## {"tag":"feed1000","t_us":1790242148614243,"ev":"page_build","i":141}
Sep 24 15:14:08.614295 Runner(Flutter)[2656] <Notice>: dartnative: ##BENCH## {"tag":"feed1000","t_us":1790242148614274,"ev":"page_build","i":142}
Sep 24 15:14:08.614338 Runner(Flutter)[2656] <Notice>: dartnative: ##BENCH## {"tag":"feed1000","t_us":1790242148614305,"ev":"page_build","i":143}
Sep 24 15:14:08.614397 Runner(Flutter)[2656] <Notice>: dartnative: ##BENCH## {"tag":"feed1000","t_us":1790242148614334,"ev":"page_build","i":144}
Sep 24 15:14:08.614405 Runner(Flutter)[2656] <Notice>: dartnative: ##BENCH## {"tag":"feed1000","t_us":1790242148614363,"ev":"page_build","i":145}
Sep 24 15:14:08.614459 Runner(Flutter)[2656] <Notice>: dartnative: ##BENCH## {"tag":"feed1000","t_us":1790242148614393,"ev":"page_build","i":146}
Sep 24 15:14:08.614468 Runner(Flutter)[2656] <Notice>: dartnative: ##BENCH## {"tag":"feed1000","t_us":1790242148614424,"ev":"page_build","i":147}
Sep 24 15:14:08.614493 Runner(Flutter)[2656] <Notice>: dartnative: ##BENCH## {"tag":"feed1000","t_us":1790242148614454,"ev":"page_build","i":148}
Sep 24 15:14:08.614535 Runner(Flutter)[2656] <Notice>: dartnative: ##BENCH## {"tag":"feed1000","t_us":1790242148614486,"ev":"page_build","i":149}
Sep 24 15:14:08.614544 Runner(Flutter)[2656] <Notice>: dartnative: ##BENCH## {"tag":"feed1000","t_us":1790242148614517,"ev":"page_build","i":150}
Sep 24 15:14:08.614579 Runner(Flutter)[2656] <Notice>: dartnative: ##BENCH## {"tag":"feed1000","t_us":1790242148614549,"ev":"page_build","i":151}
Sep 24 15:14:08.614600 Runner(Flutter)[2656] <Notice>: dartnative: ##BENCH## {"tag":"feed1000","t_us":1790242148614581,"ev":"page_build","i":152}
Sep 24 15:14:08.614634 Runner(Flutter)[2656] <Notice>: dartnative: ##BENCH## {"tag":"feed1000","t_us":1790242148614611,"ev":"page_build","i":153}
Sep 24 15:14:08.614664 Runner(Flutter)[2656] <Notice>: dartnative: ##BENCH## {"tag":"feed1000","t_us":1790242148614641,"ev":"page_build","i":154}
Sep 24 15:14:08.614695 Runner(Flutter)[2656] <Notice>: dartnative: ##BENCH## {"tag":"feed1000","t_us":1790242148614673,"ev":"page_build","i":155}
Sep 24 15:14:08.614750 Runner(Flutter)[2656] <Notice>: dartnative: ##BENCH## {"tag":"feed1000","t_us":1790242148614702,"ev":"page_build","i":156}
Sep 24 15:14:08.614773 Runner(Flutter)[2656] <Notice>: dartnative: ##BENCH## {"tag":"feed1000","t_us":1790242148614747,"ev":"page_build","i":157}
Sep 24 15:14:08.614839 Runner(Flutter)[2656] <Notice>: dartnative: ##BENCH## {"tag":"feed1000","t_us":1790242148614778,"ev":"page_build","i":158}
Sep 24 15:14:08.614849 Runner(Flutter)[2656] <Notice>: dartnative: ##BENCH## {"tag":"feed1000","t_us":1790242148614808,"ev":"page_build","i":159}
Sep 24 15:14:08.614875 Runner(Flutter)[2656] <Notice>: dartnative: ##BENCH## {"tag":"feed1000","t_us":1790242148614837,"ev":"page_build","i":160}
Sep 24 15:14:08.614910 Runner(Flutter)[2656] <Notice>: dartnative: ##BENCH## {"tag":"feed1000","t_us":1790242148614868,"ev":"page_build","i":161}
Sep 24 15:14:08.614961 Runner(Flutter)[2656] <Notice>: dartnative: ##BENCH## {"tag":"feed1000","t_us":1790242148614902,"ev":"page_build","i":162}
Sep 24 15:14:08.614970 Runner(Flutter)[2656] <Notice>: dartnative: ##BENCH## {"tag":"feed1000","t_us":1790242148614932,"ev":"page_build","i":163}
Sep 24 15:14:08.615013 Runner(Flutter)[2656] <Notice>: dartnative: ##BENCH## {"tag":"feed1000","t_us":1790242148614961,"ev":"page_build","i":164}
Sep 24 15:14:08.615023 Runner(Flutter)[2656] <Notice>: dartnative: ##BENCH## {"tag":"feed1000","t_us":1790242148614992,"ev":"page_build","i":165}
Sep 24 15:14:08.615048 Runner(Flutter)[2656] <Notice>: dartnative: ##BENCH## {"tag":"feed1000","t_us":1790242148615022,"ev":"page_build","i":166}
Sep 24 15:14:08.615075 Runner(Flutter)[2656] <Notice>: dartnative: ##BENCH## {"tag":"feed1000","t_us":1790242148615055,"ev":"page_build","i":167}
Sep 24 15:14:08.615128 Runner(Flutter)[2656] <Notice>: dartnative: ##BENCH## {"tag":"feed1000","t_us":1790242148615084,"ev":"page_build","i":168}
Sep 24 15:14:08.615185 Runner(Flutter)[2656] <Notice>: dartnative: ##BENCH## {"tag":"feed1000","t_us":1790242148615124,"ev":"page_build","i":169}
Sep 24 15:14:08.615195 Runner(Flutter)[2656] <Notice>: dartnative: ##BENCH## {"tag":"feed1000","t_us":1790242148615155,"ev":"page_build","i":170}
Sep 24 15:14:08.615216 Runner(Flutter)[2656] <Notice>: dartnative: ##BENCH## {"tag":"feed1000","t_us":1790242148615185,"ev":"page_build","i":171}
Sep 24 15:14:08.615305 Runner(Flutter)[2656] <Notice>: dartnative: ##BENCH## {"tag":"feed1000","t_us":1790242148615215,"ev":"page_build","i":172}
Sep 24 15:14:08.615314 Runner(Flutter)[2656] <Notice>: dartnative: ##BENCH## {"tag":"feed1000","t_us":1790242148615247,"ev":"page_build","i":173}
Sep 24 15:14:08.615321 Runner(Flutter)[2656] <Notice>: dartnative: ##BENCH## {"tag":"feed1000","t_us":1790242148615275,"ev":"page_build","i":174}
Sep 24 15:14:08.615342 Runner(Flutter)[2656] <Notice>: dartnative: ##BENCH## {"tag":"feed1000","t_us":1790242148615305,"ev":"page_build","i":175}
Sep 24 15:14:08.615385 Runner(Flutter)[2656] <Notice>: dartnative: ##BENCH## {"tag":"feed1000","t_us":1790242148615338,"ev":"page_build","i":176}
Sep 24 15:14:08.615424 Runner(Flutter)[2656] <Notice>: dartnative: ##BENCH## {"tag":"feed1000","t_us":1790242148615370,"ev":"page_build","i":177}
Sep 24 15:14:08.615443 Runner(Flutter)[2656] <Notice>: dartnative: ##BENCH## {"tag":"feed1000","t_us":1790242148615409,"ev":"page_build","i":178}
Sep 24 15:14:08.615470 Runner(Flutter)[2656] <Notice>: dartnative: ##BENCH## {"tag":"feed1000","t_us":1790242148615439,"ev":"page_build","i":179}
Sep 24 15:14:08.615500 Runner(Flutter)[2656] <Notice>: dartnative: ##BENCH## {"tag":"feed1000","t_us":1790242148615469,"ev":"page_build","i":180}
Sep 24 15:14:08.615538 Runner(Flutter)[2656] <Notice>: dartnative: ##BENCH## {"tag":"feed1000","t_us":1790242148615499,"ev":"page_build","i":181}
Sep 24 15:14:08.615569 Runner(Flutter)[2656] <Notice>: dartnative: ##BENCH## {"tag":"feed1000","t_us":1790242148615530,"ev":"page_build","i":182}
Sep 24 15:14:08.615584 Runner(Flutter)[2656] <Notice>: dartnative: ##BENCH## {"tag":"feed1000","t_us":1790242148615563,"ev":"page_build","i":183}
Sep 24 15:14:08.615615 Runner(Flutter)[2656] <Notice>: dartnative: ##BENCH## {"tag":"feed1000","t_us":1790242148615594,"ev":"page_build","i":184}
Sep 24 15:14:08.615650 Runner(Flutter)[2656] <Notice>: dartnative: ##BENCH## {"tag":"feed1000","t_us":1790242148615626,"ev":"page_build","i":185}
Sep 24 15:14:08.615707 Runner(Flutter)[2656] <Notice>: dartnative: ##BENCH## {"tag":"feed1000","t_us":1790242148615662,"ev":"page_build","i":186}
Sep 24 15:14:08.615733 Runner(Flutter)[2656] <Notice>: dartnative: ##BENCH## {"tag":"feed1000","t_us":1790242148615711,"ev":"page_build","i":187}
Sep 24 15:14:08.615764 Runner(Flutter)[2656] <Notice>: dartnative: ##BENCH## {"tag":"feed1000","t_us":1790242148615742,"ev":"page_build","i":188}
Sep 24 15:14:08.615874 Runner(Flutter)[2656] <Notice>: dartnative: ##BENCH## {"tag":"feed1000","t_us":1790242148615771,"ev":"page_build","i":189}
Sep 24 15:14:08.615887 Runner(Flutter)[2656] <Notice>: dartnative: ##BENCH## {"tag":"feed1000","t_us":1790242148615813,"ev":"page_build","i":190}
Sep 24 15:14:08.615894 Runner(Flutter)[2656] <Notice>: dartnative: ##BENCH## {"tag":"feed1000","t_us":1790242148615844,"ev":"page_build","i":191}
Sep 24 15:14:08.615922 Runner(Flutter)[2656] <Notice>: dartnative: ##BENCH## {"tag":"feed1000","t_us":1790242148615876,"ev":"page_build","i":192}
Sep 24 15:14:08.615960 Runner(Flutter)[2656] <Notice>: dartnative: ##BENCH## {"tag":"feed1000","t_us":1790242148615932,"ev":"page_build","i":193}
Sep 24 15:14:08.615988 Runner(Flutter)[2656] <Notice>: dartnative: ##BENCH## {"tag":"feed1000","t_us":1790242148615964,"ev":"page_build","i":194}
Sep 24 15:14:08.616077 Runner(Flutter)[2656] <Notice>: dartnative: ##BENCH## {"tag":"feed1000","t_us":1790242148615996,"ev":"page_build","i":195}
Sep 24 15:14:08.616095 Runner(Flutter)[2656] <Notice>: dartnative: ##BENCH## {"tag":"feed1000","t_us":1790242148616043,"ev":"page_build","i":196}
Sep 24 15:14:08.616165 Runner(Flutter)[2656] <Notice>: dartnative: ##BENCH## {"tag":"feed1000","t_us":1790242148616082,"ev":"page_build","i":197}
Sep 24 15:14:08.616182 Runner(Flutter)[2656] <Notice>: dartnative: ##BENCH## {"tag":"feed1000","t_us":1790242148616130,"ev":"page_build","i":198}
Sep 24 15:14:08.616218 Runner(Flutter)[2656] <Notice>: dartnative: ##BENCH## {"tag":"feed1000","t_us":1790242148616170,"ev":"page_build","i":199}
Sep 24 15:14:08.616293 Runner(Flutter)[2656] <Notice>: dartnative: ##BENCH## {"tag":"feed1000","t_us":1790242148616219,"ev":"page_build","i":200}
Sep 24 15:14:08.616308 Runner(Flutter)[2656] <Notice>: dartnative: ##BENCH## {"tag":"feed1000","t_us":1790242148616253,"ev":"page_build","i":201}
Sep 24 15:14:08.616342 Runner(Flutter)[2656] <Notice>: dartnative: ##BENCH## {"tag":"feed1000","t_us":1790242148616285,"ev":"page_build","i":202}
Sep 24 15:14:08.616360 Runner(Flutter)[2656] <Notice>: dartnative: ##BENCH## {"tag":"feed1000","t_us":1790242148616327,"ev":"page_build","i":203}
Sep 24 15:14:08.616417 Runner(Flutter)[2656] <Notice>: dartnative: ##BENCH## {"tag":"feed1000","t_us":1790242148616354,"ev":"page_build","i":204}
Sep 24 15:14:08.616426 Runner(Flutter)[2656] <Notice>: dartnative: ##BENCH## {"tag":"feed1000","t_us":1790242148616384,"ev":"page_build","i":205}
Sep 24 15:14:08.616503 Runner(Flutter)[2656] <Notice>: dartnative: ##BENCH## {"tag":"feed1000","t_us":1790242148616412,"ev":"page_build","i":206}
Sep 24 15:14:08.616513 Runner(Flutter)[2656] <Notice>: dartnative: ##BENCH## {"tag":"feed1000","t_us":1790242148616446,"ev":"page_build","i":207}
Sep 24 15:14:08.616520 Runner(Flutter)[2656] <Notice>: dartnative: ##BENCH## {"tag":"feed1000","t_us":1790242148616475,"ev":"page_build","i":208}
Sep 24 15:14:08.616583 Runner(Flutter)[2656] <Notice>: dartnative: ##BENCH## {"tag":"feed1000","t_us":1790242148616525,"ev":"page_build","i":209}
Sep 24 15:14:08.616593 Runner(Flutter)[2656] <Notice>: dartnative: ##BENCH## {"tag":"feed1000","t_us":1790242148616560,"ev":"page_build","i":210}
Sep 24 15:14:08.616634 Runner(Flutter)[2656] <Notice>: dartnative: ##BENCH## {"tag":"feed1000","t_us":1790242148616592,"ev":"page_build","i":211}
Sep 24 15:14:08.616709 Runner(Flutter)[2656] <Notice>: dartnative: ##BENCH## {"tag":"feed1000","t_us":1790242148616633,"ev":"page_build","i":212}
Sep 24 15:14:08.616719 Runner(Flutter)[2656] <Notice>: dartnative: ##BENCH## {"tag":"feed1000","t_us":1790242148616667,"ev":"page_build","i":213}
Sep 24 15:14:08.616749 Runner(Flutter)[2656] <Notice>: dartnative: ##BENCH## {"tag":"feed1000","t_us":1790242148616704,"ev":"page_build","i":214}
Sep 24 15:14:08.616785 Runner(Flutter)[2656] <Notice>: dartnative: ##BENCH## {"tag":"feed1000","t_us":1790242148616742,"ev":"page_build","i":215}
Sep 24 15:14:08.616869 Runner(Flutter)[2656] <Notice>: dartnative: ##BENCH## {"tag":"feed1000","t_us":1790242148616776,"ev":"page_build","i":216}
Sep 24 15:14:08.616879 Runner(Flutter)[2656] <Notice>: dartnative: ##BENCH## {"tag":"feed1000","t_us":1790242148616806,"ev":"page_build","i":217}
Sep 24 15:14:08.616885 Runner(Flutter)[2656] <Notice>: dartnative: ##BENCH## {"tag":"feed1000","t_us":1790242148616838,"ev":"page_build","i":218}
Sep 24 15:14:08.616921 Runner(Flutter)[2656] <Notice>: dartnative: ##BENCH## {"tag":"feed1000","t_us":1790242148616877,"ev":"page_build","i":219}
Sep 24 15:14:08.616960 Runner(Flutter)[2656] <Notice>: dartnative: ##BENCH## {"tag":"feed1000","t_us":1790242148616923,"ev":"page_build","i":220}
Sep 24 15:14:08.617024 Runner(Flutter)[2656] <Notice>: dartnative: ##BENCH## {"tag":"feed1000","t_us":1790242148616956,"ev":"page_build","i":221}
Sep 24 15:14:08.617035 Runner(Flutter)[2656] <Notice>: dartnative: ##BENCH## {"tag":"feed1000","t_us":1790242148616990,"ev":"page_build","i":222}
Sep 24 15:14:08.617064 Runner(Flutter)[2656] <Notice>: dartnative: ##BENCH## {"tag":"feed1000","t_us":1790242148617020,"ev":"page_build","i":223}
Sep 24 15:14:08.617091 Runner(Flutter)[2656] <Notice>: dartnative: ##BENCH## {"tag":"feed1000","t_us":1790242148617053,"ev":"page_build","i":224}
Sep 24 15:14:08.617131 Runner(Flutter)[2656] <Notice>: dartnative: ##BENCH## {"tag":"feed1000","t_us":1790242148617083,"ev":"page_build","i":225}
Sep 24 15:14:08.617152 Runner(Flutter)[2656] <Notice>: dartnative: ##BENCH## {"tag":"feed1000","t_us":1790242148617116,"ev":"page_build","i":226}
Sep 24 15:14:08.617213 Runner(Flutter)[2656] <Notice>: dartnative: ##BENCH## {"tag":"feed1000","t_us":1790242148617148,"ev":"page_build","i":227}
Sep 24 15:14:08.617226 Runner(Flutter)[2656] <Notice>: dartnative: ##BENCH## {"tag":"feed1000","t_us":1790242148617182,"ev":"page_build","i":228}
Sep 24 15:14:08.617258 Runner(Flutter)[2656] <Notice>: dartnative: ##BENCH## {"tag":"feed1000","t_us":1790242148617213,"ev":"page_build","i":229}
Sep 24 15:14:08.617294 Runner(Flutter)[2656] <Notice>: dartnative: ##BENCH## {"tag":"feed1000","t_us":1790242148617247,"ev":"page_build","i":230}
Sep 24 15:14:08.619475 Runner(Flutter)[2656] <Notice>: dartnative: ##BENCH## {"tag":"feed1000","t_us":1790242148619380,"ev":"page_build","i":231}
Sep 24 15:14:08.619504 Runner(Flutter)[2656] <Notice>: dartnative: ##BENCH## {"tag":"feed1000","t_us":1790242148619444,"ev":"page_build","i":232}
Sep 24 15:14:08.619521 Runner(Flutter)[2656] <Notice>: dartnative: ##BENCH## {"tag":"feed1000","t_us":1790242148619476,"ev":"page_build","i":233}
Sep 24 15:14:08.619591 Runner(Flutter)[2656] <Notice>: dartnative: ##BENCH## {"tag":"feed1000","t_us":1790242148619547,"ev":"page_build","i":234}
Sep 24 15:14:08.619661 Runner(Flutter)[2656] <Notice>: dartnative: ##BENCH## {"tag":"feed1000","t_us":1790242148619592,"ev":"page_build","i":235}
Sep 24 15:14:08.619778 Runner(Flutter)[2656] <Notice>: dartnative: ##BENCH## {"tag":"feed1000","t_us":1790242148619670,"ev":"page_build","i":236}
Sep 24 15:14:08.619792 Runner(Flutter)[2656] <Notice>: dartnative: ##BENCH## {"tag":"feed1000","t_us":1790242148619716,"ev":"page_build","i":237}
Sep 24 15:14:08.619800 Runner(Flutter)[2656] <Notice>: dartnative: ##BENCH## {"tag":"feed1000","t_us":1790242148619749,"ev":"page_build","i":238}
Sep 24 15:14:08.619856 Runner(Flutter)[2656] <Notice>: dartnative: ##BENCH## {"tag":"feed1000","t_us":1790242148619783,"ev":"page_build","i":239}
Sep 24 15:14:08.619906 Runner(Flutter)[2656] <Notice>: dartnative: ##BENCH## {"tag":"feed1000","t_us":1790242148619860,"ev":"page_build","i":240}
Sep 24 15:14:08.619948 Runner(Flutter)[2656] <Notice>: dartnative: ##BENCH## {"tag":"feed1000","t_us":1790242148619901,"ev":"page_build","i":241}
Sep 24 15:14:08.620030 Runner(Flutter)[2656] <Notice>: dartnative: ##BENCH## {"tag":"feed1000","t_us":1790242148619946,"ev":"page_build","i":242}
Sep 24 15:14:08.620044 Runner(Flutter)[2656] <Notice>: dartnative: ##BENCH## {"tag":"feed1000","t_us":1790242148619995,"ev":"page_build","i":243}
Sep 24 15:14:08.620071 Runner(Flutter)[2656] <Notice>: dartnative: ##BENCH## {"tag":"feed1000","t_us":1790242148620033,"ev":"page_build","i":244}
Sep 24 15:14:08.620094 Runner(Flutter)[2656] <Notice>: dartnative: ##BENCH## {"tag":"feed1000","t_us":1790242148620069,"ev":"page_build","i":245}
Sep 24 15:14:08.620132 Runner(Flutter)[2656] <Notice>: dartnative: ##BENCH## {"tag":"feed1000","t_us":1790242148620104,"ev":"page_build","i":246}
Sep 24 15:14:08.620180 Runner(Flutter)[2656] <Notice>: dartnative: ##BENCH## {"tag":"feed1000","t_us":1790242148620136,"ev":"page_build","i":247}
Sep 24 15:14:08.620201 Runner(Flutter)[2656] <Notice>: dartnative: ##BENCH## {"tag":"feed1000","t_us":1790242148620167,"ev":"page_build","i":248}
Sep 24 15:14:08.620241 Runner(Flutter)[2656] <Notice>: dartnative: ##BENCH## {"tag":"feed1000","t_us":1790242148620197,"ev":"page_build","i":249}
Sep 24 15:14:08.620269 Runner(Flutter)[2656] <Notice>: dartnative: ##BENCH## {"tag":"feed1000","t_us":1790242148620231,"ev":"page_build","i":250}
Sep 24 15:14:08.620315 Runner(Flutter)[2656] <Notice>: dartnative: ##BENCH## {"tag":"feed1000","t_us":1790242148620265,"ev":"page_build","i":251}
Sep 24 15:14:08.620348 Runner(Flutter)[2656] <Notice>: dartnative: ##BENCH## {"tag":"feed1000","t_us":1790242148620319,"ev":"page_build","i":252}
Sep 24 15:14:08.620416 Runner(Flutter)[2656] <Notice>: dartnative: ##BENCH## {"tag":"feed1000","t_us":1790242148620354,"ev":"page_build","i":253}
Sep 24 15:14:08.620441 Runner(Flutter)[2656] <Notice>: dartnative: ##BENCH## {"tag":"feed1000","t_us":1790242148620398,"ev":"page_build","i":254}
Sep 24 15:14:08.620491 Runner(Flutter)[2656] <Notice>: dartnative: ##BENCH## {"tag":"feed1000","t_us":1790242148620430,"ev":"page_build","i":255}
Sep 24 15:14:08.620866 Runner(Flutter)[2656] <Notice>: dartnative: ##BENCH## {"tag":"feed1000","t_us":1790242148620759,"ev":"page_build","i":256}
Sep 24 15:14:08.620903 Runner(Flutter)[2656] <Notice>: dartnative: ##BENCH## {"tag":"feed1000","t_us":1790242148620793,"ev":"page_build","i":257}
Sep 24 15:14:08.620983 Runner(Flutter)[2656] <Notice>: dartnative: ##BENCH## {"tag":"feed1000","t_us":1790242148620824,"ev":"page_build","i":258}
Sep 24 15:14:08.621028 Runner(Flutter)[2656] <Notice>: dartnative: ##BENCH## {"tag":"feed1000","t_us":1790242148620857,"ev":"page_build","i":259}
Sep 24 15:14:08.621078 Runner(Flutter)[2656] <Notice>: dartnative: ##BENCH## {"tag":"feed1000","t_us":1790242148620887,"ev":"page_build","i":260}
Sep 24 15:14:08.621092 Runner(Flutter)[2656] <Notice>: dartnative: ##BENCH## {"tag":"feed1000","t_us":1790242148620920,"ev":"page_build","i":261}
Sep 24 15:14:08.621100 Runner(Flutter)[2656] <Notice>: dartnative: ##BENCH## {"tag":"feed1000","t_us":1790242148620952,"ev":"page_build","i":262}
Sep 24 15:14:08.621108 Runner(Flutter)[2656] <Notice>: dartnative: ##BENCH## {"tag":"feed1000","t_us":1790242148620984,"ev":"page_build","i":263}
Sep 24 15:14:08.621115 Runner(Flutter)[2656] <Notice>: dartnative: ##BENCH## {"tag":"feed1000","t_us":1790242148621047,"ev":"page_build","i":264}
Sep 24 15:14:08.621144 Runner(Flutter)[2656] <Notice>: dartnative: ##BENCH## {"tag":"feed1000","t_us":1790242148621081,"ev":"page_build","i":265}
Sep 24 15:14:08.621155 Runner(Flutter)[2656] <Notice>: dartnative: ##BENCH## {"tag":"feed1000","t_us":1790242148621114,"ev":"page_build","i":266}
Sep 24 15:14:08.621263 Runner(Flutter)[2656] <Notice>: dartnative: ##BENCH## {"tag":"feed1000","t_us":1790242148621145,"ev":"page_build","i":267}
Sep 24 15:14:08.621293 Runner(Flutter)[2656] <Notice>: dartnative: ##BENCH## {"tag":"feed1000","t_us":1790242148621179,"ev":"page_build","i":268}
Sep 24 15:14:08.621346 Runner(Flutter)[2656] <Notice>: dartnative: ##BENCH## {"tag":"feed1000","t_us":1790242148621211,"ev":"page_build","i":269}
Sep 24 15:14:08.621371 Runner(Flutter)[2656] <Notice>: dartnative: ##BENCH## {"tag":"feed1000","t_us":1790242148621245,"ev":"page_build","i":270}
Sep 24 15:14:08.621380 Runner(Flutter)[2656] <Notice>: dartnative: ##BENCH## {"tag":"feed1000","t_us":1790242148621275,"ev":"page_build","i":271}
Sep 24 15:14:08.621452 Runner(Flutter)[2656] <Notice>: dartnative: ##BENCH## {"tag":"feed1000","t_us":1790242148621305,"ev":"page_build","i":272}
Sep 24 15:14:08.621486 Runner(Flutter)[2656] <Notice>: dartnative: ##BENCH## {"tag":"feed1000","t_us":1790242148621341,"ev":"page_build","i":273}
Sep 24 15:14:08.621557 Runner(Flutter)[2656] <Notice>: dartnative: ##BENCH## {"tag":"feed1000","t_us":1790242148621372,"ev":"page_build","i":274}
Sep 24 15:14:08.621666 Runner(Flutter)[2656] <Notice>: dartnative: ##BENCH## {"tag":"feed1000","t_us":1790242148621403,"ev":"page_build","i":275}
Sep 24 15:14:08.621681 Runner(Flutter)[2656] <Notice>: dartnative: ##BENCH## {"tag":"feed1000","t_us":1790242148621435,"ev":"page_build","i":276}
Sep 24 15:14:08.621760 Runner(Flutter)[2656] <Notice>: dartnative: ##BENCH## {"tag":"feed1000","t_us":1790242148621464,"ev":"page_build","i":277}
Sep 24 15:14:08.621783 Runner(Flutter)[2656] <Notice>: dartnative: ##BENCH## {"tag":"feed1000","t_us":1790242148621493,"ev":"page_build","i":278}
Sep 24 15:14:08.621847 Runner(Flutter)[2656] <Notice>: dartnative: ##BENCH## {"tag":"feed1000","t_us":1790242148621525,"ev":"page_build","i":279}
Sep 24 15:14:08.621945 Runner(Flutter)[2656] <Notice>: dartnative: ##BENCH## {"tag":"feed1000","t_us":1790242148621555,"ev":"page_build","i":280}
Sep 24 15:14:08.621954 Runner(Flutter)[2656] <Notice>: dartnative: ##BENCH## {"tag":"feed1000","t_us":1790242148621585,"ev":"page_build","i":281}
Sep 24 15:14:08.621981 Runner(Flutter)[2656] <Notice>: dartnative: ##BENCH## {"tag":"feed1000","t_us":1790242148621614,"ev":"page_build","i":282}
Sep 24 15:14:08.622032 Runner(Flutter)[2656] <Notice>: dartnative: ##BENCH## {"tag":"feed1000","t_us":1790242148621669,"ev":"page_build","i":283}
Sep 24 15:14:08.622058 Runner(Flutter)[2656] <Notice>: dartnative: ##BENCH## {"tag":"feed1000","t_us":1790242148621701,"ev":"page_build","i":284}
Sep 24 15:14:08.622100 Runner(Flutter)[2656] <Notice>: dartnative: ##BENCH## {"tag":"feed1000","t_us":1790242148621741,"ev":"page_build","i":285}
Sep 24 15:14:08.622109 Runner(Flutter)[2656] <Notice>: dartnative: ##BENCH## {"tag":"feed1000","t_us":1790242148621795,"ev":"page_build","i":286}
Sep 24 15:14:08.622133 Runner(Flutter)[2656] <Notice>: dartnative: ##BENCH## {"tag":"feed1000","t_us":1790242148621872,"ev":"page_build","i":287}
Sep 24 15:14:08.622141 Runner(Flutter)[2656] <Notice>: dartnative: ##BENCH## {"tag":"feed1000","t_us":1790242148621960,"ev":"page_build","i":288}
Sep 24 15:14:08.622149 Runner(Flutter)[2656] <Notice>: dartnative: ##BENCH## {"tag":"feed1000","t_us":1790242148621992,"ev":"page_build","i":289}
Sep 24 15:14:08.622178 Runner(Flutter)[2656] <Notice>: dartnative: ##BENCH## {"tag":"feed1000","t_us":1790242148622022,"ev":"page_build","i":290}
Sep 24 15:14:08.622188 Runner(Flutter)[2656] <Notice>: dartnative: ##BENCH## {"tag":"feed1000","t_us":1790242148622053,"ev":"page_build","i":291}
Sep 24 15:14:08.622198 Runner(Flutter)[2656] <Notice>: dartnative: ##BENCH## {"tag":"feed1000","t_us":1790242148622083,"ev":"page_build","i":292}
Sep 24 15:14:08.622230 Runner(Flutter)[2656] <Notice>: dartnative: ##BENCH## {"tag":"feed1000","t_us":1790242148622115,"ev":"page_build","i":293}
Sep 24 15:14:08.622254 Runner(Flutter)[2656] <Notice>: dartnative: ##BENCH## {"tag":"feed1000","t_us":1790242148622145,"ev":"page_build","i":294}
Sep 24 15:14:08.622273 Runner(Flutter)[2656] <Notice>: dartnative: ##BENCH## {"tag":"feed1000","t_us":1790242148622173,"ev":"page_build","i":295}
Sep 24 15:14:08.622402 Runner(Flutter)[2656] <Notice>: dartnative: ##BENCH## {"tag":"feed1000","t_us":1790242148622202,"ev":"page_build","i":296}
Sep 24 15:14:08.622450 Runner(Flutter)[2656] <Notice>: dartnative: ##BENCH## {"tag":"feed1000","t_us":1790242148622271,"ev":"page_build","i":297}
Sep 24 15:14:08.622512 Runner(Flutter)[2656] <Notice>: dartnative: ##BENCH## {"tag":"feed1000","t_us":1790242148622301,"ev":"page_build","i":298}
Sep 24 15:14:08.622596 Runner(Flutter)[2656] <Notice>: dartnative: ##BENCH## {"tag":"feed1000","t_us":1790242148622331,"ev":"page_build","i":299}
Sep 24 15:14:08.622655 Runner(Flutter)[2656] <Notice>: dartnative: ##BENCH## {"tag":"feed1000","t_us":1790242148622360,"ev":"page_build","i":300}
Sep 24 15:14:08.622697 Runner(Flutter)[2656] <Notice>: dartnative: ##BENCH## {"tag":"feed1000","t_us":1790242148622391,"ev":"page_build","i":301}
Sep 24 15:14:08.622764 Runner(Flutter)[2656] <Notice>: dartnative: ##BENCH## {"tag":"feed1000","t_us":1790242148622426,"ev":"page_build","i":302}
Sep 24 15:14:08.622784 Runner(Flutter)[2656] <Notice>: dartnative: ##BENCH## {"tag":"feed1000","t_us":1790242148622476,"ev":"page_build","i":303}
Sep 24 15:14:08.622793 Runner(Flutter)[2656] <Notice>: dartnative: ##BENCH## {"tag":"feed1000","t_us":1790242148622509,"ev":"page_build","i":304}
Sep 24 15:14:08.622800 Runner(Flutter)[2656] <Notice>: dartnative: ##BENCH## {"tag":"feed1000","t_us":1790242148622539,"ev":"page_build","i":305}
Sep 24 15:14:08.622807 Runner(Flutter)[2656] <Notice>: dartnative: ##BENCH## {"tag":"feed1000","t_us":1790242148622568,"ev":"page_build","i":306}
Sep 24 15:14:08.622815 Runner(Flutter)[2656] <Notice>: dartnative: ##BENCH## {"tag":"feed1000","t_us":1790242148622598,"ev":"page_build","i":307}
Sep 24 15:14:08.622915 Runner(Flutter)[2656] <Notice>: dartnative: ##BENCH## {"tag":"feed1000","t_us":1790242148622662,"ev":"page_build","i":308}
Sep 24 15:14:08.622934 Runner(Flutter)[2656] <Notice>: dartnative: ##BENCH## {"tag":"feed1000","t_us":1790242148622724,"ev":"page_build","i":309}
Sep 24 15:14:08.622943 Runner(Flutter)[2656] <Notice>: dartnative: ##BENCH## {"tag":"feed1000","t_us":1790242148622796,"ev":"page_build","i":310}
Sep 24 15:14:08.622954 Runner(Flutter)[2656] <Notice>: dartnative: ##BENCH## {"tag":"feed1000","t_us":1790242148622838,"ev":"page_build","i":311}
Sep 24 15:14:08.622963 Runner(Flutter)[2656] <Notice>: dartnative: ##BENCH## {"tag":"feed1000","t_us":1790242148622869,"ev":"page_build","i":312}
Sep 24 15:14:08.622975 Runner(Flutter)[2656] <Notice>: dartnative: ##BENCH## {"tag":"feed1000","t_us":1790242148622929,"ev":"page_build","i":313}
Sep 24 15:14:08.623045 Runner(Flutter)[2656] <Notice>: dartnative: ##BENCH## {"tag":"feed1000","t_us":1790242148622998,"ev":"page_build","i":314}
Sep 24 15:14:08.623090 Runner(Flutter)[2656] <Notice>: dartnative: ##BENCH## {"tag":"feed1000","t_us":1790242148623048,"ev":"page_build","i":315}
Sep 24 15:14:08.623161 Runner(Flutter)[2656] <Notice>: dartnative: ##BENCH## {"tag":"feed1000","t_us":1790242148623084,"ev":"page_build","i":316}
Sep 24 15:14:08.623172 Runner(Flutter)[2656] <Notice>: dartnative: ##BENCH## {"tag":"feed1000","t_us":1790242148623116,"ev":"page_build","i":317}
Sep 24 15:14:08.623179 Runner(Flutter)[2656] <Notice>: dartnative: ##BENCH## {"tag":"feed1000","t_us":1790242148623151,"ev":"page_build","i":318}
Sep 24 15:14:08.623228 Runner(Flutter)[2656] <Notice>: dartnative: ##BENCH## {"tag":"feed1000","t_us":1790242148623195,"ev":"page_build","i":319}
Sep 24 15:14:08.623281 Runner(Flutter)[2656] <Notice>: dartnative: ##BENCH## {"tag":"feed1000","t_us":1790242148623229,"ev":"page_build","i":320}
Sep 24 15:14:08.623401 Runner(Flutter)[2656] <Notice>: dartnative: ##BENCH## {"tag":"feed1000","t_us":1790242148623273,"ev":"page_build","i":321}
Sep 24 15:14:08.623416 Runner(Flutter)[2656] <Notice>: dartnative: ##BENCH## {"tag":"feed1000","t_us":1790242148623338,"ev":"page_build","i":322}
Sep 24 15:14:08.623427 Runner(Flutter)[2656] <Notice>: dartnative: ##BENCH## {"tag":"feed1000","t_us":1790242148623367,"ev":"page_build","i":323}
Sep 24 15:14:08.623446 Runner(Flutter)[2656] <Notice>: dartnative: ##BENCH## {"tag":"feed1000","t_us":1790242148623399,"ev":"page_build","i":324}
Sep 24 15:14:08.623547 Runner(Flutter)[2656] <Notice>: dartnative: ##BENCH## {"tag":"feed1000","t_us":1790242148623459,"ev":"page_build","i":325}
Sep 24 15:14:08.623565 Runner(Flutter)[2656] <Notice>: dartnative: ##BENCH## {"tag":"feed1000","t_us":1790242148623515,"ev":"page_build","i":326}
Sep 24 15:14:08.623606 Runner(Flutter)[2656] <Notice>: dartnative: ##BENCH## {"tag":"feed1000","t_us":1790242148623545,"ev":"page_build","i":327}
Sep 24 15:14:08.623637 Runner(Flutter)[2656] <Notice>: dartnative: ##BENCH## {"tag":"feed1000","t_us":1790242148623598,"ev":"page_build","i":328}
Sep 24 15:14:08.623675 Runner(Flutter)[2656] <Notice>: dartnative: ##BENCH## {"tag":"feed1000","t_us":1790242148623630,"ev":"page_build","i":329}
Sep 24 15:14:08.623731 Runner(Flutter)[2656] <Notice>: dartnative: ##BENCH## {"tag":"feed1000","t_us":1790242148623663,"ev":"page_build","i":330}
Sep 24 15:14:08.623740 Runner(Flutter)[2656] <Notice>: dartnative: ##BENCH## {"tag":"feed1000","t_us":1790242148623698,"ev":"page_build","i":331}
Sep 24 15:14:08.623767 Runner(Flutter)[2656] <Notice>: dartnative: ##BENCH## {"tag":"feed1000","t_us":1790242148623730,"ev":"page_build","i":332}
Sep 24 15:14:08.623802 Runner(Flutter)[2656] <Notice>: dartnative: ##BENCH## {"tag":"feed1000","t_us":1790242148623762,"ev":"page_build","i":333}
Sep 24 15:14:08.623889 Runner(Flutter)[2656] <Notice>: dartnative: ##BENCH## {"tag":"feed1000","t_us":1790242148623795,"ev":"page_build","i":334}
Sep 24 15:14:08.623899 Runner(Flutter)[2656] <Notice>: dartnative: ##BENCH## {"tag":"feed1000","t_us":1790242148623827,"ev":"page_build","i":335}
Sep 24 15:14:08.623906 Runner(Flutter)[2656] <Notice>: dartnative: ##BENCH## {"tag":"feed1000","t_us":1790242148623859,"ev":"page_build","i":336}
Sep 24 15:14:08.623954 Runner(Flutter)[2656] <Notice>: dartnative: ##BENCH## {"tag":"feed1000","t_us":1790242148623890,"ev":"page_build","i":337}
Sep 24 15:14:08.623964 Runner(Flutter)[2656] <Notice>: dartnative: ##BENCH## {"tag":"feed1000","t_us":1790242148623922,"ev":"page_build","i":338}
Sep 24 15:14:08.623996 Runner(Flutter)[2656] <Notice>: dartnative: ##BENCH## {"tag":"feed1000","t_us":1790242148623952,"ev":"page_build","i":339}
Sep 24 15:14:08.624023 Runner(Flutter)[2656] <Notice>: dartnative: ##BENCH## {"tag":"feed1000","t_us":1790242148623985,"ev":"page_build","i":340}
Sep 24 15:14:08.624109 Runner(Flutter)[2656] <Notice>: dartnative: ##BENCH## {"tag":"feed1000","t_us":1790242148624019,"ev":"page_build","i":341}
Sep 24 15:14:08.624118 Runner(Flutter)[2656] <Notice>: dartnative: ##BENCH## {"tag":"feed1000","t_us":1790242148624051,"ev":"page_build","i":342}
Sep 24 15:14:08.624125 Runner(Flutter)[2656] <Notice>: dartnative: ##BENCH## {"tag":"feed1000","t_us":1790242148624080,"ev":"page_build","i":343}
Sep 24 15:14:08.624149 Runner(Flutter)[2656] <Notice>: dartnative: ##BENCH## {"tag":"feed1000","t_us":1790242148624111,"ev":"page_build","i":344}
Sep 24 15:14:08.624185 Runner(Flutter)[2656] <Notice>: dartnative: ##BENCH## {"tag":"feed1000","t_us":1790242148624142,"ev":"page_build","i":345}
Sep 24 15:14:08.624212 Runner(Flutter)[2656] <Notice>: dartnative: ##BENCH## {"tag":"feed1000","t_us":1790242148624174,"ev":"page_build","i":346}
Sep 24 15:14:08.624247 Runner(Flutter)[2656] <Notice>: dartnative: ##BENCH## {"tag":"feed1000","t_us":1790242148624207,"ev":"page_build","i":347}
Sep 24 15:14:08.624282 Runner(Flutter)[2656] <Notice>: dartnative: ##BENCH## {"tag":"feed1000","t_us":1790242148624239,"ev":"page_build","i":348}
Sep 24 15:14:08.624314 Runner(Flutter)[2656] <Notice>: dartnative: ##BENCH## {"tag":"feed1000","t_us":1790242148624274,"ev":"page_build","i":349}
Sep 24 15:14:08.624357 Runner(Flutter)[2656] <Notice>: dartnative: ##BENCH## {"tag":"feed1000","t_us":1790242148624307,"ev":"page_build","i":350}
Sep 24 15:14:08.624381 Runner(Flutter)[2656] <Notice>: dartnative: ##BENCH## {"tag":"feed1000","t_us":1790242148624338,"ev":"page_build","i":351}
Sep 24 15:14:08.624410 Runner(Flutter)[2656] <Notice>: dartnative: ##BENCH## {"tag":"feed1000","t_us":1790242148624368,"ev":"page_build","i":352}
Sep 24 15:14:08.624472 Runner(Flutter)[2656] <Notice>: dartnative: ##BENCH## {"tag":"feed1000","t_us":1790242148624402,"ev":"page_build","i":353}
Sep 24 15:14:08.624483 Runner(Flutter)[2656] <Notice>: dartnative: ##BENCH## {"tag":"feed1000","t_us":1790242148624435,"ev":"page_build","i":354}
Sep 24 15:14:08.624556 Runner(Flutter)[2656] <Notice>: dartnative: ##BENCH## {"tag":"feed1000","t_us":1790242148624464,"ev":"page_build","i":355}
Sep 24 15:14:08.624566 Runner(Flutter)[2656] <Notice>: dartnative: ##BENCH## {"tag":"feed1000","t_us":1790242148624496,"ev":"page_build","i":356}
Sep 24 15:14:08.624574 Runner(Flutter)[2656] <Notice>: dartnative: ##BENCH## {"tag":"feed1000","t_us":1790242148624526,"ev":"page_build","i":357}
Sep 24 15:14:08.624599 Runner(Flutter)[2656] <Notice>: dartnative: ##BENCH## {"tag":"feed1000","t_us":1790242148624556,"ev":"page_build","i":358}
Sep 24 15:14:08.624637 Runner(Flutter)[2656] <Notice>: dartnative: ##BENCH## {"tag":"feed1000","t_us":1790242148624588,"ev":"page_build","i":359}
Sep 24 15:14:08.624700 Runner(Flutter)[2656] <Notice>: dartnative: ##BENCH## {"tag":"feed1000","t_us":1790242148624633,"ev":"page_build","i":360}
Sep 24 15:14:08.624709 Runner(Flutter)[2656] <Notice>: dartnative: ##BENCH## {"tag":"feed1000","t_us":1790242148624665,"ev":"page_build","i":361}
Sep 24 15:14:08.624751 Runner(Flutter)[2656] <Notice>: dartnative: ##BENCH## {"tag":"feed1000","t_us":1790242148624695,"ev":"page_build","i":362}
Sep 24 15:14:08.624764 Runner(Flutter)[2656] <Notice>: dartnative: ##BENCH## {"tag":"feed1000","t_us":1790242148624727,"ev":"page_build","i":363}
Sep 24 15:14:08.624809 Runner(Flutter)[2656] <Notice>: dartnative: ##BENCH## {"tag":"feed1000","t_us":1790242148624779,"ev":"page_build","i":364}
Sep 24 15:14:08.624834 Runner(Flutter)[2656] <Notice>: dartnative: ##BENCH## {"tag":"feed1000","t_us":1790242148624813,"ev":"page_build","i":365}
Sep 24 15:14:08.624865 Runner(Flutter)[2656] <Notice>: dartnative: ##BENCH## {"tag":"feed1000","t_us":1790242148624844,"ev":"page_build","i":366}
Sep 24 15:14:08.624899 Runner(Flutter)[2656] <Notice>: dartnative: ##BENCH## {"tag":"feed1000","t_us":1790242148624875,"ev":"page_build","i":367}
Sep 24 15:14:08.624929 Runner(Flutter)[2656] <Notice>: dartnative: ##BENCH## {"tag":"feed1000","t_us":1790242148624906,"ev":"page_build","i":368}
Sep 24 15:14:08.624957 Runner(Flutter)[2656] <Notice>: dartnative: ##BENCH## {"tag":"feed1000","t_us":1790242148624935,"ev":"page_build","i":369}
Sep 24 15:14:08.625052 Runner(Flutter)[2656] <Notice>: dartnative: ##BENCH## {"tag":"feed1000","t_us":1790242148624964,"ev":"page_build","i":370}
Sep 24 15:14:08.625061 Runner(Flutter)[2656] <Notice>: dartnative: ##BENCH## {"tag":"feed1000","t_us":1790242148625015,"ev":"page_build","i":371}
Sep 24 15:14:08.625108 Runner(Flutter)[2656] <Notice>: dartnative: ##BENCH## {"tag":"feed1000","t_us":1790242148625046,"ev":"page_build","i":372}
Sep 24 15:14:08.625117 Runner(Flutter)[2656] <Notice>: dartnative: ##BENCH## {"tag":"feed1000","t_us":1790242148625080,"ev":"page_build","i":373}
Sep 24 15:14:08.625151 Runner(Flutter)[2656] <Notice>: dartnative: ##BENCH## {"tag":"feed1000","t_us":1790242148625108,"ev":"page_build","i":374}
Sep 24 15:14:08.625193 Runner(Flutter)[2656] <Notice>: dartnative: ##BENCH## {"tag":"feed1000","t_us":1790242148625155,"ev":"page_build","i":375}
Sep 24 15:14:08.625229 Runner(Flutter)[2656] <Notice>: dartnative: ##BENCH## {"tag":"feed1000","t_us":1790242148625189,"ev":"page_build","i":376}
Sep 24 15:14:08.625268 Runner(Flutter)[2656] <Notice>: dartnative: ##BENCH## {"tag":"feed1000","t_us":1790242148625221,"ev":"page_build","i":377}
Sep 24 15:14:08.625272 Runner(Flutter)[2656] <Notice>: dartnative: ##BENCH## {"tag":"feed1000","t_us":1790242148625252,"ev":"page_build","i":378}
Sep 24 15:14:08.625331 Runner(Flutter)[2656] <Notice>: dartnative: ##BENCH## {"tag":"feed1000","t_us":1790242148625282,"ev":"page_build","i":379}
Sep 24 15:14:08.625335 Runner(Flutter)[2656] <Notice>: dartnative: ##BENCH## {"tag":"feed1000","t_us":1790242148625311,"ev":"page_build","i":380}
Sep 24 15:14:08.625416 Runner(Flutter)[2656] <Notice>: dartnative: ##BENCH## {"tag":"feed1000","t_us":1790242148625342,"ev":"page_build","i":381}
Sep 24 15:14:08.625481 Runner(Flutter)[2656] <Notice>: dartnative: ##BENCH## {"tag":"feed1000","t_us":1790242148625374,"ev":"page_build","i":382}
Sep 24 15:14:08.625504 Runner(Flutter)[2656] <Notice>: dartnative: ##BENCH## {"tag":"feed1000","t_us":1790242148625407,"ev":"page_build","i":383}
Sep 24 15:14:08.625577 Runner(Flutter)[2656] <Notice>: dartnative: ##BENCH## {"tag":"feed1000","t_us":1790242148625438,"ev":"page_build","i":384}
Sep 24 15:14:08.625596 Runner(Flutter)[2656] <Notice>: dartnative: ##BENCH## {"tag":"feed1000","t_us":1790242148625468,"ev":"page_build","i":385}
Sep 24 15:14:08.625644 Runner(Flutter)[2656] <Notice>: dartnative: ##BENCH## {"tag":"feed1000","t_us":1790242148625499,"ev":"page_build","i":386}
Sep 24 15:14:08.625693 Runner(Flutter)[2656] <Notice>: dartnative: ##BENCH## {"tag":"feed1000","t_us":1790242148625530,"ev":"page_build","i":387}
Sep 24 15:14:08.625704 Runner(Flutter)[2656] <Notice>: dartnative: ##BENCH## {"tag":"feed1000","t_us":1790242148625558,"ev":"page_build","i":388}
Sep 24 15:14:08.625755 Runner(Flutter)[2656] <Notice>: dartnative: ##BENCH## {"tag":"feed1000","t_us":1790242148625593,"ev":"page_build","i":389}
Sep 24 15:14:08.625764 Runner(Flutter)[2656] <Notice>: dartnative: ##BENCH## {"tag":"feed1000","t_us":1790242148625623,"ev":"page_build","i":390}
Sep 24 15:14:08.625772 Runner(Flutter)[2656] <Notice>: dartnative: ##BENCH## {"tag":"feed1000","t_us":1790242148625652,"ev":"page_build","i":391}
Sep 24 15:14:08.625779 Runner(Flutter)[2656] <Notice>: dartnative: ##BENCH## {"tag":"feed1000","t_us":1790242148625681,"ev":"page_build","i":392}
Sep 24 15:14:08.625786 Runner(Flutter)[2656] <Notice>: dartnative: ##BENCH## {"tag":"feed1000","t_us":1790242148625711,"ev":"page_build","i":393}
Sep 24 15:14:08.625824 Runner(Flutter)[2656] <Notice>: dartnative: ##BENCH## {"tag":"feed1000","t_us":1790242148625739,"ev":"page_build","i":394}
Sep 24 15:14:08.625833 Runner(Flutter)[2656] <Notice>: dartnative: ##BENCH## {"tag":"feed1000","t_us":1790242148625769,"ev":"page_build","i":395}
Sep 24 15:14:08.625839 Runner(Flutter)[2656] <Notice>: dartnative: ##BENCH## {"tag":"feed1000","t_us":1790242148625800,"ev":"page_build","i":396}
Sep 24 15:14:08.625874 Runner(Flutter)[2656] <Notice>: dartnative: ##BENCH## {"tag":"feed1000","t_us":1790242148625832,"ev":"page_build","i":397}
Sep 24 15:14:08.625930 Runner(Flutter)[2656] <Notice>: dartnative: ##BENCH## {"tag":"feed1000","t_us":1790242148625865,"ev":"page_build","i":398}
Sep 24 15:14:08.626022 Runner(Flutter)[2656] <Notice>: dartnative: ##BENCH## {"tag":"feed1000","t_us":1790242148625894,"ev":"page_build","i":399}
Sep 24 15:14:08.626031 Runner(Flutter)[2656] <Notice>: dartnative: ##BENCH## {"tag":"feed1000","t_us":1790242148625924,"ev":"page_build","i":400}
Sep 24 15:14:08.626038 Runner(Flutter)[2656] <Notice>: dartnative: ##BENCH## {"tag":"feed1000","t_us":1790242148625961,"ev":"page_build","i":401}
Sep 24 15:14:08.626046 Runner(Flutter)[2656] <Notice>: dartnative: ##BENCH## {"tag":"feed1000","t_us":1790242148625992,"ev":"page_build","i":402}
Sep 24 15:14:08.626054 Runner(Flutter)[2656] <Notice>: dartnative: ##BENCH## {"tag":"feed1000","t_us":1790242148626023,"ev":"page_build","i":403}
Sep 24 15:14:08.626092 Runner(Flutter)[2656] <Notice>: dartnative: ##BENCH## {"tag":"feed1000","t_us":1790242148626056,"ev":"page_build","i":404}
Sep 24 15:14:08.626181 Runner(Flutter)[2656] <Notice>: dartnative: ##BENCH## {"tag":"feed1000","t_us":1790242148626087,"ev":"page_build","i":405}
Sep 24 15:14:08.626191 Runner(Flutter)[2656] <Notice>: dartnative: ##BENCH## {"tag":"feed1000","t_us":1790242148626119,"ev":"page_build","i":406}
Sep 24 15:14:08.626200 Runner(Flutter)[2656] <Notice>: dartnative: ##BENCH## {"tag":"feed1000","t_us":1790242148626149,"ev":"page_build","i":407}
Sep 24 15:14:08.626207 Runner(Flutter)[2656] <Notice>: dartnative: ##BENCH## {"tag":"feed1000","t_us":1790242148626177,"ev":"page_build","i":408}
Sep 24 15:14:08.626244 Runner(Flutter)[2656] <Notice>: dartnative: ##BENCH## {"tag":"feed1000","t_us":1790242148626207,"ev":"page_build","i":409}
Sep 24 15:14:08.626331 Runner(Flutter)[2656] <Notice>: dartnative: ##BENCH## {"tag":"feed1000","t_us":1790242148626237,"ev":"page_build","i":410}
Sep 24 15:14:08.626341 Runner(Flutter)[2656] <Notice>: dartnative: ##BENCH## {"tag":"feed1000","t_us":1790242148626271,"ev":"page_build","i":411}
Sep 24 15:14:08.626348 Runner(Flutter)[2656] <Notice>: dartnative: ##BENCH## {"tag":"feed1000","t_us":1790242148626300,"ev":"page_build","i":412}
Sep 24 15:14:08.626386 Runner(Flutter)[2656] <Notice>: dartnative: ##BENCH## {"tag":"feed1000","t_us":1790242148626348,"ev":"page_build","i":413}
Sep 24 15:14:08.626422 Runner(Flutter)[2656] <Notice>: dartnative: ##BENCH## {"tag":"feed1000","t_us":1790242148626390,"ev":"page_build","i":414}
Sep 24 15:14:08.626473 Runner(Flutter)[2656] <Notice>: dartnative: ##BENCH## {"tag":"feed1000","t_us":1790242148626420,"ev":"page_build","i":415}
Sep 24 15:14:08.626484 Runner(Flutter)[2656] <Notice>: dartnative: ##BENCH## {"tag":"feed1000","t_us":1790242148626453,"ev":"page_build","i":416}
Sep 24 15:14:08.626521 Runner(Flutter)[2656] <Notice>: dartnative: ##BENCH## {"tag":"feed1000","t_us":1790242148626484,"ev":"page_build","i":417}
Sep 24 15:14:08.626536 Runner(Flutter)[2656] <Notice>: dartnative: ##BENCH## {"tag":"feed1000","t_us":1790242148626515,"ev":"page_build","i":418}
Sep 24 15:14:08.626564 Runner(Flutter)[2656] <Notice>: dartnative: ##BENCH## {"tag":"feed1000","t_us":1790242148626545,"ev":"page_build","i":419}
Sep 24 15:14:08.626595 Runner(Flutter)[2656] <Notice>: dartnative: ##BENCH## {"tag":"feed1000","t_us":1790242148626574,"ev":"page_build","i":420}
Sep 24 15:14:08.626626 Runner(Flutter)[2656] <Notice>: dartnative: ##BENCH## {"tag":"feed1000","t_us":1790242148626604,"ev":"page_build","i":421}
Sep 24 15:14:08.626656 Runner(Flutter)[2656] <Notice>: dartnative: ##BENCH## {"tag":"feed1000","t_us":1790242148626634,"ev":"page_build","i":422}
Sep 24 15:14:08.626686 Runner(Flutter)[2656] <Notice>: dartnative: ##BENCH## {"tag":"feed1000","t_us":1790242148626665,"ev":"page_build","i":423}
Sep 24 15:14:08.626717 Runner(Flutter)[2656] <Notice>: dartnative: ##BENCH## {"tag":"feed1000","t_us":1790242148626695,"ev":"page_build","i":424}
Sep 24 15:14:08.626747 Runner(Flutter)[2656] <Notice>: dartnative: ##BENCH## {"tag":"feed1000","t_us":1790242148626726,"ev":"page_build","i":425}
Sep 24 15:14:08.626776 Runner(Flutter)[2656] <Notice>: dartnative: ##BENCH## {"tag":"feed1000","t_us":1790242148626755,"ev":"page_build","i":426}
Sep 24 15:14:08.626823 Runner(Flutter)[2656] <Notice>: dartnative: ##BENCH## {"tag":"feed1000","t_us":1790242148626783,"ev":"page_build","i":427}
Sep 24 15:14:08.626862 Runner(Flutter)[2656] <Notice>: dartnative: ##BENCH## {"tag":"feed1000","t_us":1790242148626823,"ev":"page_build","i":428}
Sep 24 15:14:08.626891 Runner(Flutter)[2656] <Notice>: dartnative: ##BENCH## {"tag":"feed1000","t_us":1790242148626855,"ev":"page_build","i":429}
Sep 24 15:14:08.626936 Runner(Flutter)[2656] <Notice>: dartnative: ##BENCH## {"tag":"feed1000","t_us":1790242148626884,"ev":"page_build","i":430}
Sep 24 15:14:08.626945 Runner(Flutter)[2656] <Notice>: dartnative: ##BENCH## {"tag":"feed1000","t_us":1790242148626914,"ev":"page_build","i":431}
Sep 24 15:14:08.627029 Runner(Flutter)[2656] <Notice>: dartnative: ##BENCH## {"tag":"feed1000","t_us":1790242148626943,"ev":"page_build","i":432}
Sep 24 15:14:08.627038 Runner(Flutter)[2656] <Notice>: dartnative: ##BENCH## {"tag":"feed1000","t_us":1790242148626973,"ev":"page_build","i":433}
Sep 24 15:14:08.627045 Runner(Flutter)[2656] <Notice>: dartnative: ##BENCH## {"tag":"feed1000","t_us":1790242148626999,"ev":"page_build","i":434}
Sep 24 15:14:08.627053 Runner(Flutter)[2656] <Notice>: dartnative: ##BENCH## {"tag":"feed1000","t_us":1790242148627028,"ev":"page_build","i":435}
Sep 24 15:14:08.627142 Runner(Flutter)[2656] <Notice>: dartnative: ##BENCH## {"tag":"feed1000","t_us":1790242148627057,"ev":"page_build","i":436}
Sep 24 15:14:08.627151 Runner(Flutter)[2656] <Notice>: dartnative: ##BENCH## {"tag":"feed1000","t_us":1790242148627087,"ev":"page_build","i":437}
Sep 24 15:14:08.627158 Runner(Flutter)[2656] <Notice>: dartnative: ##BENCH## {"tag":"feed1000","t_us":1790242148627115,"ev":"page_build","i":438}
Sep 24 15:14:08.627179 Runner(Flutter)[2656] <Notice>: dartnative: ##BENCH## {"tag":"feed1000","t_us":1790242148627143,"ev":"page_build","i":439}
Sep 24 15:14:08.627239 Runner(Flutter)[2656] <Notice>: dartnative: ##BENCH## {"tag":"feed1000","t_us":1790242148627175,"ev":"page_build","i":440}
Sep 24 15:14:08.627248 Runner(Flutter)[2656] <Notice>: dartnative: ##BENCH## {"tag":"feed1000","t_us":1790242148627205,"ev":"page_build","i":441}
Sep 24 15:14:08.627272 Runner(Flutter)[2656] <Notice>: dartnative: ##BENCH## {"tag":"feed1000","t_us":1790242148627232,"ev":"page_build","i":442}
Sep 24 15:14:08.627309 Runner(Flutter)[2656] <Notice>: dartnative: ##BENCH## {"tag":"feed1000","t_us":1790242148627264,"ev":"page_build","i":443}
Sep 24 15:14:08.627327 Runner(Flutter)[2656] <Notice>: dartnative: ##BENCH## {"tag":"feed1000","t_us":1790242148627293,"ev":"page_build","i":444}
Sep 24 15:14:08.629458 Runner(Flutter)[2656] <Notice>: dartnative: ##BENCH## {"tag":"feed1000","t_us":1790242148629382,"ev":"page_build","i":445}
Sep 24 15:14:08.629503 Runner(Flutter)[2656] <Notice>: dartnative: ##BENCH## {"tag":"feed1000","t_us":1790242148629451,"ev":"page_build","i":446}
Sep 24 15:14:08.629539 Runner(Flutter)[2656] <Notice>: dartnative: ##BENCH## {"tag":"feed1000","t_us":1790242148629496,"ev":"page_build","i":447}
Sep 24 15:14:08.629576 Runner(Flutter)[2656] <Notice>: dartnative: ##BENCH## {"tag":"feed1000","t_us":1790242148629535,"ev":"page_build","i":448}
Sep 24 15:14:08.629615 Runner(Flutter)[2656] <Notice>: dartnative: ##BENCH## {"tag":"feed1000","t_us":1790242148629574,"ev":"page_build","i":449}
Sep 24 15:14:08.629636 Runner(Flutter)[2656] <Notice>: dartnative: ##BENCH## {"tag":"feed1000","t_us":1790242148629610,"ev":"page_build","i":450}
Sep 24 15:14:08.629671 Runner(Flutter)[2656] <Notice>: dartnative: ##BENCH## {"tag":"feed1000","t_us":1790242148629645,"ev":"page_build","i":451}
Sep 24 15:14:08.629700 Runner(Flutter)[2656] <Notice>: dartnative: ##BENCH## {"tag":"feed1000","t_us":1790242148629678,"ev":"page_build","i":452}
Sep 24 15:14:08.629733 Runner(Flutter)[2656] <Notice>: dartnative: ##BENCH## {"tag":"feed1000","t_us":1790242148629714,"ev":"page_build","i":453}
Sep 24 15:14:08.629764 Runner(Flutter)[2656] <Notice>: dartnative: ##BENCH## {"tag":"feed1000","t_us":1790242148629743,"ev":"page_build","i":454}
Sep 24 15:14:08.629828 Runner(Flutter)[2656] <Notice>: dartnative: ##BENCH## {"tag":"feed1000","t_us":1790242148629773,"ev":"page_build","i":455}
Sep 24 15:14:08.629839 Runner(Flutter)[2656] <Notice>: dartnative: ##BENCH## {"tag":"feed1000","t_us":1790242148629804,"ev":"page_build","i":456}
Sep 24 15:14:08.629884 Runner(Flutter)[2656] <Notice>: dartnative: ##BENCH## {"tag":"feed1000","t_us":1790242148629831,"ev":"page_build","i":457}
Sep 24 15:14:08.629893 Runner(Flutter)[2656] <Notice>: dartnative: ##BENCH## {"tag":"feed1000","t_us":1790242148629862,"ev":"page_build","i":458}
Sep 24 15:14:08.629951 Runner(Flutter)[2656] <Notice>: dartnative: ##BENCH## {"tag":"feed1000","t_us":1790242148629890,"ev":"page_build","i":459}
Sep 24 15:14:08.629960 Runner(Flutter)[2656] <Notice>: dartnative: ##BENCH## {"tag":"feed1000","t_us":1790242148629920,"ev":"page_build","i":460}
Sep 24 15:14:08.629999 Runner(Flutter)[2656] <Notice>: dartnative: ##BENCH## {"tag":"feed1000","t_us":1790242148629949,"ev":"page_build","i":461}
Sep 24 15:14:08.630008 Runner(Flutter)[2656] <Notice>: dartnative: ##BENCH## {"tag":"feed1000","t_us":1790242148629981,"ev":"page_build","i":462}
Sep 24 15:14:08.630045 Runner(Flutter)[2656] <Notice>: dartnative: ##BENCH## {"tag":"feed1000","t_us":1790242148630010,"ev":"page_build","i":463}
Sep 24 15:14:08.630080 Runner(Flutter)[2656] <Notice>: dartnative: ##BENCH## {"tag":"feed1000","t_us":1790242148630040,"ev":"page_build","i":464}
Sep 24 15:14:08.630107 Runner(Flutter)[2656] <Notice>: dartnative: ##BENCH## {"tag":"feed1000","t_us":1790242148630071,"ev":"page_build","i":465}
Sep 24 15:14:08.630137 Runner(Flutter)[2656] <Notice>: dartnative: ##BENCH## {"tag":"feed1000","t_us":1790242148630102,"ev":"page_build","i":466}
Sep 24 15:14:08.630167 Runner(Flutter)[2656] <Notice>: dartnative: ##BENCH## {"tag":"feed1000","t_us":1790242148630133,"ev":"page_build","i":467}
Sep 24 15:14:08.630222 Runner(Flutter)[2656] <Notice>: dartnative: ##BENCH## {"tag":"feed1000","t_us":1790242148630160,"ev":"page_build","i":468}
Sep 24 15:14:08.630231 Runner(Flutter)[2656] <Notice>: dartnative: ##BENCH## {"tag":"feed1000","t_us":1790242148630192,"ev":"page_build","i":469}
Sep 24 15:14:08.630271 Runner(Flutter)[2656] <Notice>: dartnative: ##BENCH## {"tag":"feed1000","t_us":1790242148630220,"ev":"page_build","i":470}
Sep 24 15:14:08.630281 Runner(Flutter)[2656] <Notice>: dartnative: ##BENCH## {"tag":"feed1000","t_us":1790242148630251,"ev":"page_build","i":471}
Sep 24 15:14:08.630318 Runner(Flutter)[2656] <Notice>: dartnative: ##BENCH## {"tag":"feed1000","t_us":1790242148630293,"ev":"page_build","i":472}
Sep 24 15:14:08.630344 Runner(Flutter)[2656] <Notice>: dartnative: ##BENCH## {"tag":"feed1000","t_us":1790242148630324,"ev":"page_build","i":473}
Sep 24 15:14:08.630406 Runner(Flutter)[2656] <Notice>: dartnative: ##BENCH## {"tag":"feed1000","t_us":1790242148630354,"ev":"page_build","i":474}
Sep 24 15:14:08.630458 Runner(Flutter)[2656] <Notice>: dartnative: ##BENCH## {"tag":"feed1000","t_us":1790242148630384,"ev":"page_build","i":475}
Sep 24 15:14:08.630537 Runner(Flutter)[2656] <Notice>: dartnative: ##BENCH## {"tag":"feed1000","t_us":1790242148630417,"ev":"page_build","i":476}
Sep 24 15:14:08.630585 Runner(Flutter)[2656] <Notice>: dartnative: ##BENCH## {"tag":"feed1000","t_us":1790242148630447,"ev":"page_build","i":477}
Sep 24 15:14:08.630729 Runner(Flutter)[2656] <Notice>: dartnative: ##BENCH## {"tag":"feed1000","t_us":1790242148630477,"ev":"page_build","i":478}
Sep 24 15:14:08.630750 Runner(Flutter)[2656] <Notice>: dartnative: ##BENCH## {"tag":"feed1000","t_us":1790242148630506,"ev":"page_build","i":479}
Sep 24 15:14:08.630757 Runner(Flutter)[2656] <Notice>: dartnative: ##BENCH## {"tag":"feed1000","t_us":1790242148630535,"ev":"page_build","i":480}
Sep 24 15:14:08.630795 Runner(Flutter)[2656] <Notice>: dartnative: ##BENCH## {"tag":"feed1000","t_us":1790242148630564,"ev":"page_build","i":481}
Sep 24 15:14:08.631004 Runner(Flutter)[2656] <Notice>: dartnative: ##BENCH## {"tag":"feed1000","t_us":1790242148630601,"ev":"page_build","i":482}
Sep 24 15:14:08.631110 Runner(Flutter)[2656] <Notice>: dartnative: ##BENCH## {"tag":"feed1000","t_us":1790242148630632,"ev":"page_build","i":483}
Sep 24 15:14:08.631190 Runner(Flutter)[2656] <Notice>: dartnative: ##BENCH## {"tag":"feed1000","t_us":1790242148630702,"ev":"page_build","i":484}
Sep 24 15:14:08.631266 Runner(Flutter)[2656] <Notice>: dartnative: ##BENCH## {"tag":"feed1000","t_us":1790242148630784,"ev":"page_build","i":485}
Sep 24 15:14:08.631287 Runner(Flutter)[2656] <Notice>: dartnative: ##BENCH## {"tag":"feed1000","t_us":1790242148630878,"ev":"page_build","i":486}
Sep 24 15:14:08.631370 Runner(Flutter)[2656] <Notice>: dartnative: ##BENCH## {"tag":"feed1000","t_us":1790242148630939,"ev":"page_build","i":487}
Sep 24 15:14:08.631417 Runner(Flutter)[2656] <Notice>: dartnative: ##BENCH## {"tag":"feed1000","t_us":1790242148630985,"ev":"page_build","i":488}
Sep 24 15:14:08.631485 Runner(Flutter)[2656] <Notice>: dartnative: ##BENCH## {"tag":"feed1000","t_us":1790242148631045,"ev":"page_build","i":489}
Sep 24 15:14:08.631569 Runner(Flutter)[2656] <Notice>: dartnative: ##BENCH## {"tag":"feed1000","t_us":1790242148631091,"ev":"page_build","i":490}
Sep 24 15:14:08.631598 Runner(Flutter)[2656] <Notice>: dartnative: ##BENCH## {"tag":"feed1000","t_us":1790242148631153,"ev":"page_build","i":491}
Sep 24 15:14:08.631646 Runner(Flutter)[2656] <Notice>: dartnative: ##BENCH## {"tag":"feed1000","t_us":1790242148631218,"ev":"page_build","i":492}
Sep 24 15:14:08.631661 Runner(Flutter)[2656] <Notice>: dartnative: ##BENCH## {"tag":"feed1000","t_us":1790242148631294,"ev":"page_build","i":493}
Sep 24 15:14:08.631714 Runner(Flutter)[2656] <Notice>: dartnative: ##BENCH## {"tag":"feed1000","t_us":1790242148631382,"ev":"page_build","i":494}
Sep 24 15:14:08.631723 Runner(Flutter)[2656] <Notice>: dartnative: ##BENCH## {"tag":"feed1000","t_us":1790242148631433,"ev":"page_build","i":495}
Sep 24 15:14:08.631756 Runner(Flutter)[2656] <Notice>: dartnative: ##BENCH## {"tag":"feed1000","t_us":1790242148631510,"ev":"page_build","i":496}
Sep 24 15:14:08.631765 Runner(Flutter)[2656] <Notice>: dartnative: ##BENCH## {"tag":"feed1000","t_us":1790242148631602,"ev":"page_build","i":497}
Sep 24 15:14:08.631824 Runner(Flutter)[2656] <Notice>: dartnative: ##BENCH## {"tag":"feed1000","t_us":1790242148631648,"ev":"page_build","i":498}
Sep 24 15:14:08.631848 Runner(Flutter)[2656] <Notice>: dartnative: ##BENCH## {"tag":"feed1000","t_us":1790242148631690,"ev":"page_build","i":499}
Sep 24 15:14:08.631949 Runner(Flutter)[2656] <Notice>: dartnative: ##BENCH## {"tag":"feed1000","t_us":1790242148631734,"ev":"page_build","i":500}
Sep 24 15:14:08.631966 Runner(Flutter)[2656] <Notice>: dartnative: ##BENCH## {"tag":"feed1000","t_us":1790242148631775,"ev":"page_build","i":501}
Sep 24 15:14:08.631994 Runner(Flutter)[2656] <Notice>: dartnative: ##BENCH## {"tag":"feed1000","t_us":1790242148631816,"ev":"page_build","i":502}
Sep 24 15:14:08.632018 Runner(Flutter)[2656] <Notice>: dartnative: ##BENCH## {"tag":"feed1000","t_us":1790242148631873,"ev":"page_build","i":503}
Sep 24 15:14:08.632127 Runner(Flutter)[2656] <Notice>: dartnative: ##BENCH## {"tag":"feed1000","t_us":1790242148631915,"ev":"page_build","i":504}
Sep 24 15:14:08.632143 Runner(Flutter)[2656] <Notice>: dartnative: ##BENCH## {"tag":"feed1000","t_us":1790242148631968,"ev":"page_build","i":505}
Sep 24 15:14:08.632159 Runner(Flutter)[2656] <Notice>: dartnative: ##BENCH## {"tag":"feed1000","t_us":1790242148632013,"ev":"page_build","i":506}
Sep 24 15:14:08.632209 Runner(Flutter)[2656] <Notice>: dartnative: ##BENCH## {"tag":"feed1000","t_us":1790242148632044,"ev":"page_build","i":507}
Sep 24 15:14:08.632259 Runner(Flutter)[2656] <Notice>: dartnative: ##BENCH## {"tag":"feed1000","t_us":1790242148632074,"ev":"page_build","i":508}
Sep 24 15:14:08.632312 Runner(Flutter)[2656] <Notice>: dartnative: ##BENCH## {"tag":"feed1000","t_us":1790242148632120,"ev":"page_build","i":509}
Sep 24 15:14:08.632835 Runner(Flutter)[2656] <Notice>: dartnative: ##BENCH## {"tag":"feed1000","t_us":1790242148632770,"ev":"page_build","i":510}
Sep 24 15:14:08.632935 Runner(Flutter)[2656] <Notice>: dartnative: ##BENCH## {"tag":"feed1000","t_us":1790242148632870,"ev":"page_build","i":511}
Sep 24 15:14:08.633002 Runner(Flutter)[2656] <Notice>: dartnative: ##BENCH## {"tag":"feed1000","t_us":1790242148632925,"ev":"page_build","i":512}
Sep 24 15:14:08.633094 Runner(Flutter)[2656] <Notice>: dartnative: ##BENCH## {"tag":"feed1000","t_us":1790242148633010,"ev":"page_build","i":513}
Sep 24 15:14:08.633165 Runner(Flutter)[2656] <Notice>: dartnative: ##BENCH## {"tag":"feed1000","t_us":1790242148633083,"ev":"page_build","i":514}
Sep 24 15:14:08.633213 Runner(Flutter)[2656] <Notice>: dartnative: ##BENCH## {"tag":"feed1000","t_us":1790242148633133,"ev":"page_build","i":515}
Sep 24 15:14:08.633301 Runner(Flutter)[2656] <Notice>: dartnative: ##BENCH## {"tag":"feed1000","t_us":1790242148633208,"ev":"page_build","i":516}
Sep 24 15:14:08.633317 Runner(Flutter)[2656] <Notice>: dartnative: ##BENCH## {"tag":"feed1000","t_us":1790242148633278,"ev":"page_build","i":517}
Sep 24 15:14:08.633369 Runner(Flutter)[2656] <Notice>: dartnative: ##BENCH## {"tag":"feed1000","t_us":1790242148633308,"ev":"page_build","i":518}
Sep 24 15:14:08.633414 Runner(Flutter)[2656] <Notice>: dartnative: ##BENCH## {"tag":"feed1000","t_us":1790242148633364,"ev":"page_build","i":519}
Sep 24 15:14:08.633518 Runner(Flutter)[2656] <Notice>: dartnative: ##BENCH## {"tag":"feed1000","t_us":1790242148633406,"ev":"page_build","i":520}
Sep 24 15:14:08.633532 Runner(Flutter)[2656] <Notice>: dartnative: ##BENCH## {"tag":"feed1000","t_us":1790242148633456,"ev":"page_build","i":521}
Sep 24 15:14:08.633540 Runner(Flutter)[2656] <Notice>: dartnative: ##BENCH## {"tag":"feed1000","t_us":1790242148633486,"ev":"page_build","i":522}
Sep 24 15:14:08.633621 Runner(Flutter)[2656] <Notice>: dartnative: ##BENCH## {"tag":"feed1000","t_us":1790242148633515,"ev":"page_build","i":523}
Sep 24 15:14:08.633636 Runner(Flutter)[2656] <Notice>: dartnative: ##BENCH## {"tag":"feed1000","t_us":1790242148633574,"ev":"page_build","i":524}
Sep 24 15:14:08.633657 Runner(Flutter)[2656] <Notice>: dartnative: ##BENCH## {"tag":"feed1000","t_us":1790242148633611,"ev":"page_build","i":525}
Sep 24 15:14:08.633709 Runner(Flutter)[2656] <Notice>: dartnative: ##BENCH## {"tag":"feed1000","t_us":1790242148633664,"ev":"page_build","i":526}
Sep 24 15:14:08.633747 Runner(Flutter)[2656] <Notice>: dartnative: ##BENCH## {"tag":"feed1000","t_us":1790242148633704,"ev":"page_build","i":527}
Sep 24 15:14:08.633784 Runner(Flutter)[2656] <Notice>: dartnative: ##BENCH## {"tag":"feed1000","t_us":1790242148633741,"ev":"page_build","i":528}
Sep 24 15:14:08.633869 Runner(Flutter)[2656] <Notice>: dartnative: ##BENCH## {"tag":"feed1000","t_us":1790242148633781,"ev":"page_build","i":529}
Sep 24 15:14:08.633884 Runner(Flutter)[2656] <Notice>: dartnative: ##BENCH## {"tag":"feed1000","t_us":1790242148633832,"ev":"page_build","i":530}
Sep 24 15:14:08.633931 Runner(Flutter)[2656] <Notice>: dartnative: ##BENCH## {"tag":"feed1000","t_us":1790242148633863,"ev":"page_build","i":531}
Sep 24 15:14:08.633972 Runner(Flutter)[2656] <Notice>: dartnative: ##BENCH## {"tag":"feed1000","t_us":1790242148633929,"ev":"page_build","i":532}
Sep 24 15:14:08.634057 Runner(Flutter)[2656] <Notice>: dartnative: ##BENCH## {"tag":"feed1000","t_us":1790242148633974,"ev":"page_build","i":533}
Sep 24 15:14:08.634071 Runner(Flutter)[2656] <Notice>: dartnative: ##BENCH## {"tag":"feed1000","t_us":1790242148634028,"ev":"page_build","i":534}
Sep 24 15:14:08.634130 Runner(Flutter)[2656] <Notice>: dartnative: ##BENCH## {"tag":"feed1000","t_us":1790242148634057,"ev":"page_build","i":535}
Sep 24 15:14:08.634162 Runner(Flutter)[2656] <Notice>: dartnative: ##BENCH## {"tag":"feed1000","t_us":1790242148634121,"ev":"page_build","i":536}
Sep 24 15:14:08.634206 Runner(Flutter)[2656] <Notice>: dartnative: ##BENCH## {"tag":"feed1000","t_us":1790242148634163,"ev":"page_build","i":537}
Sep 24 15:14:08.634252 Runner(Flutter)[2656] <Notice>: dartnative: ##BENCH## {"tag":"feed1000","t_us":1790242148634208,"ev":"page_build","i":538}
Sep 24 15:14:08.634300 Runner(Flutter)[2656] <Notice>: dartnative: ##BENCH## {"tag":"feed1000","t_us":1790242148634253,"ev":"page_build","i":539}
Sep 24 15:14:08.634338 Runner(Flutter)[2656] <Notice>: dartnative: ##BENCH## {"tag":"feed1000","t_us":1790242148634292,"ev":"page_build","i":540}
Sep 24 15:14:08.634379 Runner(Flutter)[2656] <Notice>: dartnative: ##BENCH## {"tag":"feed1000","t_us":1790242148634338,"ev":"page_build","i":541}
Sep 24 15:14:08.634422 Runner(Flutter)[2656] <Notice>: dartnative: ##BENCH## {"tag":"feed1000","t_us":1790242148634379,"ev":"page_build","i":542}
Sep 24 15:14:08.634467 Runner(Flutter)[2656] <Notice>: dartnative: ##BENCH## {"tag":"feed1000","t_us":1790242148634424,"ev":"page_build","i":543}
Sep 24 15:14:08.634523 Runner(Flutter)[2656] <Notice>: dartnative: ##BENCH## {"tag":"feed1000","t_us":1790242148634465,"ev":"page_build","i":544}
Sep 24 15:14:08.634566 Runner(Flutter)[2656] <Notice>: dartnative: ##BENCH## {"tag":"feed1000","t_us":1790242148634522,"ev":"page_build","i":545}
Sep 24 15:14:08.634610 Runner(Flutter)[2656] <Notice>: dartnative: ##BENCH## {"tag":"feed1000","t_us":1790242148634565,"ev":"page_build","i":546}
Sep 24 15:14:08.634664 Runner(Flutter)[2656] <Notice>: dartnative: ##BENCH## {"tag":"feed1000","t_us":1790242148634618,"ev":"page_build","i":547}
Sep 24 15:14:08.634743 Runner(Flutter)[2656] <Notice>: dartnative: ##BENCH## {"tag":"feed1000","t_us":1790242148634657,"ev":"page_build","i":548}
Sep 24 15:14:08.634759 Runner(Flutter)[2656] <Notice>: dartnative: ##BENCH## {"tag":"feed1000","t_us":1790242148634686,"ev":"page_build","i":549}
Sep 24 15:14:08.634767 Runner(Flutter)[2656] <Notice>: dartnative: ##BENCH## {"tag":"feed1000","t_us":1790242148634712,"ev":"page_build","i":550}
Sep 24 15:14:08.634809 Runner(Flutter)[2656] <Notice>: dartnative: ##BENCH## {"tag":"feed1000","t_us":1790242148634747,"ev":"page_build","i":551}
Sep 24 15:14:08.634853 Runner(Flutter)[2656] <Notice>: dartnative: ##BENCH## {"tag":"feed1000","t_us":1790242148634822,"ev":"page_build","i":552}
Sep 24 15:14:08.634899 Runner(Flutter)[2656] <Notice>: dartnative: ##BENCH## {"tag":"feed1000","t_us":1790242148634852,"ev":"page_build","i":553}
Sep 24 15:14:08.634953 Runner(Flutter)[2656] <Notice>: dartnative: ##BENCH## {"tag":"feed1000","t_us":1790242148634890,"ev":"page_build","i":554}
Sep 24 15:14:08.635013 Runner(Flutter)[2656] <Notice>: dartnative: ##BENCH## {"tag":"feed1000","t_us":1790242148634928,"ev":"page_build","i":555}
Sep 24 15:14:08.635028 Runner(Flutter)[2656] <Notice>: dartnative: ##BENCH## {"tag":"feed1000","t_us":1790242148634959,"ev":"page_build","i":556}
Sep 24 15:14:08.635035 Runner(Flutter)[2656] <Notice>: dartnative: ##BENCH## {"tag":"feed1000","t_us":1790242148634999,"ev":"page_build","i":557}
Sep 24 15:14:08.635100 Runner(Flutter)[2656] <Notice>: dartnative: ##BENCH## {"tag":"feed1000","t_us":1790242148635047,"ev":"page_build","i":558}
Sep 24 15:14:08.635134 Runner(Flutter)[2656] <Notice>: dartnative: ##BENCH## {"tag":"feed1000","t_us":1790242148635088,"ev":"page_build","i":559}
Sep 24 15:14:08.635184 Runner(Flutter)[2656] <Notice>: dartnative: ##BENCH## {"tag":"feed1000","t_us":1790242148635137,"ev":"page_build","i":560}
Sep 24 15:14:08.635235 Runner(Flutter)[2656] <Notice>: dartnative: ##BENCH## {"tag":"feed1000","t_us":1790242148635167,"ev":"page_build","i":561}
Sep 24 15:14:08.635315 Runner(Flutter)[2656] <Notice>: dartnative: ##BENCH## {"tag":"feed1000","t_us":1790242148635234,"ev":"page_build","i":562}
Sep 24 15:14:08.635330 Runner(Flutter)[2656] <Notice>: dartnative: ##BENCH## {"tag":"feed1000","t_us":1790242148635292,"ev":"page_build","i":563}
Sep 24 15:14:08.635363 Runner(Flutter)[2656] <Notice>: dartnative: ##BENCH## {"tag":"feed1000","t_us":1790242148635320,"ev":"page_build","i":564}
Sep 24 15:14:08.635401 Runner(Flutter)[2656] <Notice>: dartnative: ##BENCH## {"tag":"feed1000","t_us":1790242148635361,"ev":"page_build","i":565}
Sep 24 15:14:08.635427 Runner(Flutter)[2656] <Notice>: dartnative: ##BENCH## {"tag":"feed1000","t_us":1790242148635394,"ev":"page_build","i":566}
Sep 24 15:14:08.635461 Runner(Flutter)[2656] <Notice>: dartnative: ##BENCH## {"tag":"feed1000","t_us":1790242148635435,"ev":"page_build","i":567}
Sep 24 15:14:08.635549 Runner(Flutter)[2656] <Notice>: dartnative: ##BENCH## {"tag":"feed1000","t_us":1790242148635467,"ev":"page_build","i":568}
Sep 24 15:14:08.635564 Runner(Flutter)[2656] <Notice>: dartnative: ##BENCH## {"tag":"feed1000","t_us":1790242148635514,"ev":"page_build","i":569}
Sep 24 15:14:08.635624 Runner(Flutter)[2656] <Notice>: dartnative: ##BENCH## {"tag":"feed1000","t_us":1790242148635543,"ev":"page_build","i":570}
Sep 24 15:14:08.635633 Runner(Flutter)[2656] <Notice>: dartnative: ##BENCH## {"tag":"feed1000","t_us":1790242148635595,"ev":"page_build","i":571}
Sep 24 15:14:08.635673 Runner(Flutter)[2656] <Notice>: dartnative: ##BENCH## {"tag":"feed1000","t_us":1790242148635624,"ev":"page_build","i":572}
Sep 24 15:14:08.635683 Runner(Flutter)[2656] <Notice>: dartnative: ##BENCH## {"tag":"feed1000","t_us":1790242148635655,"ev":"page_build","i":573}
Sep 24 15:14:08.635774 Runner(Flutter)[2656] <Notice>: dartnative: ##BENCH## {"tag":"feed1000","t_us":1790242148635681,"ev":"page_build","i":574}
Sep 24 15:14:08.635784 Runner(Flutter)[2656] <Notice>: dartnative: ##BENCH## {"tag":"feed1000","t_us":1790242148635712,"ev":"page_build","i":575}
Sep 24 15:14:08.635795 Runner(Flutter)[2656] <Notice>: dartnative: ##BENCH## {"tag":"feed1000","t_us":1790242148635740,"ev":"page_build","i":576}
Sep 24 15:14:08.635828 Runner(Flutter)[2656] <Notice>: dartnative: ##BENCH## {"tag":"feed1000","t_us":1790242148635767,"ev":"page_build","i":577}
Sep 24 15:14:08.635921 Runner(Flutter)[2656] <Notice>: dartnative: ##BENCH## {"tag":"feed1000","t_us":1790242148635831,"ev":"page_build","i":578}
Sep 24 15:14:08.635930 Runner(Flutter)[2656] <Notice>: dartnative: ##BENCH## {"tag":"feed1000","t_us":1790242148635863,"ev":"page_build","i":579}
Sep 24 15:14:08.635937 Runner(Flutter)[2656] <Notice>: dartnative: ##BENCH## {"tag":"feed1000","t_us":1790242148635890,"ev":"page_build","i":580}
Sep 24 15:14:08.636027 Runner(Flutter)[2656] <Notice>: dartnative: ##BENCH## {"tag":"feed1000","t_us":1790242148635934,"ev":"page_build","i":581}
Sep 24 15:14:08.636035 Runner(Flutter)[2656] <Notice>: dartnative: ##BENCH## {"tag":"feed1000","t_us":1790242148635964,"ev":"page_build","i":582}
Sep 24 15:14:08.636043 Runner(Flutter)[2656] <Notice>: dartnative: ##BENCH## {"tag":"feed1000","t_us":1790242148635993,"ev":"page_build","i":583}
Sep 24 15:14:08.636051 Runner(Flutter)[2656] <Notice>: dartnative: ##BENCH## {"tag":"feed1000","t_us":1790242148636022,"ev":"page_build","i":584}
Sep 24 15:14:08.636098 Runner(Flutter)[2656] <Notice>: dartnative: ##BENCH## {"tag":"feed1000","t_us":1790242148636052,"ev":"page_build","i":585}
Sep 24 15:14:08.636108 Runner(Flutter)[2656] <Notice>: dartnative: ##BENCH## {"tag":"feed1000","t_us":1790242148636080,"ev":"page_build","i":586}
Sep 24 15:14:08.636133 Runner(Flutter)[2656] <Notice>: dartnative: ##BENCH## {"tag":"feed1000","t_us":1790242148636106,"ev":"page_build","i":587}
Sep 24 15:14:08.636158 Runner(Flutter)[2656] <Notice>: dartnative: ##BENCH## {"tag":"feed1000","t_us":1790242148636133,"ev":"page_build","i":588}
Sep 24 15:14:08.636194 Runner(Flutter)[2656] <Notice>: dartnative: ##BENCH## {"tag":"feed1000","t_us":1790242148636168,"ev":"page_build","i":589}
Sep 24 15:14:08.636220 Runner(Flutter)[2656] <Notice>: dartnative: ##BENCH## {"tag":"feed1000","t_us":1790242148636198,"ev":"page_build","i":590}
Sep 24 15:14:08.636330 Runner(Flutter)[2656] <Notice>: dartnative: ##BENCH## {"tag":"feed1000","t_us":1790242148636227,"ev":"page_build","i":591}
Sep 24 15:14:08.636347 Runner(Flutter)[2656] <Notice>: dartnative: ##BENCH## {"tag":"feed1000","t_us":1790242148636266,"ev":"page_build","i":592}
Sep 24 15:14:08.636355 Runner(Flutter)[2656] <Notice>: dartnative: ##BENCH## {"tag":"feed1000","t_us":1790242148636301,"ev":"page_build","i":593}
Sep 24 15:14:08.636385 Runner(Flutter)[2656] <Notice>: dartnative: ##BENCH## {"tag":"feed1000","t_us":1790242148636329,"ev":"page_build","i":594}
Sep 24 15:14:08.636432 Runner(Flutter)[2656] <Notice>: dartnative: ##BENCH## {"tag":"feed1000","t_us":1790242148636377,"ev":"page_build","i":595}
Sep 24 15:14:08.636441 Runner(Flutter)[2656] <Notice>: dartnative: ##BENCH## {"tag":"feed1000","t_us":1790242148636404,"ev":"page_build","i":596}
Sep 24 15:14:08.636532 Runner(Flutter)[2656] <Notice>: dartnative: ##BENCH## {"tag":"feed1000","t_us":1790242148636433,"ev":"page_build","i":597}
Sep 24 15:14:08.636541 Runner(Flutter)[2656] <Notice>: dartnative: ##BENCH## {"tag":"feed1000","t_us":1790242148636470,"ev":"page_build","i":598}
Sep 24 15:14:08.636549 Runner(Flutter)[2656] <Notice>: dartnative: ##BENCH## {"tag":"feed1000","t_us":1790242148636499,"ev":"page_build","i":599}
Sep 24 15:14:08.636557 Runner(Flutter)[2656] <Notice>: dartnative: ##BENCH## {"tag":"feed1000","t_us":1790242148636528,"ev":"page_build","i":600}
Sep 24 15:14:08.636595 Runner(Flutter)[2656] <Notice>: dartnative: ##BENCH## {"tag":"feed1000","t_us":1790242148636560,"ev":"page_build","i":601}
Sep 24 15:14:08.636634 Runner(Flutter)[2656] <Notice>: dartnative: ##BENCH## {"tag":"feed1000","t_us":1790242148636603,"ev":"page_build","i":602}
Sep 24 15:14:08.636667 Runner(Flutter)[2656] <Notice>: dartnative: ##BENCH## {"tag":"feed1000","t_us":1790242148636634,"ev":"page_build","i":603}
Sep 24 15:14:08.636712 Runner(Flutter)[2656] <Notice>: dartnative: ##BENCH## {"tag":"feed1000","t_us":1790242148636675,"ev":"page_build","i":604}
Sep 24 15:14:08.636752 Runner(Flutter)[2656] <Notice>: dartnative: ##BENCH## {"tag":"feed1000","t_us":1790242148636709,"ev":"page_build","i":605}
Sep 24 15:14:08.636844 Runner(Flutter)[2656] <Notice>: dartnative: ##BENCH## {"tag":"feed1000","t_us":1790242148636741,"ev":"page_build","i":606}
Sep 24 15:14:08.636853 Runner(Flutter)[2656] <Notice>: dartnative: ##BENCH## {"tag":"feed1000","t_us":1790242148636781,"ev":"page_build","i":607}
Sep 24 15:14:08.636862 Runner(Flutter)[2656] <Notice>: dartnative: ##BENCH## {"tag":"feed1000","t_us":1790242148636811,"ev":"page_build","i":608}
Sep 24 15:14:08.636870 Runner(Flutter)[2656] <Notice>: dartnative: ##BENCH## {"tag":"feed1000","t_us":1790242148636841,"ev":"page_build","i":609}
Sep 24 15:14:08.636945 Runner(Flutter)[2656] <Notice>: dartnative: ##BENCH## {"tag":"feed1000","t_us":1790242148636873,"ev":"page_build","i":610}
Sep 24 15:14:08.636955 Runner(Flutter)[2656] <Notice>: dartnative: ##BENCH## {"tag":"feed1000","t_us":1790242148636904,"ev":"page_build","i":611}
Sep 24 15:14:08.636975 Runner(Flutter)[2656] <Notice>: dartnative: ##BENCH## {"tag":"feed1000","t_us":1790242148636934,"ev":"page_build","i":612}
Sep 24 15:14:08.637040 Runner(Flutter)[2656] <Notice>: dartnative: ##BENCH## {"tag":"feed1000","t_us":1790242148636968,"ev":"page_build","i":613}
Sep 24 15:14:08.637060 Runner(Flutter)[2656] <Notice>: dartnative: ##BENCH## {"tag":"feed1000","t_us":1790242148637000,"ev":"page_build","i":614}
Sep 24 15:14:08.637094 Runner(Flutter)[2656] <Notice>: dartnative: ##BENCH## {"tag":"feed1000","t_us":1790242148637031,"ev":"page_build","i":615}
Sep 24 15:14:08.637127 Runner(Flutter)[2656] <Notice>: dartnative: ##BENCH## {"tag":"feed1000","t_us":1790242148637099,"ev":"page_build","i":616}
Sep 24 15:14:08.637199 Runner(Flutter)[2656] <Notice>: dartnative: ##BENCH## {"tag":"feed1000","t_us":1790242148637134,"ev":"page_build","i":617}
Sep 24 15:14:08.637209 Runner(Flutter)[2656] <Notice>: dartnative: ##BENCH## {"tag":"feed1000","t_us":1790242148637165,"ev":"page_build","i":618}
Sep 24 15:14:08.637235 Runner(Flutter)[2656] <Notice>: dartnative: ##BENCH## {"tag":"feed1000","t_us":1790242148637196,"ev":"page_build","i":619}
Sep 24 15:14:08.637295 Runner(Flutter)[2656] <Notice>: dartnative: ##BENCH## {"tag":"feed1000","t_us":1790242148637228,"ev":"page_build","i":620}
Sep 24 15:14:08.637306 Runner(Flutter)[2656] <Notice>: dartnative: ##BENCH## {"tag":"feed1000","t_us":1790242148637260,"ev":"page_build","i":621}
Sep 24 15:14:08.637334 Runner(Flutter)[2656] <Notice>: dartnative: ##BENCH## {"tag":"feed1000","t_us":1790242148637290,"ev":"page_build","i":622}
Sep 24 15:14:08.637363 Runner(Flutter)[2656] <Notice>: dartnative: ##BENCH## {"tag":"feed1000","t_us":1790242148637337,"ev":"page_build","i":623}
Sep 24 15:14:08.637446 Runner(Flutter)[2656] <Notice>: dartnative: ##BENCH## {"tag":"feed1000","t_us":1790242148637369,"ev":"page_build","i":624}
Sep 24 15:14:08.637462 Runner(Flutter)[2656] <Notice>: dartnative: ##BENCH## {"tag":"feed1000","t_us":1790242148637411,"ev":"page_build","i":625}
Sep 24 15:14:08.637494 Runner(Flutter)[2656] <Notice>: dartnative: ##BENCH## {"tag":"feed1000","t_us":1790242148637448,"ev":"page_build","i":626}
Sep 24 15:14:08.637573 Runner(Flutter)[2656] <Notice>: dartnative: ##BENCH## {"tag":"feed1000","t_us":1790242148637487,"ev":"page_build","i":627}
Sep 24 15:14:08.637587 Runner(Flutter)[2656] <Notice>: dartnative: ##BENCH## {"tag":"feed1000","t_us":1790242148637532,"ev":"page_build","i":628}
Sep 24 15:14:08.637646 Runner(Flutter)[2656] <Notice>: dartnative: ##BENCH## {"tag":"feed1000","t_us":1790242148637567,"ev":"page_build","i":629}
Sep 24 15:14:08.637656 Runner(Flutter)[2656] <Notice>: dartnative: ##BENCH## {"tag":"feed1000","t_us":1790242148637607,"ev":"page_build","i":630}
Sep 24 15:14:08.637696 Runner(Flutter)[2656] <Notice>: dartnative: ##BENCH## {"tag":"feed1000","t_us":1790242148637645,"ev":"page_build","i":631}
Sep 24 15:14:08.637705 Runner(Flutter)[2656] <Notice>: dartnative: ##BENCH## {"tag":"feed1000","t_us":1790242148637677,"ev":"page_build","i":632}
Sep 24 15:14:08.637742 Runner(Flutter)[2656] <Notice>: dartnative: ##BENCH## {"tag":"feed1000","t_us":1790242148637705,"ev":"page_build","i":633}
Sep 24 15:14:08.637826 Runner(Flutter)[2656] <Notice>: dartnative: ##BENCH## {"tag":"feed1000","t_us":1790242148637737,"ev":"page_build","i":634}
Sep 24 15:14:08.637836 Runner(Flutter)[2656] <Notice>: dartnative: ##BENCH## {"tag":"feed1000","t_us":1790242148637770,"ev":"page_build","i":635}
Sep 24 15:14:08.637843 Runner(Flutter)[2656] <Notice>: dartnative: ##BENCH## {"tag":"feed1000","t_us":1790242148637799,"ev":"page_build","i":636}
Sep 24 15:14:08.637894 Runner(Flutter)[2656] <Notice>: dartnative: ##BENCH## {"tag":"feed1000","t_us":1790242148637830,"ev":"page_build","i":637}
Sep 24 15:14:08.637902 Runner(Flutter)[2656] <Notice>: dartnative: ##BENCH## {"tag":"feed1000","t_us":1790242148637863,"ev":"page_build","i":638}
Sep 24 15:14:08.637975 Runner(Flutter)[2656] <Notice>: dartnative: ##BENCH## {"tag":"feed1000","t_us":1790242148637894,"ev":"page_build","i":639}
Sep 24 15:14:08.637993 Runner(Flutter)[2656] <Notice>: dartnative: ##BENCH## {"tag":"feed1000","t_us":1790242148637941,"ev":"page_build","i":640}
Sep 24 15:14:08.638035 Runner(Flutter)[2656] <Notice>: dartnative: ##BENCH## {"tag":"feed1000","t_us":1790242148637972,"ev":"page_build","i":641}
Sep 24 15:14:08.638048 Runner(Flutter)[2656] <Notice>: dartnative: ##BENCH## {"tag":"feed1000","t_us":1790242148638007,"ev":"page_build","i":642}
Sep 24 15:14:08.638103 Runner(Flutter)[2656] <Notice>: dartnative: ##BENCH## {"tag":"feed1000","t_us":1790242148638035,"ev":"page_build","i":643}
Sep 24 15:14:08.638111 Runner(Flutter)[2656] <Notice>: dartnative: ##BENCH## {"tag":"feed1000","t_us":1790242148638073,"ev":"page_build","i":644}
Sep 24 15:14:08.638170 Runner(Flutter)[2656] <Notice>: dartnative: ##BENCH## {"tag":"feed1000","t_us":1790242148638106,"ev":"page_build","i":645}
Sep 24 15:14:08.638179 Runner(Flutter)[2656] <Notice>: dartnative: ##BENCH## {"tag":"feed1000","t_us":1790242148638137,"ev":"page_build","i":646}
Sep 24 15:14:08.638211 Runner(Flutter)[2656] <Notice>: dartnative: ##BENCH## {"tag":"feed1000","t_us":1790242148638171,"ev":"page_build","i":647}
Sep 24 15:14:08.638243 Runner(Flutter)[2656] <Notice>: dartnative: ##BENCH## {"tag":"feed1000","t_us":1790242148638203,"ev":"page_build","i":648}
Sep 24 15:14:08.638287 Runner(Flutter)[2656] <Notice>: dartnative: ##BENCH## {"tag":"feed1000","t_us":1790242148638235,"ev":"page_build","i":649}
Sep 24 15:14:08.638324 Runner(Flutter)[2656] <Notice>: dartnative: ##BENCH## {"tag":"feed1000","t_us":1790242148638281,"ev":"page_build","i":650}
Sep 24 15:14:08.638372 Runner(Flutter)[2656] <Notice>: dartnative: ##BENCH## {"tag":"feed1000","t_us":1790242148638343,"ev":"page_build","i":651}
Sep 24 15:14:08.638393 Runner(Flutter)[2656] <Notice>: dartnative: ##BENCH## {"tag":"feed1000","t_us":1790242148638375,"ev":"page_build","i":652}
Sep 24 15:14:08.641370 Runner(Flutter)[2656] <Notice>: dartnative: ##BENCH## {"tag":"feed1000","t_us":1790242148641296,"ev":"page_build","i":653}
Sep 24 15:14:08.641473 Runner(Flutter)[2656] <Notice>: dartnative: ##BENCH## {"tag":"feed1000","t_us":1790242148641359,"ev":"page_build","i":654}
Sep 24 15:14:08.641493 Runner(Flutter)[2656] <Notice>: dartnative: ##BENCH## {"tag":"feed1000","t_us":1790242148641392,"ev":"page_build","i":655}
Sep 24 15:14:08.641539 Runner(Flutter)[2656] <Notice>: dartnative: ##BENCH## {"tag":"feed1000","t_us":1790242148641453,"ev":"page_build","i":656}
Sep 24 15:14:08.641594 Runner(Flutter)[2656] <Notice>: dartnative: ##BENCH## {"tag":"feed1000","t_us":1790242148641485,"ev":"page_build","i":657}
Sep 24 15:14:08.641614 Runner(Flutter)[2656] <Notice>: dartnative: ##BENCH## {"tag":"feed1000","t_us":1790242148641548,"ev":"page_build","i":658}
Sep 24 15:14:08.641669 Runner(Flutter)[2656] <Notice>: dartnative: ##BENCH## {"tag":"feed1000","t_us":1790242148641593,"ev":"page_build","i":659}
Sep 24 15:14:08.641733 Runner(Flutter)[2656] <Notice>: dartnative: ##BENCH## {"tag":"feed1000","t_us":1790242148641655,"ev":"page_build","i":660}
Sep 24 15:14:08.641748 Runner(Flutter)[2656] <Notice>: dartnative: ##BENCH## {"tag":"feed1000","t_us":1790242148641700,"ev":"page_build","i":661}
Sep 24 15:14:08.641783 Runner(Flutter)[2656] <Notice>: dartnative: ##BENCH## {"tag":"feed1000","t_us":1790242148641731,"ev":"page_build","i":662}
Sep 24 15:14:08.641849 Runner(Flutter)[2656] <Notice>: dartnative: ##BENCH## {"tag":"feed1000","t_us":1790242148641788,"ev":"page_build","i":663}
Sep 24 15:14:08.641868 Runner(Flutter)[2656] <Notice>: dartnative: ##BENCH## {"tag":"feed1000","t_us":1790242148641831,"ev":"page_build","i":664}
Sep 24 15:14:08.641905 Runner(Flutter)[2656] <Notice>: dartnative: ##BENCH## {"tag":"feed1000","t_us":1790242148641861,"ev":"page_build","i":665}
Sep 24 15:14:08.641975 Runner(Flutter)[2656] <Notice>: dartnative: ##BENCH## {"tag":"feed1000","t_us":1790242148641905,"ev":"page_build","i":666}
Sep 24 15:14:08.641985 Runner(Flutter)[2656] <Notice>: dartnative: ##BENCH## {"tag":"feed1000","t_us":1790242148641939,"ev":"page_build","i":667}
Sep 24 15:14:08.641994 Runner(Flutter)[2656] <Notice>: dartnative: ##BENCH## {"tag":"feed1000","t_us":1790242148641969,"ev":"page_build","i":668}
Sep 24 15:14:08.642068 Runner(Flutter)[2656] <Notice>: dartnative: ##BENCH## {"tag":"feed1000","t_us":1790242148642002,"ev":"page_build","i":669}
Sep 24 15:14:08.642097 Runner(Flutter)[2656] <Notice>: dartnative: ##BENCH## {"tag":"feed1000","t_us":1790242148642033,"ev":"page_build","i":670}
Sep 24 15:14:08.642157 Runner(Flutter)[2656] <Notice>: dartnative: ##BENCH## {"tag":"feed1000","t_us":1790242148642061,"ev":"page_build","i":671}
Sep 24 15:14:08.642191 Runner(Flutter)[2656] <Notice>: dartnative: ##BENCH## {"tag":"feed1000","t_us":1790242148642090,"ev":"page_build","i":672}
Sep 24 15:14:08.642201 Runner(Flutter)[2656] <Notice>: dartnative: ##BENCH## {"tag":"feed1000","t_us":1790242148642148,"ev":"page_build","i":673}
Sep 24 15:14:08.642283 Runner(Flutter)[2656] <Notice>: dartnative: ##BENCH## {"tag":"feed1000","t_us":1790242148642200,"ev":"page_build","i":674}
Sep 24 15:14:08.642316 Runner(Flutter)[2656] <Notice>: dartnative: ##BENCH## {"tag":"feed1000","t_us":1790242148642230,"ev":"page_build","i":675}
Sep 24 15:14:08.642325 Runner(Flutter)[2656] <Notice>: dartnative: ##BENCH## {"tag":"feed1000","t_us":1790242148642275,"ev":"page_build","i":676}
Sep 24 15:14:08.642397 Runner(Flutter)[2656] <Notice>: dartnative: ##BENCH## {"tag":"feed1000","t_us":1790242148642305,"ev":"page_build","i":677}
Sep 24 15:14:08.642411 Runner(Flutter)[2656] <Notice>: dartnative: ##BENCH## {"tag":"feed1000","t_us":1790242148642335,"ev":"page_build","i":678}
Sep 24 15:14:08.642420 Runner(Flutter)[2656] <Notice>: dartnative: ##BENCH## {"tag":"feed1000","t_us":1790242148642365,"ev":"page_build","i":679}
Sep 24 15:14:08.642466 Runner(Flutter)[2656] <Notice>: dartnative: ##BENCH## {"tag":"feed1000","t_us":1790242148642396,"ev":"page_build","i":680}
Sep 24 15:14:08.642476 Runner(Flutter)[2656] <Notice>: dartnative: ##BENCH## {"tag":"feed1000","t_us":1790242148642425,"ev":"page_build","i":681}
Sep 24 15:14:08.642534 Runner(Flutter)[2656] <Notice>: dartnative: ##BENCH## {"tag":"feed1000","t_us":1790242148642465,"ev":"page_build","i":682}
Sep 24 15:14:08.642579 Runner(Flutter)[2656] <Notice>: dartnative: ##BENCH## {"tag":"feed1000","t_us":1790242148642495,"ev":"page_build","i":683}
Sep 24 15:14:08.642597 Runner(Flutter)[2656] <Notice>: dartnative: ##BENCH## {"tag":"feed1000","t_us":1790242148642526,"ev":"page_build","i":684}
Sep 24 15:14:08.642637 Runner(Flutter)[2656] <Notice>: dartnative: ##BENCH## {"tag":"feed1000","t_us":1790242148642593,"ev":"page_build","i":685}
Sep 24 15:14:08.642652 Runner(Flutter)[2656] <Notice>: dartnative: ##BENCH## {"tag":"feed1000","t_us":1790242148642625,"ev":"page_build","i":686}
Sep 24 15:14:08.642694 Runner(Flutter)[2656] <Notice>: dartnative: ##BENCH## {"tag":"feed1000","t_us":1790242148642656,"ev":"page_build","i":687}
Sep 24 15:14:08.642725 Runner(Flutter)[2656] <Notice>: dartnative: ##BENCH## {"tag":"feed1000","t_us":1790242148642686,"ev":"page_build","i":688}
Sep 24 15:14:08.642745 Runner(Flutter)[2656] <Notice>: dartnative: ##BENCH## {"tag":"feed1000","t_us":1790242148642713,"ev":"page_build","i":689}
Sep 24 15:14:08.642828 Runner(Flutter)[2656] <Notice>: dartnative: ##BENCH## {"tag":"feed1000","t_us":1790242148642769,"ev":"page_build","i":690}
Sep 24 15:14:08.642845 Runner(Flutter)[2656] <Notice>: dartnative: ##BENCH## {"tag":"feed1000","t_us":1790242148642816,"ev":"page_build","i":691}
Sep 24 15:14:08.642883 Runner(Flutter)[2656] <Notice>: dartnative: ##BENCH## {"tag":"feed1000","t_us":1790242148642849,"ev":"page_build","i":692}
Sep 24 15:14:08.642936 Runner(Flutter)[2656] <Notice>: dartnative: ##BENCH## {"tag":"feed1000","t_us":1790242148642880,"ev":"page_build","i":693}
Sep 24 15:14:08.642946 Runner(Flutter)[2656] <Notice>: dartnative: ##BENCH## {"tag":"feed1000","t_us":1790242148642908,"ev":"page_build","i":694}
Sep 24 15:14:08.642969 Runner(Flutter)[2656] <Notice>: dartnative: ##BENCH## {"tag":"feed1000","t_us":1790242148642938,"ev":"page_build","i":695}
Sep 24 15:14:08.643061 Runner(Flutter)[2656] <Notice>: dartnative: ##BENCH## {"tag":"feed1000","t_us":1790242148642967,"ev":"page_build","i":696}
Sep 24 15:14:08.643078 Runner(Flutter)[2656] <Notice>: dartnative: ##BENCH## {"tag":"feed1000","t_us":1790242148643001,"ev":"page_build","i":697}
Sep 24 15:14:08.643116 Runner(Flutter)[2656] <Notice>: dartnative: ##BENCH## {"tag":"feed1000","t_us":1790242148643046,"ev":"page_build","i":698}
Sep 24 15:14:08.643135 Runner(Flutter)[2656] <Notice>: dartnative: ##BENCH## {"tag":"feed1000","t_us":1790242148643075,"ev":"page_build","i":699}
Sep 24 15:14:08.643183 Runner(Flutter)[2656] <Notice>: dartnative: ##BENCH## {"tag":"feed1000","t_us":1790242148643147,"ev":"page_build","i":700}
Sep 24 15:14:08.643264 Runner(Flutter)[2656] <Notice>: dartnative: ##BENCH## {"tag":"feed1000","t_us":1790242148643187,"ev":"page_build","i":701}
Sep 24 15:14:08.643287 Runner(Flutter)[2656] <Notice>: dartnative: ##BENCH## {"tag":"feed1000","t_us":1790242148643219,"ev":"page_build","i":702}
Sep 24 15:14:08.643317 Runner(Flutter)[2656] <Notice>: dartnative: ##BENCH## {"tag":"feed1000","t_us":1790242148643282,"ev":"page_build","i":703}
Sep 24 15:14:08.643376 Runner(Flutter)[2656] <Notice>: dartnative: ##BENCH## {"tag":"feed1000","t_us":1790242148643314,"ev":"page_build","i":704}
Sep 24 15:14:08.643386 Runner(Flutter)[2656] <Notice>: dartnative: ##BENCH## {"tag":"feed1000","t_us":1790242148643347,"ev":"page_build","i":705}
Sep 24 15:14:08.643413 Runner(Flutter)[2656] <Notice>: dartnative: ##BENCH## {"tag":"feed1000","t_us":1790242148643375,"ev":"page_build","i":706}
Sep 24 15:14:08.643432 Runner(Flutter)[2656] <Notice>: dartnative: ##BENCH## {"tag":"feed1000","t_us":1790242148643403,"ev":"page_build","i":707}
Sep 24 15:14:08.643491 Runner(Flutter)[2656] <Notice>: dartnative: ##BENCH## {"tag":"feed1000","t_us":1790242148643436,"ev":"page_build","i":708}
Sep 24 15:14:08.643511 Runner(Flutter)[2656] <Notice>: dartnative: ##BENCH## {"tag":"feed1000","t_us":1790242148643468,"ev":"page_build","i":709}
Sep 24 15:14:08.643584 Runner(Flutter)[2656] <Notice>: dartnative: ##BENCH## {"tag":"feed1000","t_us":1790242148643556,"ev":"page_build","i":710}
Sep 24 15:14:08.643610 Runner(Flutter)[2656] <Notice>: dartnative: ##BENCH## {"tag":"feed1000","t_us":1790242148643587,"ev":"page_build","i":711}
Sep 24 15:14:08.643677 Runner(Flutter)[2656] <Notice>: dartnative: ##BENCH## {"tag":"feed1000","t_us":1790242148643618,"ev":"page_build","i":712}
Sep 24 15:14:08.643707 Runner(Flutter)[2656] <Notice>: dartnative: ##BENCH## {"tag":"feed1000","t_us":1790242148643666,"ev":"page_build","i":713}
Sep 24 15:14:08.643750 Runner(Flutter)[2656] <Notice>: dartnative: ##BENCH## {"tag":"feed1000","t_us":1790242148643703,"ev":"page_build","i":714}
Sep 24 15:14:08.643788 Runner(Flutter)[2656] <Notice>: dartnative: ##BENCH## {"tag":"feed1000","t_us":1790242148643754,"ev":"page_build","i":715}
Sep 24 15:14:08.643825 Runner(Flutter)[2656] <Notice>: dartnative: ##BENCH## {"tag":"feed1000","t_us":1790242148643784,"ev":"page_build","i":716}
Sep 24 15:14:08.643903 Runner(Flutter)[2656] <Notice>: dartnative: ##BENCH## {"tag":"feed1000","t_us":1790242148643828,"ev":"page_build","i":717}
Sep 24 15:14:08.643916 Runner(Flutter)[2656] <Notice>: dartnative: ##BENCH## {"tag":"feed1000","t_us":1790242148643860,"ev":"page_build","i":718}
Sep 24 15:14:08.643953 Runner(Flutter)[2656] <Notice>: dartnative: ##BENCH## {"tag":"feed1000","t_us":1790242148643895,"ev":"page_build","i":719}
Sep 24 15:14:08.643979 Runner(Flutter)[2656] <Notice>: dartnative: ##BENCH## {"tag":"feed1000","t_us":1790242148643942,"ev":"page_build","i":720}
Sep 24 15:14:08.644020 Runner(Flutter)[2656] <Notice>: dartnative: ##BENCH## {"tag":"feed1000","t_us":1790242148643973,"ev":"page_build","i":721}
Sep 24 15:14:08.644048 Runner(Flutter)[2656] <Notice>: dartnative: ##BENCH## {"tag":"feed1000","t_us":1790242148644004,"ev":"page_build","i":722}
Sep 24 15:14:08.644113 Runner(Flutter)[2656] <Notice>: dartnative: ##BENCH## {"tag":"feed1000","t_us":1790242148644083,"ev":"page_build","i":723}
Sep 24 15:14:08.644194 Runner(Flutter)[2656] <Notice>: dartnative: ##BENCH## {"tag":"feed1000","t_us":1790242148644118,"ev":"page_build","i":724}
Sep 24 15:14:08.644209 Runner(Flutter)[2656] <Notice>: dartnative: ##BENCH## {"tag":"feed1000","t_us":1790242148644156,"ev":"page_build","i":725}
Sep 24 15:14:08.644244 Runner(Flutter)[2656] <Notice>: dartnative: ##BENCH## {"tag":"feed1000","t_us":1790242148644189,"ev":"page_build","i":726}
Sep 24 15:14:08.644253 Runner(Flutter)[2656] <Notice>: dartnative: ##BENCH## {"tag":"feed1000","t_us":1790242148644222,"ev":"page_build","i":727}
Sep 24 15:14:08.644322 Runner(Flutter)[2656] <Notice>: dartnative: ##BENCH## {"tag":"feed1000","t_us":1790242148644252,"ev":"page_build","i":728}
Sep 24 15:14:08.644336 Runner(Flutter)[2656] <Notice>: dartnative: ##BENCH## {"tag":"feed1000","t_us":1790242148644293,"ev":"page_build","i":729}
Sep 24 15:14:08.644386 Runner(Flutter)[2656] <Notice>: dartnative: ##BENCH## {"tag":"feed1000","t_us":1790242148644328,"ev":"page_build","i":730}
Sep 24 15:14:08.644395 Runner(Flutter)[2656] <Notice>: dartnative: ##BENCH## {"tag":"feed1000","t_us":1790242148644360,"ev":"page_build","i":731}
Sep 24 15:14:08.644430 Runner(Flutter)[2656] <Notice>: dartnative: ##BENCH## {"tag":"feed1000","t_us":1790242148644387,"ev":"page_build","i":732}
Sep 24 15:14:08.644448 Runner(Flutter)[2656] <Notice>: dartnative: ##BENCH## {"tag":"feed1000","t_us":1790242148644420,"ev":"page_build","i":733}
Sep 24 15:14:08.644492 Runner(Flutter)[2656] <Notice>: dartnative: ##BENCH## {"tag":"feed1000","t_us":1790242148644454,"ev":"page_build","i":734}
Sep 24 15:14:08.644537 Runner(Flutter)[2656] <Notice>: dartnative: ##BENCH## {"tag":"feed1000","t_us":1790242148644483,"ev":"page_build","i":735}
Sep 24 15:14:08.644546 Runner(Flutter)[2656] <Notice>: dartnative: ##BENCH## {"tag":"feed1000","t_us":1790242148644515,"ev":"page_build","i":736}
Sep 24 15:14:08.644592 Runner(Flutter)[2656] <Notice>: dartnative: ##BENCH## {"tag":"feed1000","t_us":1790242148644543,"ev":"page_build","i":737}
Sep 24 15:14:08.644647 Runner(Flutter)[2656] <Notice>: dartnative: ##BENCH## {"tag":"feed1000","t_us":1790242148644585,"ev":"page_build","i":738}
Sep 24 15:14:08.644656 Runner(Flutter)[2656] <Notice>: dartnative: ##BENCH## {"tag":"feed1000","t_us":1790242148644616,"ev":"page_build","i":739}
Sep 24 15:14:08.644723 Runner(Flutter)[2656] <Notice>: dartnative: ##BENCH## {"tag":"feed1000","t_us":1790242148644645,"ev":"page_build","i":740}
Sep 24 15:14:08.644732 Runner(Flutter)[2656] <Notice>: dartnative: ##BENCH## {"tag":"feed1000","t_us":1790242148644691,"ev":"page_build","i":741}
Sep 24 15:14:08.644793 Runner(Flutter)[2656] <Notice>: dartnative: ##BENCH## {"tag":"feed1000","t_us":1790242148644720,"ev":"page_build","i":742}
Sep 24 15:14:08.644803 Runner(Flutter)[2656] <Notice>: dartnative: ##BENCH## {"tag":"feed1000","t_us":1790242148644760,"ev":"page_build","i":743}
Sep 24 15:14:08.644828 Runner(Flutter)[2656] <Notice>: dartnative: ##BENCH## {"tag":"feed1000","t_us":1790242148644788,"ev":"page_build","i":744}
Sep 24 15:14:08.644871 Runner(Flutter)[2656] <Notice>: dartnative: ##BENCH## {"tag":"feed1000","t_us":1790242148644820,"ev":"page_build","i":745}
Sep 24 15:14:08.644887 Runner(Flutter)[2656] <Notice>: dartnative: ##BENCH## {"tag":"feed1000","t_us":1790242148644852,"ev":"page_build","i":746}
Sep 24 15:14:08.644924 Runner(Flutter)[2656] <Notice>: dartnative: ##BENCH## {"tag":"feed1000","t_us":1790242148644882,"ev":"page_build","i":747}
Sep 24 15:14:08.644957 Runner(Flutter)[2656] <Notice>: dartnative: ##BENCH## {"tag":"feed1000","t_us":1790242148644916,"ev":"page_build","i":748}
Sep 24 15:14:08.645003 Runner(Flutter)[2656] <Notice>: dartnative: ##BENCH## {"tag":"feed1000","t_us":1790242148644960,"ev":"page_build","i":749}
Sep 24 15:14:08.645062 Runner(Flutter)[2656] <Notice>: dartnative: ##BENCH## {"tag":"feed1000","t_us":1790242148644992,"ev":"page_build","i":750}
Sep 24 15:14:08.645075 Runner(Flutter)[2656] <Notice>: dartnative: ##BENCH## {"tag":"feed1000","t_us":1790242148645025,"ev":"page_build","i":751}
Sep 24 15:14:08.645107 Runner(Flutter)[2656] <Notice>: dartnative: ##BENCH## {"tag":"feed1000","t_us":1790242148645054,"ev":"page_build","i":752}
Sep 24 15:14:08.645133 Runner(Flutter)[2656] <Notice>: dartnative: ##BENCH## {"tag":"feed1000","t_us":1790242148645106,"ev":"page_build","i":753}
Sep 24 15:14:08.645235 Runner(Flutter)[2656] <Notice>: dartnative: ##BENCH## {"tag":"feed1000","t_us":1790242148645138,"ev":"page_build","i":754}
Sep 24 15:14:08.645245 Runner(Flutter)[2656] <Notice>: dartnative: ##BENCH## {"tag":"feed1000","t_us":1790242148645168,"ev":"page_build","i":755}
Sep 24 15:14:08.645255 Runner(Flutter)[2656] <Notice>: dartnative: ##BENCH## {"tag":"feed1000","t_us":1790242148645199,"ev":"page_build","i":756}
Sep 24 15:14:08.645306 Runner(Flutter)[2656] <Notice>: dartnative: ##BENCH## {"tag":"feed1000","t_us":1790242148645229,"ev":"page_build","i":757}
Sep 24 15:14:08.645314 Runner(Flutter)[2656] <Notice>: dartnative: ##BENCH## {"tag":"feed1000","t_us":1790242148645274,"ev":"page_build","i":758}
Sep 24 15:14:08.645356 Runner(Flutter)[2656] <Notice>: dartnative: ##BENCH## {"tag":"feed1000","t_us":1790242148645302,"ev":"page_build","i":759}
Sep 24 15:14:08.645365 Runner(Flutter)[2656] <Notice>: dartnative: ##BENCH## {"tag":"feed1000","t_us":1790242148645331,"ev":"page_build","i":760}
Sep 24 15:14:08.645399 Runner(Flutter)[2656] <Notice>: dartnative: ##BENCH## {"tag":"feed1000","t_us":1790242148645358,"ev":"page_build","i":761}
Sep 24 15:14:08.645416 Runner(Flutter)[2656] <Notice>: dartnative: ##BENCH## {"tag":"feed1000","t_us":1790242148645387,"ev":"page_build","i":762}
Sep 24 15:14:08.645469 Runner(Flutter)[2656] <Notice>: dartnative: ##BENCH## {"tag":"feed1000","t_us":1790242148645420,"ev":"page_build","i":763}
Sep 24 15:14:08.645480 Runner(Flutter)[2656] <Notice>: dartnative: ##BENCH## {"tag":"feed1000","t_us":1790242148645449,"ev":"page_build","i":764}
Sep 24 15:14:08.645537 Runner(Flutter)[2656] <Notice>: dartnative: ##BENCH## {"tag":"feed1000","t_us":1790242148645476,"ev":"page_build","i":765}
Sep 24 15:14:08.645546 Runner(Flutter)[2656] <Notice>: dartnative: ##BENCH## {"tag":"feed1000","t_us":1790242148645506,"ev":"page_build","i":766}
Sep 24 15:14:08.645571 Runner(Flutter)[2656] <Notice>: dartnative: ##BENCH## {"tag":"feed1000","t_us":1790242148645533,"ev":"page_build","i":767}
Sep 24 15:14:08.645614 Runner(Flutter)[2656] <Notice>: dartnative: ##BENCH## {"tag":"feed1000","t_us":1790242148645563,"ev":"page_build","i":768}
Sep 24 15:14:08.645629 Runner(Flutter)[2656] <Notice>: dartnative: ##BENCH## {"tag":"feed1000","t_us":1790242148645593,"ev":"page_build","i":769}
Sep 24 15:14:08.645711 Runner(Flutter)[2656] <Notice>: dartnative: ##BENCH## {"tag":"feed1000","t_us":1790242148645622,"ev":"page_build","i":770}
Sep 24 15:14:08.645723 Runner(Flutter)[2656] <Notice>: dartnative: ##BENCH## {"tag":"feed1000","t_us":1790242148645681,"ev":"page_build","i":771}
Sep 24 15:14:08.645797 Runner(Flutter)[2656] <Notice>: dartnative: ##BENCH## {"tag":"feed1000","t_us":1790242148645712,"ev":"page_build","i":772}
Sep 24 15:14:08.645806 Runner(Flutter)[2656] <Notice>: dartnative: ##BENCH## {"tag":"feed1000","t_us":1790242148645742,"ev":"page_build","i":773}
Sep 24 15:14:08.645814 Runner(Flutter)[2656] <Notice>: dartnative: ##BENCH## {"tag":"feed1000","t_us":1790242148645769,"ev":"page_build","i":774}
Sep 24 15:14:08.645846 Runner(Flutter)[2656] <Notice>: dartnative: ##BENCH## {"tag":"feed1000","t_us":1790242148645798,"ev":"page_build","i":775}
Sep 24 15:14:08.645854 Runner(Flutter)[2656] <Notice>: dartnative: ##BENCH## {"tag":"feed1000","t_us":1790242148645829,"ev":"page_build","i":776}
Sep 24 15:14:08.645898 Runner(Flutter)[2656] <Notice>: dartnative: ##BENCH## {"tag":"feed1000","t_us":1790242148645858,"ev":"page_build","i":777}
Sep 24 15:14:08.645934 Runner(Flutter)[2656] <Notice>: dartnative: ##BENCH## {"tag":"feed1000","t_us":1790242148645891,"ev":"page_build","i":778}
Sep 24 15:14:08.645998 Runner(Flutter)[2656] <Notice>: dartnative: ##BENCH## {"tag":"feed1000","t_us":1790242148645939,"ev":"page_build","i":779}
Sep 24 15:14:08.646008 Runner(Flutter)[2656] <Notice>: dartnative: ##BENCH## {"tag":"feed1000","t_us":1790242148645969,"ev":"page_build","i":780}
Sep 24 15:14:08.646048 Runner(Flutter)[2656] <Notice>: dartnative: ##BENCH## {"tag":"feed1000","t_us":1790242148645996,"ev":"page_build","i":781}
Sep 24 15:14:08.646057 Runner(Flutter)[2656] <Notice>: dartnative: ##BENCH## {"tag":"feed1000","t_us":1790242148646027,"ev":"page_build","i":782}
Sep 24 15:14:08.646111 Runner(Flutter)[2656] <Notice>: dartnative: ##BENCH## {"tag":"feed1000","t_us":1790242148646055,"ev":"page_build","i":783}
Sep 24 15:14:08.646173 Runner(Flutter)[2656] <Notice>: dartnative: ##BENCH## {"tag":"feed1000","t_us":1790242148646102,"ev":"page_build","i":784}
Sep 24 15:14:08.646183 Runner(Flutter)[2656] <Notice>: dartnative: ##BENCH## {"tag":"feed1000","t_us":1790242148646138,"ev":"page_build","i":785}
Sep 24 15:14:08.646235 Runner(Flutter)[2656] <Notice>: dartnative: ##BENCH## {"tag":"feed1000","t_us":1790242148646168,"ev":"page_build","i":786}
Sep 24 15:14:08.646244 Runner(Flutter)[2656] <Notice>: dartnative: ##BENCH## {"tag":"feed1000","t_us":1790242148646199,"ev":"page_build","i":787}
Sep 24 15:14:08.646270 Runner(Flutter)[2656] <Notice>: dartnative: ##BENCH## {"tag":"feed1000","t_us":1790242148646228,"ev":"page_build","i":788}
Sep 24 15:14:08.646303 Runner(Flutter)[2656] <Notice>: dartnative: ##BENCH## {"tag":"feed1000","t_us":1790242148646268,"ev":"page_build","i":789}
Sep 24 15:14:08.646337 Runner(Flutter)[2656] <Notice>: dartnative: ##BENCH## {"tag":"feed1000","t_us":1790242148646297,"ev":"page_build","i":790}
Sep 24 15:14:08.646383 Runner(Flutter)[2656] <Notice>: dartnative: ##BENCH## {"tag":"feed1000","t_us":1790242148646330,"ev":"page_build","i":791}
Sep 24 15:14:08.646445 Runner(Flutter)[2656] <Notice>: dartnative: ##BENCH## {"tag":"feed1000","t_us":1790242148646392,"ev":"page_build","i":792}
Sep 24 15:14:08.646502 Runner(Flutter)[2656] <Notice>: dartnative: ##BENCH## {"tag":"feed1000","t_us":1790242148646439,"ev":"page_build","i":793}
Sep 24 15:14:08.646519 Runner(Flutter)[2656] <Notice>: dartnative: ##BENCH## {"tag":"feed1000","t_us":1790242148646488,"ev":"page_build","i":794}
Sep 24 15:14:08.646562 Runner(Flutter)[2656] <Notice>: dartnative: ##BENCH## {"tag":"feed1000","t_us":1790242148646522,"ev":"page_build","i":795}
Sep 24 15:14:08.646650 Runner(Flutter)[2656] <Notice>: dartnative: ##BENCH## {"tag":"feed1000","t_us":1790242148646560,"ev":"page_build","i":796}
Sep 24 15:14:08.646659 Runner(Flutter)[2656] <Notice>: dartnative: ##BENCH## {"tag":"feed1000","t_us":1790242148646607,"ev":"page_build","i":797}
Sep 24 15:14:08.646753 Runner(Flutter)[2656] <Notice>: dartnative: ##BENCH## {"tag":"feed1000","t_us":1790242148646646,"ev":"page_build","i":798}
Sep 24 15:14:08.646766 Runner(Flutter)[2656] <Notice>: dartnative: ##BENCH## {"tag":"feed1000","t_us":1790242148646693,"ev":"page_build","i":799}
Sep 24 15:14:08.646773 Runner(Flutter)[2656] <Notice>: dartnative: ##BENCH## {"tag":"feed1000","t_us":1790242148646724,"ev":"page_build","i":800}
Sep 24 15:14:08.646824 Runner(Flutter)[2656] <Notice>: dartnative: ##BENCH## {"tag":"feed1000","t_us":1790242148646767,"ev":"page_build","i":801}
Sep 24 15:14:08.646849 Runner(Flutter)[2656] <Notice>: dartnative: ##BENCH## {"tag":"feed1000","t_us":1790242148646820,"ev":"page_build","i":802}
Sep 24 15:14:08.646895 Runner(Flutter)[2656] <Notice>: dartnative: ##BENCH## {"tag":"feed1000","t_us":1790242148646854,"ev":"page_build","i":803}
Sep 24 15:14:08.646938 Runner(Flutter)[2656] <Notice>: dartnative: ##BENCH## {"tag":"feed1000","t_us":1790242148646888,"ev":"page_build","i":804}
Sep 24 15:14:08.646990 Runner(Flutter)[2656] <Notice>: dartnative: ##BENCH## {"tag":"feed1000","t_us":1790242148646947,"ev":"page_build","i":805}
Sep 24 15:14:08.647016 Runner(Flutter)[2656] <Notice>: dartnative: ##BENCH## {"tag":"feed1000","t_us":1790242148646985,"ev":"page_build","i":806}
Sep 24 15:14:08.647069 Runner(Flutter)[2656] <Notice>: dartnative: ##BENCH## {"tag":"feed1000","t_us":1790242148647016,"ev":"page_build","i":807}
Sep 24 15:14:08.647147 Runner(Flutter)[2656] <Notice>: dartnative: ##BENCH## {"tag":"feed1000","t_us":1790242148647061,"ev":"page_build","i":808}
Sep 24 15:14:08.647162 Runner(Flutter)[2656] <Notice>: dartnative: ##BENCH## {"tag":"feed1000","t_us":1790242148647105,"ev":"page_build","i":809}
Sep 24 15:14:08.647196 Runner(Flutter)[2656] <Notice>: dartnative: ##BENCH## {"tag":"feed1000","t_us":1790242148647143,"ev":"page_build","i":810}
Sep 24 15:14:08.647212 Runner(Flutter)[2656] <Notice>: dartnative: ##BENCH## {"tag":"feed1000","t_us":1790242148647178,"ev":"page_build","i":811}
Sep 24 15:14:08.647250 Runner(Flutter)[2656] <Notice>: dartnative: ##BENCH## {"tag":"feed1000","t_us":1790242148647211,"ev":"page_build","i":812}
Sep 24 15:14:08.647290 Runner(Flutter)[2656] <Notice>: dartnative: ##BENCH## {"tag":"feed1000","t_us":1790242148647245,"ev":"page_build","i":813}
Sep 24 15:14:08.647351 Runner(Flutter)[2656] <Notice>: dartnative: ##BENCH## {"tag":"feed1000","t_us":1790242148647294,"ev":"page_build","i":814}
Sep 24 15:14:08.647394 Runner(Flutter)[2656] <Notice>: dartnative: ##BENCH## {"tag":"feed1000","t_us":1790242148647354,"ev":"page_build","i":815}
Sep 24 15:14:08.647430 Runner(Flutter)[2656] <Notice>: dartnative: ##BENCH## {"tag":"feed1000","t_us":1790242148647388,"ev":"page_build","i":816}
Sep 24 15:14:08.647506 Runner(Flutter)[2656] <Notice>: dartnative: ##BENCH## {"tag":"feed1000","t_us":1790242148647432,"ev":"page_build","i":817}
Sep 24 15:14:08.647515 Runner(Flutter)[2656] <Notice>: dartnative: ##BENCH## {"tag":"feed1000","t_us":1790242148647466,"ev":"page_build","i":818}
Sep 24 15:14:08.647537 Runner(Flutter)[2656] <Notice>: dartnative: ##BENCH## {"tag":"feed1000","t_us":1790242148647498,"ev":"page_build","i":819}
Sep 24 15:14:08.647615 Runner(Flutter)[2656] <Notice>: dartnative: ##BENCH## {"tag":"feed1000","t_us":1790242148647534,"ev":"page_build","i":820}
Sep 24 15:14:08.647624 Runner(Flutter)[2656] <Notice>: dartnative: ##BENCH## {"tag":"feed1000","t_us":1790242148647572,"ev":"page_build","i":821}
Sep 24 15:14:08.647631 Runner(Flutter)[2656] <Notice>: dartnative: ##BENCH## {"tag":"feed1000","t_us":1790242148647604,"ev":"page_build","i":822}
Sep 24 15:14:08.647686 Runner(Flutter)[2656] <Notice>: dartnative: ##BENCH## {"tag":"feed1000","t_us":1790242148647636,"ev":"page_build","i":823}
Sep 24 15:14:08.647779 Runner(Flutter)[2656] <Notice>: dartnative: ##BENCH## {"tag":"feed1000","t_us":1790242148647681,"ev":"page_build","i":824}
Sep 24 15:14:08.647788 Runner(Flutter)[2656] <Notice>: dartnative: ##BENCH## {"tag":"feed1000","t_us":1790242148647712,"ev":"page_build","i":825}
Sep 24 15:14:08.647795 Runner(Flutter)[2656] <Notice>: dartnative: ##BENCH## {"tag":"feed1000","t_us":1790242148647744,"ev":"page_build","i":826}
Sep 24 15:14:08.647808 Runner(Flutter)[2656] <Notice>: dartnative: ##BENCH## {"tag":"feed1000","t_us":1790242148647776,"ev":"page_build","i":827}
Sep 24 15:14:08.647846 Runner(Flutter)[2656] <Notice>: dartnative: ##BENCH## {"tag":"feed1000","t_us":1790242148647811,"ev":"page_build","i":828}
Sep 24 15:14:08.647875 Runner(Flutter)[2656] <Notice>: dartnative: ##BENCH## {"tag":"feed1000","t_us":1790242148647843,"ev":"page_build","i":829}
Sep 24 15:14:08.647901 Runner(Flutter)[2656] <Notice>: dartnative: ##BENCH## {"tag":"feed1000","t_us":1790242148647874,"ev":"page_build","i":830}
Sep 24 15:14:08.647929 Runner(Flutter)[2656] <Notice>: dartnative: ##BENCH## {"tag":"feed1000","t_us":1790242148647905,"ev":"page_build","i":831}
Sep 24 15:14:08.647961 Runner(Flutter)[2656] <Notice>: dartnative: ##BENCH## {"tag":"feed1000","t_us":1790242148647937,"ev":"page_build","i":832}
Sep 24 15:14:08.647993 Runner(Flutter)[2656] <Notice>: dartnative: ##BENCH## {"tag":"feed1000","t_us":1790242148647969,"ev":"page_build","i":833}
Sep 24 15:14:08.648023 Runner(Flutter)[2656] <Notice>: dartnative: ##BENCH## {"tag":"feed1000","t_us":1790242148648001,"ev":"page_build","i":834}
Sep 24 15:14:08.648057 Runner(Flutter)[2656] <Notice>: dartnative: ##BENCH## {"tag":"feed1000","t_us":1790242148648034,"ev":"page_build","i":835}
Sep 24 15:14:08.648117 Runner(Flutter)[2656] <Notice>: dartnative: ##BENCH## {"tag":"feed1000","t_us":1790242148648070,"ev":"page_build","i":836}
Sep 24 15:14:08.648151 Runner(Flutter)[2656] <Notice>: dartnative: ##BENCH## {"tag":"feed1000","t_us":1790242148648111,"ev":"page_build","i":837}
Sep 24 15:14:08.648193 Runner(Flutter)[2656] <Notice>: dartnative: ##BENCH## {"tag":"feed1000","t_us":1790242148648145,"ev":"page_build","i":838}
Sep 24 15:14:08.648212 Runner(Flutter)[2656] <Notice>: dartnative: ##BENCH## {"tag":"feed1000","t_us":1790242148648178,"ev":"page_build","i":839}
Sep 24 15:14:08.648257 Runner(Flutter)[2656] <Notice>: dartnative: ##BENCH## {"tag":"feed1000","t_us":1790242148648208,"ev":"page_build","i":840}
Sep 24 15:14:08.648322 Runner(Flutter)[2656] <Notice>: dartnative: ##BENCH## {"tag":"feed1000","t_us":1790242148648253,"ev":"page_build","i":841}
Sep 24 15:14:08.648331 Runner(Flutter)[2656] <Notice>: dartnative: ##BENCH## {"tag":"feed1000","t_us":1790242148648285,"ev":"page_build","i":842}
Sep 24 15:14:08.648403 Runner(Flutter)[2656] <Notice>: dartnative: ##BENCH## {"tag":"feed1000","t_us":1790242148648315,"ev":"page_build","i":843}
Sep 24 15:14:08.648413 Runner(Flutter)[2656] <Notice>: dartnative: ##BENCH## {"tag":"feed1000","t_us":1790242148648369,"ev":"page_build","i":844}
Sep 24 15:14:08.648441 Runner(Flutter)[2656] <Notice>: dartnative: ##BENCH## {"tag":"feed1000","t_us":1790242148648401,"ev":"page_build","i":845}
Sep 24 15:14:08.648480 Runner(Flutter)[2656] <Notice>: dartnative: ##BENCH## {"tag":"feed1000","t_us":1790242148648435,"ev":"page_build","i":846}
Sep 24 15:14:08.648547 Runner(Flutter)[2656] <Notice>: dartnative: ##BENCH## {"tag":"feed1000","t_us":1790242148648469,"ev":"page_build","i":847}
Sep 24 15:14:08.648568 Runner(Flutter)[2656] <Notice>: dartnative: ##BENCH## {"tag":"feed1000","t_us":1790242148648512,"ev":"page_build","i":848}
Sep 24 15:14:08.648618 Runner(Flutter)[2656] <Notice>: dartnative: ##BENCH## {"tag":"feed1000","t_us":1790242148648553,"ev":"page_build","i":849}
Sep 24 15:14:08.648666 Runner(Flutter)[2656] <Notice>: dartnative: ##BENCH## {"tag":"feed1000","t_us":1790242148648624,"ev":"page_build","i":850}
Sep 24 15:14:08.648711 Runner(Flutter)[2656] <Notice>: dartnative: ##BENCH## {"tag":"feed1000","t_us":1790242148648668,"ev":"page_build","i":851}
Sep 24 15:14:08.648741 Runner(Flutter)[2656] <Notice>: dartnative: ##BENCH## {"tag":"feed1000","t_us":1790242148648706,"ev":"page_build","i":852}
Sep 24 15:14:08.648758 Runner(Flutter)[2656] <Notice>: dartnative: ##BENCH## {"tag":"feed1000","t_us":1790242148648738,"ev":"page_build","i":853}
Sep 24 15:14:08.648791 Runner(Flutter)[2656] <Notice>: dartnative: ##BENCH## {"tag":"feed1000","t_us":1790242148648768,"ev":"page_build","i":854}
Sep 24 15:14:08.648823 Runner(Flutter)[2656] <Notice>: dartnative: ##BENCH## {"tag":"feed1000","t_us":1790242148648800,"ev":"page_build","i":855}
Sep 24 15:14:08.648856 Runner(Flutter)[2656] <Notice>: dartnative: ##BENCH## {"tag":"feed1000","t_us":1790242148648833,"ev":"page_build","i":856}
Sep 24 15:14:08.648888 Runner(Flutter)[2656] <Notice>: dartnative: ##BENCH## {"tag":"feed1000","t_us":1790242148648865,"ev":"page_build","i":857}
Sep 24 15:14:08.648920 Runner(Flutter)[2656] <Notice>: dartnative: ##BENCH## {"tag":"feed1000","t_us":1790242148648897,"ev":"page_build","i":858}
Sep 24 15:14:08.648955 Runner(Flutter)[2656] <Notice>: dartnative: ##BENCH## {"tag":"feed1000","t_us":1790242148648931,"ev":"page_build","i":859}
Sep 24 15:14:08.648985 Runner(Flutter)[2656] <Notice>: dartnative: ##BENCH## {"tag":"feed1000","t_us":1790242148648963,"ev":"page_build","i":860}
Sep 24 15:14:08.649016 Runner(Flutter)[2656] <Notice>: dartnative: ##BENCH## {"tag":"feed1000","t_us":1790242148648995,"ev":"page_build","i":861}
Sep 24 15:14:08.649048 Runner(Flutter)[2656] <Notice>: dartnative: ##BENCH## {"tag":"feed1000","t_us":1790242148649027,"ev":"page_build","i":862}
Sep 24 15:14:08.649079 Runner(Flutter)[2656] <Notice>: dartnative: ##BENCH## {"tag":"feed1000","t_us":1790242148649058,"ev":"page_build","i":863}
Sep 24 15:14:08.649175 Runner(Flutter)[2656] <Notice>: dartnative: ##BENCH## {"tag":"feed1000","t_us":1790242148649089,"ev":"page_build","i":864}
Sep 24 15:14:08.649184 Runner(Flutter)[2656] <Notice>: dartnative: ##BENCH## {"tag":"feed1000","t_us":1790242148649139,"ev":"page_build","i":865}
Sep 24 15:14:08.649211 Runner(Flutter)[2656] <Notice>: dartnative: ##BENCH## {"tag":"feed1000","t_us":1790242148649170,"ev":"page_build","i":866}
Sep 24 15:14:08.649241 Runner(Flutter)[2656] <Notice>: dartnative: ##BENCH## {"tag":"feed1000","t_us":1790242148649204,"ev":"page_build","i":867}
Sep 24 15:14:08.649289 Runner(Flutter)[2656] <Notice>: dartnative: ##BENCH## {"tag":"feed1000","t_us":1790242148649241,"ev":"page_build","i":868}
Sep 24 15:14:08.649319 Runner(Flutter)[2656] <Notice>: dartnative: ##BENCH## {"tag":"feed1000","t_us":1790242148649295,"ev":"page_build","i":869}
Sep 24 15:14:08.649350 Runner(Flutter)[2656] <Notice>: dartnative: ##BENCH## {"tag":"feed1000","t_us":1790242148649328,"ev":"page_build","i":870}
Sep 24 15:14:08.649383 Runner(Flutter)[2656] <Notice>: dartnative: ##BENCH## {"tag":"feed1000","t_us":1790242148649360,"ev":"page_build","i":871}
Sep 24 15:14:08.649454 Runner(Flutter)[2656] <Notice>: dartnative: ##BENCH## {"tag":"feed1000","t_us":1790242148649392,"ev":"page_build","i":872}
Sep 24 15:14:08.649482 Runner(Flutter)[2656] <Notice>: dartnative: ##BENCH## {"tag":"feed1000","t_us":1790242148649445,"ev":"page_build","i":873}
Sep 24 15:14:08.649519 Runner(Flutter)[2656] <Notice>: dartnative: ##BENCH## {"tag":"feed1000","t_us":1790242148649477,"ev":"page_build","i":874}
Sep 24 15:14:08.649548 Runner(Flutter)[2656] <Notice>: dartnative: ##BENCH## {"tag":"feed1000","t_us":1790242148649510,"ev":"page_build","i":875}
Sep 24 15:14:08.649611 Runner(Flutter)[2656] <Notice>: dartnative: ##BENCH## {"tag":"feed1000","t_us":1790242148649543,"ev":"page_build","i":876}
Sep 24 15:14:08.649620 Runner(Flutter)[2656] <Notice>: dartnative: ##BENCH## {"tag":"feed1000","t_us":1790242148649574,"ev":"page_build","i":877}
Sep 24 15:14:08.649690 Runner(Flutter)[2656] <Notice>: dartnative: ##BENCH## {"tag":"feed1000","t_us":1790242148649605,"ev":"page_build","i":878}
Sep 24 15:14:08.649716 Runner(Flutter)[2656] <Notice>: dartnative: ##BENCH## {"tag":"feed1000","t_us":1790242148649673,"ev":"page_build","i":879}
Sep 24 15:14:08.649788 Runner(Flutter)[2656] <Notice>: dartnative: ##BENCH## {"tag":"feed1000","t_us":1790242148649704,"ev":"page_build","i":880}
Sep 24 15:14:08.649798 Runner(Flutter)[2656] <Notice>: dartnative: ##BENCH## {"tag":"feed1000","t_us":1790242148649746,"ev":"page_build","i":881}
Sep 24 15:14:08.649840 Runner(Flutter)[2656] <Notice>: dartnative: ##BENCH## {"tag":"feed1000","t_us":1790242148649788,"ev":"page_build","i":882}
Sep 24 15:14:08.649878 Runner(Flutter)[2656] <Notice>: dartnative: ##BENCH## {"tag":"feed1000","t_us":1790242148649847,"ev":"page_build","i":883}
Sep 24 15:14:08.649905 Runner(Flutter)[2656] <Notice>: dartnative: ##BENCH## {"tag":"feed1000","t_us":1790242148649882,"ev":"page_build","i":884}
Sep 24 15:14:08.649936 Runner(Flutter)[2656] <Notice>: dartnative: ##BENCH## {"tag":"feed1000","t_us":1790242148649913,"ev":"page_build","i":885}
Sep 24 15:14:08.649968 Runner(Flutter)[2656] <Notice>: dartnative: ##BENCH## {"tag":"feed1000","t_us":1790242148649945,"ev":"page_build","i":886}
Sep 24 15:14:08.650023 Runner(Flutter)[2656] <Notice>: dartnative: ##BENCH## {"tag":"feed1000","t_us":1790242148649977,"ev":"page_build","i":887}
Sep 24 15:14:08.650057 Runner(Flutter)[2656] <Notice>: dartnative: ##BENCH## {"tag":"feed1000","t_us":1790242148650019,"ev":"page_build","i":888}
Sep 24 15:14:08.650091 Runner(Flutter)[2656] <Notice>: dartnative: ##BENCH## {"tag":"feed1000","t_us":1790242148650052,"ev":"page_build","i":889}
Sep 24 15:14:08.650179 Runner(Flutter)[2656] <Notice>: dartnative: ##BENCH## {"tag":"feed1000","t_us":1790242148650100,"ev":"page_build","i":890}
Sep 24 15:14:08.650189 Runner(Flutter)[2656] <Notice>: dartnative: ##BENCH## {"tag":"feed1000","t_us":1790242148650140,"ev":"page_build","i":891}
Sep 24 15:14:08.650225 Runner(Flutter)[2656] <Notice>: dartnative: ##BENCH## {"tag":"feed1000","t_us":1790242148650178,"ev":"page_build","i":892}
Sep 24 15:14:08.650248 Runner(Flutter)[2656] <Notice>: dartnative: ##BENCH## {"tag":"feed1000","t_us":1790242148650211,"ev":"page_build","i":893}
Sep 24 15:14:08.650301 Runner(Flutter)[2656] <Notice>: dartnative: ##BENCH## {"tag":"feed1000","t_us":1790242148650253,"ev":"page_build","i":894}
Sep 24 15:14:08.650350 Runner(Flutter)[2656] <Notice>: dartnative: ##BENCH## {"tag":"feed1000","t_us":1790242148650303,"ev":"page_build","i":895}
Sep 24 15:14:08.650388 Runner(Flutter)[2656] <Notice>: dartnative: ##BENCH## {"tag":"feed1000","t_us":1790242148650351,"ev":"page_build","i":896}
Sep 24 15:14:08.650453 Runner(Flutter)[2656] <Notice>: dartnative: ##BENCH## {"tag":"feed1000","t_us":1790242148650392,"ev":"page_build","i":897}
Sep 24 15:14:08.650501 Runner(Flutter)[2656] <Notice>: dartnative: ##BENCH## {"tag":"feed1000","t_us":1790242148650451,"ev":"page_build","i":898}
Sep 24 15:14:08.650553 Runner(Flutter)[2656] <Notice>: dartnative: ##BENCH## {"tag":"feed1000","t_us":1790242148650501,"ev":"page_build","i":899}
Sep 24 15:14:08.650589 Runner(Flutter)[2656] <Notice>: dartnative: ##BENCH## {"tag":"feed1000","t_us":1790242148650544,"ev":"page_build","i":900}
Sep 24 15:14:08.650662 Runner(Flutter)[2656] <Notice>: dartnative: ##BENCH## {"tag":"feed1000","t_us":1790242148650588,"ev":"page_build","i":901}
Sep 24 15:14:08.650672 Runner(Flutter)[2656] <Notice>: dartnative: ##BENCH## {"tag":"feed1000","t_us":1790242148650625,"ev":"page_build","i":902}
Sep 24 15:14:08.650709 Runner(Flutter)[2656] <Notice>: dartnative: ##BENCH## {"tag":"feed1000","t_us":1790242148650664,"ev":"page_build","i":903}
Sep 24 15:14:08.650730 Runner(Flutter)[2656] <Notice>: dartnative: ##BENCH## {"tag":"feed1000","t_us":1790242148650697,"ev":"page_build","i":904}
Sep 24 15:14:08.650769 Runner(Flutter)[2656] <Notice>: dartnative: ##BENCH## {"tag":"feed1000","t_us":1790242148650729,"ev":"page_build","i":905}
Sep 24 15:14:08.650823 Runner(Flutter)[2656] <Notice>: dartnative: ##BENCH## {"tag":"feed1000","t_us":1790242148650772,"ev":"page_build","i":906}
Sep 24 15:14:08.652447 Runner(Flutter)[2656] <Notice>: dartnative: ##BENCH## {"tag":"feed1000","t_us":1790242148652381,"ev":"page_build","i":907}
Sep 24 15:14:08.652552 Runner(Flutter)[2656] <Notice>: dartnative: ##BENCH## {"tag":"feed1000","t_us":1790242148652447,"ev":"page_build","i":908}
Sep 24 15:14:08.652579 Runner(Flutter)[2656] <Notice>: dartnative: ##BENCH## {"tag":"feed1000","t_us":1790242148652496,"ev":"page_build","i":909}
Sep 24 15:14:08.652604 Runner(Flutter)[2656] <Notice>: dartnative: ##BENCH## {"tag":"feed1000","t_us":1790242148652531,"ev":"page_build","i":910}
Sep 24 15:14:08.652619 Runner(Flutter)[2656] <Notice>: dartnative: ##BENCH## {"tag":"feed1000","t_us":1790242148652567,"ev":"page_build","i":911}
Sep 24 15:14:08.652713 Runner(Flutter)[2656] <Notice>: dartnative: ##BENCH## {"tag":"feed1000","t_us":1790242148652635,"ev":"page_build","i":912}
Sep 24 15:14:08.652728 Runner(Flutter)[2656] <Notice>: dartnative: ##BENCH## {"tag":"feed1000","t_us":1790242148652684,"ev":"page_build","i":913}
Sep 24 15:14:08.652762 Runner(Flutter)[2656] <Notice>: dartnative: ##BENCH## {"tag":"feed1000","t_us":1790242148652717,"ev":"page_build","i":914}
Sep 24 15:14:08.652816 Runner(Flutter)[2656] <Notice>: dartnative: ##BENCH## {"tag":"feed1000","t_us":1790242148652771,"ev":"page_build","i":915}
Sep 24 15:14:08.652910 Runner(Flutter)[2656] <Notice>: dartnative: ##BENCH## {"tag":"feed1000","t_us":1790242148652847,"ev":"page_build","i":916}
Sep 24 15:14:08.652925 Runner(Flutter)[2656] <Notice>: dartnative: ##BENCH## {"tag":"feed1000","t_us":1790242148652881,"ev":"page_build","i":917}
Sep 24 15:14:08.652944 Runner(Flutter)[2656] <Notice>: dartnative: ##BENCH## {"tag":"feed1000","t_us":1790242148652912,"ev":"page_build","i":918}
Sep 24 15:14:08.653030 Runner(Flutter)[2656] <Notice>: dartnative: ##BENCH## {"tag":"feed1000","t_us":1790242148652975,"ev":"page_build","i":919}
Sep 24 15:14:08.653104 Runner(Flutter)[2656] <Notice>: dartnative: ##BENCH## {"tag":"feed1000","t_us":1790242148653021,"ev":"page_build","i":920}
Sep 24 15:14:08.653163 Runner(Flutter)[2656] <Notice>: dartnative: ##BENCH## {"tag":"feed1000","t_us":1790242148653082,"ev":"page_build","i":921}
Sep 24 15:14:08.653205 Runner(Flutter)[2656] <Notice>: dartnative: ##BENCH## {"tag":"feed1000","t_us":1790242148653111,"ev":"page_build","i":922}
Sep 24 15:14:08.653234 Runner(Flutter)[2656] <Notice>: dartnative: ##BENCH## {"tag":"feed1000","t_us":1790242148653157,"ev":"page_build","i":923}
Sep 24 15:14:08.653296 Runner(Flutter)[2656] <Notice>: dartnative: ##BENCH## {"tag":"feed1000","t_us":1790242148653236,"ev":"page_build","i":924}
Sep 24 15:14:08.653319 Runner(Flutter)[2656] <Notice>: dartnative: ##BENCH## {"tag":"feed1000","t_us":1790242148653281,"ev":"page_build","i":925}
Sep 24 15:14:08.653387 Runner(Flutter)[2656] <Notice>: dartnative: ##BENCH## {"tag":"feed1000","t_us":1790242148653332,"ev":"page_build","i":926}
Sep 24 15:14:08.653438 Runner(Flutter)[2656] <Notice>: dartnative: ##BENCH## {"tag":"feed1000","t_us":1790242148653388,"ev":"page_build","i":927}
Sep 24 15:14:08.653515 Runner(Flutter)[2656] <Notice>: dartnative: ##BENCH## {"tag":"feed1000","t_us":1790242148653436,"ev":"page_build","i":928}
Sep 24 15:14:08.653530 Runner(Flutter)[2656] <Notice>: dartnative: ##BENCH## {"tag":"feed1000","t_us":1790242148653469,"ev":"page_build","i":929}
Sep 24 15:14:08.653562 Runner(Flutter)[2656] <Notice>: dartnative: ##BENCH## {"tag":"feed1000","t_us":1790242148653510,"ev":"page_build","i":930}
Sep 24 15:14:08.653614 Runner(Flutter)[2656] <Notice>: dartnative: ##BENCH## {"tag":"feed1000","t_us":1790242148653550,"ev":"page_build","i":931}
Sep 24 15:14:08.653622 Runner(Flutter)[2656] <Notice>: dartnative: ##BENCH## {"tag":"feed1000","t_us":1790242148653584,"ev":"page_build","i":932}
Sep 24 15:14:08.653662 Runner(Flutter)[2656] <Notice>: dartnative: ##BENCH## {"tag":"feed1000","t_us":1790242148653623,"ev":"page_build","i":933}
Sep 24 15:14:08.653698 Runner(Flutter)[2656] <Notice>: dartnative: ##BENCH## {"tag":"feed1000","t_us":1790242148653666,"ev":"page_build","i":934}
Sep 24 15:14:08.653731 Runner(Flutter)[2656] <Notice>: dartnative: ##BENCH## {"tag":"feed1000","t_us":1790242148653698,"ev":"page_build","i":935}
Sep 24 15:14:08.653793 Runner(Flutter)[2656] <Notice>: dartnative: ##BENCH## {"tag":"feed1000","t_us":1790242148653729,"ev":"page_build","i":936}
Sep 24 15:14:08.653801 Runner(Flutter)[2656] <Notice>: dartnative: ##BENCH## {"tag":"feed1000","t_us":1790242148653764,"ev":"page_build","i":937}
Sep 24 15:14:08.653866 Runner(Flutter)[2656] <Notice>: dartnative: ##BENCH## {"tag":"feed1000","t_us":1790242148653794,"ev":"page_build","i":938}
Sep 24 15:14:08.653876 Runner(Flutter)[2656] <Notice>: dartnative: ##BENCH## {"tag":"feed1000","t_us":1790242148653828,"ev":"page_build","i":939}
Sep 24 15:14:08.653893 Runner(Flutter)[2656] <Notice>: dartnative: ##BENCH## {"tag":"feed1000","t_us":1790242148653859,"ev":"page_build","i":940}
Sep 24 15:14:08.653929 Runner(Flutter)[2656] <Notice>: dartnative: ##BENCH## {"tag":"feed1000","t_us":1790242148653899,"ev":"page_build","i":941}
Sep 24 15:14:08.653954 Runner(Flutter)[2656] <Notice>: dartnative: ##BENCH## {"tag":"feed1000","t_us":1790242148653932,"ev":"page_build","i":942}
Sep 24 15:14:08.653984 Runner(Flutter)[2656] <Notice>: dartnative: ##BENCH## {"tag":"feed1000","t_us":1790242148653964,"ev":"page_build","i":943}
Sep 24 15:14:08.654032 Runner(Flutter)[2656] <Notice>: dartnative: ##BENCH## {"tag":"feed1000","t_us":1790242148653994,"ev":"page_build","i":944}
Sep 24 15:14:08.654069 Runner(Flutter)[2656] <Notice>: dartnative: ##BENCH## {"tag":"feed1000","t_us":1790242148654025,"ev":"page_build","i":945}
Sep 24 15:14:08.654108 Runner(Flutter)[2656] <Notice>: dartnative: ##BENCH## {"tag":"feed1000","t_us":1790242148654065,"ev":"page_build","i":946}
Sep 24 15:14:08.654144 Runner(Flutter)[2656] <Notice>: dartnative: ##BENCH## {"tag":"feed1000","t_us":1790242148654101,"ev":"page_build","i":947}
Sep 24 15:14:08.654178 Runner(Flutter)[2656] <Notice>: dartnative: ##BENCH## {"tag":"feed1000","t_us":1790242148654142,"ev":"page_build","i":948}
Sep 24 15:14:08.654238 Runner(Flutter)[2656] <Notice>: dartnative: ##BENCH## {"tag":"feed1000","t_us":1790242148654173,"ev":"page_build","i":949}
Sep 24 15:14:08.654248 Runner(Flutter)[2656] <Notice>: dartnative: ##BENCH## {"tag":"feed1000","t_us":1790242148654206,"ev":"page_build","i":950}
Sep 24 15:14:08.654301 Runner(Flutter)[2656] <Notice>: dartnative: ##BENCH## {"tag":"feed1000","t_us":1790242148654237,"ev":"page_build","i":951}
Sep 24 15:14:08.654310 Runner(Flutter)[2656] <Notice>: dartnative: ##BENCH## {"tag":"feed1000","t_us":1790242148654267,"ev":"page_build","i":952}
Sep 24 15:14:08.654337 Runner(Flutter)[2656] <Notice>: dartnative: ##BENCH## {"tag":"feed1000","t_us":1790242148654297,"ev":"page_build","i":953}
Sep 24 15:14:08.654372 Runner(Flutter)[2656] <Notice>: dartnative: ##BENCH## {"tag":"feed1000","t_us":1790242148654331,"ev":"page_build","i":954}
Sep 24 15:14:08.654402 Runner(Flutter)[2656] <Notice>: dartnative: ##BENCH## {"tag":"feed1000","t_us":1790242148654362,"ev":"page_build","i":955}
Sep 24 15:14:08.654477 Runner(Flutter)[2656] <Notice>: dartnative: ##BENCH## {"tag":"feed1000","t_us":1790242148654404,"ev":"page_build","i":956}
Sep 24 15:14:08.654487 Runner(Flutter)[2656] <Notice>: dartnative: ##BENCH## {"tag":"feed1000","t_us":1790242148654436,"ev":"page_build","i":957}
Sep 24 15:14:08.654495 Runner(Flutter)[2656] <Notice>: dartnative: ##BENCH## {"tag":"feed1000","t_us":1790242148654466,"ev":"page_build","i":958}
Sep 24 15:14:08.654549 Runner(Flutter)[2656] <Notice>: dartnative: ##BENCH## {"tag":"feed1000","t_us":1790242148654499,"ev":"page_build","i":959}
Sep 24 15:14:08.654588 Runner(Flutter)[2656] <Notice>: dartnative: ##BENCH## {"tag":"feed1000","t_us":1790242148654531,"ev":"page_build","i":960}
Sep 24 15:14:08.654597 Runner(Flutter)[2656] <Notice>: dartnative: ##BENCH## {"tag":"feed1000","t_us":1790242148654559,"ev":"page_build","i":961}
Sep 24 15:14:08.654658 Runner(Flutter)[2656] <Notice>: dartnative: ##BENCH## {"tag":"feed1000","t_us":1790242148654589,"ev":"page_build","i":962}
Sep 24 15:14:08.654668 Runner(Flutter)[2656] <Notice>: dartnative: ##BENCH## {"tag":"feed1000","t_us":1790242148654621,"ev":"page_build","i":963}
Sep 24 15:14:08.654704 Runner(Flutter)[2656] <Notice>: dartnative: ##BENCH## {"tag":"feed1000","t_us":1790242148654661,"ev":"page_build","i":964}
Sep 24 15:14:08.654724 Runner(Flutter)[2656] <Notice>: dartnative: ##BENCH## {"tag":"feed1000","t_us":1790242148654694,"ev":"page_build","i":965}
Sep 24 15:14:08.654751 Runner(Flutter)[2656] <Notice>: dartnative: ##BENCH## {"tag":"feed1000","t_us":1790242148654728,"ev":"page_build","i":966}
Sep 24 15:14:08.654802 Runner(Flutter)[2656] <Notice>: dartnative: ##BENCH## {"tag":"feed1000","t_us":1790242148654761,"ev":"page_build","i":967}
Sep 24 15:14:08.654827 Runner(Flutter)[2656] <Notice>: dartnative: ##BENCH## {"tag":"feed1000","t_us":1790242148654804,"ev":"page_build","i":968}
Sep 24 15:14:08.654860 Runner(Flutter)[2656] <Notice>: dartnative: ##BENCH## {"tag":"feed1000","t_us":1790242148654837,"ev":"page_build","i":969}
Sep 24 15:14:08.654893 Runner(Flutter)[2656] <Notice>: dartnative: ##BENCH## {"tag":"feed1000","t_us":1790242148654872,"ev":"page_build","i":970}
Sep 24 15:14:08.654922 Runner(Flutter)[2656] <Notice>: dartnative: ##BENCH## {"tag":"feed1000","t_us":1790242148654901,"ev":"page_build","i":971}
Sep 24 15:14:08.654996 Runner(Flutter)[2656] <Notice>: dartnative: ##BENCH## {"tag":"feed1000","t_us":1790242148654932,"ev":"page_build","i":972}
Sep 24 15:14:08.655006 Runner(Flutter)[2656] <Notice>: dartnative: ##BENCH## {"tag":"feed1000","t_us":1790242148654963,"ev":"page_build","i":973}
Sep 24 15:14:08.655032 Runner(Flutter)[2656] <Notice>: dartnative: ##BENCH## {"tag":"feed1000","t_us":1790242148654993,"ev":"page_build","i":974}
Sep 24 15:14:08.655065 Runner(Flutter)[2656] <Notice>: dartnative: ##BENCH## {"tag":"feed1000","t_us":1790242148655025,"ev":"page_build","i":975}
Sep 24 15:14:08.655134 Runner(Flutter)[2656] <Notice>: dartnative: ##BENCH## {"tag":"feed1000","t_us":1790242148655058,"ev":"page_build","i":976}
Sep 24 15:14:08.655144 Runner(Flutter)[2656] <Notice>: dartnative: ##BENCH## {"tag":"feed1000","t_us":1790242148655091,"ev":"page_build","i":977}
Sep 24 15:14:08.655169 Runner(Flutter)[2656] <Notice>: dartnative: ##BENCH## {"tag":"feed1000","t_us":1790242148655123,"ev":"page_build","i":978}
Sep 24 15:14:08.655213 Runner(Flutter)[2656] <Notice>: dartnative: ##BENCH## {"tag":"feed1000","t_us":1790242148655162,"ev":"page_build","i":979}
Sep 24 15:14:08.655222 Runner(Flutter)[2656] <Notice>: dartnative: ##BENCH## {"tag":"feed1000","t_us":1790242148655194,"ev":"page_build","i":980}
Sep 24 15:14:08.655277 Runner(Flutter)[2656] <Notice>: dartnative: ##BENCH## {"tag":"feed1000","t_us":1790242148655224,"ev":"page_build","i":981}
Sep 24 15:14:08.655341 Runner(Flutter)[2656] <Notice>: dartnative: ##BENCH## {"tag":"feed1000","t_us":1790242148655256,"ev":"page_build","i":982}
Sep 24 15:14:08.655352 Runner(Flutter)[2656] <Notice>: dartnative: ##BENCH## {"tag":"feed1000","t_us":1790242148655299,"ev":"page_build","i":983}
Sep 24 15:14:08.655360 Runner(Flutter)[2656] <Notice>: dartnative: ##BENCH## {"tag":"feed1000","t_us":1790242148655330,"ev":"page_build","i":984}
Sep 24 15:14:08.655413 Runner(Flutter)[2656] <Notice>: dartnative: ##BENCH## {"tag":"feed1000","t_us":1790242148655365,"ev":"page_build","i":985}
Sep 24 15:14:08.655450 Runner(Flutter)[2656] <Notice>: dartnative: ##BENCH## {"tag":"feed1000","t_us":1790242148655407,"ev":"page_build","i":986}
Sep 24 15:14:08.655479 Runner(Flutter)[2656] <Notice>: dartnative: ##BENCH## {"tag":"feed1000","t_us":1790242148655439,"ev":"page_build","i":987}
Sep 24 15:14:08.655511 Runner(Flutter)[2656] <Notice>: dartnative: ##BENCH## {"tag":"feed1000","t_us":1790242148655472,"ev":"page_build","i":988}
Sep 24 15:14:08.655572 Runner(Flutter)[2656] <Notice>: dartnative: ##BENCH## {"tag":"feed1000","t_us":1790242148655505,"ev":"page_build","i":989}
Sep 24 15:14:08.655581 Runner(Flutter)[2656] <Notice>: dartnative: ##BENCH## {"tag":"feed1000","t_us":1790242148655537,"ev":"page_build","i":990}
Sep 24 15:14:08.655615 Runner(Flutter)[2656] <Notice>: dartnative: ##BENCH## {"tag":"feed1000","t_us":1790242148655565,"ev":"page_build","i":991}
Sep 24 15:14:08.655653 Runner(Flutter)[2656] <Notice>: dartnative: ##BENCH## {"tag":"feed1000","t_us":1790242148655615,"ev":"page_build","i":992}
Sep 24 15:14:08.655713 Runner(Flutter)[2656] <Notice>: dartnative: ##BENCH## {"tag":"feed1000","t_us":1790242148655665,"ev":"page_build","i":993}
Sep 24 15:14:08.655733 Runner(Flutter)[2656] <Notice>: dartnative: ##BENCH## {"tag":"feed1000","t_us":1790242148655709,"ev":"page_build","i":994}
Sep 24 15:14:08.655832 Runner(Flutter)[2656] <Notice>: dartnative: ##BENCH## {"tag":"feed1000","t_us":1790242148655745,"ev":"page_build","i":995}
Sep 24 15:14:08.655847 Runner(Flutter)[2656] <Notice>: dartnative: ##BENCH## {"tag":"feed1000","t_us":1790242148655798,"ev":"page_build","i":996}
Sep 24 15:14:08.655879 Runner(Flutter)[2656] <Notice>: dartnative: ##BENCH## {"tag":"feed1000","t_us":1790242148655829,"ev":"page_build","i":997}
Sep 24 15:14:08.655925 Runner(Flutter)[2656] <Notice>: dartnative: ##BENCH## {"tag":"feed1000","t_us":1790242148655885,"ev":"page_build","i":998}
Sep 24 15:14:08.655996 Runner(Flutter)[2656] <Notice>: dartnative: ##BENCH## {"tag":"feed1000","t_us":1790242148655935,"ev":"page_build","i":999}
Sep 24 15:14:08.740584 Runner(Flutter)[2656] <Notice>: dartnative: ##BENCH## {"tag":"feed1000","t_us":1790242148740521,"ev":"ctrl_ready","i":0}
Sep 24 15:14:08.740604 Runner(Flutter)[2656] <Notice>: dartnative: ##BENCH## {"tag":"feed1000","t_us":1790242148740572,"ev":"play_call","i":0}
Sep 24 15:14:08.754738 Runner(Flutter)[2656] <Notice>: dartnative: ##BENCH## {"tag":"feed1000","t_us":1790242148752922,"ev":"media_attach","i":0,"result":"attached"}
Sep 24 15:14:08.755147 Runner(Flutter)[2656] <Notice>: dartnative: ##BENCH## {"tag":"feed1000","t_us":1790242148753028,"ev":"media_event","type":"ExternalPlaybackChanged"}
Sep 24 15:14:08.785188 Runner(Flutter)[2656] <Notice>: dartnative: ##BENCH## {"tag":"feed1000","t_us":1790242148761410,"ev":"page_build","i":0}
Sep 24 15:14:09.044978 Runner(Flutter)[2656] <Notice>: dartnative: ##BENCH## {"tag":"feed1000","t_us":1790242149043157,"ev":"page_build","i":1}
Sep 24 15:14:09.045014 Runner(Flutter)[2656] <Notice>: dartnative: ##BENCH## {"tag":"feed1000","t_us":1790242149043293,"ev":"page_build","i":2}
Sep 24 15:14:09.045102 Runner(Flutter)[2656] <Notice>: dartnative: ##BENCH## {"tag":"feed1000","t_us":1790242149043349,"ev":"page_build","i":3}
Sep 24 15:14:09.045117 Runner(Flutter)[2656] <Notice>: dartnative: ##BENCH## {"tag":"feed1000","t_us":1790242149043390,"ev":"page_build","i":4}
Sep 24 15:14:09.045159 Runner(Flutter)[2656] <Notice>: dartnative: ##BENCH## {"tag":"feed1000","t_us":1790242149043423,"ev":"page_build","i":5}
Sep 24 15:14:09.045209 Runner(Flutter)[2656] <Notice>: dartnative: ##BENCH## {"tag":"feed1000","t_us":1790242149043458,"ev":"page_build","i":6}
Sep 24 15:14:09.045251 Runner(Flutter)[2656] <Notice>: dartnative: ##BENCH## {"tag":"feed1000","t_us":1790242149043490,"ev":"page_build","i":7}
Sep 24 15:14:09.045300 Runner(Flutter)[2656] <Notice>: dartnative: ##BENCH## {"tag":"feed1000","t_us":1790242149043552,"ev":"page_build","i":8}
Sep 24 15:14:09.045362 Runner(Flutter)[2656] <Notice>: dartnative: ##BENCH## {"tag":"feed1000","t_us":1790242149043688,"ev":"page_build","i":9}
Sep 24 15:14:09.045401 Runner(Flutter)[2656] <Notice>: dartnative: ##BENCH## {"tag":"feed1000","t_us":1790242149043734,"ev":"page_build","i":10}
Sep 24 15:14:09.045477 Runner(Flutter)[2656] <Notice>: dartnative: ##BENCH## {"tag":"feed1000","t_us":1790242149043878,"ev":"page_build","i":11}
Sep 24 15:14:09.045538 Runner(Flutter)[2656] <Notice>: dartnative: ##BENCH## {"tag":"feed1000","t_us":1790242149043949,"ev":"page_build","i":12}
Sep 24 15:14:09.045578 Runner(Flutter)[2656] <Notice>: dartnative: ##BENCH## {"tag":"feed1000","t_us":1790242149044033,"ev":"page_build","i":13}
Sep 24 15:14:09.045639 Runner(Flutter)[2656] <Notice>: dartnative: ##BENCH## {"tag":"feed1000","t_us":1790242149044181,"ev":"page_build","i":14}
Sep 24 15:14:09.045680 Runner(Flutter)[2656] <Notice>: dartnative: ##BENCH## {"tag":"feed1000","t_us":1790242149044293,"ev":"page_build","i":15}
Sep 24 15:14:09.045701 Runner(Flutter)[2656] <Notice>: dartnative: ##BENCH## {"tag":"feed1000","t_us":1790242149044370,"ev":"page_build","i":16}
Sep 24 15:14:09.045748 Runner(Flutter)[2656] <Notice>: dartnative: ##BENCH## {"tag":"feed1000","t_us":1790242149044450,"ev":"page_build","i":17}
Sep 24 15:14:09.045773 Runner(Flutter)[2656] <Notice>: dartnative: ##BENCH## {"tag":"feed1000","t_us":1790242149044552,"ev":"page_build","i":18}
Sep 24 15:14:09.045813 Runner(Flutter)[2656] <Notice>: dartnative: ##BENCH## {"tag":"feed1000","t_us":1790242149044614,"ev":"page_build","i":19}
Sep 24 15:14:09.045891 Runner(Flutter)[2656] <Notice>: dartnative: ##BENCH## {"tag":"feed1000","t_us":1790242149044694,"ev":"page_build","i":20}
Sep 24 15:14:09.045962 Runner(Flutter)[2656] <Notice>: dartnative: ##BENCH## {"tag":"feed1000","t_us":1790242149044808,"ev":"page_build","i":21}
Sep 24 15:14:09.046068 Runner(Flutter)[2656] <Notice>: dartnative: ##BENCH## {"tag":"feed1000","t_us":1790242149044903,"ev":"page_build","i":22}
Sep 24 15:14:09.046287 Runner(Flutter)[2656] <Notice>: dartnative: ##BENCH## {"tag":"feed1000","t_us":1790242149045009,"ev":"page_build","i":23}
Sep 24 15:14:09.046353 Runner(Flutter)[2656] <Notice>: dartnative: ##BENCH## {"tag":"feed1000","t_us":1790242149045061,"ev":"page_build","i":24}
Sep 24 15:14:09.046387 Runner(Flutter)[2656] <Notice>: dartnative: ##BENCH## {"tag":"feed1000","t_us":1790242149045107,"ev":"page_build","i":25}
Sep 24 15:14:09.046431 Runner(Flutter)[2656] <Notice>: dartnative: ##BENCH## {"tag":"feed1000","t_us":1790242149045159,"ev":"page_build","i":26}
Sep 24 15:14:09.046457 Runner(Flutter)[2656] <Notice>: dartnative: ##BENCH## {"tag":"feed1000","t_us":1790242149045248,"ev":"page_build","i":27}
Sep 24 15:14:09.046497 Runner(Flutter)[2656] <Notice>: dartnative: ##BENCH## {"tag":"feed1000","t_us":1790242149045325,"ev":"page_build","i":28}
Sep 24 15:14:09.046521 Runner(Flutter)[2656] <Notice>: dartnative: ##BENCH## {"tag":"feed1000","t_us":1790242149045453,"ev":"page_build","i":29}
Sep 24 15:14:09.046611 Runner(Flutter)[2656] <Notice>: dartnative: ##BENCH## {"tag":"feed1000","t_us":1790242149045615,"ev":"page_build","i":30}
Sep 24 15:14:09.046677 Runner(Flutter)[2656] <Notice>: dartnative: ##BENCH## {"tag":"feed1000","t_us":1790242149045777,"ev":"page_build","i":31}
Sep 24 15:14:09.046723 Runner(Flutter)[2656] <Notice>: dartnative: ##BENCH## {"tag":"feed1000","t_us":1790242149045910,"ev":"page_build","i":32}
Sep 24 15:14:09.046770 Runner(Flutter)[2656] <Notice>: dartnative: ##BENCH## {"tag":"feed1000","t_us":1790242149045979,"ev":"page_build","i":33}
Sep 24 15:14:09.046817 Runner(Flutter)[2656] <Notice>: dartnative: ##BENCH## {"tag":"feed1000","t_us":1790242149046071,"ev":"page_build","i":34}
Sep 24 15:14:09.046923 Runner(Flutter)[2656] <Notice>: dartnative: ##BENCH## {"tag":"feed1000","t_us":1790242149046132,"ev":"page_build","i":35}
Sep 24 15:14:09.046981 Runner(Flutter)[2656] <Notice>: dartnative: ##BENCH## {"tag":"feed1000","t_us":1790242149046222,"ev":"page_build","i":36}
Sep 24 15:14:09.047038 Runner(Flutter)[2656] <Notice>: dartnative: ##BENCH## {"tag":"feed1000","t_us":1790242149046318,"ev":"page_build","i":37}
Sep 24 15:14:09.047121 Runner(Flutter)[2656] <Notice>: dartnative: ##BENCH## {"tag":"feed1000","t_us":1790242149046458,"ev":"page_build","i":38}
Sep 24 15:14:09.047177 Runner(Flutter)[2656] <Notice>: dartnative: ##BENCH## {"tag":"feed1000","t_us":1790242149046584,"ev":"page_build","i":39}
Sep 24 15:14:09.047238 Runner(Flutter)[2656] <Notice>: dartnative: ##BENCH## {"tag":"feed1000","t_us":1790242149046668,"ev":"page_build","i":40}
Sep 24 15:14:09.047300 Runner(Flutter)[2656] <Notice>: dartnative: ##BENCH## {"tag":"feed1000","t_us":1790242149046778,"ev":"page_build","i":41}
Sep 24 15:14:09.047361 Runner(Flutter)[2656] <Notice>: dartnative: ##BENCH## {"tag":"feed1000","t_us":1790242149046854,"ev":"page_build","i":42}
Sep 24 15:14:09.047414 Runner(Flutter)[2656] <Notice>: dartnative: ##BENCH## {"tag":"feed1000","t_us":1790242149046940,"ev":"page_build","i":43}
Sep 24 15:14:09.047460 Runner(Flutter)[2656] <Notice>: dartnative: ##BENCH## {"tag":"feed1000","t_us":1790242149047009,"ev":"page_build","i":44}
Sep 24 15:14:09.047509 Runner(Flutter)[2656] <Notice>: dartnative: ##BENCH## {"tag":"feed1000","t_us":1790242149047094,"ev":"page_build","i":45}
Sep 24 15:14:09.047588 Runner(Flutter)[2656] <Notice>: dartnative: ##BENCH## {"tag":"feed1000","t_us":1790242149047165,"ev":"page_build","i":46}
Sep 24 15:14:09.047638 Runner(Flutter)[2656] <Notice>: dartnative: ##BENCH## {"tag":"feed1000","t_us":1790242149047198,"ev":"page_build","i":47}
Sep 24 15:14:09.047706 Runner(Flutter)[2656] <Notice>: dartnative: ##BENCH## {"tag":"feed1000","t_us":1790242149047268,"ev":"page_build","i":48}
Sep 24 15:14:09.047797 Runner(Flutter)[2656] <Notice>: dartnative: ##BENCH## {"tag":"feed1000","t_us":1790242149047330,"ev":"page_build","i":49}
Sep 24 15:14:09.047877 Runner(Flutter)[2656] <Notice>: dartnative: ##BENCH## {"tag":"feed1000","t_us":1790242149047392,"ev":"page_build","i":50}
Sep 24 15:14:09.047935 Runner(Flutter)[2656] <Notice>: dartnative: ##BENCH## {"tag":"feed1000","t_us":1790242149047472,"ev":"page_build","i":51}
Sep 24 15:14:09.047996 Runner(Flutter)[2656] <Notice>: dartnative: ##BENCH## {"tag":"feed1000","t_us":1790242149047501,"ev":"page_build","i":52}
Sep 24 15:14:09.048058 Runner(Flutter)[2656] <Notice>: dartnative: ##BENCH## {"tag":"feed1000","t_us":1790242149047531,"ev":"page_build","i":53}
Sep 24 15:14:09.048133 Runner(Flutter)[2656] <Notice>: dartnative: ##BENCH## {"tag":"feed1000","t_us":1790242149047615,"ev":"page_build","i":54}
Sep 24 15:14:09.048189 Runner(Flutter)[2656] <Notice>: dartnative: ##BENCH## {"tag":"feed1000","t_us":1790242149047666,"ev":"page_build","i":55}
Sep 24 15:14:09.048249 Runner(Flutter)[2656] <Notice>: dartnative: ##BENCH## {"tag":"feed1000","t_us":1790242149047740,"ev":"page_build","i":56}
Sep 24 15:14:09.048400 Runner(Flutter)[2656] <Notice>: dartnative: ##BENCH## {"tag":"feed1000","t_us":1790242149047839,"ev":"page_build","i":57}
Sep 24 15:14:09.048634 Runner(Flutter)[2656] <Notice>: dartnative: ##BENCH## {"tag":"feed1000","t_us":1790242149047908,"ev":"page_build","i":58}
Sep 24 15:14:09.048737 Runner(Flutter)[2656] <Notice>: dartnative: ##BENCH## {"tag":"feed1000","t_us":1790242149047963,"ev":"page_build","i":59}
Sep 24 15:14:09.048846 Runner(Flutter)[2656] <Notice>: dartnative: ##BENCH## {"tag":"feed1000","t_us":1790242149048032,"ev":"page_build","i":60}
Sep 24 15:14:09.048958 Runner(Flutter)[2656] <Notice>: dartnative: ##BENCH## {"tag":"feed1000","t_us":1790242149048087,"ev":"page_build","i":61}
Sep 24 15:14:09.049055 Runner(Flutter)[2656] <Notice>: dartnative: ##BENCH## {"tag":"feed1000","t_us":1790242149048157,"ev":"page_build","i":62}
Sep 24 15:14:09.049167 Runner(Flutter)[2656] <Notice>: dartnative: ##BENCH## {"tag":"feed1000","t_us":1790242149048219,"ev":"page_build","i":63}
Sep 24 15:14:09.049235 Runner(Flutter)[2656] <Notice>: dartnative: ##BENCH## {"tag":"feed1000","t_us":1790242149048438,"ev":"page_build","i":64}
Sep 24 15:14:09.049322 Runner(Flutter)[2656] <Notice>: dartnative: ##BENCH## {"tag":"feed1000","t_us":1790242149048569,"ev":"page_build","i":65}
Sep 24 15:14:09.049354 Runner(Flutter)[2656] <Notice>: dartnative: ##BENCH## {"tag":"feed1000","t_us":1790242149048721,"ev":"page_build","i":66}
Sep 24 15:14:09.049397 Runner(Flutter)[2656] <Notice>: dartnative: ##BENCH## {"tag":"feed1000","t_us":1790242149048794,"ev":"page_build","i":67}
Sep 24 15:14:09.049428 Runner(Flutter)[2656] <Notice>: dartnative: ##BENCH## {"tag":"feed1000","t_us":1790242149048928,"ev":"page_build","i":68}
Sep 24 15:14:09.049465 Runner(Flutter)[2656] <Notice>: dartnative: ##BENCH## {"tag":"feed1000","t_us":1790242149049086,"ev":"page_build","i":69}
Sep 24 15:14:09.049509 Runner(Flutter)[2656] <Notice>: dartnative: ##BENCH## {"tag":"feed1000","t_us":1790242149049239,"ev":"page_build","i":70}
Sep 24 15:14:09.049547 Runner(Flutter)[2656] <Notice>: dartnative: ##BENCH## {"tag":"feed1000","t_us":1790242149049395,"ev":"page_build","i":71}
Sep 24 15:14:09.049584 Runner(Flutter)[2656] <Notice>: dartnative: ##BENCH## {"tag":"feed1000","t_us":1790242149049428,"ev":"page_build","i":72}
Sep 24 15:14:09.049620 Runner(Flutter)[2656] <Notice>: dartnative: ##BENCH## {"tag":"feed1000","t_us":1790242149049458,"ev":"page_build","i":73}
Sep 24 15:14:09.049680 Runner(Flutter)[2656] <Notice>: dartnative: ##BENCH## {"tag":"feed1000","t_us":1790242149049548,"ev":"page_build","i":74}
Sep 24 15:14:09.049725 Runner(Flutter)[2656] <Notice>: dartnative: ##BENCH## {"tag":"feed1000","t_us":1790242149049625,"ev":"page_build","i":75}
Sep 24 15:14:09.049763 Runner(Flutter)[2656] <Notice>: dartnative: ##BENCH## {"tag":"feed1000","t_us":1790242149049709,"ev":"page_build","i":76}
Sep 24 15:14:09.049863 Runner(Flutter)[2656] <Notice>: dartnative: ##BENCH## {"tag":"feed1000","t_us":1790242149049773,"ev":"page_build","i":77}
Sep 24 15:14:09.049921 Runner(Flutter)[2656] <Notice>: dartnative: ##BENCH## {"tag":"feed1000","t_us":1790242149049844,"ev":"page_build","i":78}
Sep 24 15:14:09.050018 Runner(Flutter)[2656] <Notice>: dartnative: ##BENCH## {"tag":"feed1000","t_us":1790242149049962,"ev":"page_build","i":79}
Sep 24 15:14:09.050295 Runner(Flutter)[2656] <Notice>: dartnative: ##BENCH## {"tag":"feed1000","t_us":1790242149050034,"ev":"page_build","i":80}
Sep 24 15:14:09.050362 Runner(Flutter)[2656] <Notice>: dartnative: ##BENCH## {"tag":"feed1000","t_us":1790242149050131,"ev":"page_build","i":81}
Sep 24 15:14:09.050488 Runner(Flutter)[2656] <Notice>: dartnative: ##BENCH## {"tag":"feed1000","t_us":1790242149050274,"ev":"page_build","i":82}
Sep 24 15:14:09.050628 Runner(Flutter)[2656] <Notice>: dartnative: ##BENCH## {"tag":"feed1000","t_us":1790242149050346,"ev":"page_build","i":83}
Sep 24 15:14:09.050859 Runner(Flutter)[2656] <Notice>: dartnative: ##BENCH## {"tag":"feed1000","t_us":1790242149050431,"ev":"page_build","i":84}
Sep 24 15:14:09.050907 Runner(Flutter)[2656] <Notice>: dartnative: ##BENCH## {"tag":"feed1000","t_us":1790242149050476,"ev":"page_build","i":85}
Sep 24 15:14:09.050956 Runner(Flutter)[2656] <Notice>: dartnative: ##BENCH## {"tag":"feed1000","t_us":1790242149050525,"ev":"page_build","i":86}
Sep 24 15:14:09.050978 Runner(Flutter)[2656] <Notice>: dartnative: ##BENCH## {"tag":"feed1000","t_us":1790242149050576,"ev":"page_build","i":87}
Sep 24 15:14:09.051022 Runner(Flutter)[2656] <Notice>: dartnative: ##BENCH## {"tag":"feed1000","t_us":1790242149050606,"ev":"page_build","i":88}
Sep 24 15:14:09.051069 Runner(Flutter)[2656] <Notice>: dartnative: ##BENCH## {"tag":"feed1000","t_us":1790242149050712,"ev":"page_build","i":89}
Sep 24 15:14:09.051141 Runner(Flutter)[2656] <Notice>: dartnative: ##BENCH## {"tag":"feed1000","t_us":1790242149050743,"ev":"page_build","i":90}
Sep 24 15:14:09.051289 Runner(Flutter)[2656] <Notice>: dartnative: ##BENCH## {"tag":"feed1000","t_us":1790242149050772,"ev":"page_build","i":91}
Sep 24 15:14:09.051304 Runner(Flutter)[2656] <Notice>: dartnative: ##BENCH## {"tag":"feed1000","t_us":1790242149050827,"ev":"page_build","i":92}
Sep 24 15:14:09.051415 Runner(Flutter)[2656] <Notice>: dartnative: ##BENCH## {"tag":"feed1000","t_us":1790242149050892,"ev":"page_build","i":93}
Sep 24 15:14:09.051453 Runner(Flutter)[2656] <Notice>: dartnative: ##BENCH## {"tag":"feed1000","t_us":1790242149051020,"ev":"page_build","i":94}
Sep 24 15:14:09.051502 Runner(Flutter)[2656] <Notice>: dartnative: ##BENCH## {"tag":"feed1000","t_us":1790242149051108,"ev":"page_build","i":95}
Sep 24 15:14:09.051544 Runner(Flutter)[2656] <Notice>: dartnative: ##BENCH## {"tag":"feed1000","t_us":1790242149051214,"ev":"page_build","i":96}
Sep 24 15:14:09.051602 Runner(Flutter)[2656] <Notice>: dartnative: ##BENCH## {"tag":"feed1000","t_us":1790242149051263,"ev":"page_build","i":97}
Sep 24 15:14:09.051673 Runner(Flutter)[2656] <Notice>: dartnative: ##BENCH## {"tag":"feed1000","t_us":1790242149051360,"ev":"page_build","i":98}
Sep 24 15:14:09.051781 Runner(Flutter)[2656] <Notice>: dartnative: ##BENCH## {"tag":"feed1000","t_us":1790242149051391,"ev":"page_build","i":99}
Sep 24 15:14:09.051815 Runner(Flutter)[2656] <Notice>: dartnative: ##BENCH## {"tag":"feed1000","t_us":1790242149051502,"ev":"page_build","i":100}
Sep 24 15:14:09.051903 Runner(Flutter)[2656] <Notice>: dartnative: ##BENCH## {"tag":"feed1000","t_us":1790242149051614,"ev":"page_build","i":101}
Sep 24 15:14:09.051960 Runner(Flutter)[2656] <Notice>: dartnative: ##BENCH## {"tag":"feed1000","t_us":1790242149051714,"ev":"page_build","i":102}
Sep 24 15:14:09.052010 Runner(Flutter)[2656] <Notice>: dartnative: ##BENCH## {"tag":"feed1000","t_us":1790242149051795,"ev":"page_build","i":103}
Sep 24 15:14:09.052064 Runner(Flutter)[2656] <Notice>: dartnative: ##BENCH## {"tag":"feed1000","t_us":1790242149051857,"ev":"page_build","i":104}
Sep 24 15:14:09.052164 Runner(Flutter)[2656] <Notice>: dartnative: ##BENCH## {"tag":"feed1000","t_us":1790242149051938,"ev":"page_build","i":105}
Sep 24 15:14:09.052197 Runner(Flutter)[2656] <Notice>: dartnative: ##BENCH## {"tag":"feed1000","t_us":1790242149052009,"ev":"page_build","i":106}
Sep 24 15:14:09.052254 Runner(Flutter)[2656] <Notice>: dartnative: ##BENCH## {"tag":"feed1000","t_us":1790242149052100,"ev":"page_build","i":107}
Sep 24 15:14:09.052322 Runner(Flutter)[2656] <Notice>: dartnative: ##BENCH## {"tag":"feed1000","t_us":1790242149052151,"ev":"page_build","i":108}
Sep 24 15:14:09.052369 Runner(Flutter)[2656] <Notice>: dartnative: ##BENCH## {"tag":"feed1000","t_us":1790242149052181,"ev":"page_build","i":109}
Sep 24 15:14:09.052398 Runner(Flutter)[2656] <Notice>: dartnative: ##BENCH## {"tag":"feed1000","t_us":1790242149052249,"ev":"page_build","i":110}
Sep 24 15:14:09.052439 Runner(Flutter)[2656] <Notice>: dartnative: ##BENCH## {"tag":"feed1000","t_us":1790242149052295,"ev":"page_build","i":111}
Sep 24 15:14:09.052478 Runner(Flutter)[2656] <Notice>: dartnative: ##BENCH## {"tag":"feed1000","t_us":1790242149052325,"ev":"page_build","i":112}
Sep 24 15:14:09.052525 Runner(Flutter)[2656] <Notice>: dartnative: ##BENCH## {"tag":"feed1000","t_us":1790242149052355,"ev":"page_build","i":113}
Sep 24 15:14:09.052631 Runner(Flutter)[2656] <Notice>: dartnative: ##BENCH## {"tag":"feed1000","t_us":1790242149052403,"ev":"page_build","i":114}
Sep 24 15:14:09.052661 Runner(Flutter)[2656] <Notice>: dartnative: ##BENCH## {"tag":"feed1000","t_us":1790242149052435,"ev":"page_build","i":115}
Sep 24 15:14:09.052716 Runner(Flutter)[2656] <Notice>: dartnative: ##BENCH## {"tag":"feed1000","t_us":1790242149052467,"ev":"page_build","i":116}
Sep 24 15:14:09.052779 Runner(Flutter)[2656] <Notice>: dartnative: ##BENCH## {"tag":"feed1000","t_us":1790242149052498,"ev":"page_build","i":117}
Sep 24 15:14:09.052839 Runner(Flutter)[2656] <Notice>: dartnative: ##BENCH## {"tag":"feed1000","t_us":1790242149052548,"ev":"page_build","i":118}
Sep 24 15:14:09.052874 Runner(Flutter)[2656] <Notice>: dartnative: ##BENCH## {"tag":"feed1000","t_us":1790242149052667,"ev":"page_build","i":119}
Sep 24 15:14:09.052905 Runner(Flutter)[2656] <Notice>: dartnative: ##BENCH## {"tag":"feed1000","t_us":1790242149052698,"ev":"page_build","i":120}
Sep 24 15:14:09.052922 Runner(Flutter)[2656] <Notice>: dartnative: ##BENCH## {"tag":"feed1000","t_us":1790242149052727,"ev":"page_build","i":121}
Sep 24 15:14:09.052968 Runner(Flutter)[2656] <Notice>: dartnative: ##BENCH## {"tag":"feed1000","t_us":1790242149052777,"ev":"page_build","i":122}
Sep 24 15:14:09.053019 Runner(Flutter)[2656] <Notice>: dartnative: ##BENCH## {"tag":"feed1000","t_us":1790242149052810,"ev":"page_build","i":123}
Sep 24 15:14:09.053061 Runner(Flutter)[2656] <Notice>: dartnative: ##BENCH## {"tag":"feed1000","t_us":1790242149052839,"ev":"page_build","i":124}
Sep 24 15:14:09.053090 Runner(Flutter)[2656] <Notice>: dartnative: ##BENCH## {"tag":"feed1000","t_us":1790242149052918,"ev":"page_build","i":125}
Sep 24 15:14:09.053135 Runner(Flutter)[2656] <Notice>: dartnative: ##BENCH## {"tag":"feed1000","t_us":1790242149052969,"ev":"page_build","i":126}
Sep 24 15:14:09.053365 Runner(Flutter)[2656] <Notice>: dartnative: ##BENCH## {"tag":"feed1000","t_us":1790242149053297,"ev":"page_build","i":127}
Sep 24 15:14:09.053415 Runner(Flutter)[2656] <Notice>: dartnative: ##BENCH## {"tag":"feed1000","t_us":1790242149053333,"ev":"page_build","i":128}
Sep 24 15:14:09.053459 Runner(Flutter)[2656] <Notice>: dartnative: ##BENCH## {"tag":"feed1000","t_us":1790242149053378,"ev":"page_build","i":129}
Sep 24 15:14:09.053545 Runner(Flutter)[2656] <Notice>: dartnative: ##BENCH## {"tag":"feed1000","t_us":1790242149053441,"ev":"page_build","i":130}
Sep 24 15:14:09.053622 Runner(Flutter)[2656] <Notice>: dartnative: ##BENCH## {"tag":"feed1000","t_us":1790242149053566,"ev":"page_build","i":131}
Sep 24 15:14:09.053673 Runner(Flutter)[2656] <Notice>: dartnative: ##BENCH## {"tag":"feed1000","t_us":1790242149053598,"ev":"page_build","i":132}
Sep 24 15:14:09.053748 Runner(Flutter)[2656] <Notice>: dartnative: ##BENCH## {"tag":"feed1000","t_us":1790242149053665,"ev":"page_build","i":133}
Sep 24 15:14:09.053812 Runner(Flutter)[2656] <Notice>: dartnative: ##BENCH## {"tag":"feed1000","t_us":1790242149053699,"ev":"page_build","i":134}
Sep 24 15:14:09.053846 Runner(Flutter)[2656] <Notice>: dartnative: ##BENCH## {"tag":"feed1000","t_us":1790242149053730,"ev":"page_build","i":135}
Sep 24 15:14:09.053875 Runner(Flutter)[2656] <Notice>: dartnative: ##BENCH## {"tag":"feed1000","t_us":1790242149053799,"ev":"page_build","i":136}
Sep 24 15:14:09.053916 Runner(Flutter)[2656] <Notice>: dartnative: ##BENCH## {"tag":"feed1000","t_us":1790242149053843,"ev":"page_build","i":137}
Sep 24 15:14:09.053971 Runner(Flutter)[2656] <Notice>: dartnative: ##BENCH## {"tag":"feed1000","t_us":1790242149053874,"ev":"page_build","i":138}
Sep 24 15:14:09.054008 Runner(Flutter)[2656] <Notice>: dartnative: ##BENCH## {"tag":"feed1000","t_us":1790242149053905,"ev":"page_build","i":139}
Sep 24 15:14:09.054059 Runner(Flutter)[2656] <Notice>: dartnative: ##BENCH## {"tag":"feed1000","t_us":1790242149053935,"ev":"page_build","i":140}
Sep 24 15:14:09.054092 Runner(Flutter)[2656] <Notice>: dartnative: ##BENCH## {"tag":"feed1000","t_us":1790242149053965,"ev":"page_build","i":141}
Sep 24 15:14:09.054146 Runner(Flutter)[2656] <Notice>: dartnative: ##BENCH## {"tag":"feed1000","t_us":1790242149053995,"ev":"page_build","i":142}
Sep 24 15:14:09.054192 Runner(Flutter)[2656] <Notice>: dartnative: ##BENCH## {"tag":"feed1000","t_us":1790242149054023,"ev":"page_build","i":143}
Sep 24 15:14:09.054251 Runner(Flutter)[2656] <Notice>: dartnative: ##BENCH## {"tag":"feed1000","t_us":1790242149054051,"ev":"page_build","i":144}
Sep 24 15:14:09.054281 Runner(Flutter)[2656] <Notice>: dartnative: ##BENCH## {"tag":"feed1000","t_us":1790242149054099,"ev":"page_build","i":145}
Sep 24 15:14:09.054335 Runner(Flutter)[2656] <Notice>: dartnative: ##BENCH## {"tag":"feed1000","t_us":1790242149054129,"ev":"page_build","i":146}
Sep 24 15:14:09.054377 Runner(Flutter)[2656] <Notice>: dartnative: ##BENCH## {"tag":"feed1000","t_us":1790242149054190,"ev":"page_build","i":147}
Sep 24 15:14:09.054421 Runner(Flutter)[2656] <Notice>: dartnative: ##BENCH## {"tag":"feed1000","t_us":1790242149054221,"ev":"page_build","i":148}
Sep 24 15:14:09.054486 Runner(Flutter)[2656] <Notice>: dartnative: ##BENCH## {"tag":"feed1000","t_us":1790242149054250,"ev":"page_build","i":149}
Sep 24 15:14:09.054531 Runner(Flutter)[2656] <Notice>: dartnative: ##BENCH## {"tag":"feed1000","t_us":1790242149054278,"ev":"page_build","i":150}
Sep 24 15:14:09.054584 Runner(Flutter)[2656] <Notice>: dartnative: ##BENCH## {"tag":"feed1000","t_us":1790242149054328,"ev":"page_build","i":151}
Sep 24 15:14:09.054644 Runner(Flutter)[2656] <Notice>: dartnative: ##BENCH## {"tag":"feed1000","t_us":1790242149054396,"ev":"page_build","i":152}
Sep 24 15:14:09.054726 Runner(Flutter)[2656] <Notice>: dartnative: ##BENCH## {"tag":"feed1000","t_us":1790242149054425,"ev":"page_build","i":153}
Sep 24 15:14:09.054807 Runner(Flutter)[2656] <Notice>: dartnative: ##BENCH## {"tag":"feed1000","t_us":1790242149054474,"ev":"page_build","i":154}
Sep 24 15:14:09.054835 Runner(Flutter)[2656] <Notice>: dartnative: ##BENCH## {"tag":"feed1000","t_us":1790242149054525,"ev":"page_build","i":155}
Sep 24 15:14:09.054894 Runner(Flutter)[2656] <Notice>: dartnative: ##BENCH## {"tag":"feed1000","t_us":1790242149054556,"ev":"page_build","i":156}
Sep 24 15:14:09.054945 Runner(Flutter)[2656] <Notice>: dartnative: ##BENCH## {"tag":"feed1000","t_us":1790242149054585,"ev":"page_build","i":157}
Sep 24 15:14:09.055018 Runner(Flutter)[2656] <Notice>: dartnative: ##BENCH## {"tag":"feed1000","t_us":1790242149054633,"ev":"page_build","i":158}
Sep 24 15:14:09.055053 Runner(Flutter)[2656] <Notice>: dartnative: ##BENCH## {"tag":"feed1000","t_us":1790242149054664,"ev":"page_build","i":159}
Sep 24 15:14:09.055117 Runner(Flutter)[2656] <Notice>: dartnative: ##BENCH## {"tag":"feed1000","t_us":1790242149054694,"ev":"page_build","i":160}
Sep 24 15:14:09.055171 Runner(Flutter)[2656] <Notice>: dartnative: ##BENCH## {"tag":"feed1000","t_us":1790242149054785,"ev":"page_build","i":161}
Sep 24 15:14:09.055238 Runner(Flutter)[2656] <Notice>: dartnative: ##BENCH## {"tag":"feed1000","t_us":1790242149054836,"ev":"page_build","i":162}
Sep 24 15:14:09.055295 Runner(Flutter)[2656] <Notice>: dartnative: ##BENCH## {"tag":"feed1000","t_us":1790242149054864,"ev":"page_build","i":163}
Sep 24 15:14:09.055321 Runner(Flutter)[2656] <Notice>: dartnative: ##BENCH## {"tag":"feed1000","t_us":1790242149054912,"ev":"page_build","i":164}
Sep 24 15:14:09.055393 Runner(Flutter)[2656] <Notice>: dartnative: ##BENCH## {"tag":"feed1000","t_us":1790242149054985,"ev":"page_build","i":165}
Sep 24 15:14:09.055439 Runner(Flutter)[2656] <Notice>: dartnative: ##BENCH## {"tag":"feed1000","t_us":1790242149055049,"ev":"page_build","i":166}
Sep 24 15:14:09.055456 Runner(Flutter)[2656] <Notice>: dartnative: ##BENCH## {"tag":"feed1000","t_us":1790242149055082,"ev":"page_build","i":167}
Sep 24 15:14:09.055504 Runner(Flutter)[2656] <Notice>: dartnative: ##BENCH## {"tag":"feed1000","t_us":1790242149055147,"ev":"page_build","i":168}
Sep 24 15:14:09.055563 Runner(Flutter)[2656] <Notice>: dartnative: ##BENCH## {"tag":"feed1000","t_us":1790242149055219,"ev":"page_build","i":169}
Sep 24 15:14:09.055595 Runner(Flutter)[2656] <Notice>: dartnative: ##BENCH## {"tag":"feed1000","t_us":1790242149055268,"ev":"page_build","i":170}
Sep 24 15:14:09.055647 Runner(Flutter)[2656] <Notice>: dartnative: ##BENCH## {"tag":"feed1000","t_us":1790242149055320,"ev":"page_build","i":171}
Sep 24 15:14:09.055688 Runner(Flutter)[2656] <Notice>: dartnative: ##BENCH## {"tag":"feed1000","t_us":1790242149055350,"ev":"page_build","i":172}
Sep 24 15:14:09.055739 Runner(Flutter)[2656] <Notice>: dartnative: ##BENCH## {"tag":"feed1000","t_us":1790242149055404,"ev":"page_build","i":173}
Sep 24 15:14:09.055812 Runner(Flutter)[2656] <Notice>: dartnative: ##BENCH## {"tag":"feed1000","t_us":1790242149055458,"ev":"page_build","i":174}
Sep 24 15:14:09.055887 Runner(Flutter)[2656] <Notice>: dartnative: ##BENCH## {"tag":"feed1000","t_us":1790242149055489,"ev":"page_build","i":175}
Sep 24 15:14:09.055908 Runner(Flutter)[2656] <Notice>: dartnative: ##BENCH## {"tag":"feed1000","t_us":1790242149055558,"ev":"page_build","i":176}
Sep 24 15:14:09.055954 Runner(Flutter)[2656] <Notice>: dartnative: ##BENCH## {"tag":"feed1000","t_us":1790242149055587,"ev":"page_build","i":177}
Sep 24 15:14:09.056004 Runner(Flutter)[2656] <Notice>: dartnative: ##BENCH## {"tag":"feed1000","t_us":1790242149055617,"ev":"page_build","i":178}
Sep 24 15:14:09.056062 Runner(Flutter)[2656] <Notice>: dartnative: ##BENCH## {"tag":"feed1000","t_us":1790242149055674,"ev":"page_build","i":179}
Sep 24 15:14:09.056176 Runner(Flutter)[2656] <Notice>: dartnative: ##BENCH## {"tag":"feed1000","t_us":1790242149055739,"ev":"page_build","i":180}
Sep 24 15:14:09.056269 Runner(Flutter)[2656] <Notice>: dartnative: ##BENCH## {"tag":"feed1000","t_us":1790242149055772,"ev":"page_build","i":181}
Sep 24 15:14:09.056349 Runner(Flutter)[2656] <Notice>: dartnative: ##BENCH## {"tag":"feed1000","t_us":1790242149055844,"ev":"page_build","i":182}
Sep 24 15:14:09.056412 Runner(Flutter)[2656] <Notice>: dartnative: ##BENCH## {"tag":"feed1000","t_us":1790242149055953,"ev":"page_build","i":183}
Sep 24 15:14:09.056444 Runner(Flutter)[2656] <Notice>: dartnative: ##BENCH## {"tag":"feed1000","t_us":1790242149055984,"ev":"page_build","i":184}
Sep 24 15:14:09.056495 Runner(Flutter)[2656] <Notice>: dartnative: ##BENCH## {"tag":"feed1000","t_us":1790242149056013,"ev":"page_build","i":185}
Sep 24 15:14:09.056543 Runner(Flutter)[2656] <Notice>: dartnative: ##BENCH## {"tag":"feed1000","t_us":1790242149056059,"ev":"page_build","i":186}
Sep 24 15:14:09.056614 Runner(Flutter)[2656] <Notice>: dartnative: ##BENCH## {"tag":"feed1000","t_us":1790242149056146,"ev":"page_build","i":187}
Sep 24 15:14:09.056711 Runner(Flutter)[2656] <Notice>: dartnative: ##BENCH## {"tag":"feed1000","t_us":1790242149056243,"ev":"page_build","i":188}
Sep 24 15:14:09.056792 Runner(Flutter)[2656] <Notice>: dartnative: ##BENCH## {"tag":"feed1000","t_us":1790242149056335,"ev":"page_build","i":189}
Sep 24 15:14:09.056847 Runner(Flutter)[2656] <Notice>: dartnative: ##BENCH## {"tag":"feed1000","t_us":1790242149056417,"ev":"page_build","i":190}
Sep 24 15:14:09.056891 Runner(Flutter)[2656] <Notice>: dartnative: ##BENCH## {"tag":"feed1000","t_us":1790242149056466,"ev":"page_build","i":191}
Sep 24 15:14:09.056963 Runner(Flutter)[2656] <Notice>: dartnative: ##BENCH## {"tag":"feed1000","t_us":1790242149056538,"ev":"page_build","i":192}
Sep 24 15:14:09.057015 Runner(Flutter)[2656] <Notice>: dartnative: ##BENCH## {"tag":"feed1000","t_us":1790242149056569,"ev":"page_build","i":193}
Sep 24 15:14:09.057060 Runner(Flutter)[2656] <Notice>: dartnative: ##BENCH## {"tag":"feed1000","t_us":1790242149056599,"ev":"page_build","i":194}
Sep 24 15:14:09.057125 Runner(Flutter)[2656] <Notice>: dartnative: ##BENCH## {"tag":"feed1000","t_us":1790242149056645,"ev":"page_build","i":195}
Sep 24 15:14:09.057205 Runner(Flutter)[2656] <Notice>: dartnative: ##BENCH## {"tag":"feed1000","t_us":1790242149056737,"ev":"page_build","i":196}
Sep 24 15:14:09.057262 Runner(Flutter)[2656] <Notice>: dartnative: ##BENCH## {"tag":"feed1000","t_us":1790242149056841,"ev":"page_build","i":197}
Sep 24 15:14:09.057324 Runner(Flutter)[2656] <Notice>: dartnative: ##BENCH## {"tag":"feed1000","t_us":1790242149056872,"ev":"page_build","i":198}
Sep 24 15:14:09.057409 Runner(Flutter)[2656] <Notice>: dartnative: ##BENCH## {"tag":"feed1000","t_us":1790242149056961,"ev":"page_build","i":199}
Sep 24 15:14:09.057461 Runner(Flutter)[2656] <Notice>: dartnative: ##BENCH## {"tag":"feed1000","t_us":1790242149056992,"ev":"page_build","i":200}
Sep 24 15:14:09.057493 Runner(Flutter)[2656] <Notice>: dartnative: ##BENCH## {"tag":"feed1000","t_us":1790242149057046,"ev":"page_build","i":201}
Sep 24 15:14:09.057558 Runner(Flutter)[2656] <Notice>: dartnative: ##BENCH## {"tag":"feed1000","t_us":1790242149057083,"ev":"page_build","i":202}
Sep 24 15:14:09.057635 Runner(Flutter)[2656] <Notice>: dartnative: ##BENCH## {"tag":"feed1000","t_us":1790242149057171,"ev":"page_build","i":203}
Sep 24 15:14:09.057720 Runner(Flutter)[2656] <Notice>: dartnative: ##BENCH## {"tag":"feed1000","t_us":1790242149057245,"ev":"page_build","i":204}
Sep 24 15:14:09.057797 Runner(Flutter)[2656] <Notice>: dartnative: ##BENCH## {"tag":"feed1000","t_us":1790242149057287,"ev":"page_build","i":205}
Sep 24 15:14:09.057866 Runner(Flutter)[2656] <Notice>: dartnative: ##BENCH## {"tag":"feed1000","t_us":1790242149057350,"ev":"page_build","i":206}
Sep 24 15:14:09.057939 Runner(Flutter)[2656] <Notice>: dartnative: ##BENCH## {"tag":"feed1000","t_us":1790242149057441,"ev":"page_build","i":207}
Sep 24 15:14:09.058033 Runner(Flutter)[2656] <Notice>: dartnative: ##BENCH## {"tag":"feed1000","t_us":1790242149057479,"ev":"page_build","i":208}
Sep 24 15:14:09.058117 Runner(Flutter)[2656] <Notice>: dartnative: ##BENCH## {"tag":"feed1000","t_us":1790242149057529,"ev":"page_build","i":209}
Sep 24 15:14:09.058163 Runner(Flutter)[2656] <Notice>: dartnative: ##BENCH## {"tag":"feed1000","t_us":1790242149057588,"ev":"page_build","i":210}
Sep 24 15:14:09.058183 Runner(Flutter)[2656] <Notice>: dartnative: ##BENCH## {"tag":"feed1000","t_us":1790242149057664,"ev":"page_build","i":211}
Sep 24 15:14:09.058267 Runner(Flutter)[2656] <Notice>: dartnative: ##BENCH## {"tag":"feed1000","t_us":1790242149057791,"ev":"page_build","i":212}
Sep 24 15:14:09.058331 Runner(Flutter)[2656] <Notice>: dartnative: ##BENCH## {"tag":"feed1000","t_us":1790242149057902,"ev":"page_build","i":213}
Sep 24 15:14:09.058361 Runner(Flutter)[2656] <Notice>: dartnative: ##BENCH## {"tag":"feed1000","t_us":1790242149057984,"ev":"page_build","i":214}
Sep 24 15:14:09.058390 Runner(Flutter)[2656] <Notice>: dartnative: ##BENCH## {"tag":"feed1000","t_us":1790242149058070,"ev":"page_build","i":215}
Sep 24 15:14:09.058451 Runner(Flutter)[2656] <Notice>: dartnative: ##BENCH## {"tag":"feed1000","t_us":1790242149058157,"ev":"page_build","i":216}
Sep 24 15:14:09.058506 Runner(Flutter)[2656] <Notice>: dartnative: ##BENCH## {"tag":"feed1000","t_us":1790242149058208,"ev":"page_build","i":217}
Sep 24 15:14:09.058543 Runner(Flutter)[2656] <Notice>: dartnative: ##BENCH## {"tag":"feed1000","t_us":1790242149058327,"ev":"page_build","i":218}
Sep 24 15:14:09.058602 Runner(Flutter)[2656] <Notice>: dartnative: ##BENCH## {"tag":"feed1000","t_us":1790242149058397,"ev":"page_build","i":219}
Sep 24 15:14:09.058642 Runner(Flutter)[2656] <Notice>: dartnative: ##BENCH## {"tag":"feed1000","t_us":1790242149058442,"ev":"page_build","i":220}
Sep 24 15:14:09.058650 Runner(Flutter)[2656] <Notice>: dartnative: ##BENCH## {"tag":"feed1000","t_us":1790242149058475,"ev":"page_build","i":221}
Sep 24 15:14:09.058680 Runner(Flutter)[2656] <Notice>: dartnative: ##BENCH## {"tag":"feed1000","t_us":1790242149058508,"ev":"page_build","i":222}
Sep 24 15:14:09.058771 Runner(Flutter)[2656] <Notice>: dartnative: ##BENCH## {"tag":"feed1000","t_us":1790242149058538,"ev":"page_build","i":223}
Sep 24 15:14:09.058886 Runner(Flutter)[2656] <Notice>: dartnative: ##BENCH## {"tag":"feed1000","t_us":1790242149058570,"ev":"page_build","i":224}
Sep 24 15:14:09.059000 Runner(Flutter)[2656] <Notice>: dartnative: ##BENCH## {"tag":"feed1000","t_us":1790242149058650,"ev":"page_build","i":225}
Sep 24 15:14:09.059073 Runner(Flutter)[2656] <Notice>: dartnative: ##BENCH## {"tag":"feed1000","t_us":1790242149058701,"ev":"page_build","i":226}
Sep 24 15:14:09.059156 Runner(Flutter)[2656] <Notice>: dartnative: ##BENCH## {"tag":"feed1000","t_us":1790242149058732,"ev":"page_build","i":227}
Sep 24 15:14:09.059226 Runner(Flutter)[2656] <Notice>: dartnative: ##BENCH## {"tag":"feed1000","t_us":1790242149058858,"ev":"page_build","i":228}
Sep 24 15:14:09.059283 Runner(Flutter)[2656] <Notice>: dartnative: ##BENCH## {"tag":"feed1000","t_us":1790242149058940,"ev":"page_build","i":229}
Sep 24 15:14:09.059359 Runner(Flutter)[2656] <Notice>: dartnative: ##BENCH## {"tag":"feed1000","t_us":1790242149059028,"ev":"page_build","i":230}
Sep 24 15:14:09.061813 Runner(Flutter)[2656] <Notice>: dartnative: ##BENCH## {"tag":"feed1000","t_us":1790242149061746,"ev":"page_build","i":231}
Sep 24 15:14:09.061867 Runner(Flutter)[2656] <Notice>: dartnative: ##BENCH## {"tag":"feed1000","t_us":1790242149061813,"ev":"page_build","i":232}
Sep 24 15:14:09.061897 Runner(Flutter)[2656] <Notice>: dartnative: ##BENCH## {"tag":"feed1000","t_us":1790242149061854,"ev":"page_build","i":233}
Sep 24 15:14:09.061940 Runner(Flutter)[2656] <Notice>: dartnative: ##BENCH## {"tag":"feed1000","t_us":1790242149061906,"ev":"page_build","i":234}
Sep 24 15:14:09.062025 Runner(Flutter)[2656] <Notice>: dartnative: ##BENCH## {"tag":"feed1000","t_us":1790242149061949,"ev":"page_build","i":235}
Sep 24 15:14:09.062050 Runner(Flutter)[2656] <Notice>: dartnative: ##BENCH## {"tag":"feed1000","t_us":1790242149061984,"ev":"page_build","i":236}
Sep 24 15:14:09.062076 Runner(Flutter)[2656] <Notice>: dartnative: ##BENCH## {"tag":"feed1000","t_us":1790242149062039,"ev":"page_build","i":237}
Sep 24 15:14:09.062099 Runner(Flutter)[2656] <Notice>: dartnative: ##BENCH## {"tag":"feed1000","t_us":1790242149062075,"ev":"page_build","i":238}
Sep 24 15:14:09.062160 Runner(Flutter)[2656] <Notice>: dartnative: ##BENCH## {"tag":"feed1000","t_us":1790242149062107,"ev":"page_build","i":239}
Sep 24 15:14:09.062186 Runner(Flutter)[2656] <Notice>: dartnative: ##BENCH## {"tag":"feed1000","t_us":1790242149062138,"ev":"page_build","i":240}
Sep 24 15:14:09.062246 Runner(Flutter)[2656] <Notice>: dartnative: ##BENCH## {"tag":"feed1000","t_us":1790242149062186,"ev":"page_build","i":241}
Sep 24 15:14:09.062269 Runner(Flutter)[2656] <Notice>: dartnative: ##BENCH## {"tag":"feed1000","t_us":1790242149062217,"ev":"page_build","i":242}
Sep 24 15:14:09.062302 Runner(Flutter)[2656] <Notice>: dartnative: ##BENCH## {"tag":"feed1000","t_us":1790242149062249,"ev":"page_build","i":243}
Sep 24 15:14:09.062322 Runner(Flutter)[2656] <Notice>: dartnative: ##BENCH## {"tag":"feed1000","t_us":1790242149062280,"ev":"page_build","i":244}
Sep 24 15:14:09.062399 Runner(Flutter)[2656] <Notice>: dartnative: ##BENCH## {"tag":"feed1000","t_us":1790242149062310,"ev":"page_build","i":245}
Sep 24 15:14:09.062432 Runner(Flutter)[2656] <Notice>: dartnative: ##BENCH## {"tag":"feed1000","t_us":1790242149062358,"ev":"page_build","i":246}
Sep 24 15:14:09.062453 Runner(Flutter)[2656] <Notice>: dartnative: ##BENCH## {"tag":"feed1000","t_us":1790242149062403,"ev":"page_build","i":247}
Sep 24 15:14:09.062475 Runner(Flutter)[2656] <Notice>: dartnative: ##BENCH## {"tag":"feed1000","t_us":1790242149062446,"ev":"page_build","i":248}
Sep 24 15:14:09.062515 Runner(Flutter)[2656] <Notice>: dartnative: ##BENCH## {"tag":"feed1000","t_us":1790242149062476,"ev":"page_build","i":249}
Sep 24 15:14:09.062626 Runner(Flutter)[2656] <Notice>: dartnative: ##BENCH## {"tag":"feed1000","t_us":1790242149062540,"ev":"page_build","i":250}
Sep 24 15:14:09.062688 Runner(Flutter)[2656] <Notice>: dartnative: ##BENCH## {"tag":"feed1000","t_us":1790242149062645,"ev":"page_build","i":251}
Sep 24 15:14:09.062740 Runner(Flutter)[2656] <Notice>: dartnative: ##BENCH## {"tag":"feed1000","t_us":1790242149062678,"ev":"page_build","i":252}
Sep 24 15:14:09.062781 Runner(Flutter)[2656] <Notice>: dartnative: ##BENCH## {"tag":"feed1000","t_us":1790242149062724,"ev":"page_build","i":253}
Sep 24 15:14:09.063182 Runner(Flutter)[2656] <Notice>: dartnative: ##BENCH## {"tag":"feed1000","t_us":1790242149063122,"ev":"page_build","i":254}
Sep 24 15:14:09.063245 Runner(Flutter)[2656] <Notice>: dartnative: ##BENCH## {"tag":"feed1000","t_us":1790242149063177,"ev":"page_build","i":255}
Sep 24 15:14:09.063272 Runner(Flutter)[2656] <Notice>: dartnative: ##BENCH## {"tag":"feed1000","t_us":1790242149063242,"ev":"page_build","i":256}
Sep 24 15:14:09.063292 Runner(Flutter)[2656] <Notice>: dartnative: ##BENCH## {"tag":"feed1000","t_us":1790242149063272,"ev":"page_build","i":257}
Sep 24 15:14:09.063372 Runner(Flutter)[2656] <Notice>: dartnative: ##BENCH## {"tag":"feed1000","t_us":1790242149063303,"ev":"page_build","i":258}
Sep 24 15:14:09.063433 Runner(Flutter)[2656] <Notice>: dartnative: ##BENCH## {"tag":"feed1000","t_us":1790242149063352,"ev":"page_build","i":259}
Sep 24 15:14:09.063461 Runner(Flutter)[2656] <Notice>: dartnative: ##BENCH## {"tag":"feed1000","t_us":1790242149063399,"ev":"page_build","i":260}
Sep 24 15:14:09.063530 Runner(Flutter)[2656] <Notice>: dartnative: ##BENCH## {"tag":"feed1000","t_us":1790242149063446,"ev":"page_build","i":261}
Sep 24 15:14:09.063544 Runner(Flutter)[2656] <Notice>: dartnative: ##BENCH## {"tag":"feed1000","t_us":1790242149063476,"ev":"page_build","i":262}
Sep 24 15:14:09.063607 Runner(Flutter)[2656] <Notice>: dartnative: ##BENCH## {"tag":"feed1000","t_us":1790242149063505,"ev":"page_build","i":263}
Sep 24 15:14:09.063616 Runner(Flutter)[2656] <Notice>: dartnative: ##BENCH## {"tag":"feed1000","t_us":1790242149063534,"ev":"page_build","i":264}
Sep 24 15:14:09.063661 Runner(Flutter)[2656] <Notice>: dartnative: ##BENCH## {"tag":"feed1000","t_us":1790242149063584,"ev":"page_build","i":265}
Sep 24 15:14:09.063689 Runner(Flutter)[2656] <Notice>: dartnative: ##BENCH## {"tag":"feed1000","t_us":1790242149063615,"ev":"page_build","i":266}
Sep 24 15:14:09.063751 Runner(Flutter)[2656] <Notice>: dartnative: ##BENCH## {"tag":"feed1000","t_us":1790242149063661,"ev":"page_build","i":267}
Sep 24 15:14:09.063767 Runner(Flutter)[2656] <Notice>: dartnative: ##BENCH## {"tag":"feed1000","t_us":1790242149063692,"ev":"page_build","i":268}
Sep 24 15:14:09.063774 Runner(Flutter)[2656] <Notice>: dartnative: ##BENCH## {"tag":"feed1000","t_us":1790242149063723,"ev":"page_build","i":269}
Sep 24 15:14:09.063826 Runner(Flutter)[2656] <Notice>: dartnative: ##BENCH## {"tag":"feed1000","t_us":1790242149063771,"ev":"page_build","i":270}
Sep 24 15:14:09.063854 Runner(Flutter)[2656] <Notice>: dartnative: ##BENCH## {"tag":"feed1000","t_us":1790242149063803,"ev":"page_build","i":271}
Sep 24 15:14:09.064840 Runner(Flutter)[2656] <Notice>: dartnative: ##BENCH## {"tag":"feed1000","t_us":1790242149063831,"ev":"page_build","i":272}
Sep 24 15:14:09.064932 Runner(Flutter)[2656] <Notice>: dartnative: ##BENCH## {"tag":"feed1000","t_us":1790242149063861,"ev":"page_build","i":273}
Sep 24 15:14:09.064990 Runner(Flutter)[2656] <Notice>: dartnative: ##BENCH## {"tag":"feed1000","t_us":1790242149063890,"ev":"page_build","i":274}
Sep 24 15:14:09.065019 Runner(Flutter)[2656] <Notice>: dartnative: ##BENCH## {"tag":"feed1000","t_us":1790242149063920,"ev":"page_build","i":275}
Sep 24 15:14:09.065046 Runner(Flutter)[2656] <Notice>: dartnative: ##BENCH## {"tag":"feed1000","t_us":1790242149064091,"ev":"page_build","i":276}
Sep 24 15:14:09.065203 Runner(Flutter)[2656] <Notice>: dartnative: ##BENCH## {"tag":"feed1000","t_us":1790242149064211,"ev":"page_build","i":277}
Sep 24 15:14:09.065411 Runner(Flutter)[2656] <Notice>: dartnative: ##BENCH## {"tag":"feed1000","t_us":1790242149064311,"ev":"page_build","i":278}
Sep 24 15:14:09.065558 Runner(Flutter)[2656] <Notice>: dartnative: ##BENCH## {"tag":"feed1000","t_us":1790242149064349,"ev":"page_build","i":279}
Sep 24 15:14:09.065593 Runner(Flutter)[2656] <Notice>: dartnative: ##BENCH## {"tag":"feed1000","t_us":1790242149064462,"ev":"page_build","i":280}
Sep 24 15:14:09.065622 Runner(Flutter)[2656] <Notice>: dartnative: ##BENCH## {"tag":"feed1000","t_us":1790242149064556,"ev":"page_build","i":281}
Sep 24 15:14:09.065684 Runner(Flutter)[2656] <Notice>: dartnative: ##BENCH## {"tag":"feed1000","t_us":1790242149064626,"ev":"page_build","i":282}
Sep 24 15:14:09.065724 Runner(Flutter)[2656] <Notice>: dartnative: ##BENCH## {"tag":"feed1000","t_us":1790242149064671,"ev":"page_build","i":283}
Sep 24 15:14:09.065745 Runner(Flutter)[2656] <Notice>: dartnative: ##BENCH## {"tag":"feed1000","t_us":1790242149064774,"ev":"page_build","i":284}
Sep 24 15:14:09.065763 Runner(Flutter)[2656] <Notice>: dartnative: ##BENCH## {"tag":"feed1000","t_us":1790242149064926,"ev":"page_build","i":285}
Sep 24 15:14:09.065779 Runner(Flutter)[2656] <Notice>: dartnative: ##BENCH## {"tag":"feed1000","t_us":1790242149064998,"ev":"page_build","i":286}
Sep 24 15:14:09.065794 Runner(Flutter)[2656] <Notice>: dartnative: ##BENCH## {"tag":"feed1000","t_us":1790242149065165,"ev":"page_build","i":287}
Sep 24 15:14:09.065817 Runner(Flutter)[2656] <Notice>: dartnative: ##BENCH## {"tag":"feed1000","t_us":1790242149065299,"ev":"page_build","i":288}
Sep 24 15:14:09.065867 Runner(Flutter)[2656] <Notice>: dartnative: ##BENCH## {"tag":"feed1000","t_us":1790242149065369,"ev":"page_build","i":289}
Sep 24 15:14:09.065883 Runner(Flutter)[2656] <Notice>: dartnative: ##BENCH## {"tag":"feed1000","t_us":1790242149065449,"ev":"page_build","i":290}
Sep 24 15:14:09.066035 Runner(Flutter)[2656] <Notice>: dartnative: ##BENCH## {"tag":"feed1000","t_us":1790242149065524,"ev":"page_build","i":291}
Sep 24 15:14:09.066104 Runner(Flutter)[2656] <Notice>: dartnative: ##BENCH## {"tag":"feed1000","t_us":1790242149065555,"ev":"page_build","i":292}
Sep 24 15:14:09.066123 Runner(Flutter)[2656] <Notice>: dartnative: ##BENCH## {"tag":"feed1000","t_us":1790242149065588,"ev":"page_build","i":293}
Sep 24 15:14:09.066131 Runner(Flutter)[2656] <Notice>: dartnative: ##BENCH## {"tag":"feed1000","t_us":1790242149065617,"ev":"page_build","i":294}
Sep 24 15:14:09.066139 Runner(Flutter)[2656] <Notice>: dartnative: ##BENCH## {"tag":"feed1000","t_us":1790242149065684,"ev":"page_build","i":295}
Sep 24 15:14:09.066146 Runner(Flutter)[2656] <Notice>: dartnative: ##BENCH## {"tag":"feed1000","t_us":1790242149065714,"ev":"page_build","i":296}
Sep 24 15:14:09.066153 Runner(Flutter)[2656] <Notice>: dartnative: ##BENCH## {"tag":"feed1000","t_us":1790242149065745,"ev":"page_build","i":297}
Sep 24 15:14:09.066160 Runner(Flutter)[2656] <Notice>: dartnative: ##BENCH## {"tag":"feed1000","t_us":1790242149065790,"ev":"page_build","i":298}
Sep 24 15:14:09.066167 Runner(Flutter)[2656] <Notice>: dartnative: ##BENCH## {"tag":"feed1000","t_us":1790242149065836,"ev":"page_build","i":299}
Sep 24 15:14:09.066197 Runner(Flutter)[2656] <Notice>: dartnative: ##BENCH## {"tag":"feed1000","t_us":1790242149065882,"ev":"page_build","i":300}
Sep 24 15:14:09.066221 Runner(Flutter)[2656] <Notice>: dartnative: ##BENCH## {"tag":"feed1000","t_us":1790242149065953,"ev":"page_build","i":301}
Sep 24 15:14:09.066253 Runner(Flutter)[2656] <Notice>: dartnative: ##BENCH## {"tag":"feed1000","t_us":1790242149065983,"ev":"page_build","i":302}
Sep 24 15:14:09.066267 Runner(Flutter)[2656] <Notice>: dartnative: ##BENCH## {"tag":"feed1000","t_us":1790242149066036,"ev":"page_build","i":303}
Sep 24 15:14:09.066367 Runner(Flutter)[2656] <Notice>: dartnative: ##BENCH## {"tag":"feed1000","t_us":1790242149066067,"ev":"page_build","i":304}
Sep 24 15:14:09.066408 Runner(Flutter)[2656] <Notice>: dartnative: ##BENCH## {"tag":"feed1000","t_us":1790242149066097,"ev":"page_build","i":305}
Sep 24 15:14:09.066426 Runner(Flutter)[2656] <Notice>: dartnative: ##BENCH## {"tag":"feed1000","t_us":1790242149066126,"ev":"page_build","i":306}
Sep 24 15:14:09.066482 Runner(Flutter)[2656] <Notice>: dartnative: ##BENCH## {"tag":"feed1000","t_us":1790242149066157,"ev":"page_build","i":307}
Sep 24 15:14:09.066540 Runner(Flutter)[2656] <Notice>: dartnative: ##BENCH## {"tag":"feed1000","t_us":1790242149066206,"ev":"page_build","i":308}
Sep 24 15:14:09.066547 Runner(Flutter)[2656] <Notice>: dartnative: ##BENCH## {"tag":"feed1000","t_us":1790242149066233,"ev":"page_build","i":309}
Sep 24 15:14:09.066587 Runner(Flutter)[2656] <Notice>: dartnative: ##BENCH## {"tag":"feed1000","t_us":1790242149066262,"ev":"page_build","i":310}
Sep 24 15:14:09.066645 Runner(Flutter)[2656] <Notice>: dartnative: ##BENCH## {"tag":"feed1000","t_us":1790242149066317,"ev":"page_build","i":311}
Sep 24 15:14:09.066697 Runner(Flutter)[2656] <Notice>: dartnative: ##BENCH## {"tag":"feed1000","t_us":1790242149066397,"ev":"page_build","i":312}
Sep 24 15:14:09.066729 Runner(Flutter)[2656] <Notice>: dartnative: ##BENCH## {"tag":"feed1000","t_us":1790242149066429,"ev":"page_build","i":313}
Sep 24 15:14:09.066757 Runner(Flutter)[2656] <Notice>: dartnative: ##BENCH## {"tag":"feed1000","t_us":1790242149066459,"ev":"page_build","i":314}
Sep 24 15:14:09.066806 Runner(Flutter)[2656] <Notice>: dartnative: ##BENCH## {"tag":"feed1000","t_us":1790242149066532,"ev":"page_build","i":315}
Sep 24 15:14:09.066859 Runner(Flutter)[2656] <Notice>: dartnative: ##BENCH## {"tag":"feed1000","t_us":1790242149066561,"ev":"page_build","i":316}
Sep 24 15:14:09.066890 Runner(Flutter)[2656] <Notice>: dartnative: ##BENCH## {"tag":"feed1000","t_us":1790242149066591,"ev":"page_build","i":317}
Sep 24 15:14:09.066922 Runner(Flutter)[2656] <Notice>: dartnative: ##BENCH## {"tag":"feed1000","t_us":1790242149066622,"ev":"page_build","i":318}
Sep 24 15:14:09.066946 Runner(Flutter)[2656] <Notice>: dartnative: ##BENCH## {"tag":"feed1000","t_us":1790242149066672,"ev":"page_build","i":319}
Sep 24 15:14:09.066980 Runner(Flutter)[2656] <Notice>: dartnative: ##BENCH## {"tag":"feed1000","t_us":1790242149066723,"ev":"page_build","i":320}
Sep 24 15:14:09.067017 Runner(Flutter)[2656] <Notice>: dartnative: ##BENCH## {"tag":"feed1000","t_us":1790242149066753,"ev":"page_build","i":321}
Sep 24 15:14:09.067052 Runner(Flutter)[2656] <Notice>: dartnative: ##BENCH## {"tag":"feed1000","t_us":1790242149066807,"ev":"page_build","i":322}
Sep 24 15:14:09.067123 Runner(Flutter)[2656] <Notice>: dartnative: ##BENCH## {"tag":"feed1000","t_us":1790242149066858,"ev":"page_build","i":323}
Sep 24 15:14:09.067142 Runner(Flutter)[2656] <Notice>: dartnative: ##BENCH## {"tag":"feed1000","t_us":1790242149066888,"ev":"page_build","i":324}
Sep 24 15:14:09.067211 Runner(Flutter)[2656] <Notice>: dartnative: ##BENCH## {"tag":"feed1000","t_us":1790242149066934,"ev":"page_build","i":325}
Sep 24 15:14:09.067241 Runner(Flutter)[2656] <Notice>: dartnative: ##BENCH## {"tag":"feed1000","t_us":1790242149066964,"ev":"page_build","i":326}
Sep 24 15:14:09.067295 Runner(Flutter)[2656] <Notice>: dartnative: ##BENCH## {"tag":"feed1000","t_us":1790242149066992,"ev":"page_build","i":327}
Sep 24 15:14:09.067329 Runner(Flutter)[2656] <Notice>: dartnative: ##BENCH## {"tag":"feed1000","t_us":1790242149067084,"ev":"page_build","i":328}
Sep 24 15:14:09.067439 Runner(Flutter)[2656] <Notice>: dartnative: ##BENCH## {"tag":"feed1000","t_us":1790242149067115,"ev":"page_build","i":329}
Sep 24 15:14:09.067485 Runner(Flutter)[2656] <Notice>: dartnative: ##BENCH## {"tag":"feed1000","t_us":1790242149067197,"ev":"page_build","i":330}
Sep 24 15:14:09.067527 Runner(Flutter)[2656] <Notice>: dartnative: ##BENCH## {"tag":"feed1000","t_us":1790242149067255,"ev":"page_build","i":331}
Sep 24 15:14:09.067566 Runner(Flutter)[2656] <Notice>: dartnative: ##BENCH## {"tag":"feed1000","t_us":1790242149067287,"ev":"page_build","i":332}
Sep 24 15:14:09.067679 Runner(Flutter)[2656] <Notice>: dartnative: ##BENCH## {"tag":"feed1000","t_us":1790242149067318,"ev":"page_build","i":333}
Sep 24 15:14:09.067697 Runner(Flutter)[2656] <Notice>: dartnative: ##BENCH## {"tag":"feed1000","t_us":1790242149067356,"ev":"page_build","i":334}
Sep 24 15:14:09.067730 Runner(Flutter)[2656] <Notice>: dartnative: ##BENCH## {"tag":"feed1000","t_us":1790242149067417,"ev":"page_build","i":335}
Sep 24 15:14:09.067782 Runner(Flutter)[2656] <Notice>: dartnative: ##BENCH## {"tag":"feed1000","t_us":1790242149067448,"ev":"page_build","i":336}
Sep 24 15:14:09.067814 Runner(Flutter)[2656] <Notice>: dartnative: ##BENCH## {"tag":"feed1000","t_us":1790242149067479,"ev":"page_build","i":337}
Sep 24 15:14:09.067852 Runner(Flutter)[2656] <Notice>: dartnative: ##BENCH## {"tag":"feed1000","t_us":1790242149067510,"ev":"page_build","i":338}
Sep 24 15:14:09.067917 Runner(Flutter)[2656] <Notice>: dartnative: ##BENCH## {"tag":"feed1000","t_us":1790242149067564,"ev":"page_build","i":339}
Sep 24 15:14:09.067962 Runner(Flutter)[2656] <Notice>: dartnative: ##BENCH## {"tag":"feed1000","t_us":1790242149067598,"ev":"page_build","i":340}
Sep 24 15:14:09.067995 Runner(Flutter)[2656] <Notice>: dartnative: ##BENCH## {"tag":"feed1000","t_us":1790242149067690,"ev":"page_build","i":341}
Sep 24 15:14:09.068036 Runner(Flutter)[2656] <Notice>: dartnative: ##BENCH## {"tag":"feed1000","t_us":1790242149067743,"ev":"page_build","i":342}
Sep 24 15:14:09.068085 Runner(Flutter)[2656] <Notice>: dartnative: ##BENCH## {"tag":"feed1000","t_us":1790242149067807,"ev":"page_build","i":343}
Sep 24 15:14:09.068131 Runner(Flutter)[2656] <Notice>: dartnative: ##BENCH## {"tag":"feed1000","t_us":1790242149067847,"ev":"page_build","i":344}
Sep 24 15:14:09.068149 Runner(Flutter)[2656] <Notice>: dartnative: ##BENCH## {"tag":"feed1000","t_us":1790242149067928,"ev":"page_build","i":345}
Sep 24 15:14:09.068156 Runner(Flutter)[2656] <Notice>: dartnative: ##BENCH## {"tag":"feed1000","t_us":1790242149067959,"ev":"page_build","i":346}
Sep 24 15:14:09.068163 Runner(Flutter)[2656] <Notice>: dartnative: ##BENCH## {"tag":"feed1000","t_us":1790242149067992,"ev":"page_build","i":347}
Sep 24 15:14:09.068173 Runner(Flutter)[2656] <Notice>: dartnative: ##BENCH## {"tag":"feed1000","t_us":1790242149068056,"ev":"page_build","i":348}
Sep 24 15:14:09.068192 Runner(Flutter)[2656] <Notice>: dartnative: ##BENCH## {"tag":"feed1000","t_us":1790242149068087,"ev":"page_build","i":349}
Sep 24 15:14:09.068204 Runner(Flutter)[2656] <Notice>: dartnative: ##BENCH## {"tag":"feed1000","t_us":1790242149068139,"ev":"page_build","i":350}
Sep 24 15:14:09.068221 Runner(Flutter)[2656] <Notice>: dartnative: ##BENCH## {"tag":"feed1000","t_us":1790242149068173,"ev":"page_build","i":351}
Sep 24 15:14:09.068280 Runner(Flutter)[2656] <Notice>: dartnative: ##BENCH## {"tag":"feed1000","t_us":1790242149068238,"ev":"page_build","i":352}
Sep 24 15:14:09.068300 Runner(Flutter)[2656] <Notice>: dartnative: ##BENCH## {"tag":"feed1000","t_us":1790242149068273,"ev":"page_build","i":353}
Sep 24 15:14:09.068358 Runner(Flutter)[2656] <Notice>: dartnative: ##BENCH## {"tag":"feed1000","t_us":1790242149068307,"ev":"page_build","i":354}
Sep 24 15:14:09.068384 Runner(Flutter)[2656] <Notice>: dartnative: ##BENCH## {"tag":"feed1000","t_us":1790242149068341,"ev":"page_build","i":355}
Sep 24 15:14:09.068417 Runner(Flutter)[2656] <Notice>: dartnative: ##BENCH## {"tag":"feed1000","t_us":1790242149068370,"ev":"page_build","i":356}
Sep 24 15:14:09.068459 Runner(Flutter)[2656] <Notice>: dartnative: ##BENCH## {"tag":"feed1000","t_us":1790242149068418,"ev":"page_build","i":357}
Sep 24 15:14:09.068515 Runner(Flutter)[2656] <Notice>: dartnative: ##BENCH## {"tag":"feed1000","t_us":1790242149068464,"ev":"page_build","i":358}
Sep 24 15:14:09.068566 Runner(Flutter)[2656] <Notice>: dartnative: ##BENCH## {"tag":"feed1000","t_us":1790242149068519,"ev":"page_build","i":359}
Sep 24 15:14:09.068637 Runner(Flutter)[2656] <Notice>: dartnative: ##BENCH## {"tag":"feed1000","t_us":1790242149068552,"ev":"page_build","i":360}
Sep 24 15:14:09.068678 Runner(Flutter)[2656] <Notice>: dartnative: ##BENCH## {"tag":"feed1000","t_us":1790242149068606,"ev":"page_build","i":361}
Sep 24 15:14:09.068729 Runner(Flutter)[2656] <Notice>: dartnative: ##BENCH## {"tag":"feed1000","t_us":1790242149068676,"ev":"page_build","i":362}
Sep 24 15:14:09.068791 Runner(Flutter)[2656] <Notice>: dartnative: ##BENCH## {"tag":"feed1000","t_us":1790242149068713,"ev":"page_build","i":363}
Sep 24 15:14:09.068862 Runner(Flutter)[2656] <Notice>: dartnative: ##BENCH## {"tag":"feed1000","t_us":1790242149068768,"ev":"page_build","i":364}
Sep 24 15:14:09.068899 Runner(Flutter)[2656] <Notice>: dartnative: ##BENCH## {"tag":"feed1000","t_us":1790242149068836,"ev":"page_build","i":365}
Sep 24 15:14:09.068913 Runner(Flutter)[2656] <Notice>: dartnative: ##BENCH## {"tag":"feed1000","t_us":1790242149068872,"ev":"page_build","i":366}
Sep 24 15:14:09.069019 Runner(Flutter)[2656] <Notice>: dartnative: ##BENCH## {"tag":"feed1000","t_us":1790242149068938,"ev":"page_build","i":367}
Sep 24 15:14:09.069047 Runner(Flutter)[2656] <Notice>: dartnative: ##BENCH## {"tag":"feed1000","t_us":1790242149068972,"ev":"page_build","i":368}
Sep 24 15:14:09.069080 Runner(Flutter)[2656] <Notice>: dartnative: ##BENCH## {"tag":"feed1000","t_us":1790242149069018,"ev":"page_build","i":369}
Sep 24 15:14:09.069124 Runner(Flutter)[2656] <Notice>: dartnative: ##BENCH## {"tag":"feed1000","t_us":1790242149069048,"ev":"page_build","i":370}
Sep 24 15:14:09.069133 Runner(Flutter)[2656] <Notice>: dartnative: ##BENCH## {"tag":"feed1000","t_us":1790242149069080,"ev":"page_build","i":371}
Sep 24 15:14:09.069191 Runner(Flutter)[2656] <Notice>: dartnative: ##BENCH## {"tag":"feed1000","t_us":1790242149069127,"ev":"page_build","i":372}
Sep 24 15:14:09.069231 Runner(Flutter)[2656] <Notice>: dartnative: ##BENCH## {"tag":"feed1000","t_us":1790242149069160,"ev":"page_build","i":373}
Sep 24 15:14:09.069280 Runner(Flutter)[2656] <Notice>: dartnative: ##BENCH## {"tag":"feed1000","t_us":1790242149069207,"ev":"page_build","i":374}
Sep 24 15:14:09.069297 Runner(Flutter)[2656] <Notice>: dartnative: ##BENCH## {"tag":"feed1000","t_us":1790242149069239,"ev":"page_build","i":375}
Sep 24 15:14:09.069373 Runner(Flutter)[2656] <Notice>: dartnative: ##BENCH## {"tag":"feed1000","t_us":1790242149069330,"ev":"page_build","i":376}
Sep 24 15:14:09.069422 Runner(Flutter)[2656] <Notice>: dartnative: ##BENCH## {"tag":"feed1000","t_us":1790242149069378,"ev":"page_build","i":377}
Sep 24 15:14:09.069524 Runner(Flutter)[2656] <Notice>: dartnative: ##BENCH## {"tag":"feed1000","t_us":1790242149069429,"ev":"page_build","i":378}
Sep 24 15:14:09.069533 Runner(Flutter)[2656] <Notice>: dartnative: ##BENCH## {"tag":"feed1000","t_us":1790242149069481,"ev":"page_build","i":379}
Sep 24 15:14:09.069582 Runner(Flutter)[2656] <Notice>: dartnative: ##BENCH## {"tag":"feed1000","t_us":1790242149069512,"ev":"page_build","i":380}
Sep 24 15:14:09.069634 Runner(Flutter)[2656] <Notice>: dartnative: ##BENCH## {"tag":"feed1000","t_us":1790242149069544,"ev":"page_build","i":381}
Sep 24 15:14:09.069669 Runner(Flutter)[2656] <Notice>: dartnative: ##BENCH## {"tag":"feed1000","t_us":1790242149069576,"ev":"page_build","i":382}
Sep 24 15:14:09.069691 Runner(Flutter)[2656] <Notice>: dartnative: ##BENCH## {"tag":"feed1000","t_us":1790242149069634,"ev":"page_build","i":383}
Sep 24 15:14:09.069709 Runner(Flutter)[2656] <Notice>: dartnative: ##BENCH## {"tag":"feed1000","t_us":1790242149069667,"ev":"page_build","i":384}
Sep 24 15:14:09.069745 Runner(Flutter)[2656] <Notice>: dartnative: ##BENCH## {"tag":"feed1000","t_us":1790242149069698,"ev":"page_build","i":385}
Sep 24 15:14:09.069773 Runner(Flutter)[2656] <Notice>: dartnative: ##BENCH## {"tag":"feed1000","t_us":1790242149069729,"ev":"page_build","i":386}
Sep 24 15:14:09.069799 Runner(Flutter)[2656] <Notice>: dartnative: ##BENCH## {"tag":"feed1000","t_us":1790242149069760,"ev":"page_build","i":387}
Sep 24 15:14:09.069850 Runner(Flutter)[2656] <Notice>: dartnative: ##BENCH## {"tag":"feed1000","t_us":1790242149069790,"ev":"page_build","i":388}
Sep 24 15:14:09.069928 Runner(Flutter)[2656] <Notice>: dartnative: ##BENCH## {"tag":"feed1000","t_us":1790242149069858,"ev":"page_build","i":389}
Sep 24 15:14:09.069946 Runner(Flutter)[2656] <Notice>: dartnative: ##BENCH## {"tag":"feed1000","t_us":1790242149069891,"ev":"page_build","i":390}
Sep 24 15:14:09.069987 Runner(Flutter)[2656] <Notice>: dartnative: ##BENCH## {"tag":"feed1000","t_us":1790242149069938,"ev":"page_build","i":391}
Sep 24 15:14:09.070007 Runner(Flutter)[2656] <Notice>: dartnative: ##BENCH## {"tag":"feed1000","t_us":1790242149069972,"ev":"page_build","i":392}
Sep 24 15:14:09.070059 Runner(Flutter)[2656] <Notice>: dartnative: ##BENCH## {"tag":"feed1000","t_us":1790242149070002,"ev":"page_build","i":393}
Sep 24 15:14:09.070134 Runner(Flutter)[2656] <Notice>: dartnative: ##BENCH## {"tag":"feed1000","t_us":1790242149070072,"ev":"page_build","i":394}
Sep 24 15:14:09.070196 Runner(Flutter)[2656] <Notice>: dartnative: ##BENCH## {"tag":"feed1000","t_us":1790242149070147,"ev":"page_build","i":395}
Sep 24 15:14:09.070300 Runner(Flutter)[2656] <Notice>: dartnative: ##BENCH## {"tag":"feed1000","t_us":1790242149070238,"ev":"page_build","i":396}
Sep 24 15:14:09.070406 Runner(Flutter)[2656] <Notice>: dartnative: ##BENCH## {"tag":"feed1000","t_us":1790242149070346,"ev":"page_build","i":397}
Sep 24 15:14:09.070448 Runner(Flutter)[2656] <Notice>: dartnative: ##BENCH## {"tag":"feed1000","t_us":1790242149070379,"ev":"page_build","i":398}
Sep 24 15:14:09.070509 Runner(Flutter)[2656] <Notice>: dartnative: ##BENCH## {"tag":"feed1000","t_us":1790242149070442,"ev":"page_build","i":399}
Sep 24 15:14:09.070597 Runner(Flutter)[2656] <Notice>: dartnative: ##BENCH## {"tag":"feed1000","t_us":1790242149070562,"ev":"page_build","i":400}
Sep 24 15:14:09.070650 Runner(Flutter)[2656] <Notice>: dartnative: ##BENCH## {"tag":"feed1000","t_us":1790242149070596,"ev":"page_build","i":401}
Sep 24 15:14:09.070728 Runner(Flutter)[2656] <Notice>: dartnative: ##BENCH## {"tag":"feed1000","t_us":1790242149070677,"ev":"page_build","i":402}
Sep 24 15:14:09.070834 Runner(Flutter)[2656] <Notice>: dartnative: ##BENCH## {"tag":"feed1000","t_us":1790242149070760,"ev":"page_build","i":403}
Sep 24 15:14:09.070875 Runner(Flutter)[2656] <Notice>: dartnative: ##BENCH## {"tag":"feed1000","t_us":1790242149070831,"ev":"page_build","i":404}
Sep 24 15:14:09.070984 Runner(Flutter)[2656] <Notice>: dartnative: ##BENCH## {"tag":"feed1000","t_us":1790242149070879,"ev":"page_build","i":405}
Sep 24 15:14:09.071076 Runner(Flutter)[2656] <Notice>: dartnative: ##BENCH## {"tag":"feed1000","t_us":1790242149070959,"ev":"page_build","i":406}
Sep 24 15:14:09.071149 Runner(Flutter)[2656] <Notice>: dartnative: ##BENCH## {"tag":"feed1000","t_us":1790242149071073,"ev":"page_build","i":407}
Sep 24 15:14:09.071202 Runner(Flutter)[2656] <Notice>: dartnative: ##BENCH## {"tag":"feed1000","t_us":1790242149071162,"ev":"page_build","i":408}
Sep 24 15:14:09.071265 Runner(Flutter)[2656] <Notice>: dartnative: ##BENCH## {"tag":"feed1000","t_us":1790242149071228,"ev":"page_build","i":409}
Sep 24 15:14:09.071432 Runner(Flutter)[2656] <Notice>: dartnative: ##BENCH## {"tag":"feed1000","t_us":1790242149071332,"ev":"page_build","i":410}
Sep 24 15:14:09.071544 Runner(Flutter)[2656] <Notice>: dartnative: ##BENCH## {"tag":"feed1000","t_us":1790242149071429,"ev":"page_build","i":411}
Sep 24 15:14:09.071602 Runner(Flutter)[2656] <Notice>: dartnative: ##BENCH## {"tag":"feed1000","t_us":1790242149071541,"ev":"page_build","i":412}
Sep 24 15:14:09.071709 Runner(Flutter)[2656] <Notice>: dartnative: ##BENCH## {"tag":"feed1000","t_us":1790242149071628,"ev":"page_build","i":413}
Sep 24 15:14:09.071870 Runner(Flutter)[2656] <Notice>: dartnative: ##BENCH## {"tag":"feed1000","t_us":1790242149071750,"ev":"page_build","i":414}
Sep 24 15:14:09.071982 Runner(Flutter)[2656] <Notice>: dartnative: ##BENCH## {"tag":"feed1000","t_us":1790242149071822,"ev":"page_build","i":415}
Sep 24 15:14:09.072053 Runner(Flutter)[2656] <Notice>: dartnative: ##BENCH## {"tag":"feed1000","t_us":1790242149071872,"ev":"page_build","i":416}
Sep 24 15:14:09.072083 Runner(Flutter)[2656] <Notice>: dartnative: ##BENCH## {"tag":"feed1000","t_us":1790242149071957,"ev":"page_build","i":417}
Sep 24 15:14:09.072154 Runner(Flutter)[2656] <Notice>: dartnative: ##BENCH## {"tag":"feed1000","t_us":1790242149072043,"ev":"page_build","i":418}
Sep 24 15:14:09.072213 Runner(Flutter)[2656] <Notice>: dartnative: ##BENCH## {"tag":"feed1000","t_us":1790242149072093,"ev":"page_build","i":419}
Sep 24 15:14:09.072243 Runner(Flutter)[2656] <Notice>: dartnative: ##BENCH## {"tag":"feed1000","t_us":1790242149072146,"ev":"page_build","i":420}
Sep 24 15:14:09.072315 Runner(Flutter)[2656] <Notice>: dartnative: ##BENCH## {"tag":"feed1000","t_us":1790242149072209,"ev":"page_build","i":421}
Sep 24 15:14:09.072377 Runner(Flutter)[2656] <Notice>: dartnative: ##BENCH## {"tag":"feed1000","t_us":1790242149072281,"ev":"page_build","i":422}
Sep 24 15:14:09.072407 Runner(Flutter)[2656] <Notice>: dartnative: ##BENCH## {"tag":"feed1000","t_us":1790242149072369,"ev":"page_build","i":423}
Sep 24 15:14:09.072471 Runner(Flutter)[2656] <Notice>: dartnative: ##BENCH## {"tag":"feed1000","t_us":1790242149072404,"ev":"page_build","i":424}
Sep 24 15:14:09.072567 Runner(Flutter)[2656] <Notice>: dartnative: ##BENCH## {"tag":"feed1000","t_us":1790242149072455,"ev":"page_build","i":425}
Sep 24 15:14:09.072585 Runner(Flutter)[2656] <Notice>: dartnative: ##BENCH## {"tag":"feed1000","t_us":1790242149072525,"ev":"page_build","i":426}
Sep 24 15:14:09.072673 Runner(Flutter)[2656] <Notice>: dartnative: ##BENCH## {"tag":"feed1000","t_us":1790242149072555,"ev":"page_build","i":427}
Sep 24 15:14:09.072733 Runner(Flutter)[2656] <Notice>: dartnative: ##BENCH## {"tag":"feed1000","t_us":1790242149072606,"ev":"page_build","i":428}
Sep 24 15:14:09.072777 Runner(Flutter)[2656] <Notice>: dartnative: ##BENCH## {"tag":"feed1000","t_us":1790242149072718,"ev":"page_build","i":429}
Sep 24 15:14:09.072875 Runner(Flutter)[2656] <Notice>: dartnative: ##BENCH## {"tag":"feed1000","t_us":1790242149072819,"ev":"page_build","i":430}
Sep 24 15:14:09.072948 Runner(Flutter)[2656] <Notice>: dartnative: ##BENCH## {"tag":"feed1000","t_us":1790242149072899,"ev":"page_build","i":431}
Sep 24 15:14:09.072989 Runner(Flutter)[2656] <Notice>: dartnative: ##BENCH## {"tag":"feed1000","t_us":1790242149072952,"ev":"page_build","i":432}
Sep 24 15:14:09.073068 Runner(Flutter)[2656] <Notice>: dartnative: ##BENCH## {"tag":"feed1000","t_us":1790242149072985,"ev":"page_build","i":433}
Sep 24 15:14:09.081528 Runner(Flutter)[2656] <Notice>: dartnative: ##BENCH## {"tag":"feed1000","t_us":1790242149081427,"ev":"page_build","i":434}
Sep 24 15:14:09.081607 Runner(Flutter)[2656] <Notice>: dartnative: ##BENCH## {"tag":"feed1000","t_us":1790242149081531,"ev":"page_build","i":435}
Sep 24 15:14:09.081656 Runner(Flutter)[2656] <Notice>: dartnative: ##BENCH## {"tag":"feed1000","t_us":1790242149081587,"ev":"page_build","i":436}
Sep 24 15:14:09.081710 Runner(Flutter)[2656] <Notice>: dartnative: ##BENCH## {"tag":"feed1000","t_us":1790242149081655,"ev":"page_build","i":437}
Sep 24 15:14:09.081757 Runner(Flutter)[2656] <Notice>: dartnative: ##BENCH## {"tag":"feed1000","t_us":1790242149081688,"ev":"page_build","i":438}
Sep 24 15:14:09.081804 Runner(Flutter)[2656] <Notice>: dartnative: ##BENCH## {"tag":"feed1000","t_us":1790242149081737,"ev":"page_build","i":439}
Sep 24 15:14:09.081924 Runner(Flutter)[2656] <Notice>: dartnative: ##BENCH## {"tag":"feed1000","t_us":1790242149081818,"ev":"page_build","i":440}
Sep 24 15:14:09.081963 Runner(Flutter)[2656] <Notice>: dartnative: ##BENCH## {"tag":"feed1000","t_us":1790242149081857,"ev":"page_build","i":441}
Sep 24 15:14:09.082031 Runner(Flutter)[2656] <Notice>: dartnative: ##BENCH## {"tag":"feed1000","t_us":1790242149081977,"ev":"page_build","i":442}
Sep 24 15:14:09.082134 Runner(Flutter)[2656] <Notice>: dartnative: ##BENCH## {"tag":"feed1000","t_us":1790242149082047,"ev":"page_build","i":443}
Sep 24 15:14:09.082191 Runner(Flutter)[2656] <Notice>: dartnative: ##BENCH## {"tag":"feed1000","t_us":1790242149082149,"ev":"page_build","i":444}
Sep 24 15:14:09.082277 Runner(Flutter)[2656] <Notice>: dartnative: ##BENCH## {"tag":"feed1000","t_us":1790242149082212,"ev":"page_build","i":445}
Sep 24 15:14:09.082351 Runner(Flutter)[2656] <Notice>: dartnative: ##BENCH## {"tag":"feed1000","t_us":1790242149082291,"ev":"page_build","i":446}
Sep 24 15:14:09.082402 Runner(Flutter)[2656] <Notice>: dartnative: ##BENCH## {"tag":"feed1000","t_us":1790242149082340,"ev":"page_build","i":447}
Sep 24 15:14:09.082465 Runner(Flutter)[2656] <Notice>: dartnative: ##BENCH## {"tag":"feed1000","t_us":1790242149082418,"ev":"page_build","i":448}
Sep 24 15:14:09.082550 Runner(Flutter)[2656] <Notice>: dartnative: ##BENCH## {"tag":"feed1000","t_us":1790242149082485,"ev":"page_build","i":449}
Sep 24 15:14:09.082621 Runner(Flutter)[2656] <Notice>: dartnative: ##BENCH## {"tag":"feed1000","t_us":1790242149082573,"ev":"page_build","i":450}
Sep 24 15:14:09.082717 Runner(Flutter)[2656] <Notice>: dartnative: ##BENCH## {"tag":"feed1000","t_us":1790242149082627,"ev":"page_build","i":451}
Sep 24 15:14:09.082755 Runner(Flutter)[2656] <Notice>: dartnative: ##BENCH## {"tag":"feed1000","t_us":1790242149082696,"ev":"page_build","i":452}
Sep 24 15:14:09.082769 Runner(Flutter)[2656] <Notice>: dartnative: ##BENCH## {"tag":"feed1000","t_us":1790242149082731,"ev":"page_build","i":453}
Sep 24 15:14:09.082885 Runner(Flutter)[2656] <Notice>: dartnative: ##BENCH## {"tag":"feed1000","t_us":1790242149082804,"ev":"page_build","i":454}
Sep 24 15:14:09.082937 Runner(Flutter)[2656] <Notice>: dartnative: ##BENCH## {"tag":"feed1000","t_us":1790242149082895,"ev":"page_build","i":455}
Sep 24 15:14:09.083009 Runner(Flutter)[2656] <Notice>: dartnative: ##BENCH## {"tag":"feed1000","t_us":1790242149082956,"ev":"page_build","i":456}
Sep 24 15:14:09.083125 Runner(Flutter)[2656] <Notice>: dartnative: ##BENCH## {"tag":"feed1000","t_us":1790242149083069,"ev":"page_build","i":457}
Sep 24 15:14:09.083188 Runner(Flutter)[2656] <Notice>: dartnative: ##BENCH## {"tag":"feed1000","t_us":1790242149083108,"ev":"page_build","i":458}
Sep 24 15:14:09.083300 Runner(Flutter)[2656] <Notice>: dartnative: ##BENCH## {"tag":"feed1000","t_us":1790242149083200,"ev":"page_build","i":459}
Sep 24 15:14:09.083442 Runner(Flutter)[2656] <Notice>: dartnative: ##BENCH## {"tag":"feed1000","t_us":1790242149083308,"ev":"page_build","i":460}
Sep 24 15:14:09.083542 Runner(Flutter)[2656] <Notice>: dartnative: ##BENCH## {"tag":"feed1000","t_us":1790242149083478,"ev":"page_build","i":461}
Sep 24 15:14:09.083571 Runner(Flutter)[2656] <Notice>: dartnative: ##BENCH## {"tag":"feed1000","t_us":1790242149083527,"ev":"page_build","i":462}
Sep 24 15:14:09.083665 Runner(Flutter)[2656] <Notice>: dartnative: ##BENCH## {"tag":"feed1000","t_us":1790242149083597,"ev":"page_build","i":463}
Sep 24 15:14:09.083807 Runner(Flutter)[2656] <Notice>: dartnative: ##BENCH## {"tag":"feed1000","t_us":1790242149083716,"ev":"page_build","i":464}
Sep 24 15:14:09.083936 Runner(Flutter)[2656] <Notice>: dartnative: ##BENCH## {"tag":"feed1000","t_us":1790242149083848,"ev":"page_build","i":465}
Sep 24 15:14:09.083981 Runner(Flutter)[2656] <Notice>: dartnative: ##BENCH## {"tag":"feed1000","t_us":1790242149083921,"ev":"page_build","i":466}
Sep 24 15:14:09.084091 Runner(Flutter)[2656] <Notice>: dartnative: ##BENCH## {"tag":"feed1000","t_us":1790242149084016,"ev":"page_build","i":467}
Sep 24 15:14:09.084143 Runner(Flutter)[2656] <Notice>: dartnative: ##BENCH## {"tag":"feed1000","t_us":1790242149084087,"ev":"page_build","i":468}
Sep 24 15:14:09.084200 Runner(Flutter)[2656] <Notice>: dartnative: ##BENCH## {"tag":"feed1000","t_us":1790242149084144,"ev":"page_build","i":469}
Sep 24 15:14:09.084322 Runner(Flutter)[2656] <Notice>: dartnative: ##BENCH## {"tag":"feed1000","t_us":1790242149084234,"ev":"page_build","i":470}
Sep 24 15:14:09.084415 Runner(Flutter)[2656] <Notice>: dartnative: ##BENCH## {"tag":"feed1000","t_us":1790242149084335,"ev":"page_build","i":471}
Sep 24 15:14:09.084511 Runner(Flutter)[2656] <Notice>: dartnative: ##BENCH## {"tag":"feed1000","t_us":1790242149084409,"ev":"page_build","i":472}
Sep 24 15:14:09.084565 Runner(Flutter)[2656] <Notice>: dartnative: ##BENCH## {"tag":"feed1000","t_us":1790242149084520,"ev":"page_build","i":473}
Sep 24 15:14:09.084660 Runner(Flutter)[2656] <Notice>: dartnative: ##BENCH## {"tag":"feed1000","t_us":1790242149084577,"ev":"page_build","i":474}
Sep 24 15:14:09.084730 Runner(Flutter)[2656] <Notice>: dartnative: ##BENCH## {"tag":"feed1000","t_us":1790242149084651,"ev":"page_build","i":475}
Sep 24 15:14:09.084820 Runner(Flutter)[2656] <Notice>: dartnative: ##BENCH## {"tag":"feed1000","t_us":1790242149084775,"ev":"page_build","i":476}
Sep 24 15:14:09.084948 Runner(Flutter)[2656] <Notice>: dartnative: ##BENCH## {"tag":"feed1000","t_us":1790242149084852,"ev":"page_build","i":477}
Sep 24 15:14:09.084972 Runner(Flutter)[2656] <Notice>: dartnative: ##BENCH## {"tag":"feed1000","t_us":1790242149084900,"ev":"page_build","i":478}
Sep 24 15:14:09.085076 Runner(Flutter)[2656] <Notice>: dartnative: ##BENCH## {"tag":"feed1000","t_us":1790242149084966,"ev":"page_build","i":479}
Sep 24 15:14:09.085082 Runner(Flutter)[2656] <Notice>: dartnative: ##BENCH## {"tag":"feed1000","t_us":1790242149085034,"ev":"page_build","i":480}
Sep 24 15:14:09.085140 Runner(Flutter)[2656] <Notice>: dartnative: ##BENCH## {"tag":"feed1000","t_us":1790242149085081,"ev":"page_build","i":481}
Sep 24 15:14:09.085170 Runner(Flutter)[2656] <Notice>: dartnative: ##BENCH## {"tag":"feed1000","t_us":1790242149085114,"ev":"page_build","i":482}
Sep 24 15:14:09.085259 Runner(Flutter)[2656] <Notice>: dartnative: ##BENCH## {"tag":"feed1000","t_us":1790242149085192,"ev":"page_build","i":483}
Sep 24 15:14:09.085323 Runner(Flutter)[2656] <Notice>: dartnative: ##BENCH## {"tag":"feed1000","t_us":1790242149085227,"ev":"page_build","i":484}
Sep 24 15:14:09.085341 Runner(Flutter)[2656] <Notice>: dartnative: ##BENCH## {"tag":"feed1000","t_us":1790242149085296,"ev":"page_build","i":485}
Sep 24 15:14:09.085421 Runner(Flutter)[2656] <Notice>: dartnative: ##BENCH## {"tag":"feed1000","t_us":1790242149085347,"ev":"page_build","i":486}
Sep 24 15:14:09.085469 Runner(Flutter)[2656] <Notice>: dartnative: ##BENCH## {"tag":"feed1000","t_us":1790242149085381,"ev":"page_build","i":487}
Sep 24 15:14:09.085505 Runner(Flutter)[2656] <Notice>: dartnative: ##BENCH## {"tag":"feed1000","t_us":1790242149085448,"ev":"page_build","i":488}
Sep 24 15:14:09.085558 Runner(Flutter)[2656] <Notice>: dartnative: ##BENCH## {"tag":"feed1000","t_us":1790242149085478,"ev":"page_build","i":489}
Sep 24 15:14:09.085609 Runner(Flutter)[2656] <Notice>: dartnative: ##BENCH## {"tag":"feed1000","t_us":1790242149085528,"ev":"page_build","i":490}
Sep 24 15:14:09.085685 Runner(Flutter)[2656] <Notice>: dartnative: ##BENCH## {"tag":"feed1000","t_us":1790242149085598,"ev":"page_build","i":491}
Sep 24 15:14:09.085808 Runner(Flutter)[2656] <Notice>: dartnative: ##BENCH## {"tag":"feed1000","t_us":1790242149085675,"ev":"page_build","i":492}
Sep 24 15:14:09.086556 Runner(Flutter)[2656] <Notice>: dartnative: ##BENCH## {"tag":"feed1000","t_us":1790242149085877,"ev":"page_build","i":493}
Sep 24 15:14:09.087072 Runner(Flutter)[2656] <Notice>: dartnative: ##BENCH## {"tag":"feed1000","t_us":1790242149086016,"ev":"page_build","i":494}
Sep 24 15:14:09.087463 Runner(Flutter)[2656] <Notice>: dartnative: ##BENCH## {"tag":"feed1000","t_us":1790242149086084,"ev":"page_build","i":495}
Sep 24 15:14:09.087493 Runner(Flutter)[2656] <Notice>: dartnative: ##BENCH## {"tag":"feed1000","t_us":1790242149086115,"ev":"page_build","i":496}
Sep 24 15:14:09.087507 Runner(Flutter)[2656] <Notice>: dartnative: ##BENCH## {"tag":"feed1000","t_us":1790242149086349,"ev":"page_build","i":497}
Sep 24 15:14:09.087540 Runner(Flutter)[2656] <Notice>: dartnative: ##BENCH## {"tag":"feed1000","t_us":1790242149086489,"ev":"page_build","i":498}
Sep 24 15:14:09.087571 Runner(Flutter)[2656] <Notice>: dartnative: ##BENCH## {"tag":"feed1000","t_us":1790242149086628,"ev":"page_build","i":499}
Sep 24 15:14:09.087596 Runner(Flutter)[2656] <Notice>: dartnative: ##BENCH## {"tag":"feed1000","t_us":1790242149086801,"ev":"page_build","i":500}
Sep 24 15:14:09.087661 Runner(Flutter)[2656] <Notice>: dartnative: ##BENCH## {"tag":"feed1000","t_us":1790242149086837,"ev":"page_build","i":501}
Sep 24 15:14:09.087705 Runner(Flutter)[2656] <Notice>: dartnative: ##BENCH## {"tag":"feed1000","t_us":1790242149086868,"ev":"page_build","i":502}
Sep 24 15:14:09.087730 Runner(Flutter)[2656] <Notice>: dartnative: ##BENCH## {"tag":"feed1000","t_us":1790242149086966,"ev":"page_build","i":503}
Sep 24 15:14:09.087764 Runner(Flutter)[2656] <Notice>: dartnative: ##BENCH## {"tag":"feed1000","t_us":1790242149087053,"ev":"page_build","i":504}
Sep 24 15:14:09.087784 Runner(Flutter)[2656] <Notice>: dartnative: ##BENCH## {"tag":"feed1000","t_us":1790242149087233,"ev":"page_build","i":505}
Sep 24 15:14:09.087991 Runner(Flutter)[2656] <Notice>: dartnative: ##BENCH## {"tag":"feed1000","t_us":1790242149087360,"ev":"page_build","i":506}
Sep 24 15:14:09.088116 Runner(Flutter)[2656] <Notice>: dartnative: ##BENCH## {"tag":"feed1000","t_us":1790242149087431,"ev":"page_build","i":507}
Sep 24 15:14:09.089420 Runner(Flutter)[2656] <Notice>: dartnative: ##BENCH## {"tag":"feed1000","t_us":1790242149088523,"ev":"page_build","i":508}
Sep 24 15:14:09.089465 Runner(Flutter)[2656] <Notice>: dartnative: ##BENCH## {"tag":"feed1000","t_us":1790242149088584,"ev":"page_build","i":509}
Sep 24 15:14:09.089547 Runner(Flutter)[2656] <Notice>: dartnative: ##BENCH## {"tag":"feed1000","t_us":1790242149088616,"ev":"page_build","i":510}
Sep 24 15:14:09.089573 Runner(Flutter)[2656] <Notice>: dartnative: ##BENCH## {"tag":"feed1000","t_us":1790242149088645,"ev":"page_build","i":511}
Sep 24 15:14:09.089747 Runner(Flutter)[2656] <Notice>: dartnative: ##BENCH## {"tag":"feed1000","t_us":1790242149088731,"ev":"page_build","i":512}
Sep 24 15:14:09.090459 Runner(Flutter)[2656] <Notice>: dartnative: ##BENCH## {"tag":"feed1000","t_us":1790242149088767,"ev":"page_build","i":513}
Sep 24 15:14:09.090579 Runner(Flutter)[2656] <Notice>: dartnative: ##BENCH## {"tag":"feed1000","t_us":1790242149088799,"ev":"page_build","i":514}
Sep 24 15:14:09.090666 Runner(Flutter)[2656] <Notice>: dartnative: ##BENCH## {"tag":"feed1000","t_us":1790242149088832,"ev":"page_build","i":515}
Sep 24 15:14:09.090707 Runner(Flutter)[2656] <Notice>: dartnative: ##BENCH## {"tag":"feed1000","t_us":1790242149088864,"ev":"page_build","i":516}
Sep 24 15:14:09.090751 Runner(Flutter)[2656] <Notice>: dartnative: ##BENCH## {"tag":"feed1000","t_us":1790242149088972,"ev":"page_build","i":517}
Sep 24 15:14:09.090799 Runner(Flutter)[2656] <Notice>: dartnative: ##BENCH## {"tag":"feed1000","t_us":1790242149089002,"ev":"page_build","i":518}
Sep 24 15:14:09.090833 Runner(Flutter)[2656] <Notice>: dartnative: ##BENCH## {"tag":"feed1000","t_us":1790242149089032,"ev":"page_build","i":519}
Sep 24 15:14:09.090871 Runner(Flutter)[2656] <Notice>: dartnative: ##BENCH## {"tag":"feed1000","t_us":1790242149089117,"ev":"page_build","i":520}
Sep 24 15:14:09.090927 Runner(Flutter)[2656] <Notice>: dartnative: ##BENCH## {"tag":"feed1000","t_us":1790242149089235,"ev":"page_build","i":521}
Sep 24 15:14:09.090953 Runner(Flutter)[2656] <Notice>: dartnative: ##BENCH## {"tag":"feed1000","t_us":1790242149089337,"ev":"page_build","i":522}
Sep 24 15:14:09.090972 Runner(Flutter)[2656] <Notice>: dartnative: ##BENCH## {"tag":"feed1000","t_us":1790242149089445,"ev":"page_build","i":523}
Sep 24 15:14:09.091020 Runner(Flutter)[2656] <Notice>: dartnative: ##BENCH## {"tag":"feed1000","t_us":1790242149089478,"ev":"page_build","i":524}
Sep 24 15:14:09.091071 Runner(Flutter)[2656] <Notice>: dartnative: ##BENCH## {"tag":"feed1000","t_us":1790242149089546,"ev":"page_build","i":525}
Sep 24 15:14:09.091092 Runner(Flutter)[2656] <Notice>: dartnative: ##BENCH## {"tag":"feed1000","t_us":1790242149089633,"ev":"page_build","i":526}
Sep 24 15:14:09.091106 Runner(Flutter)[2656] <Notice>: dartnative: ##BENCH## {"tag":"feed1000","t_us":1790242149089706,"ev":"page_build","i":527}
Sep 24 15:14:09.091160 Runner(Flutter)[2656] <Notice>: dartnative: ##BENCH## {"tag":"feed1000","t_us":1790242149089761,"ev":"page_build","i":528}
Sep 24 15:14:09.091191 Runner(Flutter)[2656] <Notice>: dartnative: ##BENCH## {"tag":"feed1000","t_us":1790242149089836,"ev":"page_build","i":529}
Sep 24 15:14:09.091219 Runner(Flutter)[2656] <Notice>: dartnative: ##BENCH## {"tag":"feed1000","t_us":1790242149089868,"ev":"page_build","i":530}
Sep 24 15:14:09.091254 Runner(Flutter)[2656] <Notice>: dartnative: ##BENCH## {"tag":"feed1000","t_us":1790242149089953,"ev":"page_build","i":531}
Sep 24 15:14:09.091288 Runner(Flutter)[2656] <Notice>: dartnative: ##BENCH## {"tag":"feed1000","t_us":1790242149090101,"ev":"page_build","i":532}
Sep 24 15:14:09.091316 Runner(Flutter)[2656] <Notice>: dartnative: ##BENCH## {"tag":"feed1000","t_us":1790242149090178,"ev":"page_build","i":533}
Sep 24 15:14:09.091330 Runner(Flutter)[2656] <Notice>: dartnative: ##BENCH## {"tag":"feed1000","t_us":1790242149090245,"ev":"page_build","i":534}
Sep 24 15:14:09.091381 Runner(Flutter)[2656] <Notice>: dartnative: ##BENCH## {"tag":"feed1000","t_us":1790242149090314,"ev":"page_build","i":535}
Sep 24 15:14:09.091435 Runner(Flutter)[2656] <Notice>: dartnative: ##BENCH## {"tag":"feed1000","t_us":1790242149090472,"ev":"page_build","i":536}
Sep 24 15:14:09.091456 Runner(Flutter)[2656] <Notice>: dartnative: ##BENCH## {"tag":"feed1000","t_us":1790242149090573,"ev":"page_build","i":537}
Sep 24 15:14:09.091463 Runner(Flutter)[2656] <Notice>: dartnative: ##BENCH## {"tag":"feed1000","t_us":1790242149090690,"ev":"page_build","i":538}
Sep 24 15:14:09.091708 Runner(Flutter)[2656] <Notice>: dartnative: ##BENCH## {"tag":"feed1000","t_us":1790242149090774,"ev":"page_build","i":539}
Sep 24 15:14:09.091766 Runner(Flutter)[2656] <Notice>: dartnative: ##BENCH## {"tag":"feed1000","t_us":1790242149090836,"ev":"page_build","i":540}
Sep 24 15:14:09.091781 Runner(Flutter)[2656] <Notice>: dartnative: ##BENCH## {"tag":"feed1000","t_us":1790242149090914,"ev":"page_build","i":541}
Sep 24 15:14:09.091799 Runner(Flutter)[2656] <Notice>: dartnative: ##BENCH## {"tag":"feed1000","t_us":1790242149090945,"ev":"page_build","i":542}
Sep 24 15:14:09.091807 Runner(Flutter)[2656] <Notice>: dartnative: ##BENCH## {"tag":"feed1000","t_us":1790242149090997,"ev":"page_build","i":543}
Sep 24 15:14:09.091816 Runner(Flutter)[2656] <Notice>: dartnative: ##BENCH## {"tag":"feed1000","t_us":1790242149091061,"ev":"page_build","i":544}
Sep 24 15:14:09.091825 Runner(Flutter)[2656] <Notice>: dartnative: ##BENCH## {"tag":"feed1000","t_us":1790242149091094,"ev":"page_build","i":545}
Sep 24 15:14:09.091845 Runner(Flutter)[2656] <Notice>: dartnative: ##BENCH## {"tag":"feed1000","t_us":1790242149091124,"ev":"page_build","i":546}
Sep 24 15:14:09.091873 Runner(Flutter)[2656] <Notice>: dartnative: ##BENCH## {"tag":"feed1000","t_us":1790242149091171,"ev":"page_build","i":547}
Sep 24 15:14:09.091892 Runner(Flutter)[2656] <Notice>: dartnative: ##BENCH## {"tag":"feed1000","t_us":1790242149091239,"ev":"page_build","i":548}
Sep 24 15:14:09.091910 Runner(Flutter)[2656] <Notice>: dartnative: ##BENCH## {"tag":"feed1000","t_us":1790242149091270,"ev":"page_build","i":549}
Sep 24 15:14:09.091927 Runner(Flutter)[2656] <Notice>: dartnative: ##BENCH## {"tag":"feed1000","t_us":1790242149091300,"ev":"page_build","i":550}
Sep 24 15:14:09.091961 Runner(Flutter)[2656] <Notice>: dartnative: ##BENCH## {"tag":"feed1000","t_us":1790242149091330,"ev":"page_build","i":551}
Sep 24 15:14:09.092011 Runner(Flutter)[2656] <Notice>: dartnative: ##BENCH## {"tag":"feed1000","t_us":1790242149091381,"ev":"page_build","i":552}
Sep 24 15:14:09.092097 Runner(Flutter)[2656] <Notice>: dartnative: ##BENCH## {"tag":"feed1000","t_us":1790242149091435,"ev":"page_build","i":553}
Sep 24 15:14:09.092118 Runner(Flutter)[2656] <Notice>: dartnative: ##BENCH## {"tag":"feed1000","t_us":1790242149091515,"ev":"page_build","i":554}
Sep 24 15:14:09.092172 Runner(Flutter)[2656] <Notice>: dartnative: ##BENCH## {"tag":"feed1000","t_us":1790242149091546,"ev":"page_build","i":555}
Sep 24 15:14:09.092200 Runner(Flutter)[2656] <Notice>: dartnative: ##BENCH## {"tag":"feed1000","t_us":1790242149091580,"ev":"page_build","i":556}
Sep 24 15:14:09.092207 Runner(Flutter)[2656] <Notice>: dartnative: ##BENCH## {"tag":"feed1000","t_us":1790242149091612,"ev":"page_build","i":557}
Sep 24 15:14:09.092267 Runner(Flutter)[2656] <Notice>: dartnative: ##BENCH## {"tag":"feed1000","t_us":1790242149091641,"ev":"page_build","i":558}
Sep 24 15:14:09.092298 Runner(Flutter)[2656] <Notice>: dartnative: ##BENCH## {"tag":"feed1000","t_us":1790242149091709,"ev":"page_build","i":559}
Sep 24 15:14:09.092382 Runner(Flutter)[2656] <Notice>: dartnative: ##BENCH## {"tag":"feed1000","t_us":1790242149091776,"ev":"page_build","i":560}
Sep 24 15:14:09.092471 Runner(Flutter)[2656] <Notice>: dartnative: ##BENCH## {"tag":"feed1000","t_us":1790242149091903,"ev":"page_build","i":561}
Sep 24 15:14:09.092487 Runner(Flutter)[2656] <Notice>: dartnative: ##BENCH## {"tag":"feed1000","t_us":1790242149091945,"ev":"page_build","i":562}
Sep 24 15:14:09.092527 Runner(Flutter)[2656] <Notice>: dartnative: ##BENCH## {"tag":"feed1000","t_us":1790242149092027,"ev":"page_build","i":563}
Sep 24 15:14:09.092589 Runner(Flutter)[2656] <Notice>: dartnative: ##BENCH## {"tag":"feed1000","t_us":1790242149092143,"ev":"page_build","i":564}
Sep 24 15:14:09.092619 Runner(Flutter)[2656] <Notice>: dartnative: ##BENCH## {"tag":"feed1000","t_us":1790242149092215,"ev":"page_build","i":565}
Sep 24 15:14:09.092680 Runner(Flutter)[2656] <Notice>: dartnative: ##BENCH## {"tag":"feed1000","t_us":1790242149092312,"ev":"page_build","i":566}
Sep 24 15:14:09.092721 Runner(Flutter)[2656] <Notice>: dartnative: ##BENCH## {"tag":"feed1000","t_us":1790242149092389,"ev":"page_build","i":567}
Sep 24 15:14:09.092748 Runner(Flutter)[2656] <Notice>: dartnative: ##BENCH## {"tag":"feed1000","t_us":1790242149092482,"ev":"page_build","i":568}
Sep 24 15:14:09.092788 Runner(Flutter)[2656] <Notice>: dartnative: ##BENCH## {"tag":"feed1000","t_us":1790242149092530,"ev":"page_build","i":569}
Sep 24 15:14:09.092881 Runner(Flutter)[2656] <Notice>: dartnative: ##BENCH## {"tag":"feed1000","t_us":1790242149092596,"ev":"page_build","i":570}
Sep 24 15:14:09.092929 Runner(Flutter)[2656] <Notice>: dartnative: ##BENCH## {"tag":"feed1000","t_us":1790242149092625,"ev":"page_build","i":571}
Sep 24 15:14:09.092971 Runner(Flutter)[2656] <Notice>: dartnative: ##BENCH## {"tag":"feed1000","t_us":1790242149092689,"ev":"page_build","i":572}
Sep 24 15:14:09.093020 Runner(Flutter)[2656] <Notice>: dartnative: ##BENCH## {"tag":"feed1000","t_us":1790242149092738,"ev":"page_build","i":573}
Sep 24 15:14:09.093108 Runner(Flutter)[2656] <Notice>: dartnative: ##BENCH## {"tag":"feed1000","t_us":1790242149092805,"ev":"page_build","i":574}
Sep 24 15:14:09.093152 Runner(Flutter)[2656] <Notice>: dartnative: ##BENCH## {"tag":"feed1000","t_us":1790242149092858,"ev":"page_build","i":575}
Sep 24 15:14:09.093183 Runner(Flutter)[2656] <Notice>: dartnative: ##BENCH## {"tag":"feed1000","t_us":1790242149092889,"ev":"page_build","i":576}
Sep 24 15:14:09.093225 Runner(Flutter)[2656] <Notice>: dartnative: ##BENCH## {"tag":"feed1000","t_us":1790242149092921,"ev":"page_build","i":577}
Sep 24 15:14:09.093264 Runner(Flutter)[2656] <Notice>: dartnative: ##BENCH## {"tag":"feed1000","t_us":1790242149092954,"ev":"page_build","i":578}
Sep 24 15:14:09.093306 Runner(Flutter)[2656] <Notice>: dartnative: ##BENCH## {"tag":"feed1000","t_us":1790242149092985,"ev":"page_build","i":579}
Sep 24 15:14:09.093351 Runner(Flutter)[2656] <Notice>: dartnative: ##BENCH## {"tag":"feed1000","t_us":1790242149093033,"ev":"page_build","i":580}
Sep 24 15:14:09.093446 Runner(Flutter)[2656] <Notice>: dartnative: ##BENCH## {"tag":"feed1000","t_us":1790242149093099,"ev":"page_build","i":581}
Sep 24 15:14:09.093538 Runner(Flutter)[2656] <Notice>: dartnative: ##BENCH## {"tag":"feed1000","t_us":1790242149093157,"ev":"page_build","i":582}
Sep 24 15:14:09.093571 Runner(Flutter)[2656] <Notice>: dartnative: ##BENCH## {"tag":"feed1000","t_us":1790242149093191,"ev":"page_build","i":583}
Sep 24 15:14:09.093604 Runner(Flutter)[2656] <Notice>: dartnative: ##BENCH## {"tag":"feed1000","t_us":1790242149093222,"ev":"page_build","i":584}
Sep 24 15:14:09.093666 Runner(Flutter)[2656] <Notice>: dartnative: ##BENCH## {"tag":"feed1000","t_us":1790242149093283,"ev":"page_build","i":585}
Sep 24 15:14:09.093730 Runner(Flutter)[2656] <Notice>: dartnative: ##BENCH## {"tag":"feed1000","t_us":1790242149093328,"ev":"page_build","i":586}
Sep 24 15:14:09.093776 Runner(Flutter)[2656] <Notice>: dartnative: ##BENCH## {"tag":"feed1000","t_us":1790242149093356,"ev":"page_build","i":587}
Sep 24 15:14:09.093831 Runner(Flutter)[2656] <Notice>: dartnative: ##BENCH## {"tag":"feed1000","t_us":1790242149093412,"ev":"page_build","i":588}
Sep 24 15:14:09.093874 Runner(Flutter)[2656] <Notice>: dartnative: ##BENCH## {"tag":"feed1000","t_us":1790242149093483,"ev":"page_build","i":589}
Sep 24 15:14:09.093907 Runner(Flutter)[2656] <Notice>: dartnative: ##BENCH## {"tag":"feed1000","t_us":1790242149093532,"ev":"page_build","i":590}
Sep 24 15:14:09.093946 Runner(Flutter)[2656] <Notice>: dartnative: ##BENCH## {"tag":"feed1000","t_us":1790242149093641,"ev":"page_build","i":591}
Sep 24 15:14:09.093989 Runner(Flutter)[2656] <Notice>: dartnative: ##BENCH## {"tag":"feed1000","t_us":1790242149093708,"ev":"page_build","i":592}
Sep 24 15:14:09.094152 Runner(Flutter)[2656] <Notice>: dartnative: ##BENCH## {"tag":"feed1000","t_us":1790242149093840,"ev":"page_build","i":593}
Sep 24 15:14:09.094238 Runner(Flutter)[2656] <Notice>: dartnative: ##BENCH## {"tag":"feed1000","t_us":1790242149093890,"ev":"page_build","i":594}
Sep 24 15:14:09.094298 Runner(Flutter)[2656] <Notice>: dartnative: ##BENCH## {"tag":"feed1000","t_us":1790242149093918,"ev":"page_build","i":595}
Sep 24 15:14:09.094346 Runner(Flutter)[2656] <Notice>: dartnative: ##BENCH## {"tag":"feed1000","t_us":1790242149093947,"ev":"page_build","i":596}
Sep 24 15:14:09.094365 Runner(Flutter)[2656] <Notice>: dartnative: ##BENCH## {"tag":"feed1000","t_us":1790242149093977,"ev":"page_build","i":597}
Sep 24 15:14:09.094406 Runner(Flutter)[2656] <Notice>: dartnative: ##BENCH## {"tag":"feed1000","t_us":1790242149094071,"ev":"page_build","i":598}
Sep 24 15:14:09.094441 Runner(Flutter)[2656] <Notice>: dartnative: ##BENCH## {"tag":"feed1000","t_us":1790242149094170,"ev":"page_build","i":599}
Sep 24 15:14:09.094489 Runner(Flutter)[2656] <Notice>: dartnative: ##BENCH## {"tag":"feed1000","t_us":1790242149094232,"ev":"page_build","i":600}
Sep 24 15:14:09.094582 Runner(Flutter)[2656] <Notice>: dartnative: ##BENCH## {"tag":"feed1000","t_us":1790242149094285,"ev":"page_build","i":601}
Sep 24 15:14:09.094619 Runner(Flutter)[2656] <Notice>: dartnative: ##BENCH## {"tag":"feed1000","t_us":1790242149094341,"ev":"page_build","i":602}
Sep 24 15:14:09.094657 Runner(Flutter)[2656] <Notice>: dartnative: ##BENCH## {"tag":"feed1000","t_us":1790242149094428,"ev":"page_build","i":603}
Sep 24 15:14:09.094694 Runner(Flutter)[2656] <Notice>: dartnative: ##BENCH## {"tag":"feed1000","t_us":1790242149094462,"ev":"page_build","i":604}
Sep 24 15:14:09.094743 Runner(Flutter)[2656] <Notice>: dartnative: ##BENCH## {"tag":"feed1000","t_us":1790242149094537,"ev":"page_build","i":605}
Sep 24 15:14:09.094770 Runner(Flutter)[2656] <Notice>: dartnative: ##BENCH## {"tag":"feed1000","t_us":1790242149094594,"ev":"page_build","i":606}
Sep 24 15:14:09.094811 Runner(Flutter)[2656] <Notice>: dartnative: ##BENCH## {"tag":"feed1000","t_us":1790242149094645,"ev":"page_build","i":607}
Sep 24 15:14:09.094867 Runner(Flutter)[2656] <Notice>: dartnative: ##BENCH## {"tag":"feed1000","t_us":1790242149094693,"ev":"page_build","i":608}
Sep 24 15:14:09.094919 Runner(Flutter)[2656] <Notice>: dartnative: ##BENCH## {"tag":"feed1000","t_us":1790242149094742,"ev":"page_build","i":609}
Sep 24 15:14:09.094958 Runner(Flutter)[2656] <Notice>: dartnative: ##BENCH## {"tag":"feed1000","t_us":1790242149094774,"ev":"page_build","i":610}
Sep 24 15:14:09.095037 Runner(Flutter)[2656] <Notice>: dartnative: ##BENCH## {"tag":"feed1000","t_us":1790242149094858,"ev":"page_build","i":611}
Sep 24 15:14:09.095158 Runner(Flutter)[2656] <Notice>: dartnative: ##BENCH## {"tag":"feed1000","t_us":1790242149094914,"ev":"page_build","i":612}
Sep 24 15:14:09.095249 Runner(Flutter)[2656] <Notice>: dartnative: ##BENCH## {"tag":"feed1000","t_us":1790242149094980,"ev":"page_build","i":613}
Sep 24 15:14:09.095288 Runner(Flutter)[2656] <Notice>: dartnative: ##BENCH## {"tag":"feed1000","t_us":1790242149095045,"ev":"page_build","i":614}
Sep 24 15:14:09.095318 Runner(Flutter)[2656] <Notice>: dartnative: ##BENCH## {"tag":"feed1000","t_us":1790242149095106,"ev":"page_build","i":615}
Sep 24 15:14:09.095367 Runner(Flutter)[2656] <Notice>: dartnative: ##BENCH## {"tag":"feed1000","t_us":1790242149095165,"ev":"page_build","i":616}
Sep 24 15:14:09.095404 Runner(Flutter)[2656] <Notice>: dartnative: ##BENCH## {"tag":"feed1000","t_us":1790242149095196,"ev":"page_build","i":617}
Sep 24 15:14:09.095448 Runner(Flutter)[2656] <Notice>: dartnative: ##BENCH## {"tag":"feed1000","t_us":1790242149095255,"ev":"page_build","i":618}
Sep 24 15:14:09.095538 Runner(Flutter)[2656] <Notice>: dartnative: ##BENCH## {"tag":"feed1000","t_us":1790242149095287,"ev":"page_build","i":619}
Sep 24 15:14:09.095588 Runner(Flutter)[2656] <Notice>: dartnative: ##BENCH## {"tag":"feed1000","t_us":1790242149095335,"ev":"page_build","i":620}
Sep 24 15:14:09.095638 Runner(Flutter)[2656] <Notice>: dartnative: ##BENCH## {"tag":"feed1000","t_us":1790242149095403,"ev":"page_build","i":621}
Sep 24 15:14:09.095675 Runner(Flutter)[2656] <Notice>: dartnative: ##BENCH## {"tag":"feed1000","t_us":1790242149095434,"ev":"page_build","i":622}
Sep 24 15:14:09.095707 Runner(Flutter)[2656] <Notice>: dartnative: ##BENCH## {"tag":"feed1000","t_us":1790242149095462,"ev":"page_build","i":623}
Sep 24 15:14:09.095746 Runner(Flutter)[2656] <Notice>: dartnative: ##BENCH## {"tag":"feed1000","t_us":1790242149095523,"ev":"page_build","i":624}
Sep 24 15:14:09.095827 Runner(Flutter)[2656] <Notice>: dartnative: ##BENCH## {"tag":"feed1000","t_us":1790242149095578,"ev":"page_build","i":625}
Sep 24 15:14:09.095882 Runner(Flutter)[2656] <Notice>: dartnative: ##BENCH## {"tag":"feed1000","t_us":1790242149095608,"ev":"page_build","i":626}
Sep 24 15:14:09.095925 Runner(Flutter)[2656] <Notice>: dartnative: ##BENCH## {"tag":"feed1000","t_us":1790242149095682,"ev":"page_build","i":627}
Sep 24 15:14:09.095958 Runner(Flutter)[2656] <Notice>: dartnative: ##BENCH## {"tag":"feed1000","t_us":1790242149095731,"ev":"page_build","i":628}
Sep 24 15:14:09.096054 Runner(Flutter)[2656] <Notice>: dartnative: ##BENCH## {"tag":"feed1000","t_us":1790242149095761,"ev":"page_build","i":629}
Sep 24 15:14:09.096104 Runner(Flutter)[2656] <Notice>: dartnative: ##BENCH## {"tag":"feed1000","t_us":1790242149095829,"ev":"page_build","i":630}
Sep 24 15:14:09.096158 Runner(Flutter)[2656] <Notice>: dartnative: ##BENCH## {"tag":"feed1000","t_us":1790242149095880,"ev":"page_build","i":631}
Sep 24 15:14:09.096194 Runner(Flutter)[2656] <Notice>: dartnative: ##BENCH## {"tag":"feed1000","t_us":1790242149095910,"ev":"page_build","i":632}
Sep 24 15:14:09.096222 Runner(Flutter)[2656] <Notice>: dartnative: ##BENCH## {"tag":"feed1000","t_us":1790242149095975,"ev":"page_build","i":633}
Sep 24 15:14:09.096308 Runner(Flutter)[2656] <Notice>: dartnative: ##BENCH## {"tag":"feed1000","t_us":1790242149096045,"ev":"page_build","i":634}
Sep 24 15:14:09.096367 Runner(Flutter)[2656] <Notice>: dartnative: ##BENCH## {"tag":"feed1000","t_us":1790242149096127,"ev":"page_build","i":635}
Sep 24 15:14:09.096425 Runner(Flutter)[2656] <Notice>: dartnative: ##BENCH## {"tag":"feed1000","t_us":1790242149096182,"ev":"page_build","i":636}
Sep 24 15:14:09.096482 Runner(Flutter)[2656] <Notice>: dartnative: ##BENCH## {"tag":"feed1000","t_us":1790242149096213,"ev":"page_build","i":637}
Sep 24 15:14:09.096514 Runner(Flutter)[2656] <Notice>: dartnative: ##BENCH## {"tag":"feed1000","t_us":1790242149096263,"ev":"page_build","i":638}
Sep 24 15:14:09.096561 Runner(Flutter)[2656] <Notice>: dartnative: ##BENCH## {"tag":"feed1000","t_us":1790242149096325,"ev":"page_build","i":639}
Sep 24 15:14:09.096595 Runner(Flutter)[2656] <Notice>: dartnative: ##BENCH## {"tag":"feed1000","t_us":1790242149096353,"ev":"page_build","i":640}
Sep 24 15:14:09.096649 Runner(Flutter)[2656] <Notice>: dartnative: ##BENCH## {"tag":"feed1000","t_us":1790242149096383,"ev":"page_build","i":641}
Sep 24 15:14:09.096720 Runner(Flutter)[2656] <Notice>: dartnative: ##BENCH## {"tag":"feed1000","t_us":1790242149096465,"ev":"page_build","i":642}
Sep 24 15:14:09.096772 Runner(Flutter)[2656] <Notice>: dartnative: ##BENCH## {"tag":"feed1000","t_us":1790242149096492,"ev":"page_build","i":643}
Sep 24 15:14:09.103175 Runner(Flutter)[2656] <Notice>: dartnative: ##BENCH## {"tag":"feed1000","t_us":1790242149103012,"ev":"page_build","i":644}
Sep 24 15:14:09.103364 Runner(Flutter)[2656] <Notice>: dartnative: ##BENCH## {"tag":"feed1000","t_us":1790242149103253,"ev":"page_build","i":645}
Sep 24 15:14:09.103423 Runner(Flutter)[2656] <Notice>: dartnative: ##BENCH## {"tag":"feed1000","t_us":1790242149103365,"ev":"page_build","i":646}
Sep 24 15:14:09.103562 Runner(Flutter)[2656] <Notice>: dartnative: ##BENCH## {"tag":"feed1000","t_us":1790242149103480,"ev":"page_build","i":647}
Sep 24 15:14:09.103643 Runner(Flutter)[2656] <Notice>: dartnative: ##BENCH## {"tag":"feed1000","t_us":1790242149103574,"ev":"page_build","i":648}
Sep 24 15:14:09.103726 Runner(Flutter)[2656] <Notice>: dartnative: ##BENCH## {"tag":"feed1000","t_us":1790242149103638,"ev":"page_build","i":649}
Sep 24 15:14:09.103945 Runner(Flutter)[2656] <Notice>: dartnative: ##BENCH## {"tag":"feed1000","t_us":1790242149103823,"ev":"page_build","i":650}
Sep 24 15:14:09.104010 Runner(Flutter)[2656] <Notice>: dartnative: ##BENCH## {"tag":"feed1000","t_us":1790242149103871,"ev":"page_build","i":651}
Sep 24 15:14:09.104050 Runner(Flutter)[2656] <Notice>: dartnative: ##BENCH## {"tag":"feed1000","t_us":1790242149103912,"ev":"page_build","i":652}
Sep 24 15:14:09.104070 Runner(Flutter)[2656] <Notice>: dartnative: ##BENCH## {"tag":"feed1000","t_us":1790242149103945,"ev":"page_build","i":653}
Sep 24 15:14:09.104152 Runner(Flutter)[2656] <Notice>: dartnative: ##BENCH## {"tag":"feed1000","t_us":1790242149103977,"ev":"page_build","i":654}
Sep 24 15:14:09.104237 Runner(Flutter)[2656] <Notice>: dartnative: ##BENCH## {"tag":"feed1000","t_us":1790242149104009,"ev":"page_build","i":655}
Sep 24 15:14:09.104256 Runner(Flutter)[2656] <Notice>: dartnative: ##BENCH## {"tag":"feed1000","t_us":1790242149104043,"ev":"page_build","i":656}
Sep 24 15:14:09.104323 Runner(Flutter)[2656] <Notice>: dartnative: ##BENCH## {"tag":"feed1000","t_us":1790242149104076,"ev":"page_build","i":657}
Sep 24 15:14:09.104377 Runner(Flutter)[2656] <Notice>: dartnative: ##BENCH## {"tag":"feed1000","t_us":1790242149104111,"ev":"page_build","i":658}
Sep 24 15:14:09.104437 Runner(Flutter)[2656] <Notice>: dartnative: ##BENCH## {"tag":"feed1000","t_us":1790242149104197,"ev":"page_build","i":659}
Sep 24 15:14:09.104514 Runner(Flutter)[2656] <Notice>: dartnative: ##BENCH## {"tag":"feed1000","t_us":1790242149104234,"ev":"page_build","i":660}
Sep 24 15:14:09.104635 Runner(Flutter)[2656] <Notice>: dartnative: ##BENCH## {"tag":"feed1000","t_us":1790242149104267,"ev":"page_build","i":661}
Sep 24 15:14:09.104650 Runner(Flutter)[2656] <Notice>: dartnative: ##BENCH## {"tag":"feed1000","t_us":1790242149104352,"ev":"page_build","i":662}
Sep 24 15:14:09.104658 Runner(Flutter)[2656] <Notice>: dartnative: ##BENCH## {"tag":"feed1000","t_us":1790242149104500,"ev":"page_build","i":663}
Sep 24 15:14:09.104667 Runner(Flutter)[2656] <Notice>: dartnative: ##BENCH## {"tag":"feed1000","t_us":1790242149104551,"ev":"page_build","i":664}
Sep 24 15:14:09.104677 Runner(Flutter)[2656] <Notice>: dartnative: ##BENCH## {"tag":"feed1000","t_us":1790242149104590,"ev":"page_build","i":665}
Sep 24 15:14:09.104684 Runner(Flutter)[2656] <Notice>: dartnative: ##BENCH## {"tag":"feed1000","t_us":1790242149104622,"ev":"page_build","i":666}
Sep 24 15:14:09.104726 Runner(Flutter)[2656] <Notice>: dartnative: ##BENCH## {"tag":"feed1000","t_us":1790242149104679,"ev":"page_build","i":667}
Sep 24 15:14:09.104775 Runner(Flutter)[2656] <Notice>: dartnative: ##BENCH## {"tag":"feed1000","t_us":1790242149104724,"ev":"page_build","i":668}
Sep 24 15:14:09.104886 Runner(Flutter)[2656] <Notice>: dartnative: ##BENCH## {"tag":"feed1000","t_us":1790242149104786,"ev":"page_build","i":669}
Sep 24 15:14:09.104902 Runner(Flutter)[2656] <Notice>: dartnative: ##BENCH## {"tag":"feed1000","t_us":1790242149104830,"ev":"page_build","i":670}
Sep 24 15:14:09.104909 Runner(Flutter)[2656] <Notice>: dartnative: ##BENCH## {"tag":"feed1000","t_us":1790242149104860,"ev":"page_build","i":671}
Sep 24 15:14:09.104919 Runner(Flutter)[2656] <Notice>: dartnative: ##BENCH## {"tag":"feed1000","t_us":1790242149104890,"ev":"page_build","i":672}
Sep 24 15:14:09.105029 Runner(Flutter)[2656] <Notice>: dartnative: ##BENCH## {"tag":"feed1000","t_us":1790242149104954,"ev":"page_build","i":673}
Sep 24 15:14:09.105047 Runner(Flutter)[2656] <Notice>: dartnative: ##BENCH## {"tag":"feed1000","t_us":1790242149104994,"ev":"page_build","i":674}
Sep 24 15:14:09.105072 Runner(Flutter)[2656] <Notice>: dartnative: ##BENCH## {"tag":"feed1000","t_us":1790242149105026,"ev":"page_build","i":675}
Sep 24 15:14:09.105256 Runner(Flutter)[2656] <Notice>: dartnative: ##BENCH## {"tag":"feed1000","t_us":1790242149105095,"ev":"page_build","i":676}
Sep 24 15:14:09.105274 Runner(Flutter)[2656] <Notice>: dartnative: ##BENCH## {"tag":"feed1000","t_us":1790242149105144,"ev":"page_build","i":677}
Sep 24 15:14:09.105282 Runner(Flutter)[2656] <Notice>: dartnative: ##BENCH## {"tag":"feed1000","t_us":1790242149105177,"ev":"page_build","i":678}
Sep 24 15:14:09.105292 Runner(Flutter)[2656] <Notice>: dartnative: ##BENCH## {"tag":"feed1000","t_us":1790242149105210,"ev":"page_build","i":679}
Sep 24 15:14:09.105331 Runner(Flutter)[2656] <Notice>: dartnative: ##BENCH## {"tag":"feed1000","t_us":1790242149105243,"ev":"page_build","i":680}
Sep 24 15:14:09.105422 Runner(Flutter)[2656] <Notice>: dartnative: ##BENCH## {"tag":"feed1000","t_us":1790242149105341,"ev":"page_build","i":681}
Sep 24 15:14:09.105504 Runner(Flutter)[2656] <Notice>: dartnative: ##BENCH## {"tag":"feed1000","t_us":1790242149105412,"ev":"page_build","i":682}
Sep 24 15:14:09.105538 Runner(Flutter)[2656] <Notice>: dartnative: ##BENCH## {"tag":"feed1000","t_us":1790242149105495,"ev":"page_build","i":683}
Sep 24 15:14:09.105593 Runner(Flutter)[2656] <Notice>: dartnative: ##BENCH## {"tag":"feed1000","t_us":1790242149105547,"ev":"page_build","i":684}
Sep 24 15:14:09.105638 Runner(Flutter)[2656] <Notice>: dartnative: ##BENCH## {"tag":"feed1000","t_us":1790242149105590,"ev":"page_build","i":685}
Sep 24 15:14:09.105681 Runner(Flutter)[2656] <Notice>: dartnative: ##BENCH## {"tag":"feed1000","t_us":1790242149105643,"ev":"page_build","i":686}
Sep 24 15:14:09.105801 Runner(Flutter)[2656] <Notice>: dartnative: ##BENCH## {"tag":"feed1000","t_us":1790242149105720,"ev":"page_build","i":687}
Sep 24 15:14:09.105914 Runner(Flutter)[2656] <Notice>: dartnative: ##BENCH## {"tag":"feed1000","t_us":1790242149105813,"ev":"page_build","i":688}
Sep 24 15:14:09.105947 Runner(Flutter)[2656] <Notice>: dartnative: ##BENCH## {"tag":"feed1000","t_us":1790242149105897,"ev":"page_build","i":689}
Sep 24 15:14:09.106043 Runner(Flutter)[2656] <Notice>: dartnative: ##BENCH## {"tag":"feed1000","t_us":1790242149105977,"ev":"page_build","i":690}
Sep 24 15:14:09.106156 Runner(Flutter)[2656] <Notice>: dartnative: ##BENCH## {"tag":"feed1000","t_us":1790242149106077,"ev":"page_build","i":691}
Sep 24 15:14:09.106217 Runner(Flutter)[2656] <Notice>: dartnative: ##BENCH## {"tag":"feed1000","t_us":1790242149106163,"ev":"page_build","i":692}
Sep 24 15:14:09.106282 Runner(Flutter)[2656] <Notice>: dartnative: ##BENCH## {"tag":"feed1000","t_us":1790242149106221,"ev":"page_build","i":693}
Sep 24 15:14:09.106339 Runner(Flutter)[2656] <Notice>: dartnative: ##BENCH## {"tag":"feed1000","t_us":1790242149106276,"ev":"page_build","i":694}
Sep 24 15:14:09.106390 Runner(Flutter)[2656] <Notice>: dartnative: ##BENCH## {"tag":"feed1000","t_us":1790242149106328,"ev":"page_build","i":695}
Sep 24 15:14:09.106445 Runner(Flutter)[2656] <Notice>: dartnative: ##BENCH## {"tag":"feed1000","t_us":1790242149106383,"ev":"page_build","i":696}
Sep 24 15:14:09.106487 Runner(Flutter)[2656] <Notice>: dartnative: ##BENCH## {"tag":"feed1000","t_us":1790242149106444,"ev":"page_build","i":697}
Sep 24 15:14:09.106642 Runner(Flutter)[2656] <Notice>: dartnative: ##BENCH## {"tag":"feed1000","t_us":1790242149106496,"ev":"page_build","i":698}
Sep 24 15:14:09.106660 Runner(Flutter)[2656] <Notice>: dartnative: ##BENCH## {"tag":"feed1000","t_us":1790242149106552,"ev":"page_build","i":699}
Sep 24 15:14:09.106668 Runner(Flutter)[2656] <Notice>: dartnative: ##BENCH## {"tag":"feed1000","t_us":1790242149106586,"ev":"page_build","i":700}
Sep 24 15:14:09.106706 Runner(Flutter)[2656] <Notice>: dartnative: ##BENCH## {"tag":"feed1000","t_us":1790242149106616,"ev":"page_build","i":701}
Sep 24 15:14:09.106722 Runner(Flutter)[2656] <Notice>: dartnative: ##BENCH## {"tag":"feed1000","t_us":1790242149106650,"ev":"page_build","i":702}
Sep 24 15:14:09.106828 Runner(Flutter)[2656] <Notice>: dartnative: ##BENCH## {"tag":"feed1000","t_us":1790242149106730,"ev":"page_build","i":703}
Sep 24 15:14:09.106949 Runner(Flutter)[2656] <Notice>: dartnative: ##BENCH## {"tag":"feed1000","t_us":1790242149106890,"ev":"page_build","i":704}
Sep 24 15:14:09.106966 Runner(Flutter)[2656] <Notice>: dartnative: ##BENCH## {"tag":"feed1000","t_us":1790242149106925,"ev":"page_build","i":705}
Sep 24 15:14:09.106988 Runner(Flutter)[2656] <Notice>: dartnative: ##BENCH## {"tag":"feed1000","t_us":1790242149106954,"ev":"page_build","i":706}
Sep 24 15:14:09.107117 Runner(Flutter)[2656] <Notice>: dartnative: ##BENCH## {"tag":"feed1000","t_us":1790242149107028,"ev":"page_build","i":707}
Sep 24 15:14:09.107134 Runner(Flutter)[2656] <Notice>: dartnative: ##BENCH## {"tag":"feed1000","t_us":1790242149107063,"ev":"page_build","i":708}
Sep 24 15:14:09.107440 Runner(Flutter)[2656] <Notice>: dartnative: ##BENCH## {"tag":"feed1000","t_us":1790242149107097,"ev":"page_build","i":709}
Sep 24 15:14:09.107472 Runner(Flutter)[2656] <Notice>: dartnative: ##BENCH## {"tag":"feed1000","t_us":1790242149107129,"ev":"page_build","i":710}
Sep 24 15:14:09.107579 Runner(Flutter)[2656] <Notice>: dartnative: ##BENCH## {"tag":"feed1000","t_us":1790242149107212,"ev":"page_build","i":711}
Sep 24 15:14:09.107609 Runner(Flutter)[2656] <Notice>: dartnative: ##BENCH## {"tag":"feed1000","t_us":1790242149107264,"ev":"page_build","i":712}
Sep 24 15:14:09.107629 Runner(Flutter)[2656] <Notice>: dartnative: ##BENCH## {"tag":"feed1000","t_us":1790242149107297,"ev":"page_build","i":713}
Sep 24 15:14:09.107644 Runner(Flutter)[2656] <Notice>: dartnative: ##BENCH## {"tag":"feed1000","t_us":1790242149107329,"ev":"page_build","i":714}
Sep 24 15:14:09.107651 Runner(Flutter)[2656] <Notice>: dartnative: ##BENCH## {"tag":"feed1000","t_us":1790242149107361,"ev":"page_build","i":715}
Sep 24 15:14:09.107658 Runner(Flutter)[2656] <Notice>: dartnative: ##BENCH## {"tag":"feed1000","t_us":1790242149107409,"ev":"page_build","i":716}
Sep 24 15:14:09.107664 Runner(Flutter)[2656] <Notice>: dartnative: ##BENCH## {"tag":"feed1000","t_us":1790242149107510,"ev":"page_build","i":717}
Sep 24 15:14:09.107716 Runner(Flutter)[2656] <Notice>: dartnative: ##BENCH## {"tag":"feed1000","t_us":1790242149107602,"ev":"page_build","i":718}
Sep 24 15:14:09.107762 Runner(Flutter)[2656] <Notice>: dartnative: ##BENCH## {"tag":"feed1000","t_us":1790242149107654,"ev":"page_build","i":719}
Sep 24 15:14:09.107823 Runner(Flutter)[2656] <Notice>: dartnative: ##BENCH## {"tag":"feed1000","t_us":1790242149107730,"ev":"page_build","i":720}
Sep 24 15:14:09.107871 Runner(Flutter)[2656] <Notice>: dartnative: ##BENCH## {"tag":"feed1000","t_us":1790242149107780,"ev":"page_build","i":721}
Sep 24 15:14:09.107950 Runner(Flutter)[2656] <Notice>: dartnative: ##BENCH## {"tag":"feed1000","t_us":1790242149107812,"ev":"page_build","i":722}
Sep 24 15:14:09.107979 Runner(Flutter)[2656] <Notice>: dartnative: ##BENCH## {"tag":"feed1000","t_us":1790242149107844,"ev":"page_build","i":723}
Sep 24 15:14:09.108027 Runner(Flutter)[2656] <Notice>: dartnative: ##BENCH## {"tag":"feed1000","t_us":1790242149107911,"ev":"page_build","i":724}
Sep 24 15:14:09.108079 Runner(Flutter)[2656] <Notice>: dartnative: ##BENCH## {"tag":"feed1000","t_us":1790242149107942,"ev":"page_build","i":725}
Sep 24 15:14:09.108132 Runner(Flutter)[2656] <Notice>: dartnative: ##BENCH## {"tag":"feed1000","t_us":1790242149107989,"ev":"page_build","i":726}
Sep 24 15:14:09.108169 Runner(Flutter)[2656] <Notice>: dartnative: ##BENCH## {"tag":"feed1000","t_us":1790242149108047,"ev":"page_build","i":727}
Sep 24 15:14:09.108227 Runner(Flutter)[2656] <Notice>: dartnative: ##BENCH## {"tag":"feed1000","t_us":1790242149108115,"ev":"page_build","i":728}
Sep 24 15:14:09.108293 Runner(Flutter)[2656] <Notice>: dartnative: ##BENCH## {"tag":"feed1000","t_us":1790242149108216,"ev":"page_build","i":729}
Sep 24 15:14:09.108491 Runner(Flutter)[2656] <Notice>: dartnative: ##BENCH## {"tag":"feed1000","t_us":1790242149108350,"ev":"page_build","i":730}
Sep 24 15:14:09.108518 Runner(Flutter)[2656] <Notice>: dartnative: ##BENCH## {"tag":"feed1000","t_us":1790242149108388,"ev":"page_build","i":731}
Sep 24 15:14:09.108575 Runner(Flutter)[2656] <Notice>: dartnative: ##BENCH## {"tag":"feed1000","t_us":1790242149108420,"ev":"page_build","i":732}
Sep 24 15:14:09.108598 Runner(Flutter)[2656] <Notice>: dartnative: ##BENCH## {"tag":"feed1000","t_us":1790242149108487,"ev":"page_build","i":733}
Sep 24 15:14:09.108658 Runner(Flutter)[2656] <Notice>: dartnative: ##BENCH## {"tag":"feed1000","t_us":1790242149108609,"ev":"page_build","i":734}
Sep 24 15:14:09.108826 Runner(Flutter)[2656] <Notice>: dartnative: ##BENCH## {"tag":"feed1000","t_us":1790242149108662,"ev":"page_build","i":735}
Sep 24 15:14:09.108843 Runner(Flutter)[2656] <Notice>: dartnative: ##BENCH## {"tag":"feed1000","t_us":1790242149108757,"ev":"page_build","i":736}
Sep 24 15:14:09.108946 Runner(Flutter)[2656] <Notice>: dartnative: ##BENCH## {"tag":"feed1000","t_us":1790242149108791,"ev":"page_build","i":737}
Sep 24 15:14:09.108996 Runner(Flutter)[2656] <Notice>: dartnative: ##BENCH## {"tag":"feed1000","t_us":1790242149108823,"ev":"page_build","i":738}
Sep 24 15:14:09.109054 Runner(Flutter)[2656] <Notice>: dartnative: ##BENCH## {"tag":"feed1000","t_us":1790242149108890,"ev":"page_build","i":739}
Sep 24 15:14:09.109117 Runner(Flutter)[2656] <Notice>: dartnative: ##BENCH## {"tag":"feed1000","t_us":1790242149108938,"ev":"page_build","i":740}
Sep 24 15:14:09.109147 Runner(Flutter)[2656] <Notice>: dartnative: ##BENCH## {"tag":"feed1000","t_us":1790242149108968,"ev":"page_build","i":741}
Sep 24 15:14:09.109188 Runner(Flutter)[2656] <Notice>: dartnative: ##BENCH## {"tag":"feed1000","t_us":1790242149109015,"ev":"page_build","i":742}
Sep 24 15:14:09.109232 Runner(Flutter)[2656] <Notice>: dartnative: ##BENCH## {"tag":"feed1000","t_us":1790242149109088,"ev":"page_build","i":743}
Sep 24 15:14:09.109270 Runner(Flutter)[2656] <Notice>: dartnative: ##BENCH## {"tag":"feed1000","t_us":1790242149109120,"ev":"page_build","i":744}
Sep 24 15:14:09.109295 Runner(Flutter)[2656] <Notice>: dartnative: ##BENCH## {"tag":"feed1000","t_us":1790242149109152,"ev":"page_build","i":745}
Sep 24 15:14:09.109321 Runner(Flutter)[2656] <Notice>: dartnative: ##BENCH## {"tag":"feed1000","t_us":1790242149109184,"ev":"page_build","i":746}
Sep 24 15:14:09.109356 Runner(Flutter)[2656] <Notice>: dartnative: ##BENCH## {"tag":"feed1000","t_us":1790242149109270,"ev":"page_build","i":747}
Sep 24 15:14:09.109414 Runner(Flutter)[2656] <Notice>: dartnative: ##BENCH## {"tag":"feed1000","t_us":1790242149109337,"ev":"page_build","i":748}
Sep 24 15:14:09.109468 Runner(Flutter)[2656] <Notice>: dartnative: ##BENCH## {"tag":"feed1000","t_us":1790242149109395,"ev":"page_build","i":749}
Sep 24 15:14:09.109535 Runner(Flutter)[2656] <Notice>: dartnative: ##BENCH## {"tag":"feed1000","t_us":1790242149109477,"ev":"page_build","i":750}
Sep 24 15:14:09.109568 Runner(Flutter)[2656] <Notice>: dartnative: ##BENCH## {"tag":"feed1000","t_us":1790242149109513,"ev":"page_build","i":751}
Sep 24 15:14:09.109630 Runner(Flutter)[2656] <Notice>: dartnative: ##BENCH## {"tag":"feed1000","t_us":1790242149109567,"ev":"page_build","i":752}
Sep 24 15:14:09.109756 Runner(Flutter)[2656] <Notice>: dartnative: ##BENCH## {"tag":"feed1000","t_us":1790242149109656,"ev":"page_build","i":753}
Sep 24 15:14:09.109772 Runner(Flutter)[2656] <Notice>: dartnative: ##BENCH## {"tag":"feed1000","t_us":1790242149109690,"ev":"page_build","i":754}
Sep 24 15:14:09.109792 Runner(Flutter)[2656] <Notice>: dartnative: ##BENCH## {"tag":"feed1000","t_us":1790242149109726,"ev":"page_build","i":755}
Sep 24 15:14:09.109806 Runner(Flutter)[2656] <Notice>: dartnative: ##BENCH## {"tag":"feed1000","t_us":1790242149109760,"ev":"page_build","i":756}
Sep 24 15:14:09.109960 Runner(Flutter)[2656] <Notice>: dartnative: ##BENCH## {"tag":"feed1000","t_us":1790242149109871,"ev":"page_build","i":757}
Sep 24 15:14:09.109998 Runner(Flutter)[2656] <Notice>: dartnative: ##BENCH## {"tag":"feed1000","t_us":1790242149109932,"ev":"page_build","i":758}
Sep 24 15:14:09.110094 Runner(Flutter)[2656] <Notice>: dartnative: ##BENCH## {"tag":"feed1000","t_us":1790242149110023,"ev":"page_build","i":759}
Sep 24 15:14:09.110125 Runner(Flutter)[2656] <Notice>: dartnative: ##BENCH## {"tag":"feed1000","t_us":1790242149110055,"ev":"page_build","i":760}
Sep 24 15:14:09.110155 Runner(Flutter)[2656] <Notice>: dartnative: ##BENCH## {"tag":"feed1000","t_us":1790242149110085,"ev":"page_build","i":761}
Sep 24 15:14:09.110180 Runner(Flutter)[2656] <Notice>: dartnative: ##BENCH## {"tag":"feed1000","t_us":1790242149110117,"ev":"page_build","i":762}
Sep 24 15:14:09.110228 Runner(Flutter)[2656] <Notice>: dartnative: ##BENCH## {"tag":"feed1000","t_us":1790242149110149,"ev":"page_build","i":763}
Sep 24 15:14:09.110275 Runner(Flutter)[2656] <Notice>: dartnative: ##BENCH## {"tag":"feed1000","t_us":1790242149110182,"ev":"page_build","i":764}
Sep 24 15:14:09.110309 Runner(Flutter)[2656] <Notice>: dartnative: ##BENCH## {"tag":"feed1000","t_us":1790242149110231,"ev":"page_build","i":765}
Sep 24 15:14:09.110354 Runner(Flutter)[2656] <Notice>: dartnative: ##BENCH## {"tag":"feed1000","t_us":1790242149110263,"ev":"page_build","i":766}
Sep 24 15:14:09.110389 Runner(Flutter)[2656] <Notice>: dartnative: ##BENCH## {"tag":"feed1000","t_us":1790242149110294,"ev":"page_build","i":767}
Sep 24 15:14:09.110449 Runner(Flutter)[2656] <Notice>: dartnative: ##BENCH## {"tag":"feed1000","t_us":1790242149110327,"ev":"page_build","i":768}
Sep 24 15:14:09.110495 Runner(Flutter)[2656] <Notice>: dartnative: ##BENCH## {"tag":"feed1000","t_us":1790242149110377,"ev":"page_build","i":769}
Sep 24 15:14:09.110549 Runner(Flutter)[2656] <Notice>: dartnative: ##BENCH## {"tag":"feed1000","t_us":1790242149110427,"ev":"page_build","i":770}
Sep 24 15:14:09.110609 Runner(Flutter)[2656] <Notice>: dartnative: ##BENCH## {"tag":"feed1000","t_us":1790242149110457,"ev":"page_build","i":771}
Sep 24 15:14:09.110644 Runner(Flutter)[2656] <Notice>: dartnative: ##BENCH## {"tag":"feed1000","t_us":1790242149110488,"ev":"page_build","i":772}
Sep 24 15:14:09.110686 Runner(Flutter)[2656] <Notice>: dartnative: ##BENCH## {"tag":"feed1000","t_us":1790242149110534,"ev":"page_build","i":773}
Sep 24 15:14:09.110725 Runner(Flutter)[2656] <Notice>: dartnative: ##BENCH## {"tag":"feed1000","t_us":1790242149110562,"ev":"page_build","i":774}
Sep 24 15:14:09.110801 Runner(Flutter)[2656] <Notice>: dartnative: ##BENCH## {"tag":"feed1000","t_us":1790242149110631,"ev":"page_build","i":775}
Sep 24 15:14:09.110836 Runner(Flutter)[2656] <Notice>: dartnative: ##BENCH## {"tag":"feed1000","t_us":1790242149110684,"ev":"page_build","i":776}
Sep 24 15:14:09.110858 Runner(Flutter)[2656] <Notice>: dartnative: ##BENCH## {"tag":"feed1000","t_us":1790242149110773,"ev":"page_build","i":777}
Sep 24 15:14:09.110906 Runner(Flutter)[2656] <Notice>: dartnative: ##BENCH## {"tag":"feed1000","t_us":1790242149110842,"ev":"page_build","i":778}
Sep 24 15:14:09.111078 Runner(Flutter)[2656] <Notice>: dartnative: ##BENCH## {"tag":"feed1000","t_us":1790242149110933,"ev":"page_build","i":779}
Sep 24 15:14:09.111110 Runner(Flutter)[2656] <Notice>: dartnative: ##BENCH## {"tag":"feed1000","t_us":1790242149111025,"ev":"page_build","i":780}
Sep 24 15:14:09.111145 Runner(Flutter)[2656] <Notice>: dartnative: ##BENCH## {"tag":"feed1000","t_us":1790242149111081,"ev":"page_build","i":781}
Sep 24 15:14:09.111194 Runner(Flutter)[2656] <Notice>: dartnative: ##BENCH## {"tag":"feed1000","t_us":1790242149111137,"ev":"page_build","i":782}
Sep 24 15:14:09.111289 Runner(Flutter)[2656] <Notice>: dartnative: ##BENCH## {"tag":"feed1000","t_us":1790242149111205,"ev":"page_build","i":783}
Sep 24 15:14:09.111361 Runner(Flutter)[2656] <Notice>: dartnative: ##BENCH## {"tag":"feed1000","t_us":1790242149111257,"ev":"page_build","i":784}
Sep 24 15:14:09.111416 Runner(Flutter)[2656] <Notice>: dartnative: ##BENCH## {"tag":"feed1000","t_us":1790242149111326,"ev":"page_build","i":785}
Sep 24 15:14:09.111459 Runner(Flutter)[2656] <Notice>: dartnative: ##BENCH## {"tag":"feed1000","t_us":1790242149111378,"ev":"page_build","i":786}
Sep 24 15:14:09.111599 Runner(Flutter)[2656] <Notice>: dartnative: ##BENCH## {"tag":"feed1000","t_us":1790242149111481,"ev":"page_build","i":787}
Sep 24 15:14:09.111632 Runner(Flutter)[2656] <Notice>: dartnative: ##BENCH## {"tag":"feed1000","t_us":1790242149111582,"ev":"page_build","i":788}
Sep 24 15:14:09.111653 Runner(Flutter)[2656] <Notice>: dartnative: ##BENCH## {"tag":"feed1000","t_us":1790242149111620,"ev":"page_build","i":789}
Sep 24 15:14:09.111757 Runner(Flutter)[2656] <Notice>: dartnative: ##BENCH## {"tag":"feed1000","t_us":1790242149111667,"ev":"page_build","i":790}
Sep 24 15:14:09.111796 Runner(Flutter)[2656] <Notice>: dartnative: ##BENCH## {"tag":"feed1000","t_us":1790242149111748,"ev":"page_build","i":791}
Sep 24 15:14:09.111915 Runner(Flutter)[2656] <Notice>: dartnative: ##BENCH## {"tag":"feed1000","t_us":1790242149111839,"ev":"page_build","i":792}
Sep 24 15:14:09.111999 Runner(Flutter)[2656] <Notice>: dartnative: ##BENCH## {"tag":"feed1000","t_us":1790242149111890,"ev":"page_build","i":793}
Sep 24 15:14:09.112023 Runner(Flutter)[2656] <Notice>: dartnative: ##BENCH## {"tag":"feed1000","t_us":1790242149111943,"ev":"page_build","i":794}
Sep 24 15:14:09.112109 Runner(Flutter)[2656] <Notice>: dartnative: ##BENCH## {"tag":"feed1000","t_us":1790242149112031,"ev":"page_build","i":795}
Sep 24 15:14:09.112143 Runner(Flutter)[2656] <Notice>: dartnative: ##BENCH## {"tag":"feed1000","t_us":1790242149112067,"ev":"page_build","i":796}
Sep 24 15:14:09.112192 Runner(Flutter)[2656] <Notice>: dartnative: ##BENCH## {"tag":"feed1000","t_us":1790242149112133,"ev":"page_build","i":797}
Sep 24 15:14:09.112225 Runner(Flutter)[2656] <Notice>: dartnative: ##BENCH## {"tag":"feed1000","t_us":1790242149112164,"ev":"page_build","i":798}
Sep 24 15:14:09.112325 Runner(Flutter)[2656] <Notice>: dartnative: ##BENCH## {"tag":"feed1000","t_us":1790242149112236,"ev":"page_build","i":799}
Sep 24 15:14:09.112384 Runner(Flutter)[2656] <Notice>: dartnative: ##BENCH## {"tag":"feed1000","t_us":1790242149112289,"ev":"page_build","i":800}
Sep 24 15:14:09.112437 Runner(Flutter)[2656] <Notice>: dartnative: ##BENCH## {"tag":"feed1000","t_us":1790242149112355,"ev":"page_build","i":801}
Sep 24 15:14:09.112527 Runner(Flutter)[2656] <Notice>: dartnative: ##BENCH## {"tag":"feed1000","t_us":1790242149112441,"ev":"page_build","i":802}
Sep 24 15:14:09.112590 Runner(Flutter)[2656] <Notice>: dartnative: ##BENCH## {"tag":"feed1000","t_us":1790242149112509,"ev":"page_build","i":803}
Sep 24 15:14:09.112646 Runner(Flutter)[2656] <Notice>: dartnative: ##BENCH## {"tag":"feed1000","t_us":1790242149112586,"ev":"page_build","i":804}
Sep 24 15:14:09.112769 Runner(Flutter)[2656] <Notice>: dartnative: ##BENCH## {"tag":"feed1000","t_us":1790242149112695,"ev":"page_build","i":805}
Sep 24 15:14:09.112778 Runner(Flutter)[2656] <Notice>: dartnative: ##BENCH## {"tag":"feed1000","t_us":1790242149112746,"ev":"page_build","i":806}
Sep 24 15:14:09.112855 Runner(Flutter)[2656] <Notice>: dartnative: ##BENCH## {"tag":"feed1000","t_us":1790242149112777,"ev":"page_build","i":807}
Sep 24 15:14:09.113000 Runner(Flutter)[2656] <Notice>: dartnative: ##BENCH## {"tag":"feed1000","t_us":1790242149112877,"ev":"page_build","i":808}
Sep 24 15:14:09.113046 Runner(Flutter)[2656] <Notice>: dartnative: ##BENCH## {"tag":"feed1000","t_us":1790242149112988,"ev":"page_build","i":809}
Sep 24 15:14:09.113172 Runner(Flutter)[2656] <Notice>: dartnative: ##BENCH## {"tag":"feed1000","t_us":1790242149113075,"ev":"page_build","i":810}
Sep 24 15:14:09.113212 Runner(Flutter)[2656] <Notice>: dartnative: ##BENCH## {"tag":"feed1000","t_us":1790242149113161,"ev":"page_build","i":811}
Sep 24 15:14:09.113310 Runner(Flutter)[2656] <Notice>: dartnative: ##BENCH## {"tag":"feed1000","t_us":1790242149113233,"ev":"page_build","i":812}
Sep 24 15:14:09.113374 Runner(Flutter)[2656] <Notice>: dartnative: ##BENCH## {"tag":"feed1000","t_us":1790242149113333,"ev":"page_build","i":813}
Sep 24 15:14:09.113461 Runner(Flutter)[2656] <Notice>: dartnative: ##BENCH## {"tag":"feed1000","t_us":1790242149113405,"ev":"page_build","i":814}
Sep 24 15:14:09.113487 Runner(Flutter)[2656] <Notice>: dartnative: ##BENCH## {"tag":"feed1000","t_us":1790242149113452,"ev":"page_build","i":815}
Sep 24 15:14:09.113542 Runner(Flutter)[2656] <Notice>: dartnative: ##BENCH## {"tag":"feed1000","t_us":1790242149113483,"ev":"page_build","i":816}
Sep 24 15:14:09.113608 Runner(Flutter)[2656] <Notice>: dartnative: ##BENCH## {"tag":"feed1000","t_us":1790242149113567,"ev":"page_build","i":817}
Sep 24 15:14:09.113633 Runner(Flutter)[2656] <Notice>: dartnative: ##BENCH## {"tag":"feed1000","t_us":1790242149113599,"ev":"page_build","i":818}
Sep 24 15:14:09.113703 Runner(Flutter)[2656] <Notice>: dartnative: ##BENCH## {"tag":"feed1000","t_us":1790242149113632,"ev":"page_build","i":819}
Sep 24 15:14:09.113756 Runner(Flutter)[2656] <Notice>: dartnative: ##BENCH## {"tag":"feed1000","t_us":1790242149113719,"ev":"page_build","i":820}
Sep 24 15:14:09.113796 Runner(Flutter)[2656] <Notice>: dartnative: ##BENCH## {"tag":"feed1000","t_us":1790242149113753,"ev":"page_build","i":821}
Sep 24 15:14:09.113930 Runner(Flutter)[2656] <Notice>: dartnative: ##BENCH## {"tag":"feed1000","t_us":1790242149113826,"ev":"page_build","i":822}
Sep 24 15:14:09.113973 Runner(Flutter)[2656] <Notice>: dartnative: ##BENCH## {"tag":"feed1000","t_us":1790242149113895,"ev":"page_build","i":823}
Sep 24 15:14:09.114031 Runner(Flutter)[2656] <Notice>: dartnative: ##BENCH## {"tag":"feed1000","t_us":1790242149113928,"ev":"page_build","i":824}
Sep 24 15:14:09.114088 Runner(Flutter)[2656] <Notice>: dartnative: ##BENCH## {"tag":"feed1000","t_us":1790242149113980,"ev":"page_build","i":825}
Sep 24 15:14:09.114122 Runner(Flutter)[2656] <Notice>: dartnative: ##BENCH## {"tag":"feed1000","t_us":1790242149114049,"ev":"page_build","i":826}
Sep 24 15:14:09.114217 Runner(Flutter)[2656] <Notice>: dartnative: ##BENCH## {"tag":"feed1000","t_us":1790242149114136,"ev":"page_build","i":827}
Sep 24 15:14:09.114261 Runner(Flutter)[2656] <Notice>: dartnative: ##BENCH## {"tag":"feed1000","t_us":1790242149114186,"ev":"page_build","i":828}
Sep 24 15:14:09.114295 Runner(Flutter)[2656] <Notice>: dartnative: ##BENCH## {"tag":"feed1000","t_us":1790242149114233,"ev":"page_build","i":829}
Sep 24 15:14:09.114331 Runner(Flutter)[2656] <Notice>: dartnative: ##BENCH## {"tag":"feed1000","t_us":1790242149114265,"ev":"page_build","i":830}
Sep 24 15:14:09.114391 Runner(Flutter)[2656] <Notice>: dartnative: ##BENCH## {"tag":"feed1000","t_us":1790242149114318,"ev":"page_build","i":831}
Sep 24 15:14:09.114432 Runner(Flutter)[2656] <Notice>: dartnative: ##BENCH## {"tag":"feed1000","t_us":1790242149114350,"ev":"page_build","i":832}
Sep 24 15:14:09.114495 Runner(Flutter)[2656] <Notice>: dartnative: ##BENCH## {"tag":"feed1000","t_us":1790242149114395,"ev":"page_build","i":833}
Sep 24 15:14:09.114530 Runner(Flutter)[2656] <Notice>: dartnative: ##BENCH## {"tag":"feed1000","t_us":1790242149114426,"ev":"page_build","i":834}
Sep 24 15:14:09.114608 Runner(Flutter)[2656] <Notice>: dartnative: ##BENCH## {"tag":"feed1000","t_us":1790242149114473,"ev":"page_build","i":835}
Sep 24 15:14:09.114626 Runner(Flutter)[2656] <Notice>: dartnative: ##BENCH## {"tag":"feed1000","t_us":1790242149114505,"ev":"page_build","i":836}
Sep 24 15:14:09.114653 Runner(Flutter)[2656] <Notice>: dartnative: ##BENCH## {"tag":"feed1000","t_us":1790242149114537,"ev":"page_build","i":837}
Sep 24 15:14:09.114710 Runner(Flutter)[2656] <Notice>: dartnative: ##BENCH## {"tag":"feed1000","t_us":1790242149114568,"ev":"page_build","i":838}
Sep 24 15:14:09.114745 Runner(Flutter)[2656] <Notice>: dartnative: ##BENCH## {"tag":"feed1000","t_us":1790242149114624,"ev":"page_build","i":839}
Sep 24 15:14:09.114780 Runner(Flutter)[2656] <Notice>: dartnative: ##BENCH## {"tag":"feed1000","t_us":1790242149114655,"ev":"page_build","i":840}
Sep 24 15:14:09.114834 Runner(Flutter)[2656] <Notice>: dartnative: ##BENCH## {"tag":"feed1000","t_us":1790242149114707,"ev":"page_build","i":841}
Sep 24 15:14:09.114878 Runner(Flutter)[2656] <Notice>: dartnative: ##BENCH## {"tag":"feed1000","t_us":1790242149114738,"ev":"page_build","i":842}
Sep 24 15:14:09.114940 Runner(Flutter)[2656] <Notice>: dartnative: ##BENCH## {"tag":"feed1000","t_us":1790242149114790,"ev":"page_build","i":843}
Sep 24 15:14:09.114979 Runner(Flutter)[2656] <Notice>: dartnative: ##BENCH## {"tag":"feed1000","t_us":1790242149114842,"ev":"page_build","i":844}
Sep 24 15:14:09.115020 Runner(Flutter)[2656] <Notice>: dartnative: ##BENCH## {"tag":"feed1000","t_us":1790242149114873,"ev":"page_build","i":845}
Sep 24 15:14:09.115061 Runner(Flutter)[2656] <Notice>: dartnative: ##BENCH## {"tag":"feed1000","t_us":1790242149114920,"ev":"page_build","i":846}
Sep 24 15:14:09.115097 Runner(Flutter)[2656] <Notice>: dartnative: ##BENCH## {"tag":"feed1000","t_us":1790242149114984,"ev":"page_build","i":847}
Sep 24 15:14:09.115158 Runner(Flutter)[2656] <Notice>: dartnative: ##BENCH## {"tag":"feed1000","t_us":1790242149115072,"ev":"page_build","i":848}
Sep 24 15:14:09.115224 Runner(Flutter)[2656] <Notice>: dartnative: ##BENCH## {"tag":"feed1000","t_us":1790242149115165,"ev":"page_build","i":849}
Sep 24 15:14:09.115314 Runner(Flutter)[2656] <Notice>: dartnative: ##BENCH## {"tag":"feed1000","t_us":1790242149115200,"ev":"page_build","i":850}
Sep 24 15:14:09.115349 Runner(Flutter)[2656] <Notice>: dartnative: ##BENCH## {"tag":"feed1000","t_us":1790242149115231,"ev":"page_build","i":851}
Sep 24 15:14:09.115376 Runner(Flutter)[2656] <Notice>: dartnative: ##BENCH## {"tag":"feed1000","t_us":1790242149115308,"ev":"page_build","i":852}
Sep 24 15:14:09.115426 Runner(Flutter)[2656] <Notice>: dartnative: ##BENCH## {"tag":"feed1000","t_us":1790242149115360,"ev":"page_build","i":853}
Sep 24 15:14:09.115485 Runner(Flutter)[2656] <Notice>: dartnative: ##BENCH## {"tag":"feed1000","t_us":1790242149115391,"ev":"page_build","i":854}
Sep 24 15:14:09.115528 Runner(Flutter)[2656] <Notice>: dartnative: ##BENCH## {"tag":"feed1000","t_us":1790242149115422,"ev":"page_build","i":855}
Sep 24 15:14:09.115624 Runner(Flutter)[2656] <Notice>: dartnative: ##BENCH## {"tag":"feed1000","t_us":1790242149115453,"ev":"page_build","i":856}
Sep 24 15:14:09.115693 Runner(Flutter)[2656] <Notice>: dartnative: ##BENCH## {"tag":"feed1000","t_us":1790242149115501,"ev":"page_build","i":857}
Sep 24 15:14:09.115811 Runner(Flutter)[2656] <Notice>: dartnative: ##BENCH## {"tag":"feed1000","t_us":1790242149115552,"ev":"page_build","i":858}
Sep 24 15:14:09.115826 Runner(Flutter)[2656] <Notice>: dartnative: ##BENCH## {"tag":"feed1000","t_us":1790242149115608,"ev":"page_build","i":859}
Sep 24 15:14:09.115990 Runner(Flutter)[2656] <Notice>: dartnative: ##BENCH## {"tag":"feed1000","t_us":1790242149115655,"ev":"page_build","i":860}
Sep 24 15:14:09.116070 Runner(Flutter)[2656] <Notice>: dartnative: ##BENCH## {"tag":"feed1000","t_us":1790242149115797,"ev":"page_build","i":861}
Sep 24 15:14:09.116104 Runner(Flutter)[2656] <Notice>: dartnative: ##BENCH## {"tag":"feed1000","t_us":1790242149115831,"ev":"page_build","i":862}
Sep 24 15:14:09.116158 Runner(Flutter)[2656] <Notice>: dartnative: ##BENCH## {"tag":"feed1000","t_us":1790242149115865,"ev":"page_build","i":863}
Sep 24 15:14:09.116216 Runner(Flutter)[2656] <Notice>: dartnative: ##BENCH## {"tag":"feed1000","t_us":1790242149115931,"ev":"page_build","i":864}
Sep 24 15:14:09.116241 Runner(Flutter)[2656] <Notice>: dartnative: ##BENCH## {"tag":"feed1000","t_us":1790242149115970,"ev":"page_build","i":865}
Sep 24 15:14:09.116309 Runner(Flutter)[2656] <Notice>: dartnative: ##BENCH## {"tag":"feed1000","t_us":1790242149116025,"ev":"page_build","i":866}
Sep 24 15:14:09.116394 Runner(Flutter)[2656] <Notice>: dartnative: ##BENCH## {"tag":"feed1000","t_us":1790242149116098,"ev":"page_build","i":867}
Sep 24 15:14:09.116518 Runner(Flutter)[2656] <Notice>: dartnative: ##BENCH## {"tag":"feed1000","t_us":1790242149116197,"ev":"page_build","i":868}
Sep 24 15:14:09.116564 Runner(Flutter)[2656] <Notice>: dartnative: ##BENCH## {"tag":"feed1000","t_us":1790242149116250,"ev":"page_build","i":869}
Sep 24 15:14:09.116598 Runner(Flutter)[2656] <Notice>: dartnative: ##BENCH## {"tag":"feed1000","t_us":1790242149116282,"ev":"page_build","i":870}
Sep 24 15:14:09.116678 Runner(Flutter)[2656] <Notice>: dartnative: ##BENCH## {"tag":"feed1000","t_us":1790242149116315,"ev":"page_build","i":871}
Sep 24 15:14:09.116798 Runner(Flutter)[2656] <Notice>: dartnative: ##BENCH## {"tag":"feed1000","t_us":1790242149116362,"ev":"page_build","i":872}
Sep 24 15:14:09.116999 Runner(Flutter)[2656] <Notice>: dartnative: ##BENCH## {"tag":"feed1000","t_us":1790242149116465,"ev":"page_build","i":873}
Sep 24 15:14:09.117051 Runner(Flutter)[2656] <Notice>: dartnative: ##BENCH## {"tag":"feed1000","t_us":1790242149116548,"ev":"page_build","i":874}
Sep 24 15:14:09.117185 Runner(Flutter)[2656] <Notice>: dartnative: ##BENCH## {"tag":"feed1000","t_us":1790242149116605,"ev":"page_build","i":875}
Sep 24 15:14:09.117368 Runner(Flutter)[2656] <Notice>: dartnative: ##BENCH## {"tag":"feed1000","t_us":1790242149116742,"ev":"page_build","i":876}
Sep 24 15:14:09.117497 Runner(Flutter)[2656] <Notice>: dartnative: ##BENCH## {"tag":"feed1000","t_us":1790242149116874,"ev":"page_build","i":877}
Sep 24 15:14:09.117526 Runner(Flutter)[2656] <Notice>: dartnative: ##BENCH## {"tag":"feed1000","t_us":1790242149116968,"ev":"page_build","i":878}
Sep 24 15:14:09.117603 Runner(Flutter)[2656] <Notice>: dartnative: ##BENCH## {"tag":"feed1000","t_us":1790242149117044,"ev":"page_build","i":879}
Sep 24 15:14:09.117656 Runner(Flutter)[2656] <Notice>: dartnative: ##BENCH## {"tag":"feed1000","t_us":1790242149117165,"ev":"page_build","i":880}
Sep 24 15:14:09.117673 Runner(Flutter)[2656] <Notice>: dartnative: ##BENCH## {"tag":"feed1000","t_us":1790242149117201,"ev":"page_build","i":881}
Sep 24 15:14:09.117698 Runner(Flutter)[2656] <Notice>: dartnative: ##BENCH## {"tag":"feed1000","t_us":1790242149117289,"ev":"page_build","i":882}
Sep 24 15:14:09.117708 Runner(Flutter)[2656] <Notice>: dartnative: ##BENCH## {"tag":"feed1000","t_us":1790242149117347,"ev":"page_build","i":883}
Sep 24 15:14:09.117733 Runner(Flutter)[2656] <Notice>: dartnative: ##BENCH## {"tag":"feed1000","t_us":1790242149117406,"ev":"page_build","i":884}
Sep 24 15:14:09.117751 Runner(Flutter)[2656] <Notice>: dartnative: ##BENCH## {"tag":"feed1000","t_us":1790242149117474,"ev":"page_build","i":885}
Sep 24 15:14:09.117767 Runner(Flutter)[2656] <Notice>: dartnative: ##BENCH## {"tag":"feed1000","t_us":1790242149117558,"ev":"page_build","i":886}
Sep 24 15:14:09.117791 Runner(Flutter)[2656] <Notice>: dartnative: ##BENCH## {"tag":"feed1000","t_us":1790242149117662,"ev":"page_build","i":887}
Sep 24 15:14:09.117809 Runner(Flutter)[2656] <Notice>: dartnative: ##BENCH## {"tag":"feed1000","t_us":1790242149117724,"ev":"page_build","i":888}
Sep 24 15:14:09.117825 Runner(Flutter)[2656] <Notice>: dartnative: ##BENCH## {"tag":"feed1000","t_us":1790242149117754,"ev":"page_build","i":889}
Sep 24 15:14:09.117846 Runner(Flutter)[2656] <Notice>: dartnative: ##BENCH## {"tag":"feed1000","t_us":1790242149117799,"ev":"page_build","i":890}
Sep 24 15:14:09.117868 Runner(Flutter)[2656] <Notice>: dartnative: ##BENCH## {"tag":"feed1000","t_us":1790242149117831,"ev":"page_build","i":891}
Sep 24 15:14:09.117921 Runner(Flutter)[2656] <Notice>: dartnative: ##BENCH## {"tag":"feed1000","t_us":1790242149117866,"ev":"page_build","i":892}
Sep 24 15:14:09.117947 Runner(Flutter)[2656] <Notice>: dartnative: ##BENCH## {"tag":"feed1000","t_us":1790242149117903,"ev":"page_build","i":893}
Sep 24 15:14:09.117966 Runner(Flutter)[2656] <Notice>: dartnative: ##BENCH## {"tag":"feed1000","t_us":1790242149117933,"ev":"page_build","i":894}
Sep 24 15:14:09.118042 Runner(Flutter)[2656] <Notice>: dartnative: ##BENCH## {"tag":"feed1000","t_us":1790242149117965,"ev":"page_build","i":895}
Sep 24 15:14:09.118066 Runner(Flutter)[2656] <Notice>: dartnative: ##BENCH## {"tag":"feed1000","t_us":1790242149117996,"ev":"page_build","i":896}
Sep 24 15:14:09.118084 Runner(Flutter)[2656] <Notice>: dartnative: ##BENCH## {"tag":"feed1000","t_us":1790242149118047,"ev":"page_build","i":897}
Sep 24 15:14:09.118113 Runner(Flutter)[2656] <Notice>: dartnative: ##BENCH## {"tag":"feed1000","t_us":1790242149118077,"ev":"page_build","i":898}
Sep 24 15:14:09.121108 Runner(Flutter)[2656] <Notice>: dartnative: ##BENCH## {"tag":"feed1000","t_us":1790242149121004,"ev":"page_build","i":899}
Sep 24 15:14:09.121218 Runner(Flutter)[2656] <Notice>: dartnative: ##BENCH## {"tag":"feed1000","t_us":1790242149121081,"ev":"page_build","i":900}
Sep 24 15:14:09.121292 Runner(Flutter)[2656] <Notice>: dartnative: ##BENCH## {"tag":"feed1000","t_us":1790242149121173,"ev":"page_build","i":901}
Sep 24 15:14:09.121427 Runner(Flutter)[2656] <Notice>: dartnative: ##BENCH## {"tag":"feed1000","t_us":1790242149121210,"ev":"page_build","i":902}
Sep 24 15:14:09.121522 Runner(Flutter)[2656] <Notice>: dartnative: ##BENCH## {"tag":"feed1000","t_us":1790242149121337,"ev":"page_build","i":903}
Sep 24 15:14:09.121559 Runner(Flutter)[2656] <Notice>: dartnative: ##BENCH## {"tag":"feed1000","t_us":1790242149121404,"ev":"page_build","i":904}
Sep 24 15:14:09.121631 Runner(Flutter)[2656] <Notice>: dartnative: ##BENCH## {"tag":"feed1000","t_us":1790242149121479,"ev":"page_build","i":905}
Sep 24 15:14:09.121673 Runner(Flutter)[2656] <Notice>: dartnative: ##BENCH## {"tag":"feed1000","t_us":1790242149121537,"ev":"page_build","i":906}
Sep 24 15:14:09.121769 Runner(Flutter)[2656] <Notice>: dartnative: ##BENCH## {"tag":"feed1000","t_us":1790242149121607,"ev":"page_build","i":907}
Sep 24 15:14:09.121793 Runner(Flutter)[2656] <Notice>: dartnative: ##BENCH## {"tag":"feed1000","t_us":1790242149121656,"ev":"page_build","i":908}
Sep 24 15:14:09.121814 Runner(Flutter)[2656] <Notice>: dartnative: ##BENCH## {"tag":"feed1000","t_us":1790242149121688,"ev":"page_build","i":909}
Sep 24 15:14:09.121857 Runner(Flutter)[2656] <Notice>: dartnative: ##BENCH## {"tag":"feed1000","t_us":1790242149121725,"ev":"page_build","i":910}
Sep 24 15:14:09.121896 Runner(Flutter)[2656] <Notice>: dartnative: ##BENCH## {"tag":"feed1000","t_us":1790242149121828,"ev":"page_build","i":911}
Sep 24 15:14:09.121946 Runner(Flutter)[2656] <Notice>: dartnative: ##BENCH## {"tag":"feed1000","t_us":1790242149121858,"ev":"page_build","i":912}
Sep 24 15:14:09.122016 Runner(Flutter)[2656] <Notice>: dartnative: ##BENCH## {"tag":"feed1000","t_us":1790242149121941,"ev":"page_build","i":913}
Sep 24 15:14:09.122052 Runner(Flutter)[2656] <Notice>: dartnative: ##BENCH## {"tag":"feed1000","t_us":1790242149121974,"ev":"page_build","i":914}
Sep 24 15:14:09.122086 Runner(Flutter)[2656] <Notice>: dartnative: ##BENCH## {"tag":"feed1000","t_us":1790242149122054,"ev":"page_build","i":915}
Sep 24 15:14:09.122147 Runner(Flutter)[2656] <Notice>: dartnative: ##BENCH## {"tag":"feed1000","t_us":1790242149122087,"ev":"page_build","i":916}
Sep 24 15:14:09.122195 Runner(Flutter)[2656] <Notice>: dartnative: ##BENCH## {"tag":"feed1000","t_us":1790242149122143,"ev":"page_build","i":917}
Sep 24 15:14:09.122282 Runner(Flutter)[2656] <Notice>: dartnative: ##BENCH## {"tag":"feed1000","t_us":1790242149122189,"ev":"page_build","i":918}
Sep 24 15:14:09.122296 Runner(Flutter)[2656] <Notice>: dartnative: ##BENCH## {"tag":"feed1000","t_us":1790242149122246,"ev":"page_build","i":919}
Sep 24 15:14:09.122337 Runner(Flutter)[2656] <Notice>: dartnative: ##BENCH## {"tag":"feed1000","t_us":1790242149122283,"ev":"page_build","i":920}
Sep 24 15:14:09.122410 Runner(Flutter)[2656] <Notice>: dartnative: ##BENCH## {"tag":"feed1000","t_us":1790242149122349,"ev":"page_build","i":921}
Sep 24 15:14:09.122439 Runner(Flutter)[2656] <Notice>: dartnative: ##BENCH## {"tag":"feed1000","t_us":1790242149122391,"ev":"page_build","i":922}
Sep 24 15:14:09.122527 Runner(Flutter)[2656] <Notice>: dartnative: ##BENCH## {"tag":"feed1000","t_us":1790242149122423,"ev":"page_build","i":923}
Sep 24 15:14:09.122571 Runner(Flutter)[2656] <Notice>: dartnative: ##BENCH## {"tag":"feed1000","t_us":1790242149122479,"ev":"page_build","i":924}
Sep 24 15:14:09.122656 Runner(Flutter)[2656] <Notice>: dartnative: ##BENCH## {"tag":"feed1000","t_us":1790242149122550,"ev":"page_build","i":925}
Sep 24 15:14:09.122701 Runner(Flutter)[2656] <Notice>: dartnative: ##BENCH## {"tag":"feed1000","t_us":1790242149122623,"ev":"page_build","i":926}
Sep 24 15:14:09.122786 Runner(Flutter)[2656] <Notice>: dartnative: ##BENCH## {"tag":"feed1000","t_us":1790242149122718,"ev":"page_build","i":927}
Sep 24 15:14:09.122855 Runner(Flutter)[2656] <Notice>: dartnative: ##BENCH## {"tag":"feed1000","t_us":1790242149122775,"ev":"page_build","i":928}
Sep 24 15:14:09.122895 Runner(Flutter)[2656] <Notice>: dartnative: ##BENCH## {"tag":"feed1000","t_us":1790242149122850,"ev":"page_build","i":929}
Sep 24 15:14:09.122956 Runner(Flutter)[2656] <Notice>: dartnative: ##BENCH## {"tag":"feed1000","t_us":1790242149122905,"ev":"page_build","i":930}
Sep 24 15:14:09.123161 Runner(Flutter)[2656] <Notice>: dartnative: ##BENCH## {"tag":"feed1000","t_us":1790242149122963,"ev":"page_build","i":931}
Sep 24 15:14:09.123179 Runner(Flutter)[2656] <Notice>: dartnative: ##BENCH## {"tag":"feed1000","t_us":1790242149123028,"ev":"page_build","i":932}
Sep 24 15:14:09.123186 Runner(Flutter)[2656] <Notice>: dartnative: ##BENCH## {"tag":"feed1000","t_us":1790242149123074,"ev":"page_build","i":933}
Sep 24 15:14:09.123197 Runner(Flutter)[2656] <Notice>: dartnative: ##BENCH## {"tag":"feed1000","t_us":1790242149123113,"ev":"page_build","i":934}
Sep 24 15:14:09.123216 Runner(Flutter)[2656] <Notice>: dartnative: ##BENCH## {"tag":"feed1000","t_us":1790242149123160,"ev":"page_build","i":935}
Sep 24 15:14:09.123315 Runner(Flutter)[2656] <Notice>: dartnative: ##BENCH## {"tag":"feed1000","t_us":1790242149123218,"ev":"page_build","i":936}
Sep 24 15:14:09.123365 Runner(Flutter)[2656] <Notice>: dartnative: ##BENCH## {"tag":"feed1000","t_us":1790242149123288,"ev":"page_build","i":937}
Sep 24 15:14:09.123421 Runner(Flutter)[2656] <Notice>: dartnative: ##BENCH## {"tag":"feed1000","t_us":1790242149123321,"ev":"page_build","i":938}
Sep 24 15:14:09.123547 Runner(Flutter)[2656] <Notice>: dartnative: ##BENCH## {"tag":"feed1000","t_us":1790242149123399,"ev":"page_build","i":939}
Sep 24 15:14:09.123563 Runner(Flutter)[2656] <Notice>: dartnative: ##BENCH## {"tag":"feed1000","t_us":1790242149123445,"ev":"page_build","i":940}
Sep 24 15:14:09.123639 Runner(Flutter)[2656] <Notice>: dartnative: ##BENCH## {"tag":"feed1000","t_us":1790242149123490,"ev":"page_build","i":941}
Sep 24 15:14:09.123692 Runner(Flutter)[2656] <Notice>: dartnative: ##BENCH## {"tag":"feed1000","t_us":1790242149123524,"ev":"page_build","i":942}
Sep 24 15:14:09.123751 Runner(Flutter)[2656] <Notice>: dartnative: ##BENCH## {"tag":"feed1000","t_us":1790242149123582,"ev":"page_build","i":943}
Sep 24 15:14:09.123800 Runner(Flutter)[2656] <Notice>: dartnative: ##BENCH## {"tag":"feed1000","t_us":1790242149123615,"ev":"page_build","i":944}
Sep 24 15:14:09.123854 Runner(Flutter)[2656] <Notice>: dartnative: ##BENCH## {"tag":"feed1000","t_us":1790242149123670,"ev":"page_build","i":945}
Sep 24 15:14:09.123909 Runner(Flutter)[2656] <Notice>: dartnative: ##BENCH## {"tag":"feed1000","t_us":1790242149123719,"ev":"page_build","i":946}
Sep 24 15:14:09.123943 Runner(Flutter)[2656] <Notice>: dartnative: ##BENCH## {"tag":"feed1000","t_us":1790242149123752,"ev":"page_build","i":947}
Sep 24 15:14:09.124015 Runner(Flutter)[2656] <Notice>: dartnative: ##BENCH## {"tag":"feed1000","t_us":1790242149123826,"ev":"page_build","i":948}
Sep 24 15:14:09.124030 Runner(Flutter)[2656] <Notice>: dartnative: ##BENCH## {"tag":"feed1000","t_us":1790242149123895,"ev":"page_build","i":949}
Sep 24 15:14:09.124104 Runner(Flutter)[2656] <Notice>: dartnative: ##BENCH## {"tag":"feed1000","t_us":1790242149123943,"ev":"page_build","i":950}
Sep 24 15:14:09.124124 Runner(Flutter)[2656] <Notice>: dartnative: ##BENCH## {"tag":"feed1000","t_us":1790242149123975,"ev":"page_build","i":951}
Sep 24 15:14:09.124212 Runner(Flutter)[2656] <Notice>: dartnative: ##BENCH## {"tag":"feed1000","t_us":1790242149124032,"ev":"page_build","i":952}
Sep 24 15:14:09.124239 Runner(Flutter)[2656] <Notice>: dartnative: ##BENCH## {"tag":"feed1000","t_us":1790242149124070,"ev":"page_build","i":953}
Sep 24 15:14:09.124271 Runner(Flutter)[2656] <Notice>: dartnative: ##BENCH## {"tag":"feed1000","t_us":1790242149124101,"ev":"page_build","i":954}
Sep 24 15:14:09.124322 Runner(Flutter)[2656] <Notice>: dartnative: ##BENCH## {"tag":"feed1000","t_us":1790242149124147,"ev":"page_build","i":955}
Sep 24 15:14:09.124397 Runner(Flutter)[2656] <Notice>: dartnative: ##BENCH## {"tag":"feed1000","t_us":1790242149124183,"ev":"page_build","i":956}
Sep 24 15:14:09.124416 Runner(Flutter)[2656] <Notice>: dartnative: ##BENCH## {"tag":"feed1000","t_us":1790242149124224,"ev":"page_build","i":957}
Sep 24 15:14:09.124512 Runner(Flutter)[2656] <Notice>: dartnative: ##BENCH## {"tag":"feed1000","t_us":1790242149124295,"ev":"page_build","i":958}
Sep 24 15:14:09.124531 Runner(Flutter)[2656] <Notice>: dartnative: ##BENCH## {"tag":"feed1000","t_us":1790242149124326,"ev":"page_build","i":959}
Sep 24 15:14:09.124578 Runner(Flutter)[2656] <Notice>: dartnative: ##BENCH## {"tag":"feed1000","t_us":1790242149124356,"ev":"page_build","i":960}
Sep 24 15:14:09.124621 Runner(Flutter)[2656] <Notice>: dartnative: ##BENCH## {"tag":"feed1000","t_us":1790242149124426,"ev":"page_build","i":961}
Sep 24 15:14:09.124700 Runner(Flutter)[2656] <Notice>: dartnative: ##BENCH## {"tag":"feed1000","t_us":1790242149124465,"ev":"page_build","i":962}
Sep 24 15:14:09.124747 Runner(Flutter)[2656] <Notice>: dartnative: ##BENCH## {"tag":"feed1000","t_us":1790242149124547,"ev":"page_build","i":963}
Sep 24 15:14:09.124821 Runner(Flutter)[2656] <Notice>: dartnative: ##BENCH## {"tag":"feed1000","t_us":1790242149124597,"ev":"page_build","i":964}
Sep 24 15:14:09.124944 Runner(Flutter)[2656] <Notice>: dartnative: ##BENCH## {"tag":"feed1000","t_us":1790242149124630,"ev":"page_build","i":965}
Sep 24 15:14:09.125014 Runner(Flutter)[2656] <Notice>: dartnative: ##BENCH## {"tag":"feed1000","t_us":1790242149124688,"ev":"page_build","i":966}
Sep 24 15:14:09.125060 Runner(Flutter)[2656] <Notice>: dartnative: ##BENCH## {"tag":"feed1000","t_us":1790242149124736,"ev":"page_build","i":967}
Sep 24 15:14:09.125127 Runner(Flutter)[2656] <Notice>: dartnative: ##BENCH## {"tag":"feed1000","t_us":1790242149124799,"ev":"page_build","i":968}
Sep 24 15:14:09.125187 Runner(Flutter)[2656] <Notice>: dartnative: ##BENCH## {"tag":"feed1000","t_us":1790242149124830,"ev":"page_build","i":969}
Sep 24 15:14:09.125293 Runner(Flutter)[2656] <Notice>: dartnative: ##BENCH## {"tag":"feed1000","t_us":1790242149124862,"ev":"page_build","i":970}
Sep 24 15:14:09.125321 Runner(Flutter)[2656] <Notice>: dartnative: ##BENCH## {"tag":"feed1000","t_us":1790242149124919,"ev":"page_build","i":971}
Sep 24 15:14:09.125425 Runner(Flutter)[2656] <Notice>: dartnative: ##BENCH## {"tag":"feed1000","t_us":1790242149124954,"ev":"page_build","i":972}
Sep 24 15:14:09.125452 Runner(Flutter)[2656] <Notice>: dartnative: ##BENCH## {"tag":"feed1000","t_us":1790242149125004,"ev":"page_build","i":973}
Sep 24 15:14:09.125538 Runner(Flutter)[2656] <Notice>: dartnative: ##BENCH## {"tag":"feed1000","t_us":1790242149125034,"ev":"page_build","i":974}
Sep 24 15:14:09.125583 Runner(Flutter)[2656] <Notice>: dartnative: ##BENCH## {"tag":"feed1000","t_us":1790242149125063,"ev":"page_build","i":975}
Sep 24 15:14:09.125656 Runner(Flutter)[2656] <Notice>: dartnative: ##BENCH## {"tag":"feed1000","t_us":1790242149125127,"ev":"page_build","i":976}
Sep 24 15:14:09.125709 Runner(Flutter)[2656] <Notice>: dartnative: ##BENCH## {"tag":"feed1000","t_us":1790242149125220,"ev":"page_build","i":977}
Sep 24 15:14:09.125768 Runner(Flutter)[2656] <Notice>: dartnative: ##BENCH## {"tag":"feed1000","t_us":1790242149125279,"ev":"page_build","i":978}
Sep 24 15:14:09.125826 Runner(Flutter)[2656] <Notice>: dartnative: ##BENCH## {"tag":"feed1000","t_us":1790242149125376,"ev":"page_build","i":979}
Sep 24 15:14:09.125876 Runner(Flutter)[2656] <Notice>: dartnative: ##BENCH## {"tag":"feed1000","t_us":1790242149125428,"ev":"page_build","i":980}
Sep 24 15:14:09.125927 Runner(Flutter)[2656] <Notice>: dartnative: ##BENCH## {"tag":"feed1000","t_us":1790242149125485,"ev":"page_build","i":981}
Sep 24 15:14:09.126004 Runner(Flutter)[2656] <Notice>: dartnative: ##BENCH## {"tag":"feed1000","t_us":1790242149125537,"ev":"page_build","i":982}
Sep 24 15:14:09.126025 Runner(Flutter)[2656] <Notice>: dartnative: ##BENCH## {"tag":"feed1000","t_us":1790242149125637,"ev":"page_build","i":983}
Sep 24 15:14:09.126105 Runner(Flutter)[2656] <Notice>: dartnative: ##BENCH## {"tag":"feed1000","t_us":1790242149125688,"ev":"page_build","i":984}
Sep 24 15:14:09.126145 Runner(Flutter)[2656] <Notice>: dartnative: ##BENCH## {"tag":"feed1000","t_us":1790242149125759,"ev":"page_build","i":985}
Sep 24 15:14:09.126175 Runner(Flutter)[2656] <Notice>: dartnative: ##BENCH## {"tag":"feed1000","t_us":1790242149125834,"ev":"page_build","i":986}
Sep 24 15:14:09.126301 Runner(Flutter)[2656] <Notice>: dartnative: ##BENCH## {"tag":"feed1000","t_us":1790242149125864,"ev":"page_build","i":987}
Sep 24 15:14:09.126330 Runner(Flutter)[2656] <Notice>: dartnative: ##BENCH## {"tag":"feed1000","t_us":1790242149125944,"ev":"page_build","i":988}
Sep 24 15:14:09.126357 Runner(Flutter)[2656] <Notice>: dartnative: ##BENCH## {"tag":"feed1000","t_us":1790242149126000,"ev":"page_build","i":989}
Sep 24 15:14:09.126385 Runner(Flutter)[2656] <Notice>: dartnative: ##BENCH## {"tag":"feed1000","t_us":1790242149126044,"ev":"page_build","i":990}
Sep 24 15:14:09.126441 Runner(Flutter)[2656] <Notice>: dartnative: ##BENCH## {"tag":"feed1000","t_us":1790242149126076,"ev":"page_build","i":991}
Sep 24 15:14:09.126459 Runner(Flutter)[2656] <Notice>: dartnative: ##BENCH## {"tag":"feed1000","t_us":1790242149126140,"ev":"page_build","i":992}
Sep 24 15:14:09.126522 Runner(Flutter)[2656] <Notice>: dartnative: ##BENCH## {"tag":"feed1000","t_us":1790242149126170,"ev":"page_build","i":993}
Sep 24 15:14:09.126575 Runner(Flutter)[2656] <Notice>: dartnative: ##BENCH## {"tag":"feed1000","t_us":1790242149126222,"ev":"page_build","i":994}
Sep 24 15:14:09.126619 Runner(Flutter)[2656] <Notice>: dartnative: ##BENCH## {"tag":"feed1000","t_us":1790242149126265,"ev":"page_build","i":995}
Sep 24 15:14:09.126681 Runner(Flutter)[2656] <Notice>: dartnative: ##BENCH## {"tag":"feed1000","t_us":1790242149126361,"ev":"page_build","i":996}
Sep 24 15:14:09.126702 Runner(Flutter)[2656] <Notice>: dartnative: ##BENCH## {"tag":"feed1000","t_us":1790242149126446,"ev":"page_build","i":997}
Sep 24 15:14:09.126828 Runner(Flutter)[2656] <Notice>: dartnative: ##BENCH## {"tag":"feed1000","t_us":1790242149126477,"ev":"page_build","i":998}
Sep 24 15:14:09.126843 Runner(Flutter)[2656] <Notice>: dartnative: ##BENCH## {"tag":"feed1000","t_us":1790242149126522,"ev":"page_build","i":999}

Exiting...
[disconnected:00008140-001A2D4136BB001C]
